review_priority,suggested_action_code,owner,table_name,table_comment,num_rows_stats,inferred_domain_refined,column_count_in_current_file,has_primary_key,dependency_count,low_row_decision,low_row_reason
P0,KEEP_CORE,HRPSEY656,BD_PSNDOC,,3279,人员,115,true,72,not_applied,
P0,KEEP_CORE,HRPSEY656,HI_PSNJOB,,5460,人员,73,true,11,not_applied,
P0,KEEP_CORE,HRPSEY656,BD_PSNCL,,19,人员,22,true,6,not_applied,
P0,KEEP_CORE,HRPSEY656,HI_PSNDOC_EDU,,3824,人员,40,true,2,not_applied,
P0,KEEP_CORE,HRPSEY656,HI_PSNDOC_GLBDEF2,,3567,人员,20,true,2,not_applied,
P0,KEEP_CORE,HRPSEY656,HI_PSNDOC_PSNCHG,,3287,人员,28,true,1,not_applied,
P0,KEEP_CORE,HRPSEY656,HI_PSNDOC_CERT,,3216,人员,20,true,0,not_applied,
P0,KEEP_CORE,HRPSEY656,ORG_DEPT,,325,科室/组织,80,true,77,not_applied,
P0,KEEP_CORE,HRPSEY656,ORG_ADMINORG,,1,科室/组织,62,true,13,keep,强制保留白名单
P0,KEEP_CORE,HRPSEY656,ORG_DEPT_V,,328,科室/组织,75,true,7,not_applied,
P0,KEEP_CORE,HRPSEY656,ORG_STOCKORG,,1,科室/组织,60,true,2,keep,强制保留白名单
P0,KEEP_CORE,HRPSEY656,BM_CENTERDEPTMAKE_B,,1832,科室/组织,108,true,1,not_applied,
P0,KEEP_CORE,HRPSEY656,CDA_SECTION_MAP,院内科室与CS_SECTION标准科室代码对照表,205,科室/组织,14,true,1,not_applied,
P0,KEEP_CORE,HRPSEY656,BM_CENTERDEPTMAKE,,148,科室/组织,63,true,1,not_applied,
P0,KEEP_CORE,HRPSEY656,BM_BUDGETCENTERDEPT,,39,科室/组织,45,true,1,not_applied,
P0,KEEP_CORE,HRPSEY656,ORG_ORGS,,337,科室/组织,134,true,0,not_applied,
P0,KEEP_CORE,HRPSEY656,ORG_ORGTYPE,,50,科室/组织,27,true,0,not_applied,
P0,KEEP_CORE,HRPSEY656,OM_JOB,,326,岗位/职务,38,true,1,not_applied,
P0,KEEP_CORE,HRPSEY656,SM_USER,,987,用户账号,39,true,7,not_applied,
P0,KEEP_CORE,HRPSEY656,BD_ACCOUNT,,2757,用户账号,42,true,0,not_applied,
P0,NEED_FIELDS,HRPSEY656,WA_DATA,,124520,薪酬/绩效,0,true,3,not_applied,
P0,NEED_FIELDS,HRPSEY656,WA_WACLASS,,8,薪酬/绩效,0,true,3,keep,强制保留白名单
P0,NEED_FIELDS,HRPSEY656,WA_ITEM,,86,薪酬/绩效,0,true,1,not_applied,
P0,NEED_FIELDS,HRPSEY656,WA_PSNTAX,,109984,薪酬/绩效,0,false,0,not_applied,
P0,NEED_FIELDS,HRPSEY656,WA_CLASSITEM,,9955,薪酬/绩效,0,true,0,not_applied,
P0,NEED_FIELDS,HRPSEY656,WA_ITEMPOWER,,2230,薪酬/绩效,0,true,0,not_applied,
P0,NEED_FIELDS,HRPSEY656,WA_PSNHI_B,,199,薪酬/绩效,0,true,0,not_applied,
P0,NEED_FIELDS,HRPSEY656,WA_PSNHI,,6,薪酬/绩效,0,true,0,keep,强制保留白名单
P0,KEEP_CORE,HRPSEY656,BD_MATERIAL,,37976,供应商/物资,118,true,31,not_applied,
P0,KEEP_CORE,HRPSEY656,BD_SUPPLIER,,3035,供应商/物资,97,true,15,not_applied,
P0,KEEP_CORE,HRPSEY656,SCM_BATCHCODE,,75445,供应商/物资,45,true,11,not_applied,
P0,KEEP_CORE,HRPSEY656,BD_MATERIALSTOCK,,37766,供应商/物资,124,true,4,not_applied,
P0,KEEP_CORE,HRPSEY656,BD_SUPPLIERCLASS,,4,供应商/物资,32,true,1,keep,强制保留白名单
P0,KEEP_CORE,HRPSEY656,PO_INVOICE_B,,699846,采购/请购,118,true,4,not_applied,
P0,KEEP_CORE,HRPSEY656,PO_INVOICE,,11036,采购/请购,91,true,2,not_applied,
P0,KEEP_CORE,HRPSEY656,PO_PRAYBILL_B,,176218,采购/请购,98,true,1,not_applied,
P0,KEEP_CORE,HRPSEY656,IC_ONHANDDIM,,237814,库存/出入库,34,true,12,not_applied,
P0,KEEP_CORE,HRPSEY656,IC_ONHANDNUM,,189118,库存/出入库,21,true,12,not_applied,
P0,KEEP_CORE,HRPSEY656,IC_MATERIAL_B,,1280451,库存/出入库,168,true,8,not_applied,
P0,KEEP_CORE,HRPSEY656,IC_MATERIAL_H,,176371,库存/出入库,60,true,8,not_applied,
P0,KEEP_CORE,HRPSEY656,IC_PURCHASEIN_B,,255134,库存/出入库,200,true,2,not_applied,
P0,KEEP_CORE,HRPSEY656,IC_PURCHASEIN_H,,68786,库存/出入库,80,true,2,not_applied,
P0,KEEP_CORE,HRPSEY656,IC_ONHANDSN,,1428995,库存/出入库,19,true,1,not_applied,
P0,KEEP_CORE,HRPSEY656,IC_GENERALIN_B,,324497,库存/出入库,118,true,1,not_applied,
P0,KEEP_CORE,HRPSEY656,IC_GENERALIN_H,,105990,库存/出入库,57,true,1,not_applied,
P0,KEEP_CORE,HRPSEY656,GL_DETAIL,,1086132,财务/总账,87,true,1,not_applied,
P0,KEEP_CORE,HRPSEY656,GL_DOCFREE1,,21809,财务/总账,34,true,1,not_applied,
P0,KEEP_CORE,HRPSEY656,IA_DETAILLEDGER,,3114644,财务/辅助账,178,true,0,not_applied,
P0,KEEP_CORE,HRPSEY656,IA_ASSISTANTLEDGER,,2230170,财务/辅助账,37,true,0,not_applied,
P0,KEEP_CORE,HRPSEY656,BD_BILLTYPE,,1852,财务,43,true,5,not_applied,
P0,KEEP_CORE,HRPSEY656,BD_VOUCHERTYPE,,5,财务,31,true,1,keep,强制保留白名单
P0,KEEP_CORE,HRPSEY656,FA_CARD,,115442,固定资产/设备,77,true,61,not_applied,
P0,KEEP_CORE,HRPSEY656,FA_CARDHISTORY,,1454132,固定资产/设备,80,true,60,not_applied,
P0,KEEP_CORE,HRPSEY656,FA_CARDSUB,,115832,固定资产/设备,83,true,59,not_applied,
P0,KEEP_CORE,HRPSEY656,FA_CATEGORY,,5893,固定资产/设备,39,true,44,not_applied,
P0,KEEP_CORE,HRPSEY656,PAM_EQUIP,,55337,固定资产/设备,223,true,3,not_applied,
P0,KEEP_CORE,HRPSEY656,FA_CAPITALSOURCE,,115955,固定资产/设备,12,true,1,not_applied,
P0,KEEP_CORE,HRPSEY656,FA_DEPTSCALE,,36505,固定资产/设备,10,true,1,not_applied,
P0,KEEP_CORE,HRPSEY656,PAM_CATEGORY,,5926,固定资产/设备,47,true,1,not_applied,
P0,KEEP_CORE,HRPSEY656,PAM_ADDREDUCESTYLE,,23,固定资产/设备,21,true,1,not_applied,
P0,KEEP_CORE,HRPSEY656,PAM_STATUS,,6,固定资产/设备,40,true,1,keep,强制保留白名单
P0,KEEP_CORE,HRPSEY656,BD_DEFDOC,,22087,字典/编码,50,true,26,not_applied,
P0,KEEP_CORE,HRPSEY656,BD_MARBASCLASS,,38,字典/编码,41,true,19,not_applied,
P0,KEEP_CORE,HRPSEY656,MD_ENUMVALUE,,10133,字典/编码,11,true,3,not_applied,
P0,KEEP_CORE,HRPSEY656,BD_STORDOC,,135,其他,45,true,20,not_applied,
P0,KEEP_CORE,HRPSEY656,BD_MEASDOC,,113,其他,22,true,17,not_applied,
P0,KEEP_CORE,HRPSEY656,BD_PROJECT,,1523,其他,179,true,2,not_applied,
P0,KEEP_CORE,HRPSEY656,BD_ADDRESS,,8487,其他,15,true,1,not_applied,
P0,KEEP_CORE,HRPSEY656,BD_COUNTRYZONE,,238,其他,34,true,1,not_applied,
P0,KEEP_CORE,HRPSEY656,BD_FUNDSOURCE,,13,其他,39,true,1,not_applied,
P0,KEEP_CORE,HRPSEY656,BD_ACCPERIODMONTH,,120,其他,14,true,0,not_applied,
P0_empty,KEEP_CORE_EMPTY,HRPSEY656,HI_PSNDOC_CTRT,,0,人员,47,true,1,keep,强制保留白名单
P0_empty,KEEP_CORE_EMPTY,HRPSEY656,HI_PSNDOC_LANGABILITY,,0,人员,19,true,1,keep,强制保留白名单
P0_empty,KEEP_CORE_EMPTY,HRPSEY656,HI_PSNDOC_TITLE,,0,人员,27,true,1,keep,强制保留白名单
P0_empty,KEEP_CORE_EMPTY,HRPSEY656,HI_PSNTRANSTER,,0,人员,34,true,1,keep,强制保留白名单
P1,REVIEW_INCLUDE,HRPSEY656,PUB_BILLTEMPLET_B,,343194,人员,50,true,0,not_applied,
P1,REVIEW_INCLUDE,HRPSEY656,FIP_TEMPLATECELL,,21124,人员,9,true,0,not_applied,
P1,REVIEW_INCLUDE,HRPSEY656,PUB_BILLTEMPLET_T,,13233,人员,18,true,0,not_applied,
P1,REVIEW_INCLUDE,HRPSEY656,PUB_SYSTEMPLATE_BASE,,12960,人员,12,true,0,not_applied,
P1,REVIEW_INCLUDE,HRPSEY656,CP_PSNDOC_FILESYSTEM,,12919,人员,23,true,0,not_applied,
P1,REVIEW_INCLUDE,HRPSEY656,TEMP_BD_MATERIAL20230308,,12499,人员,2,false,0,not_applied,
P1,REVIEW_INCLUDE,HRPSEY656,BD_PSNBANKACC,,9046,人员,14,true,0,not_applied,
P1,REVIEW_INCLUDE,HRPSEY656,PUB_SYSTEMPLATE,,7737,人员,18,true,0,not_applied,
P1,REVIEW_INCLUDE,HRPSEY656,HI_PSNJOB_20241220,,4620,人员,73,false,0,not_applied,
P1,REVIEW_INCLUDE,HRPSEY656,PUB_BILLTEMPLET,,4546,人员,20,true,0,not_applied,
P1,REVIEW_INCLUDE,HRPSEY656,HR_YLPSNCLINFOSET,,4410,人员,16,true,0,not_applied,
P1,REVIEW_INCLUDE,HRPSEY656,CP_PSNJOB,,4167,人员,31,true,0,not_applied,
P1,REVIEW_INCLUDE,HRPSEY656,BD_PSNJOB,,4098,人员,38,true,0,not_applied,
P1,REVIEW_INCLUDE,HRPSEY656,BD_PSNJOB_20241220,,3558,人员,38,false,0,not_applied,
P1,REVIEW_INCLUDE,HRPSEY656,FIP_TEMPLATEROW,,3529,人员,7,true,0,not_applied,
P1,REVIEW_INCLUDE,HRPSEY656,HI_PSNORG,,3287,人员,25,true,0,not_applied,
P1,REVIEW_INCLUDE,HRPSEY656,HI_PSNORG_20241220,,3129,人员,25,false,0,not_applied,
P1,REVIEW_INCLUDE,HRPSEY656,BD_PSNDOC_20241220,,3124,人员,115,false,0,not_applied,
P1,REVIEW_INCLUDE,HRPSEY656,BD_PSNDOC20230903,,2909,人员,114,false,0,not_applied,
P1,REVIEW_INCLUDE,HRPSEY656,PUB_PRINT_TEMPLATE,,2883,人员,42,true,0,not_applied,
P1,REVIEW_INCLUDE,HRPSEY656,PUB_QUERY_TEMPLET,,2579,人员,16,true,0,not_applied,
P1,REVIEW_INCLUDE,HRPSEY656,CP_PSNDOC,,2181,人员,48,true,0,not_applied,
P1,REVIEW_INCLUDE,HRPSEY656,HI_PSNDOC_GLBDEF1,,1393,人员,16,true,0,not_applied,
P1,REVIEW_INCLUDE,HRPSEY656,HI_PSNDOC_WORK,,1249,人员,29,true,0,not_applied,
P1,REVIEW_INCLUDE,HRPSEY656,PUB_MSGTEMP,,1018,人员,21,true,0,not_applied,
P1,REVIEW_INCLUDE,HRPSEY656,PUB_MSGTEMP_VAR,,919,人员,7,true,0,not_applied,
P1,REVIEW_INCLUDE,HRPSEY656,PUB_SYSINITTEMP,,879,人员,28,true,0,not_applied,
P1,REVIEW_INCLUDE,HRPSEY656,FIP_TRANSTEMPLATE,,862,人员,33,true,0,not_applied,
P1,REVIEW_INCLUDE,HRPSEY656,PUB_MSGTEMP_TYPE,,779,人员,14,true,0,not_applied,
P1,REVIEW_INCLUDE,HRPSEY656,HR_PSNCLINFOSET,,581,人员,16,true,0,not_applied,
P1,REVIEW_INCLUDE,HRPSEY656,GFC_TEMPDETAILFEILD,,506,人员,8,true,0,not_applied,
P1,REVIEW_INCLUDE,HRPSEY656,HI_PSNDOC_GLBDEF4,,466,人员,16,true,0,not_applied,
P1,REVIEW_INCLUDE,HRPSEY656,CP_APPSNODE,,391,人员,31,true,0,not_applied,
P1,REVIEW_INCLUDE,HRPSEY656,BD_TEMPLETITEM,,248,人员,9,true,0,not_applied,
P1,REVIEW_INCLUDE,HRPSEY656,CP_RELAPPSNODE,,222,人员,19,true,0,not_applied,
P1,REVIEW_INCLUDE,HRPSEY656,SCM_TEMPSAVE,,198,人员,8,true,0,not_applied,
P1,REVIEW_INCLUDE,HRPSEY656,CP_QUERY_TEMPLATE,,197,人员,37,true,0,not_applied,
P1,REVIEW_INCLUDE,HRPSEY656,HI_PSNDOC_RETIRE,,197,人员,32,true,0,not_applied,
P1,REVIEW_INCLUDE,HRPSEY656,HI_PSNDOC_GLBDEF3,,184,人员,24,true,0,not_applied,
P1,REVIEW_INCLUDE,HRPSEY656,HR_YLPSNCLRULE,,57,人员,9,true,0,not_applied,
P1,REVIEW_INCLUDE,HRPSEY656,GFC_TEMPDETAIL,,49,人员,5,true,0,not_applied,
P1,REVIEW_INCLUDE,HRPSEY656,PUB_REPORT_TEMPLET,,41,人员,11,true,0,not_applied,
P1,REVIEW_INCLUDE,HRPSEY656,BD_ACCFIELDCTTEMP,,34,人员,12,true,0,not_applied,
P1,REVIEW_INCLUDE,HRPSEY656,OAFF_TRADETEMPLATE,,33,人员,19,true,0,not_applied,
P1,REVIEW_INCLUDE,HRPSEY656,CP_SYSINITTEMP,,29,人员,37,true,0,not_applied,
P1,REVIEW_INCLUDE,HRPSEY656,CP_PRINT_TEMPLATE,,26,人员,38,true,0,not_applied,
P1,REVIEW_INCLUDE,HRPSEY656,HR_PSNCLRULE,,19,人员,8,true,0,not_applied,
P1,REVIEW_INCLUDE,HRPSEY656,GFC_TEMPLATE,,17,人员,58,true,0,not_applied,
P1,REVIEW_INCLUDE,HRPSEY656,UW_TEMPLATE,,13,人员,0,true,0,not_applied,
P1,REVIEW_INCLUDE,HRPSEY656,BD_PSNIDTYPE,,8,人员,24,true,0,keep,少行维度/分类根表
P1,REVIEW_INCLUDE,HRPSEY656,HI_PSNDOC_YEAREXAMINE,,5,人员,15,true,0,keep,人员档案子表(NC固定结构)
P1,REVIEW_INCLUDE,HRPSEY656,OAFF_TRADETEMPTYPE,,4,人员,10,true,0,keep,少行维度/分类根表
P1,REVIEW_INCLUDE,HRPSEY656,HI_PSNDOC_NATIONDUTY,,2,人员,43,true,0,keep,人员档案子表(NC固定结构)
P1,REVIEW_INCLUDE,HRPSEY656,BD_MARORG,,102407,科室/组织,8,true,0,not_applied,
P1,REVIEW_INCLUDE,HRPSEY656,COPRO_DEPTCOSTFLOW,,66588,科室/组织,27,true,0,not_applied,
P1,REVIEW_INCLUDE,HRPSEY656,COPRO_DEPTCOST_B,,29140,科室/组织,34,true,0,not_applied,
P1,REVIEW_INCLUDE,HRPSEY656,SM_SUBJECT_ORG,,24637,科室/组织,10,true,0,not_applied,
P1,REVIEW_INCLUDE,HRPSEY656,DC_DEPTCOST_B,,5994,科室/组织,35,true,0,not_applied,
P1,REVIEW_INCLUDE,HRPSEY656,ORG_CLOSEACC,,5279,科室/组织,36,true,0,not_applied,
P1,REVIEW_INCLUDE,HRPSEY656,BD_SUPORG,,1682,科室/组织,8,true,0,not_applied,
P1,REVIEW_INCLUDE,HRPSEY656,BM_BUDGETRECORDSDEPT,,976,科室/组织,11,true,0,not_applied,
P1,REVIEW_INCLUDE,HRPSEY656,HPF_DEPT,,526,科室/组织,56,true,0,not_applied,
P1,REVIEW_INCLUDE,HRPSEY656,CP_ORGS,,337,科室/组织,90,true,0,not_applied,
P1,REVIEW_INCLUDE,HRPSEY656,ORG_REPORTORG,,328,科室/组织,72,true,0,not_applied,
P1,REVIEW_INCLUDE,HRPSEY656,ORG_REPORTORG_V,,328,科室/组织,72,true,0,not_applied,
P1,REVIEW_INCLUDE,HRPSEY656,HR_RELATION_DEPT,,321,科室/组织,44,true,0,not_applied,
P1,REVIEW_INCLUDE,HRPSEY656,CODC_DEPTLEVELDATA_B,,273,科室/组织,33,true,0,not_applied,
P1,REVIEW_INCLUDE,HRPSEY656,ORG_DEPTSTRUMEM_V,,233,科室/组织,8,true,0,not_applied,
P1,REVIEW_INCLUDE,HRPSEY656,OM_DEPTHISTORY,,225,科室/组织,22,true,0,not_applied,
P1,REVIEW_INCLUDE,HRPSEY656,ORG_ORGS_V,,155,科室/组织,129,true,0,not_applied,
P1,REVIEW_INCLUDE,HRPSEY656,BM_DEPTPOWER,,147,科室/组织,35,true,0,not_applied,
P1,REVIEW_INCLUDE,HRPSEY656,ORG_ORGTYPESERVICE,,66,科室/组织,8,true,0,not_applied,
P1,REVIEW_INCLUDE,HRPSEY656,FIP_ORGRULE,,50,科室/组织,13,true,0,not_applied,
P1,REVIEW_INCLUDE,HRPSEY656,ORG_PLANBUDGET,,40,科室/组织,58,true,0,not_applied,
P1,REVIEW_INCLUDE,HRPSEY656,ORG_BOSMEMBER,,39,科室/组织,25,true,0,not_applied,
P1,REVIEW_INCLUDE,HRPSEY656,ORG_BOSMEMBER_V,,39,科室/组织,25,true,0,not_applied,
P1,REVIEW_INCLUDE,HRPSEY656,ORG_BSSMEMBER,,39,科室/组织,25,true,0,not_applied,
P1,REVIEW_INCLUDE,HRPSEY656,ORG_BSSMEMBER_V,,39,科室/组织,25,true,0,not_applied,
P1,REVIEW_INCLUDE,HRPSEY656,ORG_PLANBUDGET_V,,37,科室/组织,58,true,0,not_applied,
P1,REVIEW_INCLUDE,HRPSEY656,TB_MD_TASKORG,,35,科室/组织,11,true,0,not_applied,
P1,REVIEW_INCLUDE,HRPSEY656,PUB_ALERTREGISTRY_ORG,,21,科室/组织,5,true,0,not_applied,
P1,REVIEW_INCLUDE,HRPSEY656,ORG_ASSOCIATERULE,,18,科室/组织,23,true,0,not_applied,
P1,REVIEW_INCLUDE,HRPSEY656,ORG_ASSOCIATEATTR,,17,科室/组织,12,true,0,not_applied,
P1,REVIEW_INCLUDE,HRPSEY656,ORG_CHECKITEM,,16,科室/组织,29,true,0,not_applied,
P1,REVIEW_INCLUDE,HRPSEY656,ORG_RELATIONTYPE,,15,科室/组织,25,true,0,not_applied,
P1,REVIEW_INCLUDE,HRPSEY656,ORG_RTYPELEFTTYPE,,15,科室/组织,16,true,0,not_applied,
P1,REVIEW_INCLUDE,HRPSEY656,ORG_ORGMANAGER,,13,科室/组织,13,true,0,not_applied,
P1,REVIEW_INCLUDE,HRPSEY656,ORG_SSCBUSIUNITCLIENTAGE,,12,科室/组织,5,true,0,not_applied,
P1,REVIEW_INCLUDE,HRPSEY656,COPRO_DEPTCOST_H,,10,科室/组织,53,true,0,not_applied,
P1,REVIEW_INCLUDE,HRPSEY656,ORG_ASSOCIATEENT,,10,科室/组织,15,true,0,not_applied,
P1,REVIEW_INCLUDE,HRPSEY656,ORG_MODULEPERIOD,,8,科室/组织,6,true,0,keep,少行维度/分类根表
P1,REVIEW_INCLUDE,HRPSEY656,ORG_CHECKTYPE,,7,科室/组织,20,true,0,keep,少行维度/分类根表
P1,REVIEW_INCLUDE,HRPSEY656,ORG_SSCBUSINESSUNITTYPE,,6,科室/组织,12,true,0,keep,少行维度/分类根表
P1,REVIEW_INCLUDE,HRPSEY656,PUB_PARAORGTYPELIMIT,,4,科室/组织,9,true,0,keep,少行维度/分类根表
P1,REVIEW_INCLUDE,HRPSEY656,ORG_OT_RULETYPE,,3,科室/组织,7,true,0,keep,少行维度/分类根表
P1,REVIEW_INCLUDE,HRPSEY656,CODC_DEPTLEVELDATA,,1,科室/组织,48,true,0,keep,少行维度/分类根表
P1,REVIEW_INCLUDE,HRPSEY656,ORG_SSCTYPE,,1,科室/组织,10,true,0,keep,少行维度/分类根表
P1,REVIEW_INCLUDE,HRPSEY656,BI_SCHD_JOBQUEUE,,2801,岗位/职务,16,true,0,not_applied,
P1,REVIEW_INCLUDE,HRPSEY656,OM_JOBRANK,,29,岗位/职务,22,true,0,not_applied,
P1,REVIEW_INCLUDE,HRPSEY656,OM_POSTSERIES,,20,岗位/职务,27,true,0,not_applied,
P1,REVIEW_INCLUDE,HRPSEY656,OM_JOBLEVEL,,19,岗位/职务,12,true,0,not_applied,
P1,REVIEW_INCLUDE,HRPSEY656,PO_POSITION_B,,10,岗位/职务,13,true,0,not_applied,
P1,REVIEW_INCLUDE,HRPSEY656,OM_JOBTYPE,,4,岗位/职务,30,true,0,keep,少行维度/分类根表
P1,REVIEW_INCLUDE,HRPSEY656,OM_JOBLEVELSYS,,3,岗位/职务,19,true,0,keep,少行维度/分类根表
P1,REVIEW_INCLUDE,HRPSEY656,CODRG_ACCOUNTMODEL_B,,134163,用户账号,40,false,0,not_applied,
P1,REVIEW_INCLUDE,HRPSEY656,CODC_ACCOUNTMODEL_B,,12425,用户账号,40,true,0,not_applied,
P1,REVIEW_INCLUDE,HRPSEY656,ER_EXPENSEACCOUNT,,3423,用户账号,87,true,0,not_applied,
P1,REVIEW_INCLUDE,HRPSEY656,SM_USER_ROLE,,3284,用户账号,10,true,0,not_applied,
P1,REVIEW_INCLUDE,HRPSEY656,BD_USERDEFRULE,,1235,用户账号,22,true,0,not_applied,
P1,REVIEW_INCLUDE,HRPSEY656,BD_ACCOUNT20230101,,1230,用户账号,42,false,0,not_applied,
P1,REVIEW_INCLUDE,HRPSEY656,BD_USERDEFRULEREF,,1224,用户账号,12,true,0,not_applied,
P1,REVIEW_INCLUDE,HRPSEY656,SM_USERPWDLOG,,1162,用户账号,6,true,0,not_applied,
P1,REVIEW_INCLUDE,HRPSEY656,SM_USERPASSWORD,,976,用户账号,5,true,0,not_applied,
P1,REVIEW_INCLUDE,HRPSEY656,SM_USER_GROUP,,923,用户账号,5,true,0,not_applied,
P1,REVIEW_INCLUDE,HRPSEY656,CP_USER,,922,用户账号,42,true,0,not_applied,
P1,REVIEW_INCLUDE,HRPSEY656,IM_USER,,915,用户账号,22,true,0,not_applied,
P1,REVIEW_INCLUDE,HRPSEY656,CP_USERROLE,,862,用户账号,7,true,0,not_applied,
P1,REVIEW_INCLUDE,HRPSEY656,FIPUB_ACCOUNTCOMP_B,,837,用户账号,38,true,0,not_applied,
P1,REVIEW_INCLUDE,HRPSEY656,IM_USER_BAK,,519,用户账号,22,false,0,not_applied,
P1,REVIEW_INCLUDE,HRPSEY656,SM_USER_EX,,487,用户账号,8,true,0,not_applied,
P1,REVIEW_INCLUDE,HRPSEY656,BD_USERDEFITEM,,408,用户账号,27,true,0,not_applied,
P1,REVIEW_INCLUDE,HRPSEY656,SM_ROLE,,160,用户账号,22,true,0,not_applied,
P1,REVIEW_INCLUDE,HRPSEY656,TB_USERPROFILE,,70,用户账号,6,true,0,not_applied,
P1,REVIEW_INCLUDE,HRPSEY656,CPB_LOGIN_LOG,,41,用户账号,15,true,0,not_applied,
P1,REVIEW_INCLUDE,HRPSEY656,SM_ADMIN_ROLEGROUP,,34,用户账号,7,true,0,not_applied,
P1,REVIEW_INCLUDE,HRPSEY656,SM_ADMIN_USERGROUP,,32,用户账号,7,true,0,not_applied,
P1,REVIEW_INCLUDE,HRPSEY656,SM_PERMUSERELENTRY,,19,用户账号,5,true,0,not_applied,
P1,REVIEW_INCLUDE,HRPSEY656,WFM_VIRTUALROLE,,15,用户账号,0,true,0,not_applied,
P1,REVIEW_INCLUDE,HRPSEY656,SM_ROLE_GROUP,,11,用户账号,20,true,0,not_applied,
P1,REVIEW_INCLUDE,HRPSEY656,CODRG_ACCOUNTMODEL_H,,10,用户账号,51,true,0,not_applied,
P1,REVIEW_INCLUDE,HRPSEY656,WA_DATAPOOL_B,,3906,薪酬/绩效,0,true,0,not_applied,
P1,REVIEW_INCLUDE,HRPSEY656,WA_AMOBASE,,1710,薪酬/绩效,0,true,0,not_applied,
P1,REVIEW_INCLUDE,HRPSEY656,WA_PERIODSTATE,,384,薪酬/绩效,0,true,0,not_applied,
P1,REVIEW_INCLUDE,HRPSEY656,WA_PAYDATADSP,,375,薪酬/绩效,0,true,0,not_applied,
P1,REVIEW_INCLUDE,HRPSEY656,WA_CRITERION,,201,薪酬/绩效,0,true,0,not_applied,
P1,REVIEW_INCLUDE,HRPSEY656,WA_PRMLV,,201,薪酬/绩效,0,true,0,not_applied,
P1,REVIEW_INCLUDE,HRPSEY656,WA_ITEMNUM,,200,薪酬/绩效,0,false,0,not_applied,
P1,REVIEW_INCLUDE,HRPSEY656,WA_AMOFACTOR,,152,薪酬/绩效,0,true,0,not_applied,
P1,REVIEW_INCLUDE,HRPSEY656,WA_AMOSCHEME,,152,薪酬/绩效,0,true,0,not_applied,
P1,REVIEW_INCLUDE,HRPSEY656,WA_TAXITEM,,99,薪酬/绩效,0,true,0,not_applied,
P1,REVIEW_INCLUDE,HRPSEY656,WA_CLSPOWER,,84,薪酬/绩效,0,true,0,not_applied,
P1,REVIEW_INCLUDE,HRPSEY656,WA_PERIOD,,48,薪酬/绩效,0,true,0,not_applied,
P1,REVIEW_INCLUDE,HRPSEY656,WA_TAXTABLE,,30,薪酬/绩效,0,true,0,not_applied,
P1,REVIEW_INCLUDE,HRPSEY656,WA_TAXRPTITEM,,25,薪酬/绩效,0,true,0,not_applied,
P1,REVIEW_INCLUDE,HRPSEY656,WA_GRADE,,7,薪酬/绩效,0,true,0,keep,少行维度/分类根表
P1,REVIEW_INCLUDE,HRPSEY656,WA_GRADE_VER,,7,薪酬/绩效,0,true,0,keep,少行维度/分类根表
P1,REVIEW_INCLUDE,HRPSEY656,WA_PERIODSCHEME,,2,薪酬/绩效,0,true,0,keep,少行维度/分类根表
P1,REVIEW_INCLUDE,HRPSEY656,WA_REFCATEGORY,,2,薪酬/绩效,0,true,0,keep,少行维度/分类根表
P1,REVIEW_INCLUDE,HRPSEY656,IC_INVCOUNT_B,,474593,供应商/物资,85,true,0,not_applied,
P1,REVIEW_INCLUDE,HRPSEY656,EXPORT_HCCK202307202506,,409153,供应商/物资,13,false,0,not_applied,
P1,REVIEW_INCLUDE,HRPSEY656,EXPORT_HCCK20250902,,393704,供应商/物资,13,false,0,not_applied,
P1,REVIEW_INCLUDE,HRPSEY656,PURP_SUPPLIERPRICE,,374876,供应商/物资,79,true,0,not_applied,
P1,REVIEW_INCLUDE,HRPSEY656,SCM_INVQUALIFI_B,,281430,供应商/物资,44,true,0,not_applied,
P1,REVIEW_INCLUDE,HRPSEY656,EXPORT_HCRK202307202506,,272863,供应商/物资,12,false,0,not_applied,
P1,REVIEW_INCLUDE,HRPSEY656,EXPORT_HCRK20250902,,64552,供应商/物资,12,false,0,not_applied,
P1,REVIEW_INCLUDE,HRPSEY656,BD_MATERIALFI,,60908,供应商/物资,36,true,0,not_applied,
P1,REVIEW_INCLUDE,HRPSEY656,BD_MATERIALPLAN,,60272,供应商/物资,92,true,0,not_applied,
P1,REVIEW_INCLUDE,HRPSEY656,DC_STOCK_B,,44878,供应商/物资,34,true,0,not_applied,
P1,REVIEW_INCLUDE,HRPSEY656,BD_MATERIALCONVERT,,39738,供应商/物资,27,true,0,not_applied,
P1,REVIEW_INCLUDE,HRPSEY656,BD_MATERIALPU,,37983,供应商/物资,43,true,0,not_applied,
P1,REVIEW_INCLUDE,HRPSEY656,BD_MATERIALCOST,,37921,供应商/物资,32,true,0,not_applied,
P1,REVIEW_INCLUDE,HRPSEY656,BD_MATERIAL_V,,37901,供应商/物资,81,true,0,not_applied,
P1,REVIEW_INCLUDE,HRPSEY656,BD_MATERIALCOSTMOD,,35208,供应商/物资,39,true,0,not_applied,
P1,REVIEW_INCLUDE,HRPSEY656,BD_MATERIAL20250722,,32165,供应商/物资,118,false,0,not_applied,
P1,REVIEW_INCLUDE,HRPSEY656,BD_MATERIAL_20250227,,31264,供应商/物资,118,false,0,not_applied,
P1,REVIEW_INCLUDE,HRPSEY656,BD_MATERIAL_V_20250227,,31264,供应商/物资,81,false,0,not_applied,
P1,REVIEW_INCLUDE,HRPSEY656,BD_MATERIAL20240808,,29272,供应商/物资,118,false,0,not_applied,
P1,REVIEW_INCLUDE,HRPSEY656,BD_MATERIALCONVERT20240327,,28185,供应商/物资,27,false,0,not_applied,
P1,REVIEW_INCLUDE,HRPSEY656,BD_MATERIAL20240327,,26382,供应商/物资,118,false,0,not_applied,
P1,REVIEW_INCLUDE,HRPSEY656,BD_MATERIAL20230808,,24180,供应商/物资,118,false,0,not_applied,
P1,REVIEW_INCLUDE,HRPSEY656,SCM_INVQUALIFI,,22225,供应商/物资,67,true,0,not_applied,
P1,REVIEW_INCLUDE,HRPSEY656,BD_MATERIALSTOCK20230607,,21327,供应商/物资,124,false,0,not_applied,
P1,REVIEW_INCLUDE,HRPSEY656,BD_MATERIAL20230515,,21142,供应商/物资,118,false,0,not_applied,
P1,REVIEW_INCLUDE,HRPSEY656,BD_MATERIAL_20230309,,19626,供应商/物资,118,false,0,not_applied,
P1,REVIEW_INCLUDE,HRPSEY656,BD_MATERIAL_202303081642,,19622,供应商/物资,118,false,0,not_applied,
P1,REVIEW_INCLUDE,HRPSEY656,EXPORT_HCCK202506,,17753,供应商/物资,13,false,0,not_applied,
P1,REVIEW_INCLUDE,HRPSEY656,BD_MATERIAL_20221108,,17423,供应商/物资,118,false,0,not_applied,
P1,REVIEW_INCLUDE,HRPSEY656,BD_MATERIAL_20221104,,17372,供应商/物资,118,false,0,not_applied,
P1,REVIEW_INCLUDE,HRPSEY656,EXPORT_HCRK202506,,14484,供应商/物资,12,false,0,not_applied,
P1,REVIEW_INCLUDE,HRPSEY656,BD_MATERIAL_C,,8929,供应商/物资,8,true,0,not_applied,
P1,REVIEW_INCLUDE,HRPSEY656,BD_MATERIAL_TJSQB,,5289,供应商/物资,34,true,0,not_applied,
P1,REVIEW_INCLUDE,HRPSEY656,IC_INVCOUNT_H,,4611,供应商/物资,52,true,0,not_applied,
P1,REVIEW_INCLUDE,HRPSEY656,EXPORT_HCRK20260308BLK,,4234,供应商/物资,11,false,0,not_applied,
P1,REVIEW_INCLUDE,HRPSEY656,BD_CUST_SUPPLIER,,2992,供应商/物资,24,true,0,not_applied,
P1,REVIEW_INCLUDE,HRPSEY656,BD_MATERIAL_20221102001,,2614,供应商/物资,118,false,0,not_applied,
P1,REVIEW_INCLUDE,HRPSEY656,BD_MATERIAL_20221101001,,2593,供应商/物资,118,false,0,not_applied,
P1,REVIEW_INCLUDE,HRPSEY656,BD_MATERIAL_20221101,,1841,供应商/物资,118,false,0,not_applied,
P1,REVIEW_INCLUDE,HRPSEY656,BD_SUPSTOCK,,1631,供应商/物资,55,true,0,not_applied,
P1,REVIEW_INCLUDE,HRPSEY656,EXPORT_HCCK20260306,,1543,供应商/物资,11,false,0,not_applied,
P1,REVIEW_INCLUDE,HRPSEY656,EXPORT_HCCK20260308BLK,,1543,供应商/物资,11,false,0,not_applied,
P1,REVIEW_INCLUDE,HRPSEY656,SRMSM_SUPPLIEREXT_H,,1524,供应商/物资,79,true,0,not_applied,
P1,REVIEW_INCLUDE,HRPSEY656,BD_MATERIAL_PF,,1483,供应商/物资,41,true,0,not_applied,
P1,REVIEW_INCLUDE,HRPSEY656,SCM_INVSOURCELIST,,625,供应商/物资,12,true,0,not_applied,
P1,REVIEW_INCLUDE,HRPSEY656,BD_MATERIALSTOCK_20241226,,452,供应商/物资,124,false,0,not_applied,
P1,REVIEW_INCLUDE,HRPSEY656,BD_MATERIALTJSQ,,325,供应商/物资,44,true,0,not_applied,
P1,REVIEW_INCLUDE,HRPSEY656,IC_INVCOUNT_SN,,294,供应商/物资,16,true,0,not_applied,
P1,REVIEW_INCLUDE,HRPSEY656,BD_MATERIALSTOCK_CP1,,192,供应商/物资,3,false,0,not_applied,
P1,REVIEW_INCLUDE,HRPSEY656,BD_SUPPLIER_PF,,63,供应商/物资,40,true,0,not_applied,
P1,REVIEW_INCLUDE,HRPSEY656,COPRO_INVCOSTFLOW,,62,供应商/物资,37,true,0,not_applied,
P1,REVIEW_INCLUDE,HRPSEY656,BD_MATERIAL_V_C,,58,供应商/物资,8,true,0,not_applied,
P1,REVIEW_INCLUDE,HRPSEY656,BD_SUPPLIER_C,,21,供应商/物资,8,true,0,not_applied,
P1,REVIEW_INCLUDE,HRPSEY656,PO_INVCTRANTYPE,,13,供应商/物资,11,true,0,not_applied,
P1,REVIEW_INCLUDE,HRPSEY656,PO_PURCHASEINFI_B,,51714,采购/请购,182,true,0,not_applied,
P1,REVIEW_INCLUDE,HRPSEY656,PO_INVOICE_B_20230401,,25929,采购/请购,118,false,0,not_applied,
P1,REVIEW_INCLUDE,HRPSEY656,PO_INVOICE_B_20230403,,25929,采购/请购,118,false,0,not_applied,
P1,REVIEW_INCLUDE,HRPSEY656,PO_PURCHASEINFI,,11164,采购/请购,56,true,0,not_applied,
P1,REVIEW_INCLUDE,HRPSEY656,PO_PRAYBILL,,10540,采购/请购,58,true,0,not_applied,
P1,REVIEW_INCLUDE,HRPSEY656,PO_INVOICE20230503,,1279,采购/请购,89,false,0,not_applied,
P1,REVIEW_INCLUDE,HRPSEY656,PO_INVOICE230301,,785,采购/请购,89,false,0,not_applied,
P1,REVIEW_INCLUDE,HRPSEY656,IC_ONHANDSN_20260531,,1396312,库存/出入库,19,false,0,not_applied,
P1,REVIEW_INCLUDE,HRPSEY656,IC_MATERIAL_E,,1265617,库存/出入库,9,true,0,not_applied,
P1,REVIEW_INCLUDE,HRPSEY656,IC_MATERIAL_E20260619,,1264777,库存/出入库,9,false,0,not_applied,
P1,REVIEW_INCLUDE,HRPSEY656,IC_GENERALIN_L,,723323,库存/出入库,19,true,0,not_applied,
P1,REVIEW_INCLUDE,HRPSEY656,IC_PURCHASEIN_L,,684902,库存/出入库,19,true,0,not_applied,
P1,REVIEW_INCLUDE,HRPSEY656,IC_MATERIAL_L,,597959,库存/出入库,19,true,0,not_applied,
P1,REVIEW_INCLUDE,HRPSEY656,IC_GENERALIN_E,,319577,库存/出入库,7,true,0,not_applied,
P1,REVIEW_INCLUDE,HRPSEY656,IC_PURCHASEIN_E,,255134,库存/出入库,15,true,0,not_applied,
P1,REVIEW_INCLUDE,HRPSEY656,IC_ONHANDDIM_20260531,,233053,库存/出入库,34,false,0,not_applied,
P1,REVIEW_INCLUDE,HRPSEY656,IC_PURCHASEIN_L20230427,,83812,库存/出入库,19,false,0,not_applied,
P1,REVIEW_INCLUDE,HRPSEY656,IC_MATERIAL_E20230319,,73979,库存/出入库,9,false,0,not_applied,
P1,REVIEW_INCLUDE,HRPSEY656,IC_MATERIAL_B20230317,,73096,库存/出入库,168,false,0,not_applied,
P1,REVIEW_INCLUDE,HRPSEY656,IC_MATERIAL_B20230313,,69733,库存/出入库,168,false,0,not_applied,
P1,REVIEW_INCLUDE,HRPSEY656,IC_PURCHASEIN_B20230427,,35474,库存/出入库,195,false,0,not_applied,
P1,REVIEW_INCLUDE,HRPSEY656,IC_MATERIAL_H20230317,,15943,库存/出入库,60,false,0,not_applied,
P1,REVIEW_INCLUDE,HRPSEY656,IC_MATERIAL_H202303115,,15757,库存/出入库,60,false,0,not_applied,
P1,REVIEW_INCLUDE,HRPSEY656,IC_MATERIAL_H20230313,,15269,库存/出入库,60,false,0,not_applied,
P1,REVIEW_INCLUDE,HRPSEY656,IC_PURCHASEIN_H20230428,,9700,库存/出入库,73,false,0,not_applied,
P1,REVIEW_INCLUDE,HRPSEY656,IC_PURCHASEIN_H20230427,,9690,库存/出入库,73,false,0,not_applied,
P1,REVIEW_INCLUDE,HRPSEY656,IC_PURCHASEIN_H20230330,,8142,库存/出入库,73,false,0,not_applied,
P1,REVIEW_INCLUDE,HRPSEY656,IC_GENERALIN_E20230302,,6354,库存/出入库,7,false,0,not_applied,
P1,REVIEW_INCLUDE,HRPSEY656,IC_PURCHASEIN_H20230301,,6246,库存/出入库,73,false,0,not_applied,
P1,REVIEW_INCLUDE,HRPSEY656,IC_GENERALIN_E20230227,,6214,库存/出入库,7,false,0,not_applied,
P1,REVIEW_INCLUDE,HRPSEY656,IC_PURCHASEIN_H20230228,,6128,库存/出入库,73,false,0,not_applied,
P1,REVIEW_INCLUDE,HRPSEY656,IC_GENERALIN_E20230215,,4925,库存/出入库,7,false,0,not_applied,
P1,REVIEW_INCLUDE,HRPSEY656,IC_PURCHASEIN_H20230201,,4701,库存/出入库,73,false,0,not_applied,
P1,REVIEW_INCLUDE,HRPSEY656,IC_PURCHASEIN_H20220131,,4645,库存/出入库,73,false,0,not_applied,
P1,REVIEW_INCLUDE,HRPSEY656,IC_GENERALIN_E_20230207,,4391,库存/出入库,7,false,0,not_applied,
P1,REVIEW_INCLUDE,HRPSEY656,IC_GENERALIN_E20230116,,3290,库存/出入库,7,false,0,not_applied,
P1,REVIEW_INCLUDE,HRPSEY656,IC_GENERALIN_E20230112,,3214,库存/出入库,7,false,0,not_applied,
P1,REVIEW_INCLUDE,HRPSEY656,IC_PURCHASEIN_H_20221129,,1791,库存/出入库,73,false,0,not_applied,
P1,REVIEW_INCLUDE,HRPSEY656,IC_PURCHASEIN_B_20221107,,1666,库存/出入库,195,false,0,not_applied,
P1,REVIEW_INCLUDE,HRPSEY656,IC_GENERALIN_B_20221112,,100,库存/出入库,118,false,0,not_applied,
P1,REVIEW_INCLUDE,HRPSEY656,GL_RTDETAIL,,791572,财务/总账,113,true,0,not_applied,
P1,REVIEW_INCLUDE,HRPSEY656,GL_DTLFREEVALUE,,555804,财务/总账,34,true,0,not_applied,
P1,REVIEW_INCLUDE,HRPSEY656,GL_BALANCE,,498998,财务/总账,36,false,0,not_applied,
P1,REVIEW_INCLUDE,HRPSEY656,GL_DIFFANALY,,380324,财务/总账,23,true,0,not_applied,
P1,REVIEW_INCLUDE,HRPSEY656,GL_DETAIL20230319,,215669,财务/总账,87,false,0,not_applied,
P1,REVIEW_INCLUDE,HRPSEY656,GL_DETAIL_20220809,,101548,财务/总账,87,false,0,not_applied,
P1,REVIEW_INCLUDE,HRPSEY656,GL_DETAIL_20220708,,85585,财务/总账,87,false,0,not_applied,
P1,REVIEW_INCLUDE,HRPSEY656,GL_VERIFYDETAIL,,75878,财务/总账,83,true,0,not_applied,
P1,REVIEW_INCLUDE,HRPSEY656,GL_DETAIL_20220610,,71696,财务/总账,87,false,0,not_applied,
P1,REVIEW_INCLUDE,HRPSEY656,GL_VOUCHERNOSUPPL,,65295,财务/总账,5,true,0,not_applied,
P1,REVIEW_INCLUDE,HRPSEY656,GL_DETAIL_20220511,,57654,财务/总账,87,false,0,not_applied,
P1,REVIEW_INCLUDE,HRPSEY656,GL_VOUCHER,,53960,财务/总账,69,true,0,not_applied,
P1,REVIEW_INCLUDE,HRPSEY656,GL_DETAIL_20220412,,45364,财务/总账,87,false,0,not_applied,
P1,REVIEW_INCLUDE,HRPSEY656,GL_RTVOUCHER,,35018,财务/总账,65,true,0,not_applied,
P1,REVIEW_INCLUDE,HRPSEY656,GL_FREEVALUE,,22105,财务/总账,14,false,0,not_applied,
P1,REVIEW_INCLUDE,HRPSEY656,GL_VERIFY_LOG,,10266,财务/总账,37,true,0,not_applied,
P1,REVIEW_INCLUDE,HRPSEY656,GL_DIFFRELATIONSET,,10150,财务/总账,35,true,0,not_applied,
P1,REVIEW_INCLUDE,HRPSEY656,GL_VOUCHER_20220809,,6125,财务/总账,69,false,0,not_applied,
P1,REVIEW_INCLUDE,HRPSEY656,GL_VOUCHER_20220708,,5189,财务/总账,69,false,0,not_applied,
P1,REVIEW_INCLUDE,HRPSEY656,GL_VOUCHER_20220610,,4208,财务/总账,69,false,0,not_applied,
P1,REVIEW_INCLUDE,HRPSEY656,GL_VOUCHER_20220511,,3323,财务/总账,69,false,0,not_applied,
P1,REVIEW_INCLUDE,HRPSEY656,GL_VOUCHER_20220412,,2783,财务/总账,69,false,0,not_applied,
P1,REVIEW_INCLUDE,HRPSEY656,GL_DIFFRELATIONSET_20220127,,1595,财务/总账,35,false,0,not_applied,
P1,REVIEW_INCLUDE,HRPSEY656,GL_CONTRAST,,1444,财务/总账,22,true,0,not_applied,
P1,REVIEW_INCLUDE,HRPSEY656,GL_BANKRECEIPT,,872,财务/总账,29,true,0,not_applied,
P1,REVIEW_INCLUDE,HRPSEY656,GL_TRANSFERDETAIL,,846,财务/总账,18,true,0,not_applied,
P1,REVIEW_INCLUDE,HRPSEY656,GL_TRANSFERHISTORY,,351,财务/总账,23,true,0,not_applied,
P1,REVIEW_INCLUDE,HRPSEY656,GL_VOUCHERMAXNO,,197,财务/总账,10,true,0,not_applied,
P1,REVIEW_INCLUDE,HRPSEY656,GL_COMMONDETAIL,,149,财务/总账,41,true,0,not_applied,
P1,REVIEW_INCLUDE,HRPSEY656,GL_UICONFIG,,116,财务/总账,24,true,0,not_applied,
P1,REVIEW_INCLUDE,HRPSEY656,GL_DEALCLASS,,71,财务/总账,9,true,0,not_applied,
P1,REVIEW_INCLUDE,HRPSEY656,GL_BRRELATION,,42,财务/总账,12,true,0,not_applied,
P1,REVIEW_INCLUDE,HRPSEY656,GL_VERIFYOBJ,,41,财务/总账,19,true,0,not_applied,
P1,REVIEW_INCLUDE,HRPSEY656,GL_VOUCHERUSER,,39,财务/总账,8,true,0,not_applied,
P1,REVIEW_INCLUDE,HRPSEY656,GL_BRACCASOA,,34,财务/总账,5,true,0,not_applied,
P1,REVIEW_INCLUDE,HRPSEY656,GL_EXTENDREPORT_PP,,29,财务/总账,22,true,0,not_applied,
P1,REVIEW_INCLUDE,HRPSEY656,GL_INITBUILD,,26,财务/总账,8,true,0,not_applied,
P1,REVIEW_INCLUDE,HRPSEY656,GL_EXTENDREPORT_IT,,23,财务/总账,9,true,0,not_applied,
P1,REVIEW_INCLUDE,HRPSEY656,GL_BRSETTING,,21,财务/总账,33,true,0,not_applied,
P1,REVIEW_INCLUDE,HRPSEY656,GL_DIFFBEGIN,,21,财务/总账,63,true,0,not_applied,
P1,REVIEW_INCLUDE,HRPSEY656,GL_TRANSFER,,13,财务/总账,25,true,0,not_applied,
P1,REVIEW_INCLUDE,HRPSEY656,GL_INFLUECEFACTOR,,12,财务/总账,20,true,0,not_applied,
P1,REVIEW_INCLUDE,HRPSEY656,GL_BRDEALCLASS,,7,财务/总账,10,true,0,keep,少行维度/分类根表
P1,REVIEW_INCLUDE,HRPSEY656,GL_PRINTDEALCLASS,,5,财务/总账,12,true,0,keep,少行维度/分类根表
P1,REVIEW_INCLUDE,HRPSEY656,GL_COMMNVCLASS,,3,财务/总账,8,true,0,keep,少行维度/分类根表
P1,REVIEW_INCLUDE,HRPSEY656,GL_CONTRASTCLASS,,3,财务/总账,7,true,0,keep,少行维度/分类根表
P1,REVIEW_INCLUDE,HRPSEY656,IA_PERIODNAB,,2106910,财务/辅助账,83,false,0,not_applied,
P1,REVIEW_INCLUDE,HRPSEY656,IA_DETAILLEDGER20250425,,1897227,财务/辅助账,178,false,0,not_applied,
P1,REVIEW_INCLUDE,HRPSEY656,IA_DETAILLEDGER20250402,,1841166,财务/辅助账,178,false,0,not_applied,
P1,REVIEW_INCLUDE,HRPSEY656,IA_I6BILL_B,,1284375,财务/辅助账,117,true,0,not_applied,
P1,REVIEW_INCLUDE,HRPSEY656,IA_I2BILL_B,,1118305,财务/辅助账,102,true,0,not_applied,
P1,REVIEW_INCLUDE,HRPSEY656,IA_I2BILL,,1071878,财务/辅助账,51,true,0,not_applied,
P1,REVIEW_INCLUDE,HRPSEY656,IA_MONTHNAB,,771392,财务/辅助账,19,true,0,not_applied,
P1,REVIEW_INCLUDE,HRPSEY656,IA_MONTHIN,,598056,财务/辅助账,83,false,0,not_applied,
P1,REVIEW_INCLUDE,HRPSEY656,IA_MONTHOUT,,583701,财务/辅助账,83,false,0,not_applied,
P1,REVIEW_INCLUDE,HRPSEY656,IA_I7BILL_B,,342210,财务/辅助账,94,true,0,not_applied,
P1,REVIEW_INCLUDE,HRPSEY656,IA_I4BILL_B,,321004,财务/辅助账,87,true,0,not_applied,
P1,REVIEW_INCLUDE,HRPSEY656,IA_I6BILL,,165900,财务/辅助账,52,true,0,not_applied,
P1,REVIEW_INCLUDE,HRPSEY656,IA_I7BILL,,110372,财务/辅助账,52,true,0,not_applied,
P1,REVIEW_INCLUDE,HRPSEY656,IA_I4BILL,,107349,财务/辅助账,51,true,0,not_applied,
P1,REVIEW_INCLUDE,HRPSEY656,IA_GENERALNAB,,101754,财务/辅助账,18,true,0,not_applied,
P1,REVIEW_INCLUDE,HRPSEY656,IA_I6BILL_B20230317,,77822,财务/辅助账,117,false,0,not_applied,
P1,REVIEW_INCLUDE,HRPSEY656,IA_I6BILL_B20230313,,73985,财务/辅助账,117,false,0,not_applied,
P1,REVIEW_INCLUDE,HRPSEY656,IA_CALCRANGE,,57092,财务/辅助账,20,true,0,not_applied,
P1,REVIEW_INCLUDE,HRPSEY656,IA_I6BILL20230317,,16567,财务/辅助账,52,false,0,not_applied,
P1,REVIEW_INCLUDE,HRPSEY656,IA_I6BILL20230313,,15809,财务/辅助账,52,false,0,not_applied,
P1,REVIEW_INCLUDE,HRPSEY656,IA_IABILL,,1239,财务/辅助账,54,true,0,not_applied,
P1,REVIEW_INCLUDE,HRPSEY656,IA_IABILL_B,,1239,财务/辅助账,107,true,0,not_applied,
P1,REVIEW_INCLUDE,HRPSEY656,IA_I0BILL_B,,1232,财务/辅助账,87,true,0,not_applied,
P1,REVIEW_INCLUDE,HRPSEY656,IA_IABILL20250425,,905,财务/辅助账,54,false,0,not_applied,
P1,REVIEW_INCLUDE,HRPSEY656,IA_IABILL_B20250425,,905,财务/辅助账,107,false,0,not_applied,
P1,REVIEW_INCLUDE,HRPSEY656,IA_IABILL20250402,,859,财务/辅助账,54,false,0,not_applied,
P1,REVIEW_INCLUDE,HRPSEY656,IA_IABILL_B20250402,,859,财务/辅助账,107,false,0,not_applied,
P1,REVIEW_INCLUDE,HRPSEY656,IA_DATAREPAIRLOG,,49,财务/辅助账,11,true,0,not_applied,
P1,REVIEW_INCLUDE,HRPSEY656,IA_MAXSEQUENCE,,45,财务/辅助账,7,false,0,not_applied,
P1,REVIEW_INCLUDE,HRPSEY656,IA_I0BILL,,11,财务/辅助账,48,true,0,not_applied,
P1,REVIEW_INCLUDE,HRPSEY656,IA_PERIOD,,8,财务/辅助账,6,false,0,keep,少行维度/分类根表
P1,REVIEW_INCLUDE,HRPSEY656,COST_ACCOUNT,,13293400,财务/成本,36,true,0,not_applied,
P1,REVIEW_INCLUDE,HRPSEY656,COST_CLCOSTBILL_B,,936458,财务/成本,34,true,0,not_applied,
P1,REVIEW_INCLUDE,HRPSEY656,COST_CALRESULT_B,,320582,财务/成本,34,true,0,not_applied,
P1,REVIEW_INCLUDE,HRPSEY656,COST_INCOMEBILL_B,,126410,财务/成本,33,true,0,not_applied,
P1,REVIEW_INCLUDE,HRPSEY656,COST_PARABILL_B,,39568,财务/成本,34,true,0,not_applied,
P1,REVIEW_INCLUDE,HRPSEY656,COST_SYSREPORT,,4128,财务/成本,22,true,0,not_applied,
P1,REVIEW_INCLUDE,HRPSEY656,COST_SPMETHOD_B,,2862,财务/成本,31,true,0,not_applied,
P1,REVIEW_INCLUDE,HRPSEY656,COST_CALRESULT,,1058,财务/成本,52,true,0,not_applied,
P1,REVIEW_INCLUDE,HRPSEY656,COST_CODEPART,,652,财务/成本,48,true,0,not_applied,
P1,REVIEW_INCLUDE,HRPSEY656,COST_PARABILL_H,,648,财务/成本,53,true,0,not_applied,
P1,REVIEW_INCLUDE,HRPSEY656,COST_UAP_DEPT,,560,财务/成本,35,true,0,not_applied,
P1,REVIEW_INCLUDE,HRPSEY656,COST_SPMETHOD_H,,439,财务/成本,53,true,0,not_applied,
P1,REVIEW_INCLUDE,HRPSEY656,COST_SPRELATION,,358,财务/成本,38,true,0,not_applied,
P1,REVIEW_INCLUDE,HRPSEY656,COST_CODEPART_BF,,345,财务/成本,48,false,0,not_applied,
P1,REVIEW_INCLUDE,HRPSEY656,COST_COSTPRO_H,,330,财务/成本,42,true,0,not_applied,
P1,REVIEW_INCLUDE,HRPSEY656,COST_INCODEPRO_H,,250,财务/成本,34,true,0,not_applied,
P1,REVIEW_INCLUDE,HRPSEY656,COST_CLCOSTBILL_H,,172,财务/成本,55,true,0,not_applied,
P1,REVIEW_INCLUDE,HRPSEY656,COST_INCOMEBILL_H,,132,财务/成本,54,true,0,not_applied,
P1,REVIEW_INCLUDE,HRPSEY656,COST_SPCHECKERROR,,53,财务/成本,7,false,0,not_applied,
P1,REVIEW_INCLUDE,HRPSEY656,COST_MONTHLY,,51,财务/成本,50,true,0,not_applied,
P1,REVIEW_INCLUDE,HRPSEY656,COST_COSTCLASS_H,,33,财务/成本,33,true,0,not_applied,
P1,REVIEW_INCLUDE,HRPSEY656,COST_COSTCLASS_H20250716,,33,财务/成本,33,false,0,not_applied,
P1,REVIEW_INCLUDE,HRPSEY656,COST_SPPARA,,31,财务/成本,41,true,0,not_applied,
P1,REVIEW_INCLUDE,HRPSEY656,COST_DEPARTCLASS_H,,10,财务/成本,40,true,0,not_applied,
P1,REVIEW_INCLUDE,HRPSEY656,COST_SPGRADE,,6,财务/成本,38,true,0,keep,少行维度/分类根表
P1,REVIEW_INCLUDE,HRPSEY656,COST_INCODECLASS_H,,4,财务/成本,40,true,0,keep,少行维度/分类根表
P1,REVIEW_INCLUDE,HRPSEY656,PO_SETTLEBILL_B,,586250,财务,75,true,0,not_applied,
P1,REVIEW_INCLUDE,HRPSEY656,AP_ESTIPAYABLEBILL,,523604,财务,92,true,0,not_applied,
P1,REVIEW_INCLUDE,HRPSEY656,ARAP_BILLMAP,,193670,财务,21,true,0,not_applied,
P1,REVIEW_INCLUDE,HRPSEY656,AP_PAYABLEBILL,,25773,财务,87,true,0,not_applied,
P1,REVIEW_INCLUDE,HRPSEY656,FIP_BILLITEM,,22762,财务,21,true,0,not_applied,
P1,REVIEW_INCLUDE,HRPSEY656,AP_PAYBILL,,18120,财务,109,true,0,not_applied,
P1,REVIEW_INCLUDE,HRPSEY656,PO_SETTLEBILL,,9171,财务,17,true,0,not_applied,
P1,REVIEW_INCLUDE,HRPSEY656,PUB_BILLACTION,,6586,财务,25,true,0,not_applied,
P1,REVIEW_INCLUDE,HRPSEY656,FIP_BILLFACTOR,,6091,财务,13,true,0,not_applied,
P1,REVIEW_INCLUDE,HRPSEY656,BD_BILLTYPE20250320,,1839,财务,43,false,0,not_applied,
P1,REVIEW_INCLUDE,HRPSEY656,BD_REFINFO,,1708,财务,25,true,0,not_applied,
P1,REVIEW_INCLUDE,HRPSEY656,BD_SUPFINANCE,,1670,财务,52,true,0,not_applied,
P1,REVIEW_INCLUDE,HRPSEY656,FIP_CLASSDEFINE,,1382,财务,27,true,0,not_applied,
P1,REVIEW_INCLUDE,HRPSEY656,PUB_BILLITFDEF,,981,财务,10,true,0,not_applied,
P1,REVIEW_INCLUDE,HRPSEY656,BD_FWDBILLTYPE,,921,财务,8,true,0,not_applied,
P1,REVIEW_INCLUDE,HRPSEY656,BD_BILLTYPE2,,606,财务,7,true,0,not_applied,
P1,REVIEW_INCLUDE,HRPSEY656,PUB_BILLBUSINESS,,545,财务,12,true,0,not_applied,
P1,REVIEW_INCLUDE,HRPSEY656,PUB_BILLSOURCE,,258,财务,7,true,0,not_applied,
P1,REVIEW_INCLUDE,HRPSEY656,FIP_BILLREGISTER,,219,财务,29,true,0,not_applied,
P1,REVIEW_INCLUDE,HRPSEY656,BD_REFINFOBASE,,81,财务,24,true,0,not_applied,
P1,REVIEW_INCLUDE,HRPSEY656,SSC_BILLITEMMAP,,31,财务,8,true,0,not_applied,
P1,REVIEW_INCLUDE,HRPSEY656,YER_YERPORTALBILLCLASS,,24,财务,0,true,0,not_applied,
P1,REVIEW_INCLUDE,HRPSEY656,CMP_PAYBILLDETAIL,,23,财务,127,true,0,not_applied,
P1,REVIEW_INCLUDE,HRPSEY656,BD_BILLTYPE_FUNC,,22,财务,9,true,0,not_applied,
P1,REVIEW_INCLUDE,HRPSEY656,HI_STBILL_ITEMSET,,18,财务,20,true,0,not_applied,
P1,REVIEW_INCLUDE,HRPSEY656,MID_PAY_PLAN_VOUCHER,,18,财务,43,true,0,not_applied,
P1,REVIEW_INCLUDE,HRPSEY656,CMP_PAYBILL,,17,财务,129,true,0,not_applied,
P1,REVIEW_INCLUDE,HRPSEY656,CMP_BILLTYPE,,16,财务,36,true,0,not_applied,
P1,REVIEW_INCLUDE,HRPSEY656,ER_BILLCONTRAST,,14,财务,18,true,0,not_applied,
P1,REVIEW_INCLUDE,HRPSEY656,ARAP_BILLTYPE,,11,财务,23,true,0,not_applied,
P1,REVIEW_INCLUDE,HRPSEY656,PUB_BILLACTIONCONFIG,,10,财务,6,true,0,not_applied,
P1,REVIEW_INCLUDE,HRPSEY656,CMP_BILLTYPEREG,,9,财务,8,true,0,keep,少行维度/分类根表
P1,REVIEW_INCLUDE,HRPSEY656,BD_BILLTYPE_UPGRADE,,4,财务,5,false,0,keep,少行维度/分类根表
P1,REVIEW_INCLUDE,HRPSEY656,FIPUB_VOUCHERTYPERULE,,3,财务,20,true,0,keep,少行维度/分类根表
P1,REVIEW_INCLUDE,HRPSEY656,RESA_RESPVOUCHERTYPE,,1,财务,18,true,0,keep,少行维度/分类根表
P1,REVIEW_INCLUDE,HRPSEY656,FA_CAPITALSOURCEHISTORY,,1273680,固定资产/设备,14,true,0,not_applied,
P1,REVIEW_INCLUDE,HRPSEY656,FA_FUNDSDEP,,713609,固定资产/设备,25,true,0,not_applied,
P1,REVIEW_INCLUDE,HRPSEY656,FA_DEPGATHERSHEET,,612046,固定资产/设备,32,false,0,not_applied,
P1,REVIEW_INCLUDE,HRPSEY656,PAM_ALTER_SHEET,,237934,固定资产/设备,7,true,0,not_applied,
P1,REVIEW_INCLUDE,HRPSEY656,FA_DEPGATHER_B,,147110,固定资产/设备,32,true,0,not_applied,
P1,REVIEW_INCLUDE,HRPSEY656,FA_LOG,,115012,固定资产/设备,17,true,0,not_applied,
P1,REVIEW_INCLUDE,HRPSEY656,FA_CARD20240229,,112681,固定资产/设备,77,false,0,not_applied,
P1,REVIEW_INCLUDE,HRPSEY656,FA_CARDSUB_BAT,,112143,固定资产/设备,83,false,0,not_applied,
P1,REVIEW_INCLUDE,HRPSEY656,FA_CARD20230615,,110995,固定资产/设备,76,false,0,not_applied,
P1,REVIEW_INCLUDE,HRPSEY656,PAM_EQUIP_0919,,51926,固定资产/设备,223,false,0,not_applied,
P1,REVIEW_INCLUDE,HRPSEY656,PAM_ALTER_B,,45504,固定资产/设备,33,true,0,not_applied,
P1,REVIEW_INCLUDE,HRPSEY656,FA_ALTERSHEET,,41761,固定资产/设备,20,true,0,not_applied,
P1,REVIEW_INCLUDE,HRPSEY656,FA_ALTER_B,,34216,固定资产/设备,47,true,0,not_applied,
P1,REVIEW_INCLUDE,HRPSEY656,PAM_INVENTORY_B,,31094,固定资产/设备,64,true,0,not_applied,
P1,REVIEW_INCLUDE,HRPSEY656,FA_ACCBOOKINFO_B,,5896,固定资产/设备,14,true,0,not_applied,
P1,REVIEW_INCLUDE,HRPSEY656,PAM_SRCDIST_B,,5280,固定资产/设备,149,true,0,not_applied,
P1,REVIEW_INCLUDE,HRPSEY656,PAM_FA_CATEGORY,,5192,固定资产/设备,32,true,0,not_applied,
P1,REVIEW_INCLUDE,HRPSEY656,FA_REDUCE_B,,2079,固定资产/设备,71,true,0,not_applied,
P1,REVIEW_INCLUDE,HRPSEY656,PAM_SRCDIST,,1715,固定资产/设备,108,true,0,not_applied,
P1,REVIEW_INCLUDE,HRPSEY656,PAM_TRANSI_B,,264,固定资产/设备,15,true,0,not_applied,
P1,REVIEW_INCLUDE,HRPSEY656,PAM_ALTER,,232,固定资产/设备,55,true,0,not_applied,
P1,REVIEW_INCLUDE,HRPSEY656,PAM_NEXTSTEP,,177,固定资产/设备,11,true,0,not_applied,
P1,REVIEW_INCLUDE,HRPSEY656,FA_ALTER,,140,固定资产/设备,50,true,0,not_applied,
P1,REVIEW_INCLUDE,HRPSEY656,PAM_TRANSI,,73,固定资产/设备,18,true,0,not_applied,
P1,REVIEW_INCLUDE,HRPSEY656,FA_DEPGATHER,,72,固定资产/设备,13,true,0,not_applied,
P1,REVIEW_INCLUDE,HRPSEY656,FA_REASON,,71,固定资产/设备,39,true,0,not_applied,
P1,REVIEW_INCLUDE,HRPSEY656,FA_FUNDSALTER_B,,70,固定资产/设备,39,true,0,not_applied,
P1,REVIEW_INCLUDE,HRPSEY656,FA_FUNDSALTER,,69,固定资产/设备,46,true,0,not_applied,
P1,REVIEW_INCLUDE,HRPSEY656,FA_REDUCE,,43,固定资产/设备,50,true,0,not_applied,
P1,REVIEW_INCLUDE,HRPSEY656,FA_OPTION,,37,固定资产/设备,22,true,0,not_applied,
P1,REVIEW_INCLUDE,HRPSEY656,FA_CLOSEBOOK,,36,固定资产/设备,10,true,0,not_applied,
P1,REVIEW_INCLUDE,HRPSEY656,FA_GDZCFHRPT,,31,固定资产/设备,18,true,0,not_applied,
P1,REVIEW_INCLUDE,HRPSEY656,FA_GDZCFHRPT3,,30,固定资产/设备,14,true,0,not_applied,
P1,REVIEW_INCLUDE,HRPSEY656,PAM_INVENTORY,,25,固定资产/设备,50,true,0,not_applied,
P1,REVIEW_INCLUDE,HRPSEY656,FA_ASSETSPLIT_B,,24,固定资产/设备,84,true,0,not_applied,
P1,REVIEW_INCLUDE,HRPSEY656,FA_ASSETSPLIT,,12,固定资产/设备,53,true,0,not_applied,
P1,REVIEW_INCLUDE,HRPSEY656,PAM_LOCATION,,11,固定资产/设备,43,true,0,not_applied,
P1,REVIEW_INCLUDE,HRPSEY656,FA_DEPMETHOD,,10,固定资产/设备,26,true,0,not_applied,
P1,REVIEW_INCLUDE,HRPSEY656,FA_USINGSTATUS,,10,固定资产/设备,23,true,0,not_applied,
P1,REVIEW_INCLUDE,HRPSEY656,SM_BUSILOG_DEFAULT_20250925,,1263172,字典/编码,15,false,0,not_applied,
P1,REVIEW_INCLUDE,HRPSEY656,SM_BUSILOG_DEFAULT,,339007,字典/编码,15,true,0,not_applied,
P1,REVIEW_INCLUDE,HRPSEY656,BD_DEFDOC_20221104,,14622,字典/编码,50,false,0,not_applied,
P1,REVIEW_INCLUDE,HRPSEY656,PUB_BUSICLASS,,9059,字典/编码,10,true,0,not_applied,
P1,REVIEW_INCLUDE,HRPSEY656,MD_CLASS,,8107,字典/编码,34,true,0,not_applied,
P1,REVIEW_INCLUDE,HRPSEY656,PUB_EVENTTYPE,,5569,字典/编码,20,true,0,not_applied,
P1,REVIEW_INCLUDE,HRPSEY656,HRCM_CONTTYPE_STATE,,3360,字典/编码,8,true,0,not_applied,
P1,REVIEW_INCLUDE,HRPSEY656,BI_SMART_DEF,,1081,字典/编码,25,true,0,not_applied,
P1,REVIEW_INCLUDE,HRPSEY656,FIP_CLASSMAINPROP,,1033,字典/编码,16,true,0,not_applied,
P1,REVIEW_INCLUDE,HRPSEY656,SM_RULE_TYPE,,732,字典/编码,12,true,0,not_applied,
P1,REVIEW_INCLUDE,HRPSEY656,UW_FILETYPE,,645,字典/编码,0,true,0,not_applied,
P1,REVIEW_INCLUDE,HRPSEY656,PUB_ALERTTYPECONFIG,,560,字典/编码,10,true,0,not_applied,
P1,REVIEW_INCLUDE,HRPSEY656,PUB_ALERTTYPE_B,,456,字典/编码,13,true,0,not_applied,
P1,REVIEW_INCLUDE,HRPSEY656,WFM_ACCEPTNCTYPE,,395,字典/编码,0,true,0,not_applied,
P1,REVIEW_INCLUDE,HRPSEY656,PUB_BCR_PRECODE,,299,字典/编码,8,true,0,not_applied,
P1,REVIEW_INCLUDE,HRPSEY656,PUB_ALERTTYPE,,297,字典/编码,23,true,0,not_applied,
P1,REVIEW_INCLUDE,HRPSEY656,BD_BUSITYPE,,212,字典/编码,36,true,0,not_applied,
P1,REVIEW_INCLUDE,HRPSEY656,BD_INOUTBUSICLASS,,194,字典/编码,28,true,0,not_applied,
P1,REVIEW_INCLUDE,HRPSEY656,BD_DEFDOCLIST,,161,字典/编码,30,true,0,not_applied,
P1,REVIEW_INCLUDE,HRPSEY656,PUB_WF_DEF,,147,字典/编码,33,true,0,not_applied,
P1,REVIEW_INCLUDE,HRPSEY656,IC_TRANSTYPE,,125,字典/编码,17,true,0,not_applied,
P1,REVIEW_INCLUDE,HRPSEY656,FIP_CLASSFACTOR,,90,字典/编码,26,true,0,not_applied,
P1,REVIEW_INCLUDE,HRPSEY656,BD_BANKTYPE,,70,字典/编码,25,true,0,not_applied,
P1,REVIEW_INCLUDE,HRPSEY656,ADP_RESTYPERELATE,,67,字典/编码,5,true,0,not_applied,
P1,REVIEW_INCLUDE,HRPSEY656,BI_PIVOT_DEF,,58,字典/编码,23,true,0,not_applied,
P1,REVIEW_INCLUDE,HRPSEY656,BCBD_BARCODERULE,,54,字典/编码,31,true,0,not_applied,
P1,REVIEW_INCLUDE,HRPSEY656,BCBD_BARCODERULEITEM,,54,字典/编码,13,true,0,not_applied,
P1,REVIEW_INCLUDE,HRPSEY656,BCBD_BARCODERULE_V,,54,字典/编码,30,true,0,not_applied,
P1,REVIEW_INCLUDE,HRPSEY656,SO_M4331TRANTYPE,,42,字典/编码,7,true,0,not_applied,
P1,REVIEW_INCLUDE,HRPSEY656,BD_IMAGESCANTYPE,,36,字典/编码,9,true,0,not_applied,
P1,REVIEW_INCLUDE,HRPSEY656,TB_DIMDEF,,36,字典/编码,17,true,0,not_applied,
P1,REVIEW_INCLUDE,HRPSEY656,AAM_ASSETTYPE,,34,字典/编码,20,true,0,not_applied,
P1,REVIEW_INCLUDE,HRPSEY656,HPF_INCOMETYPE,,30,字典/编码,57,true,0,not_applied,
P1,REVIEW_INCLUDE,HRPSEY656,BD_ACCTYPE,,29,字典/编码,16,true,0,not_applied,
P1,REVIEW_INCLUDE,HRPSEY656,SM_MSG_MSGTYPE,,28,字典/编码,7,true,0,not_applied,
P1,REVIEW_INCLUDE,HRPSEY656,CP_EVENTTYPE,,27,字典/编码,19,true,0,not_applied,
P1,REVIEW_INCLUDE,HRPSEY656,BI_CUBE_DEF,,24,字典/编码,23,true,0,not_applied,
P1,REVIEW_INCLUDE,HRPSEY656,CMP_SYSCODE,,24,字典/编码,7,true,0,not_applied,
P1,REVIEW_INCLUDE,HRPSEY656,OACO_ASSOCIATETYPE,,24,字典/编码,12,true,0,not_applied,
P1,REVIEW_INCLUDE,HRPSEY656,BCBD_ATTRCLASS,,22,字典/编码,18,true,0,not_applied,
P1,REVIEW_INCLUDE,HRPSEY656,ADP_RESTYPECATALOG,,20,字典/编码,12,true,0,not_applied,
P1,REVIEW_INCLUDE,HRPSEY656,CP_DOC_SYSATTRTYPE,,17,字典/编码,42,true,0,not_applied,
P1,REVIEW_INCLUDE,HRPSEY656,HR_TRNSTYPE,,17,字典/编码,21,true,0,not_applied,
P1,REVIEW_INCLUDE,HRPSEY656,PO_M422XTRANSTYPE,,17,字典/编码,6,true,0,not_applied,
P1,REVIEW_INCLUDE,HRPSEY656,PO_POTRANTYPE,,17,字典/编码,44,true,0,not_applied,
P1,REVIEW_INCLUDE,HRPSEY656,PO_POTRANTYPE20240327,,17,字典/编码,44,false,0,not_applied,
P1,REVIEW_INCLUDE,HRPSEY656,MM_MOTRANTYPE,,16,字典/编码,14,true,0,not_applied,
P1,REVIEW_INCLUDE,HRPSEY656,SRMEM_INDICATORTYPE,,16,字典/编码,19,true,0,not_applied,
P1,REVIEW_INCLUDE,HRPSEY656,WFM_FLWTYPE,,16,字典/编码,0,true,0,not_applied,
P1,REVIEW_INCLUDE,HRPSEY656,BD_BUSITYPECLASS,,14,字典/编码,7,true,0,not_applied,
P1,REVIEW_INCLUDE,HRPSEY656,SO_M30TRANTYPE,,14,字典/编码,27,true,0,not_applied,
P1,REVIEW_INCLUDE,HRPSEY656,HR_RPT_DEF,,13,字典/编码,23,true,0,not_applied,
P1,REVIEW_INCLUDE,HRPSEY656,BM_BMCLASS,,12,字典/编码,29,true,0,not_applied,
P1,REVIEW_INCLUDE,HRPSEY656,ER_EXPENSETYPE,,12,字典/编码,13,true,0,not_applied,
P1,REVIEW_INCLUDE,HRPSEY656,BD_BALATYPE,,11,字典/编码,27,true,0,not_applied,
P1,REVIEW_INCLUDE,HRPSEY656,BD_PROJECTCLASS,,10,字典/编码,43,true,0,not_applied,
P1,REVIEW_INCLUDE,HRPSEY656,BD_TAXCODE,,10,字典/编码,27,true,0,not_applied,
P1,REVIEW_INCLUDE,HRPSEY656,EWM_PERMTRANSTYPE_B,,10,字典/编码,7,true,0,not_applied,
P1,REVIEW_INCLUDE,HRPSEY656,FI_RECPAYTYPE,,9,字典/编码,20,true,0,keep,字典域保留
P1,REVIEW_INCLUDE,HRPSEY656,OAPUB_ARCHIVEBSTYPE,,9,字典/编码,10,true,0,keep,字典域保留
P1,REVIEW_INCLUDE,HRPSEY656,BC_BARCODELABEL,,8,字典/编码,18,true,0,keep,字典域保留
P1,REVIEW_INCLUDE,HRPSEY656,BD_ASSLINENUM,,8,字典/编码,23,true,0,keep,字典域保留
P1,REVIEW_INCLUDE,HRPSEY656,BD_CODEEDITOR,,8,字典/编码,5,true,0,keep,字典域保留
P1,REVIEW_INCLUDE,HRPSEY656,BD_CURRTYPE,,8,字典/编码,23,true,0,keep,字典域保留
P1,REVIEW_INCLUDE,HRPSEY656,MM_DMOTRANSTYPE,,8,字典/编码,14,true,0,keep,字典域保留
P1,REVIEW_INCLUDE,HRPSEY656,PUB_FUNCCODETOCODE,,8,字典/编码,7,true,0,keep,字典域保留
P1,REVIEW_INCLUDE,HRPSEY656,SR_M4620TRANTYPE,,8,字典/编码,15,true,0,keep,字典域保留
P1,REVIEW_INCLUDE,HRPSEY656,BATM_DAYSTYPE,,7,字典/编码,7,true,0,keep,字典域保留
P1,REVIEW_INCLUDE,HRPSEY656,BD_MODE_ENUM,,7,字典/编码,5,true,0,keep,字典域保留
P1,REVIEW_INCLUDE,HRPSEY656,MD_TREE_POWERTYPE,,7,字典/编码,8,true,0,keep,字典域保留
P1,REVIEW_INCLUDE,HRPSEY656,PM_TRANSTYPE,,7,字典/编码,8,true,0,keep,字典域保留
P1,REVIEW_INCLUDE,HRPSEY656,UFOC_PROJECTCLASS,,7,字典/编码,0,true,0,keep,字典域保留
P1,REVIEW_INCLUDE,HRPSEY656,MM_PICKMTRANSTYPE,,6,字典/编码,12,true,0,keep,字典域保留
P1,REVIEW_INCLUDE,HRPSEY656,OACO_FORMTYPE,,6,字典/编码,14,true,0,keep,字典域保留
P1,REVIEW_INCLUDE,HRPSEY656,SRMEM_ESTPLANTYPE,,6,字典/编码,19,true,0,keep,字典域保留
P1,REVIEW_INCLUDE,HRPSEY656,BATM_DEPOSITTYPE,,5,字典/编码,5,true,0,keep,字典域保留
P1,REVIEW_INCLUDE,HRPSEY656,BCBD_BARTYPE,,5,字典/编码,21,true,0,keep,字典域保留
P1,REVIEW_INCLUDE,HRPSEY656,CDM_CONTRACTTYPE,,5,字典/编码,5,true,0,keep,字典域保留
P1,REVIEW_INCLUDE,HRPSEY656,ER_REIMTYPE,,5,字典/编码,13,true,0,keep,字典域保留
P1,REVIEW_INCLUDE,HRPSEY656,EWM_TRANSTYPE,,5,字典/编码,7,true,0,keep,字典域保留
P1,REVIEW_INCLUDE,HRPSEY656,TB_MEATYPE,,5,字典/编码,13,true,0,keep,字典域保留
P1,REVIEW_INCLUDE,HRPSEY656,BD_CUSTCLASS,,4,字典/编码,26,true,0,keep,字典域保留
P1,REVIEW_INCLUDE,HRPSEY656,BM_BUDGETTYPE,,4,字典/编码,26,true,0,keep,字典域保留
P1,REVIEW_INCLUDE,HRPSEY656,DM_M4812TRANTYPE,,4,字典/编码,7,true,0,keep,字典域保留
P1,REVIEW_INCLUDE,HRPSEY656,ER_JKKZFS_DEF,,4,字典/编码,6,true,0,keep,字典域保留
P1,REVIEW_INCLUDE,HRPSEY656,EWM_WORKTYPE,,4,字典/编码,20,true,0,keep,字典域保留
P1,REVIEW_INCLUDE,HRPSEY656,HRPMEM_CHECKCLASS,,4,字典/编码,35,true,0,keep,字典域保留
P1,REVIEW_INCLUDE,HRPSEY656,HR_CTFTYPE,,4,字典/编码,23,true,0,keep,字典域保留
P1,REVIEW_INCLUDE,HRPSEY656,ME_M4640TRANTYPE,,4,字典/编码,13,true,0,keep,字典域保留
P1,REVIEW_INCLUDE,HRPSEY656,MM_WRTRANSTYPE,,4,字典/编码,8,true,0,keep,字典域保留
P1,REVIEW_INCLUDE,HRPSEY656,OACO_SCHEDULERTYPE,,4,字典/编码,26,true,0,keep,字典域保留
P1,REVIEW_INCLUDE,HRPSEY656,PO_BUYRTRANTYPE,,4,字典/编码,7,true,0,keep,字典域保留
P1,REVIEW_INCLUDE,HRPSEY656,SO_M32TRANTYPE,,4,字典/编码,7,true,0,keep,字典域保留
P1,REVIEW_INCLUDE,HRPSEY656,SO_M35TRANTYPE,,4,字典/编码,14,true,0,keep,字典域保留
P1,REVIEW_INCLUDE,HRPSEY656,SRMEM_EA_TRANSTYPE,,4,字典/编码,8,true,0,keep,字典域保留
P1,REVIEW_INCLUDE,HRPSEY656,TB_RULECLASS,,4,字典/编码,9,true,0,keep,字典域保留
P1,REVIEW_INCLUDE,HRPSEY656,BATM_DCTYPE,,3,字典/编码,7,true,0,keep,字典域保留
P1,REVIEW_INCLUDE,HRPSEY656,BD_TRANSPORTTYPE,,3,字典/编码,17,true,0,keep,字典域保留
P1,REVIEW_INCLUDE,HRPSEY656,EMM_POINTCHECKTYPE,,3,字典/编码,18,true,0,keep,字典域保留
P1,REVIEW_INCLUDE,HRPSEY656,GFC_ACCURRCURRTYPE,,3,字典/编码,7,true,0,keep,字典域保留
P1,REVIEW_INCLUDE,HRPSEY656,RESA_ELEMENTTYPE,,3,字典/编码,16,true,0,keep,字典域保留
P1,REVIEW_INCLUDE,HRPSEY656,TASK_TASKCLASS,,3,字典/编码,34,true,0,keep,字典域保留
P1,REVIEW_INCLUDE,HRPSEY656,TB_CURRTYPE,,3,字典/编码,20,true,0,keep,字典域保留
P1,REVIEW_INCLUDE,HRPSEY656,WFM_PRODEF,,3,字典/编码,0,true,0,keep,字典域保留
P1,REVIEW_INCLUDE,HRPSEY656,BD_CONTRACTBUSITYPE,,2,字典/编码,14,true,0,keep,字典域保留
P1,REVIEW_INCLUDE,HRPSEY656,BD_DATATYPE,,2,字典/编码,20,true,0,keep,字典域保留
P1,REVIEW_INCLUDE,HRPSEY656,BD_NOTETYPE,,2,字典/编码,24,true,0,keep,字典域保留
P1,REVIEW_INCLUDE,HRPSEY656,DM_DELIVTYPE,,2,字典/编码,13,true,0,keep,字典域保留
P1,REVIEW_INCLUDE,HRPSEY656,EWM_PERMTRANSTYPE,,2,字典/编码,6,true,0,keep,字典域保留
P1,REVIEW_INCLUDE,HRPSEY656,ME_M4641TRANTYPE,,2,字典/编码,8,true,0,keep,字典域保留
P1,REVIEW_INCLUDE,HRPSEY656,OACO_OASHARETYPE,,2,字典/编码,11,true,0,keep,字典域保留
P1,REVIEW_INCLUDE,HRPSEY656,PRM_ADJPRICETYPE,,2,字典/编码,8,true,0,keep,字典域保留
P1,REVIEW_INCLUDE,HRPSEY656,PRM_M4313TRANTYPE,,2,字典/编码,7,true,0,keep,字典域保留
P1,REVIEW_INCLUDE,HRPSEY656,PUB_CLIENTTASK_DEF,,2,字典/编码,7,true,0,keep,字典域保留
P1,REVIEW_INCLUDE,HRPSEY656,SC_ORDERTRANSTYPE,,2,字典/编码,7,true,0,keep,字典域保留
P1,REVIEW_INCLUDE,HRPSEY656,SM_FUNC_TYPE,,2,字典/编码,9,true,0,keep,字典域保留
P1,REVIEW_INCLUDE,HRPSEY656,SM_MSG_BUSINESSTYPE,,2,字典/编码,6,true,0,keep,字典域保留
P1,REVIEW_INCLUDE,HRPSEY656,SM_MSG_STYPEBASE,,2,字典/编码,10,true,0,keep,字典域保留
P1,REVIEW_INCLUDE,HRPSEY656,SO_M38TRANTYPE,,2,字典/编码,15,true,0,keep,字典域保留
P1,REVIEW_INCLUDE,HRPSEY656,SO_SALEQUOTATIONTYPE,,2,字典/编码,28,true,0,keep,字典域保留
P1,REVIEW_INCLUDE,HRPSEY656,TASK_CODEPART_PROJ_B,,2,字典/编码,27,true,0,keep,字典域保留
P1,REVIEW_INCLUDE,HRPSEY656,TB_CUBEDEF,,2,字典/编码,17,true,0,keep,字典域保留
P1,REVIEW_INCLUDE,HRPSEY656,BCBD_MATBARCODERULEDIST,,1,字典/编码,16,false,0,keep,字典域保留
P1,REVIEW_INCLUDE,HRPSEY656,BD_EXFILETYPE,,1,字典/编码,9,true,0,keep,字典域保留
P1,REVIEW_INCLUDE,HRPSEY656,BD_MARPUCLASS,,1,字典/编码,20,true,0,keep,字典域保留
P1,REVIEW_INCLUDE,HRPSEY656,HRHA_LEAVETYPE,,1,字典/编码,18,true,0,keep,字典域保留
P1,REVIEW_INCLUDE,HRPSEY656,IC_BARCODERIGHT,,1,字典/编码,9,true,0,keep,字典域保留
P1,REVIEW_INCLUDE,HRPSEY656,PUB_BESIDECOMPTYPE,,1,字典/编码,12,true,0,keep,字典域保留
P1,REVIEW_INCLUDE,HRPSEY656,TASK_CODEPART_PROJ,,1,字典/编码,49,true,0,keep,字典域保留
P1,REVIEW_INCLUDE,HRPSEY656,TB_LIMITDEF,,1,字典/编码,19,true,0,keep,字典域保留
P1,REVIEW_INCLUDE,HRPSEY656,TB_MD_TASKDEF,,1,字典/编码,22,true,0,keep,字典域保留
P1,REVIEW_INCLUDE,HRPSEY656,FIP_DOCVIEW_B,,14404,其他,16,true,1,not_applied,
P2,REVIEW_INCLUDE,HRPSEY656,FIP_MESSAGELOG,,6884615,其他,19,true,0,not_applied,
P2,REVIEW_INCLUDE,HRPSEY656,SM_MSG_MESSAGETOPUSH,,4385609,其他,5,true,0,not_applied,
P2,REVIEW_INCLUDE,HRPSEY656,SN_REF,,3562704,其他,44,true,0,not_applied,
P2,REVIEW_INCLUDE,HRPSEY656,SM_MSG_CONTENT,,2890471,其他,31,true,0,not_applied,
P2,REVIEW_INCLUDE,HRPSEY656,FIP_RELATION,,2789025,其他,37,true,0,not_applied,
P2,REVIEW_INCLUDE,HRPSEY656,IC_FLOWDETAIL,,2695436,其他,25,true,0,not_applied,
P2,REVIEW_INCLUDE,HRPSEY656,IC_FLOW,,2179447,其他,165,true,0,not_applied,
P2,REVIEW_INCLUDE,HRPSEY656,IC_FLOW20260619,,2170050,其他,165,false,0,not_applied,
P2,REVIEW_INCLUDE,HRPSEY656,ARAP_TALLY_AGR,,2019574,其他,30,true,0,not_applied,
P2,REVIEW_INCLUDE,HRPSEY656,ARAP_TALLY,,1967176,其他,104,true,0,not_applied,
P2,REVIEW_INCLUDE,HRPSEY656,IC_ATP_F,,1962279,其他,50,true,0,not_applied,
P2,REVIEW_INCLUDE,HRPSEY656,RYHMC,,1798838,其他,108,true,0,not_applied,
P2,REVIEW_INCLUDE,HRPSEY656,PUB_WF_ACTINSTANCE,,1461099,其他,10,true,0,not_applied,
P2,REVIEW_INCLUDE,HRPSEY656,SM_MSG_RECEIVER,,1452494,其他,5,true,0,not_applied,
P2,REVIEW_INCLUDE,HRPSEY656,PUB_WF_MESSAGEMETA,,1445571,其他,15,true,0,not_applied,
P2,REVIEW_INCLUDE,HRPSEY656,PUB_WORKFLOWNOTE,,1432164,其他,31,true,0,not_applied,
P2,REVIEW_INCLUDE,HRPSEY656,PUB_WF_TASK,,1420412,其他,17,true,0,not_applied,
P2,REVIEW_INCLUDE,HRPSEY656,PUB_WF_TASKRECEIVER,,1373927,其他,5,true,0,not_applied,
P2,REVIEW_INCLUDE,HRPSEY656,ARAP_TERMITEM,,1257411,其他,33,true,0,not_applied,
P2,REVIEW_INCLUDE,HRPSEY656,ARAP_BUSIDATA,,1247960,其他,103,true,0,not_applied,
P2,REVIEW_INCLUDE,HRPSEY656,ARAP_TALLY_ALL,,1247763,其他,74,true,0,not_applied,
P2,REVIEW_INCLUDE,HRPSEY656,SM_LOG_OPERATELOG,,1078200,其他,26,true,0,not_applied,
P2,REVIEW_INCLUDE,HRPSEY656,SN_SERIALNO,,967258,其他,78,true,0,not_applied,
P2,REVIEW_INCLUDE,HRPSEY656,IC_MONTH_RECORD,,842413,其他,50,false,0,not_applied,
P2,REVIEW_INCLUDE,HRPSEY656,PUB_WF_ACTINSTANCESRC,,797803,其他,5,true,0,not_applied,
P2,REVIEW_INCLUDE,HRPSEY656,IC_GENERALOUT_L,,764995,其他,19,true,0,not_applied,
P2,REVIEW_INCLUDE,HRPSEY656,PUB_WF_TXMARK,,740117,其他,3,true,0,not_applied,
P2,REVIEW_INCLUDE,HRPSEY656,PUB_ALERTSEQUENCE,,729192,其他,7,true,0,not_applied,
P2,REVIEW_INCLUDE,HRPSEY656,ARAP_VERIFYDETAIL,,704192,其他,57,true,0,not_applied,
P2,REVIEW_INCLUDE,HRPSEY656,SN_SERIALNO20250909,,692814,其他,78,false,0,not_applied,
P2,REVIEW_INCLUDE,HRPSEY656,BD_ANSYLOG,,682708,其他,9,true,0,not_applied,
P2,REVIEW_INCLUDE,HRPSEY656,PUB_WF_INSTANCE,,674479,其他,18,true,0,not_applied,
P2,REVIEW_INCLUDE,HRPSEY656,IC_VMI_MATCHDETAIL,,597127,其他,11,true,0,not_applied,
P2,REVIEW_INCLUDE,HRPSEY656,IC_VMI_SUM,,591747,其他,69,true,0,not_applied,
P2,REVIEW_INCLUDE,HRPSEY656,IC_VMI_OUTDETAIL,,583189,其他,17,true,0,not_applied,
P2,REVIEW_INCLUDE,HRPSEY656,AP_PAYABLEITEM,,576017,其他,148,true,0,not_applied,
P2,REVIEW_INCLUDE,HRPSEY656,PO_VMIFI,,527738,其他,101,true,0,not_applied,
P2,REVIEW_INCLUDE,HRPSEY656,AP_ESTIPAYABLEITEM,,517537,其他,146,true,0,not_applied,
P2,REVIEW_INCLUDE,HRPSEY656,PUB_WORKINGTASKLOG_BAK,,471830,其他,14,false,0,not_applied,
P2,REVIEW_INCLUDE,HRPSEY656,IC_MONTH_HAND,,405796,其他,38,false,0,not_applied,
P2,REVIEW_INCLUDE,HRPSEY656,PO_STOREREQ_B,,403143,其他,130,true,0,not_applied,
P2,REVIEW_INCLUDE,HRPSEY656,PUB_PRINT_CELL,,352065,其他,35,true,0,not_applied,
P2,REVIEW_INCLUDE,HRPSEY656,ST_TRANSBUSIRECORD,,339062,其他,18,true,0,not_applied,
P2,REVIEW_INCLUDE,HRPSEY656,IC_GENERALOUT_E,,338067,其他,9,true,0,not_applied,
P2,REVIEW_INCLUDE,HRPSEY656,IC_WHSTRANS_B,,321811,其他,81,true,0,not_applied,
P2,REVIEW_INCLUDE,HRPSEY656,DICO_COLCAL,,320582,其他,20,false,0,not_applied,
P2,REVIEW_INCLUDE,HRPSEY656,IC_GENERALOUT_B,,319144,其他,128,true,0,not_applied,
P2,REVIEW_INCLUDE,HRPSEY656,BAP_FS_BODY,,233504,其他,11,true,0,not_applied,
P2,REVIEW_INCLUDE,HRPSEY656,BAP_FS_HEADER,,233504,其他,15,true,0,not_applied,
P2,REVIEW_INCLUDE,HRPSEY656,ST_TRANSATTACHRECORD,,232298,其他,32,true,0,not_applied,
P2,REVIEW_INCLUDE,HRPSEY656,PUB_ASYNC_RESULT,,230854,其他,10,true,0,not_applied,
P2,REVIEW_INCLUDE,HRPSEY656,ST_TRANSATTACHRECORD_B,,223805,其他,11,true,0,not_applied,
P2,REVIEW_INCLUDE,HRPSEY656,EBANK_YQLYLOGS,,217305,其他,19,true,0,not_applied,
P2,REVIEW_INCLUDE,HRPSEY656,AP_PAYITEM,,214278,其他,165,true,0,not_applied,
P2,REVIEW_INCLUDE,HRPSEY656,CMP_DETAIL,,212453,其他,161,true,0,not_applied,
P2,REVIEW_INCLUDE,HRPSEY656,SM_PUB_FILESYSTEM,,202846,其他,19,true,0,not_applied,
P2,REVIEW_INCLUDE,HRPSEY656,PO_ORDER_B,,201581,其他,192,true,0,not_applied,
P2,REVIEW_INCLUDE,HRPSEY656,PO_ORDER_B_EC,,195310,其他,13,true,0,not_applied,
P2,REVIEW_INCLUDE,HRPSEY656,CMP_BANKACCDETAIL,,190123,其他,82,true,0,not_applied,
P2,REVIEW_INCLUDE,HRPSEY656,PO_ORDER_BB,,187638,其他,103,true,0,not_applied,
P2,REVIEW_INCLUDE,HRPSEY656,IC_MONTH_RECORDSIGN,,186771,其他,50,false,0,not_applied,
P2,REVIEW_INCLUDE,HRPSEY656,IC_SUPPLY,,185989,其他,38,true,0,not_applied,
P2,REVIEW_INCLUDE,HRPSEY656,MD_PROPERTY,,182187,其他,40,true,0,not_applied,
P2,REVIEW_INCLUDE,HRPSEY656,CMP_PAYMENT,,181094,其他,25,true,0,not_applied,
P2,REVIEW_INCLUDE,HRPSEY656,MD_ORMAP,,174355,其他,6,true,0,not_applied,
P2,REVIEW_INCLUDE,HRPSEY656,DC_PATIENTCHARGE_B,,170765,其他,35,true,0,not_applied,
P2,REVIEW_INCLUDE,HRPSEY656,IC_FLOW20230427,,164892,其他,165,false,0,not_applied,
P2,REVIEW_INCLUDE,HRPSEY656,MD_COLUMN,,162006,其他,28,true,0,not_applied,
P2,REVIEW_INCLUDE,HRPSEY656,PUB_PRINTLOG,,149896,其他,7,true,0,not_applied,
P2,REVIEW_INCLUDE,HRPSEY656,PUB_PRINTNUMBER,,145442,其他,18,true,0,not_applied,
P2,REVIEW_INCLUDE,HRPSEY656,PUB_QUERY_CONDITION,,132356,其他,47,true,0,not_applied,
P2,REVIEW_INCLUDE,HRPSEY656,PUB_WORKINGTASKLOG,,129199,其他,14,true,0,not_applied,
P2,REVIEW_INCLUDE,HRPSEY656,EBANK_DBLOCK,,124022,其他,4,false,0,not_applied,
P2,REVIEW_INCLUDE,HRPSEY656,PUB_VOCHANGE_B,,120380,其他,7,true,0,not_applied,
P2,REVIEW_INCLUDE,HRPSEY656,IC_FLOW20230318,,115215,其他,165,false,0,not_applied,
P2,REVIEW_INCLUDE,HRPSEY656,IC_WHSTRANS_H,,111309,其他,58,true,0,not_applied,
P2,REVIEW_INCLUDE,HRPSEY656,IC_GENERALOUT_H,,110648,其他,60,true,0,not_applied,
P2,REVIEW_INCLUDE,HRPSEY656,EBANK_PALOG,,108766,其他,20,true,0,not_applied,
P2,REVIEW_INCLUDE,HRPSEY656,DICO_DICOSTRELATION,,100277,其他,25,true,0,not_applied,
P2,REVIEW_INCLUDE,HRPSEY656,COPRO_INCOMEDETAIL,,100188,其他,35,true,0,not_applied,
P2,REVIEW_INCLUDE,HRPSEY656,ANTE_SS_LEXICON,,90617,其他,5,true,0,not_applied,
P2,REVIEW_INCLUDE,HRPSEY656,CODRG_INCOME_B,,79666,其他,38,true,0,not_applied,
P2,REVIEW_INCLUDE,HRPSEY656,ARAP_BALANCE,,79276,其他,35,true,0,not_applied,
P2,REVIEW_INCLUDE,HRPSEY656,DICO_DIRCOSTCOLN_B,,70110,其他,31,true,0,not_applied,
P2,REVIEW_INCLUDE,HRPSEY656,MD_ATTR_POWER,,68940,其他,6,true,0,not_applied,
P2,REVIEW_INCLUDE,HRPSEY656,CODRG_SHARLT_B,,67091,其他,34,true,0,not_applied,
P2,REVIEW_INCLUDE,HRPSEY656,COPRO_COSTALLOCATION,,66588,其他,42,false,0,not_applied,
P2,REVIEW_INCLUDE,HRPSEY656,PO_ORDER_YCRECORD,,64287,其他,14,false,0,not_applied,
P2,REVIEW_INCLUDE,HRPSEY656,CMP3$545365,,63269,其他,100,false,0,not_applied,
P2,REVIEW_INCLUDE,HRPSEY656,BD_ERRORLOG,,55865,其他,8,true,0,not_applied,
P2,REVIEW_INCLUDE,HRPSEY656,SM_BUTNREGISTER,,55569,其他,12,true,0,not_applied,
P2,REVIEW_INCLUDE,HRPSEY656,ARAP_TALLY_AGR20230319,,50661,其他,30,false,0,not_applied,
P2,REVIEW_INCLUDE,HRPSEY656,COPRO_HOSPCOSTFLOW,,50028,其他,26,true,0,not_applied,
P2,REVIEW_INCLUDE,HRPSEY656,SM_LOG_ATTRIBUTE,,48443,其他,9,true,0,not_applied,
P2,REVIEW_INCLUDE,HRPSEY656,IC_MONTH_HANDSIGN,,45361,其他,44,false,0,not_applied,
P2,REVIEW_INCLUDE,HRPSEY656,MD_ASSOCIATION,,43841,其他,20,true,0,not_applied,
P2,REVIEW_INCLUDE,HRPSEY656,MD_DB_RELATION,,42887,其他,22,true,0,not_applied,
P2,REVIEW_INCLUDE,HRPSEY656,SM_BUSIACTIVE_BTN,,41437,其他,5,true,0,not_applied,
P2,REVIEW_INCLUDE,HRPSEY656,PO_ORDER,,41188,其他,97,true,0,not_applied,
P2,REVIEW_INCLUDE,HRPSEY656,MD_BIZITFMAP,,40858,其他,10,true,0,not_applied,
P2,REVIEW_INCLUDE,HRPSEY656,PO_ORDER_EC,,40164,其他,11,true,0,not_applied,
P2,REVIEW_INCLUDE,HRPSEY656,PO_ORDER_PAYPLAN,,39844,其他,29,true,0,not_applied,
P2,REVIEW_INCLUDE,HRPSEY656,IC_FLOWDETAIL_20221129,,38654,其他,25,false,0,not_applied,
P2,REVIEW_INCLUDE,HRPSEY656,PO_STOREREQ,,37512,其他,49,true,0,not_applied,
P2,REVIEW_INCLUDE,HRPSEY656,AP_PAYABLEITEM20230319,,37080,其他,148,false,0,not_applied,
P2,REVIEW_INCLUDE,HRPSEY656,DC_COSTINTER_B,,37000,其他,34,true,0,not_applied,
P2,REVIEW_INCLUDE,HRPSEY656,ARAP_TALLY20230211,,36741,其他,104,false,0,not_applied,
P2,REVIEW_INCLUDE,HRPSEY656,TB_CELL_WBK6426655,,33765,其他,39,true,0,not_applied,
P2,REVIEW_INCLUDE,HRPSEY656,AP_PAYABLEITEM20230208,,31021,其他,148,false,0,not_applied,
P2,REVIEW_INCLUDE,HRPSEY656,ARAP_BUSIDATA20230208,,27866,其他,103,false,0,not_applied,
P2,REVIEW_INCLUDE,HRPSEY656,AP_PAYABLEITEM20230111,,27444,其他,148,false,0,not_applied,
P2,REVIEW_INCLUDE,HRPSEY656,AP_PAYABLEITEM_20230108,,27444,其他,148,false,0,not_applied,
P2,REVIEW_INCLUDE,HRPSEY656,TMP2023030201,,24555,其他,0,false,0,not_applied,
P2,REVIEW_INCLUDE,HRPSEY656,AAM_APPASSET,,24325,其他,38,true,0,not_applied,
P2,REVIEW_INCLUDE,HRPSEY656,CODRG_GROUPSCHEMA_B,,24020,其他,17,true,0,not_applied,
P2,REVIEW_INCLUDE,HRPSEY656,DICO_COSTMETHOD,,23348,其他,42,true,0,not_applied,
P2,REVIEW_INCLUDE,HRPSEY656,TMP202302701,,22697,其他,0,false,0,not_applied,
P2,REVIEW_INCLUDE,HRPSEY656,CODRG_DRGDETAIL_B,,20898,其他,15,true,0,not_applied,
P2,REVIEW_INCLUDE,HRPSEY656,CODRG_DRGDETAIL_H,,20898,其他,54,true,0,not_applied,
P2,REVIEW_INCLUDE,HRPSEY656,ARAP_BUSIDATA20230111,,20848,其他,103,false,0,not_applied,
P2,REVIEW_INCLUDE,HRPSEY656,MD_ATTR_BUSILOG,,20130,其他,7,true,0,not_applied,
P2,REVIEW_INCLUDE,HRPSEY656,PO_ORDER_B20230406,,19914,其他,192,false,0,not_applied,
P2,REVIEW_INCLUDE,HRPSEY656,CODRG_PARA_B,,19891,其他,31,true,0,not_applied,
P2,REVIEW_INCLUDE,HRPSEY656,CODRG_PATIENT,,19802,其他,37,true,0,not_applied,
P2,REVIEW_INCLUDE,HRPSEY656,SM_SECURITYLOG_202512,,18348,其他,18,true,0,not_applied,
P2,REVIEW_INCLUDE,HRPSEY656,SM_SECURITYLOG_202411,,18269,其他,18,true,0,not_applied,
P2,REVIEW_INCLUDE,HRPSEY656,SN_SNFLOW,,17550,其他,7,true,0,not_applied,
P2,REVIEW_INCLUDE,HRPSEY656,SM_SECURITYLOG_202407,,17216,其他,18,true,0,not_applied,
P2,REVIEW_INCLUDE,HRPSEY656,SM_SECURITYLOG_202507,,17159,其他,18,true,0,not_applied,
P2,REVIEW_INCLUDE,HRPSEY656,SM_SECURITYLOG_202308,,16505,其他,18,true,0,not_applied,
P2,REVIEW_INCLUDE,HRPSEY656,SM_SECURITYLOG_202412,,16194,其他,18,true,0,not_applied,
P2,REVIEW_INCLUDE,HRPSEY656,SM_SECURITYLOG_202306,,16192,其他,18,true,0,not_applied,
P2,REVIEW_INCLUDE,HRPSEY656,SM_SECURITYLOG_202304,,16043,其他,18,true,0,not_applied,
P2,REVIEW_INCLUDE,HRPSEY656,SM_SECURITYLOG_202305,,15896,其他,18,true,0,not_applied,
P2,REVIEW_INCLUDE,HRPSEY656,SM_SECURITYLOG_202410,,15827,其他,18,true,0,not_applied,
P2,REVIEW_INCLUDE,HRPSEY656,SM_SECURITYLOG_202307,,15771,其他,18,true,0,not_applied,
P2,REVIEW_INCLUDE,HRPSEY656,SM_SECURITYLOG_202510,,15704,其他,18,true,0,not_applied,
P2,REVIEW_INCLUDE,HRPSEY656,SM_SECURITYLOG_202504,,15654,其他,18,true,0,not_applied,
P2,REVIEW_INCLUDE,HRPSEY656,SM_SECURITYLOG_202503,,15640,其他,18,true,0,not_applied,
P2,REVIEW_INCLUDE,HRPSEY656,SM_SECURITYLOG_202505,,15443,其他,18,true,0,not_applied,
P2,REVIEW_INCLUDE,HRPSEY656,SM_SECURITYLOG_202604,,15439,其他,18,true,0,not_applied,
P2,REVIEW_INCLUDE,HRPSEY656,SM_SECURITYLOG_202506,,15330,其他,18,true,0,not_applied,
P2,REVIEW_INCLUDE,HRPSEY656,SM_SECURITYLOG_202408,,15315,其他,18,true,0,not_applied,
P2,REVIEW_INCLUDE,HRPSEY656,SM_SECURITYLOG_202511,,15291,其他,18,true,0,not_applied,
P2,REVIEW_INCLUDE,HRPSEY656,SM_SECURITYLOG_202405,,15153,其他,18,true,0,not_applied,
P2,REVIEW_INCLUDE,HRPSEY656,SM_SECURITYLOG_202509,,14924,其他,18,true,0,not_applied,
P2,REVIEW_INCLUDE,HRPSEY656,SM_SECURITYLOG_202501,,14918,其他,18,true,0,not_applied,
P2,REVIEW_INCLUDE,HRPSEY656,SM_SECURITYLOG_202601,,14886,其他,18,true,0,not_applied,
P2,REVIEW_INCLUDE,HRPSEY656,SM_SECURITYLOG_202606,,14835,其他,18,true,0,not_applied,
P2,REVIEW_INCLUDE,HRPSEY656,PUB_PRINT_DATAITEM,,14761,其他,14,true,0,not_applied,
P2,REVIEW_INCLUDE,HRPSEY656,SM_SECURITYLOG_202605,,14491,其他,18,true,0,not_applied,
P2,REVIEW_INCLUDE,HRPSEY656,TB_DIMREF,,14346,其他,6,true,0,not_applied,
P2,REVIEW_INCLUDE,HRPSEY656,SM_SECURITYLOG_202502,,14324,其他,18,true,0,not_applied,
P2,REVIEW_INCLUDE,HRPSEY656,SM_SECURITYLOG_202404,,14303,其他,18,true,0,not_applied,
P2,REVIEW_INCLUDE,HRPSEY656,SM_SECURITYLOG_202409,,14123,其他,18,true,0,not_applied,
P2,REVIEW_INCLUDE,HRPSEY656,SM_SECURITYLOG_202211,,14102,其他,18,true,0,not_applied,
P2,REVIEW_INCLUDE,HRPSEY656,SM_SECURITYLOG_202603,,14061,其他,18,true,0,not_applied,
P2,REVIEW_INCLUDE,HRPSEY656,SM_SECURITYLOG_202508,,14047,其他,18,true,0,not_applied,
P2,REVIEW_INCLUDE,HRPSEY656,SM_SECURITYLOG_202406,,13905,其他,18,true,0,not_applied,
P2,REVIEW_INCLUDE,HRPSEY656,SM_SECURITYLOG_202309,,13852,其他,18,true,0,not_applied,
P2,REVIEW_INCLUDE,HRPSEY656,SM_SECURITYLOG_202310,,13593,其他,18,true,0,not_applied,
P2,REVIEW_INCLUDE,HRPSEY656,CMP_SETTLEMENT,,13349,其他,94,true,0,not_applied,
P2,REVIEW_INCLUDE,HRPSEY656,IC_FLOWDETAIL_20221112,,13202,其他,25,false,0,not_applied,
P2,REVIEW_INCLUDE,HRPSEY656,HR_DATAINTFACE_B,,12379,其他,18,true,0,not_applied,
P2,REVIEW_INCLUDE,HRPSEY656,SM_SECURITYLOG_202303,,12197,其他,18,true,0,not_applied,
P2,REVIEW_INCLUDE,HRPSEY656,AE_RELATION_SMT,,11907,其他,13,true,0,not_applied,
P2,REVIEW_INCLUDE,HRPSEY656,ST_TRANSBASERECORD,,11529,其他,19,true,0,not_applied,
P2,REVIEW_INCLUDE,HRPSEY656,TB_DIMINDEX,,11164,其他,6,true,0,not_applied,
P2,REVIEW_INCLUDE,HRPSEY656,SM_BUSIACTIVEREG,,10955,其他,10,true,0,not_applied,
P2,REVIEW_INCLUDE,HRPSEY656,AAA_PRO_V2,,10868,其他,6,false,0,not_applied,
P2,REVIEW_INCLUDE,HRPSEY656,PUB_ASYNC,,10301,其他,24,true,0,not_applied,
P2,REVIEW_INCLUDE,HRPSEY656,SM_SECURITYLOG_202302,,10183,其他,18,true,0,not_applied,
P2,REVIEW_INCLUDE,HRPSEY656,SM_SECURITYLOG_202602,,10146,其他,18,true,0,not_applied,
P2,REVIEW_INCLUDE,HRPSEY656,OBM_SECURITYLOG,,9589,其他,15,true,0,not_applied,
P2,REVIEW_INCLUDE,HRPSEY656,CODC_COSTDOCUMENT_B,,9516,其他,44,true,0,not_applied,
P2,REVIEW_INCLUDE,HRPSEY656,EBANK_PAYLOG,,9447,其他,120,true,0,not_applied,
P2,REVIEW_INCLUDE,HRPSEY656,ARAP_VERIFY,,9353,其他,22,true,0,not_applied,
P2,REVIEW_INCLUDE,HRPSEY656,LLL_TMP20230414,,8961,其他,2,false,0,not_applied,
P2,REVIEW_INCLUDE,HRPSEY656,SM_MENUITEMREG,,8652,其他,12,true,0,not_applied,
P2,REVIEW_INCLUDE,HRPSEY656,BD_PREDATAIDMAP,,8480,其他,10,true,0,not_applied,
P2,REVIEW_INCLUDE,HRPSEY656,SM_SECURITYLOG_202301,,8464,其他,18,true,0,not_applied,
P2,REVIEW_INCLUDE,HRPSEY656,SM_RESP_FUNC,,8157,其他,11,true,0,not_applied,
P2,REVIEW_INCLUDE,HRPSEY656,TMP2023011601,,8142,其他,0,false,0,not_applied,
P2,REVIEW_INCLUDE,HRPSEY656,SM_SECURITYLOG_202311,,8138,其他,18,true,0,not_applied,
P2,REVIEW_INCLUDE,HRPSEY656,SM_PARAMREGISTER,,7799,其他,6,true,0,not_applied,
P2,REVIEW_INCLUDE,HRPSEY656,SM_SECURITYLOG_202212,,7290,其他,18,true,0,not_applied,
P2,REVIEW_INCLUDE,HRPSEY656,MD_BUSIOP,,7256,其他,21,true,0,not_applied,
P2,REVIEW_INCLUDE,HRPSEY656,TB_TIME,,6940,其他,16,true,0,not_applied,
P2,REVIEW_INCLUDE,HRPSEY656,WL26,,6580,其他,0,false,0,not_applied,
P2,REVIEW_INCLUDE,HRPSEY656,SN_SERIALNO_20221112,,6410,其他,78,false,0,not_applied,
P2,REVIEW_INCLUDE,HRPSEY656,BD_BANKACCBAS,,6333,其他,78,true,0,not_applied,
P2,REVIEW_INCLUDE,HRPSEY656,BD_BANKACCSUB,,6189,其他,50,true,0,not_applied,
P2,REVIEW_INCLUDE,HRPSEY656,HPF_CLINIC_INCOME_B,,6039,其他,89,true,0,not_applied,
P2,REVIEW_INCLUDE,HRPSEY656,BD_BANKACCBAS_BAK250721,,6011,其他,78,false,0,not_applied,
P2,REVIEW_INCLUDE,HRPSEY656,BD_BANKACCSUB_BAK250721,,6011,其他,50,false,0,not_applied,
P2,REVIEW_INCLUDE,HRPSEY656,SM_SECURITYLOG_202403,,5931,其他,18,true,0,not_applied,
P2,REVIEW_INCLUDE,HRPSEY656,NC_TABLE,,5551,其他,2,true,0,not_applied,
P2,REVIEW_INCLUDE,HRPSEY656,FIP_OPERATINGLOG,,5345,其他,39,true,0,not_applied,
P2,REVIEW_INCLUDE,HRPSEY656,PUB_BCR_RETURN,,5157,其他,7,true,0,not_applied,
P2,REVIEW_INCLUDE,HRPSEY656,SM_BUSIWORKFLOW_CELL,,5116,其他,11,true,0,not_applied,
P2,REVIEW_INCLUDE,HRPSEY656,FVM_EBANKDZD,,5018,其他,43,true,0,not_applied,
P2,REVIEW_INCLUDE,HRPSEY656,MD_TABLE,,5017,其他,20,true,0,not_applied,
P2,REVIEW_INCLUDE,HRPSEY656,SM_FUNCREGISTER,,4790,其他,19,true,0,not_applied,
P2,REVIEW_INCLUDE,HRPSEY656,SM_FUNCREGISTER_BAK,,4790,其他,19,true,0,not_applied,
P2,REVIEW_INCLUDE,HRPSEY656,EBANK_LOGYURREFREL,,4766,其他,6,true,0,not_applied,
P2,REVIEW_INCLUDE,HRPSEY656,EBANK_CALOG,,4759,其他,8,true,0,not_applied,
P2,REVIEW_INCLUDE,HRPSEY656,MD_COMPONENT,,4758,其他,21,true,0,not_applied,
P2,REVIEW_INCLUDE,HRPSEY656,EBANK_PAYLOG_H,,4754,其他,28,true,0,not_applied,
P2,REVIEW_INCLUDE,HRPSEY656,COPRO_DIRECTRESULT,,4730,其他,36,true,0,not_applied,
P2,REVIEW_INCLUDE,HRPSEY656,PUB_QUERYSCHEME,,4644,其他,24,true,0,not_applied,
P2,REVIEW_INCLUDE,HRPSEY656,BD_ACCASS,,4537,其他,14,true,0,not_applied,
P2,REVIEW_INCLUDE,HRPSEY656,BI_MD_COLUMN,,4386,其他,28,true,0,not_applied,
P2,REVIEW_INCLUDE,HRPSEY656,PUB_SYSINIT,,4347,其他,13,true,0,not_applied,
P2,REVIEW_INCLUDE,HRPSEY656,BD_ACCASOA,,4285,其他,47,true,0,not_applied,
P2,REVIEW_INCLUDE,HRPSEY656,AM_MESSAGENOTE,,4223,其他,14,true,0,not_applied,
P2,REVIEW_INCLUDE,HRPSEY656,BD_ACCCTRLASOA,,4067,其他,6,true,0,not_applied,
P2,REVIEW_INCLUDE,HRPSEY656,CODRG_DIAGNOSIS,,3910,其他,35,true,0,not_applied,
P2,REVIEW_INCLUDE,HRPSEY656,PO_ORDER_PRICE_B,,3836,其他,4,true,0,not_applied,
P2,REVIEW_INCLUDE,HRPSEY656,BD_CACHETABVERSION,,3655,其他,7,true,0,not_applied,
P2,REVIEW_INCLUDE,HRPSEY656,BD_ACCASSHISTORY,,3529,其他,16,true,0,not_applied,
P2,REVIEW_INCLUDE,HRPSEY656,BD_REGION,,3520,其他,32,true,0,not_applied,
P2,REVIEW_INCLUDE,HRPSEY656,MD_PARAMETER,,3506,其他,20,true,0,not_applied,
P2,REVIEW_INCLUDE,HRPSEY656,PO_ORDER20230406,,3494,其他,87,false,0,not_applied,
P2,REVIEW_INCLUDE,HRPSEY656,SM_SECURITYLOG_202607,,3404,其他,18,true,0,not_applied,
P2,REVIEW_INCLUDE,HRPSEY656,PUB_BCR_ELEM,,3343,其他,13,true,0,not_applied,
P2,REVIEW_INCLUDE,HRPSEY656,EBANK_DZD,,3298,其他,106,true,0,not_applied,
P2,REVIEW_INCLUDE,HRPSEY656,ER_BUSITEM,,3298,其他,104,true,0,not_applied,
P2,REVIEW_INCLUDE,HRPSEY656,BATM_BANKACCDETAIL,,3290,其他,63,true,0,not_applied,
P2,REVIEW_INCLUDE,HRPSEY656,BD_ACCASOAHISTORY,,3207,其他,48,true,0,not_applied,
P2,REVIEW_INCLUDE,HRPSEY656,CMP_INFORMER,,3167,其他,79,true,0,not_applied,
P2,REVIEW_INCLUDE,HRPSEY656,BD_ACCASOA20230101,,2948,其他,47,false,0,not_applied,
P2,REVIEW_INCLUDE,HRPSEY656,PUB_PRINT_DATASOURCE,,2901,其他,15,true,0,not_applied,
P2,REVIEW_INCLUDE,HRPSEY656,BI_SCHD_TASKQUEUE,,2888,其他,16,true,0,not_applied,
P2,REVIEW_INCLUDE,HRPSEY656,PUB_PRINT_VARIABLE,,2884,其他,16,true,0,not_applied,
P2,REVIEW_INCLUDE,HRPSEY656,PUB_EVENTLISTENER,,2869,其他,18,true,0,not_applied,
P2,REVIEW_INCLUDE,HRPSEY656,PUB_WFEXPTLOG,,2836,其他,10,true,0,not_applied,
P2,REVIEW_INCLUDE,HRPSEY656,BD_CUSTBANK,,2789,其他,10,true,0,not_applied,
P2,REVIEW_INCLUDE,HRPSEY656,ER_EXPENSEBAL,,2714,其他,81,true,0,not_applied,
P2,REVIEW_INCLUDE,HRPSEY656,CT_PU_B,,2695,其他,127,true,0,not_applied,
P2,REVIEW_INCLUDE,HRPSEY656,HR_INFOSET_ITEM,,2629,其他,54,true,0,not_applied,
P2,REVIEW_INCLUDE,HRPSEY656,MD_OPERATION,,2605,其他,24,true,0,not_applied,
P2,REVIEW_INCLUDE,HRPSEY656,SCM_CUSTQUALIFI_B,,2541,其他,41,true,0,not_applied,
P2,REVIEW_INCLUDE,HRPSEY656,CT_PU_PAYMENT,,2539,其他,20,true,0,not_applied,
P2,REVIEW_INCLUDE,HRPSEY656,SM_RES_OPERATION,,2461,其他,13,true,0,not_applied,
P2,REVIEW_INCLUDE,HRPSEY656,MD_REFOPERATION,,2393,其他,8,true,0,not_applied,
P2,REVIEW_INCLUDE,HRPSEY656,SM_OP_BUSIOP,,2361,其他,5,true,0,not_applied,
P2,REVIEW_INCLUDE,HRPSEY656,SM_BUSIFLOW_NODES,,2311,其他,6,true,0,not_applied,
P2,REVIEW_INCLUDE,HRPSEY656,PUB_UFGRAPH,,2182,其他,13,true,0,not_applied,
P2,REVIEW_INCLUDE,HRPSEY656,CT_PAYPLAN,,2180,其他,27,true,0,not_applied,
P2,REVIEW_INCLUDE,HRPSEY656,PUB_VOCHANGE_S,,2083,其他,6,true,0,not_applied,
P2,REVIEW_INCLUDE,HRPSEY656,PO_ORDER_PRICE,,2062,其他,37,true,0,not_applied,
P2,REVIEW_INCLUDE,HRPSEY656,DC_INCOMEDETAIL,,1936,其他,47,true,0,not_applied,
P2,REVIEW_INCLUDE,HRPSEY656,BD_BANKDOC,,1879,其他,53,true,0,not_applied,
P2,REVIEW_INCLUDE,HRPSEY656,BM_BUDGETCOMMREPLY_B,,1790,其他,46,true,0,not_applied,
P2,REVIEW_INCLUDE,HRPSEY656,CP_QUERY_CONDITION,,1705,其他,63,true,0,not_applied,
P2,REVIEW_INCLUDE,HRPSEY656,PUB_VOCHANGE,,1672,其他,19,true,0,not_applied,
P2,REVIEW_INCLUDE,HRPSEY656,SM_LOG_BUSILOGRULE,,1577,其他,10,true,0,not_applied,
P2,REVIEW_INCLUDE,HRPSEY656,PUB_VOSPLITITEM,,1572,其他,8,true,0,not_applied,
P2,REVIEW_INCLUDE,HRPSEY656,PM_WBS,,1532,其他,85,true,0,not_applied,
P2,REVIEW_INCLUDE,HRPSEY656,BD_CUSTOMER,,1520,其他,88,true,0,not_applied,
P2,REVIEW_INCLUDE,HRPSEY656,CT_PU_CHANGE,,1484,其他,13,true,0,not_applied,
P2,REVIEW_INCLUDE,HRPSEY656,HSTF_OUTDATARECE_B,,1475,其他,50,true,0,not_applied,
P2,REVIEW_INCLUDE,HRPSEY656,CT_PU,,1474,其他,94,true,0,not_applied,
P2,REVIEW_INCLUDE,HRPSEY656,SCM_CUSTQUALIFI,,1462,其他,59,true,0,not_applied,
P2,REVIEW_INCLUDE,HRPSEY656,DC_MEDRECORD_B,,1457,其他,37,true,0,not_applied,
P2,REVIEW_INCLUDE,HRPSEY656,DC_MEDRECORD_H,,1457,其他,68,true,0,not_applied,
P2,REVIEW_INCLUDE,HRPSEY656,CT_PU_EXEC,,1451,其他,10,true,0,not_applied,
P2,REVIEW_INCLUDE,HRPSEY656,DC_DRGSGROUP_B,,1436,其他,28,true,0,not_applied,
P2,REVIEW_INCLUDE,HRPSEY656,COPRO_PARA_B,,1397,其他,29,true,0,not_applied,
P2,REVIEW_INCLUDE,HRPSEY656,DC_PATIENT,,1395,其他,40,true,0,not_applied,
P2,REVIEW_INCLUDE,HRPSEY656,PUB_REPORT_MODEL,,1294,其他,28,true,0,not_applied,
P2,REVIEW_INCLUDE,HRPSEY656,SM_DPPROFILE_REG,,1259,其他,9,true,0,not_applied,
P2,REVIEW_INCLUDE,HRPSEY656,CT_SCOPE,,1246,其他,5,true,0,not_applied,
P2,REVIEW_INCLUDE,HRPSEY656,HPF_COSTITEMCOMP,,1246,其他,53,true,0,not_applied,
P2,REVIEW_INCLUDE,HRPSEY656,BD_MODE_ALL,,1203,其他,10,true,0,not_applied,
P2,REVIEW_INCLUDE,HRPSEY656,MD_ACCESSORPARA,,1190,其他,7,true,0,not_applied,
P2,REVIEW_INCLUDE,HRPSEY656,AAA_PRO_V1,,1139,其他,2,false,0,not_applied,
P2,REVIEW_INCLUDE,HRPSEY656,PUB_BCR_RULEBASE,,1134,其他,22,true,0,not_applied,
P2,REVIEW_INCLUDE,HRPSEY656,PUB_BCR_SN,,1126,其他,7,true,0,not_applied,
P2,REVIEW_INCLUDE,HRPSEY656,BD_PROJECT20260128,,1079,其他,179,false,0,not_applied,
P2,REVIEW_INCLUDE,HRPSEY656,HR_DATAIO_INTFACE,,1066,其他,35,true,0,not_applied,
P2,REVIEW_INCLUDE,HRPSEY656,BD_UNIQUERULE_ITEM,,1063,其他,7,true,0,not_applied,
P2,REVIEW_INCLUDE,HRPSEY656,CODC_PATIENTLEVELDATA_B,,1057,其他,33,true,0,not_applied,
P2,REVIEW_INCLUDE,HRPSEY656,BM_BUDGETITEM,,1050,其他,50,true,0,not_applied,
P2,REVIEW_INCLUDE,HRPSEY656,TB_CUBE_YYYS,,1046,其他,50,true,0,not_applied,
P2,REVIEW_INCLUDE,HRPSEY656,BD_BRANDDOC,,1019,其他,23,true,0,not_applied,
P2,REVIEW_INCLUDE,HRPSEY656,SM_SECURITYLOG_202210,,998,其他,18,true,0,not_applied,
P2,REVIEW_INCLUDE,HRPSEY656,SM_CTPERMDETAIL,,991,其他,6,true,0,not_applied,
P2,REVIEW_INCLUDE,HRPSEY656,SEY_HRPSENDHISLOG,,975,其他,6,false,0,not_applied,
P2,REVIEW_INCLUDE,HRPSEY656,HRPPL_PJAPPL_B,,973,其他,28,true,0,not_applied,
P2,REVIEW_INCLUDE,HRPSEY656,HRPPL_PJAPPL,,972,其他,85,true,0,not_applied,
P2,REVIEW_INCLUDE,HRPSEY656,BM_BUDGETRECORDS,,963,其他,40,true,0,not_applied,
P2,REVIEW_INCLUDE,HRPSEY656,BD_COUNTRY_REGION,,952,其他,4,false,0,not_applied,
P2,REVIEW_INCLUDE,HRPSEY656,PUB_BCR_NBCR,,938,其他,16,true,0,not_applied,
P2,REVIEW_INCLUDE,HRPSEY656,BD_PROJECT_B,,935,其他,20,true,0,not_applied,
P2,REVIEW_INCLUDE,HRPSEY656,SM_LOG_OPERATION,,926,其他,6,true,0,not_applied,
P2,REVIEW_INCLUDE,HRPSEY656,BD_UNIQUERULE,,897,其他,15,true,0,not_applied,
P2,REVIEW_INCLUDE,HRPSEY656,CP_PRINT_CONDITION,,863,其他,33,true,0,not_applied,
P2,REVIEW_INCLUDE,HRPSEY656,SCM_COOPINIT,,863,其他,12,true,0,not_applied,
P2,REVIEW_INCLUDE,HRPSEY656,FIP_FACTOR,,849,其他,22,true,0,not_applied,
P2,REVIEW_INCLUDE,HRPSEY656,CODRG_COST_B,,817,其他,34,true,0,not_applied,
P2,REVIEW_INCLUDE,HRPSEY656,FIP_CONFIG,,732,其他,21,true,0,not_applied,
P2,REVIEW_INCLUDE,HRPSEY656,SM_PERMISSION_RES,,729,其他,23,true,0,not_applied,
P2,REVIEW_INCLUDE,HRPSEY656,SM_SECURITYLOG_202203,,714,其他,18,true,0,not_applied,
P2,REVIEW_INCLUDE,HRPSEY656,CP_RES,,707,其他,33,true,0,not_applied,
P2,REVIEW_INCLUDE,HRPSEY656,BD_MODE_SELECTED,,706,其他,9,true,0,not_applied,
P2,REVIEW_INCLUDE,HRPSEY656,CODRG_RECORD_H,,685,其他,35,true,0,not_applied,
P2,REVIEW_INCLUDE,HRPSEY656,SM_SECURITYLOG_202202,,684,其他,18,true,0,not_applied,
P2,REVIEW_INCLUDE,HRPSEY656,SM_CUSTOM_MENU_SHORTCUT,,657,其他,7,true,0,not_applied,
P2,REVIEW_INCLUDE,HRPSEY656,SM_TRASH_DEL,,645,其他,5,true,0,not_applied,
P2,REVIEW_INCLUDE,HRPSEY656,MD_OPINTERFACE,,644,其他,27,true,0,not_applied,
P2,REVIEW_INCLUDE,HRPSEY656,HRPCO_COST_SPLOG,,612,其他,45,true,0,not_applied,
P2,REVIEW_INCLUDE,HRPSEY656,SM_SECURITYLOG_202205,,582,其他,18,true,0,not_applied,
P2,REVIEW_INCLUDE,HRPSEY656,PUB_BCR_CANDIATTR,,561,其他,6,true,0,not_applied,
P2,REVIEW_INCLUDE,HRPSEY656,SM_SECURITYLOG_202206,,559,其他,18,true,0,not_applied,
P2,REVIEW_INCLUDE,HRPSEY656,HPF_VOUGETOR_B,,549,其他,39,true,0,not_applied,
P2,REVIEW_INCLUDE,HRPSEY656,SM_SECURITYLOG_202207,,542,其他,18,true,0,not_applied,
P2,REVIEW_INCLUDE,HRPSEY656,SM_SECURITYLOG_202208,,515,其他,18,true,0,not_applied,
P2,REVIEW_INCLUDE,HRPSEY656,SM_SECURITYLOG_202209,,511,其他,18,true,0,not_applied,
P2,REVIEW_INCLUDE,HRPSEY656,JCPT_MSG,,504,其他,7,false,0,not_applied,
P2,REVIEW_INCLUDE,HRPSEY656,SM_GM_FUNC,,500,其他,5,true,0,not_applied,
P2,REVIEW_INCLUDE,HRPSEY656,PO_ORDER_PAYMENT,,497,其他,17,true,0,not_applied,
P2,REVIEW_INCLUDE,HRPSEY656,BD_ERRORMSG,,491,其他,6,true,0,not_applied,
P2,REVIEW_INCLUDE,HRPSEY656,HPF_SMRULE_B,,488,其他,32,true,0,not_applied,
P2,REVIEW_INCLUDE,HRPSEY656,PUB_ALERTSENDCONFIG,,488,其他,10,true,0,not_applied,
P2,REVIEW_INCLUDE,HRPSEY656,PUB_WORKITEMCONFIG,,482,其他,10,true,0,not_applied,
P2,REVIEW_INCLUDE,HRPSEY656,ER_FIELDCONTRAST,,469,其他,19,true,0,not_applied,
P2,REVIEW_INCLUDE,HRPSEY656,CP_MENUITEM,,455,其他,27,true,0,not_applied,
P2,REVIEW_INCLUDE,HRPSEY656,BD_REF_RELATION,,451,其他,10,true,0,not_applied,
P2,REVIEW_INCLUDE,HRPSEY656,PUB_REPORT_GROUP,,444,其他,13,true,0,not_applied,
P2,REVIEW_INCLUDE,HRPSEY656,PUB_FUNCTION,,441,其他,15,true,0,not_applied,
P2,REVIEW_INCLUDE,HRPSEY656,T_20250815,,438,其他,0,false,0,not_applied,
P2,REVIEW_INCLUDE,HRPSEY656,SM_PERMISSION_RULE,,431,其他,5,true,0,not_applied,
P2,REVIEW_INCLUDE,HRPSEY656,SM_PERM_DATA,,425,其他,11,true,0,not_applied,
P2,REVIEW_INCLUDE,HRPSEY656,SM_SECURITYLOG_202204,,423,其他,18,true,0,not_applied,
P2,REVIEW_INCLUDE,HRPSEY656,SM_METADATA_RULE,,415,其他,6,true,0,not_applied,
P2,REVIEW_INCLUDE,HRPSEY656,ER_REIMRULER,,412,其他,69,true,0,not_applied,
P2,REVIEW_INCLUDE,HRPSEY656,CMP_SIGNDAILY,,411,其他,29,true,0,not_applied,
P2,REVIEW_INCLUDE,HRPSEY656,AE_RELATION,,406,其他,13,true,0,not_applied,
P2,REVIEW_INCLUDE,HRPSEY656,MD_REFBUSIOP,,401,其他,8,true,0,not_applied,
P2,REVIEW_INCLUDE,HRPSEY656,NTB_ID_BDCONTRAST,,399,其他,24,true,0,not_applied,
P2,REVIEW_INCLUDE,HRPSEY656,QC_SAMPLEPLAN_B,,390,其他,17,true,0,not_applied,
P2,REVIEW_INCLUDE,HRPSEY656,BI_SMART_DIR,,379,其他,22,true,0,not_applied,
P2,REVIEW_INCLUDE,HRPSEY656,ER_BXZB,,374,其他,146,true,0,not_applied,
P2,REVIEW_INCLUDE,HRPSEY656,IC_OPENBAL_B,,374,其他,85,true,0,not_applied,
P2,REVIEW_INCLUDE,HRPSEY656,IC_OPENBAL_E,,373,其他,7,true,0,not_applied,
P2,REVIEW_INCLUDE,HRPSEY656,BD_AUDITTABLEDETAIL,,370,其他,8,true,0,not_applied,
P2,REVIEW_INCLUDE,HRPSEY656,BD_WORKCALENDARDATE,,365,其他,10,true,0,not_applied,
P2,REVIEW_INCLUDE,HRPSEY656,DC_DIAGNOSIS,,353,其他,34,true,0,not_applied,
P2,REVIEW_INCLUDE,HRPSEY656,SM_SECURITYLOG_202201,,353,其他,18,true,0,not_applied,
P2,REVIEW_INCLUDE,HRPSEY656,PUB_PRINT_REGION,,333,其他,5,true,0,not_applied,
P2,REVIEW_INCLUDE,HRPSEY656,BD_BATCHUPDATEATTR,,316,其他,17,true,0,not_applied,
P2,REVIEW_INCLUDE,HRPSEY656,CP_SUBFUNC,,311,其他,14,true,0,not_applied,
P2,REVIEW_INCLUDE,HRPSEY656,TB_DIMPROPMAP,,306,其他,10,true,0,not_applied,
P2,REVIEW_INCLUDE,HRPSEY656,CMP_TALLYDAILY,,302,其他,30,true,0,not_applied,
P2,REVIEW_INCLUDE,HRPSEY656,PUB_WF_PARTICIPANT,,297,其他,6,true,0,not_applied,
P2,REVIEW_INCLUDE,HRPSEY656,EBANK_CONFIRMPAY_B,,288,其他,29,true,0,not_applied,
P2,REVIEW_INCLUDE,HRPSEY656,EBANK_CONFIRMPAY_H,,288,其他,50,true,0,not_applied,
P2,REVIEW_INCLUDE,HRPSEY656,PUB_ALERTREGISTRY,,273,其他,35,true,0,not_applied,
P2,REVIEW_INCLUDE,HRPSEY656,SM_SECURITYLOG_202401,,265,其他,18,true,0,not_applied,
P2,REVIEW_INCLUDE,HRPSEY656,ZHUJIMA20230515,,264,其他,0,false,0,not_applied,
P2,REVIEW_INCLUDE,HRPSEY656,HSTF_OUTDATARECEIVE,,258,其他,82,true,0,not_applied,
P2,REVIEW_INCLUDE,HRPSEY656,MD_COMP_BUSIMODULE,,247,其他,4,true,0,not_applied,
P2,REVIEW_INCLUDE,HRPSEY656,SM_PRODUCT_VERSION,,242,其他,10,true,0,not_applied,
P2,REVIEW_INCLUDE,HRPSEY656,TB_DIMPROP,,238,其他,21,true,0,not_applied,
P2,REVIEW_INCLUDE,HRPSEY656,BD_REFCOLUMN,,236,其他,15,true,0,not_applied,
P2,REVIEW_INCLUDE,HRPSEY656,BM_BUDGETITEM_B,,236,其他,30,true,0,not_applied,
P2,REVIEW_INCLUDE,HRPSEY656,TB_TASKLOG,,231,其他,12,true,0,not_applied,
P2,REVIEW_INCLUDE,HRPSEY656,SM_SPECIALPERMISSION,,229,其他,8,true,0,not_applied,
P2,REVIEW_INCLUDE,HRPSEY656,DAP_DAPSYSTEM,,224,其他,20,true,0,not_applied,
P2,REVIEW_INCLUDE,HRPSEY656,MD_MODULE,,215,其他,16,true,0,not_applied,
P2,REVIEW_INCLUDE,HRPSEY656,PUB_GRAPHBUZI,,213,其他,5,true,0,not_applied,
P2,REVIEW_INCLUDE,HRPSEY656,CODC_YUANJILEVELDATA_B,,196,其他,32,true,0,not_applied,
P2,REVIEW_INCLUDE,HRPSEY656,DC_OPERATION,,196,其他,37,true,0,not_applied,
P2,REVIEW_INCLUDE,HRPSEY656,BM_BUDGETCOSTITEM,,195,其他,39,true,0,not_applied,
P2,REVIEW_INCLUDE,HRPSEY656,ADP_TASKTRANSCNT,,194,其他,8,true,0,not_applied,
P2,REVIEW_INCLUDE,HRPSEY656,BD_REPORTITEM,,192,其他,31,true,0,not_applied,
P2,REVIEW_INCLUDE,HRPSEY656,HRPYC_YCBIZLOG,,189,其他,46,true,0,not_applied,
P2,REVIEW_INCLUDE,HRPSEY656,BD_DISTRIBUTERES_B,,187,其他,7,true,0,not_applied,
P2,REVIEW_INCLUDE,HRPSEY656,BD_INOUTUSE,,182,其他,8,true,0,not_applied,
P2,REVIEW_INCLUDE,HRPSEY656,SN_SERIALNO_RETURN,,181,其他,5,true,0,not_applied,
P2,REVIEW_INCLUDE,HRPSEY656,BD_DI_TIMEDIM,,180,其他,13,true,0,not_applied,
P2,REVIEW_INCLUDE,HRPSEY656,FIP_ENTITYATTCFG,,179,其他,11,true,0,not_applied,
P2,REVIEW_INCLUDE,HRPSEY656,TB_RULE_MEMBER,,178,其他,23,true,0,not_applied,
P2,REVIEW_INCLUDE,HRPSEY656,BATM_DAILYDEPOSIT,,174,其他,52,true,0,not_applied,
P2,REVIEW_INCLUDE,HRPSEY656,BATM_DAILYOFCASHBANK,,174,其他,53,true,0,not_applied,
P2,REVIEW_INCLUDE,HRPSEY656,PUB_MSGRES_TMPCONF,,173,其他,16,true,0,not_applied,
P2,REVIEW_INCLUDE,HRPSEY656,PUB_MESSAGEDRIVE,,172,其他,13,true,0,not_applied,
P2,REVIEW_INCLUDE,HRPSEY656,DC_DISEASE_B,,171,其他,28,true,0,not_applied,
P2,REVIEW_INCLUDE,HRPSEY656,DC_DISEASE_H,,171,其他,34,true,0,not_applied,
P2,REVIEW_INCLUDE,HRPSEY656,BD_ACCFIELDCTRL,,170,其他,13,true,0,not_applied,
P2,REVIEW_INCLUDE,HRPSEY656,MD_BUSIACTIVITY,,169,其他,18,true,0,not_applied,
P2,REVIEW_INCLUDE,HRPSEY656,SM_PERM_FUNC,,166,其他,10,true,0,not_applied,
P2,REVIEW_INCLUDE,HRPSEY656,DICO_DIRCOSTCOLN_H,,165,其他,49,true,0,not_applied,
P2,REVIEW_INCLUDE,HRPSEY656,SM_SECURITYLOG_202312,,164,其他,18,true,0,not_applied,
P2,REVIEW_INCLUDE,HRPSEY656,ER_REIMDIMENSION,,160,其他,17,true,0,not_applied,
P2,REVIEW_INCLUDE,HRPSEY656,BD_DISTRIBUTERES,,149,其他,14,true,0,not_applied,
P2,REVIEW_INCLUDE,HRPSEY656,BM_BUDGETCOMMREPLY,,146,其他,58,true,0,not_applied,
P2,REVIEW_INCLUDE,HRPSEY656,PUB_ALERTRUNTIME,,144,其他,12,true,0,not_applied,
P2,REVIEW_INCLUDE,HRPSEY656,BD_CASHFLOWUSE,,142,其他,8,true,0,not_applied,
P2,REVIEW_INCLUDE,HRPSEY656,AAA_PRO_V3,,140,其他,1,false,0,not_applied,
P2,REVIEW_INCLUDE,HRPSEY656,CPB_BUSINESS_LOG,,133,其他,22,true,0,not_applied,
P2,REVIEW_INCLUDE,HRPSEY656,BM_BUDGETADJUST_B,,132,其他,33,true,0,not_applied,
P2,REVIEW_INCLUDE,HRPSEY656,TEST0506A,,131,其他,0,false,0,not_applied,
P2,REVIEW_INCLUDE,HRPSEY656,TEST20250506,,131,其他,0,false,0,not_applied,
P2,REVIEW_INCLUDE,HRPSEY656,BD_REPITEMMAPPING,,128,其他,17,true,0,not_applied,
P2,REVIEW_INCLUDE,HRPSEY656,SM_BUSIWORKFLOW,,127,其他,10,true,0,not_applied,
P2,REVIEW_INCLUDE,HRPSEY656,PUB_MSGRES_REG,,123,其他,16,true,0,not_applied,
P2,REVIEW_INCLUDE,HRPSEY656,PUB_IMPORTREGISTER,,117,其他,12,true,0,not_applied,
P2,REVIEW_INCLUDE,HRPSEY656,HR_INFOSET,,115,其他,29,true,0,not_applied,
P2,REVIEW_INCLUDE,HRPSEY656,CMP_SIGNMENSAL,,113,其他,28,true,0,not_applied,
P2,REVIEW_INCLUDE,HRPSEY656,PT_EXTENSION,,113,其他,17,true,0,not_applied,
P2,REVIEW_INCLUDE,HRPSEY656,COPRO_RELATION_B,,111,其他,27,true,0,not_applied,
P2,REVIEW_INCLUDE,HRPSEY656,PUB_TIMECONFIG,,111,其他,18,true,0,not_applied,
P2,REVIEW_INCLUDE,HRPSEY656,SM_CREATECORP,,111,其他,13,true,0,not_applied,
P2,REVIEW_INCLUDE,HRPSEY656,BD_STORDOC_20240329,,109,其他,45,false,0,not_applied,
P2,REVIEW_INCLUDE,HRPSEY656,CP_APPSCATEGORY,,109,其他,25,true,0,not_applied,
P2,REVIEW_INCLUDE,HRPSEY656,LLLTMP,,108,其他,1,false,0,not_applied,
P2,REVIEW_INCLUDE,HRPSEY656,SM_SECURITYLOG_202402,,108,其他,18,true,0,not_applied,
P2,REVIEW_INCLUDE,HRPSEY656,CMP_TALLYMENSAL,,104,其他,28,true,0,not_applied,
P2,REVIEW_INCLUDE,HRPSEY656,SM_BUSI_NAVIGATION,,102,其他,16,true,0,not_applied,
P2,REVIEW_INCLUDE,HRPSEY656,BI_LINK_MODEL,,101,其他,16,true,0,not_applied,
P2,REVIEW_INCLUDE,HRPSEY656,MD_DEV_BUSI_MODULE,,99,其他,4,true,0,not_applied,
P2,REVIEW_INCLUDE,HRPSEY656,RM_INTORULEITEM,,99,其他,12,true,0,not_applied,
P2,REVIEW_INCLUDE,HRPSEY656,TB_TASKLOG_EXT,,98,其他,7,true,0,not_applied,
P2,REVIEW_INCLUDE,HRPSEY656,ADP_RESTYPREGISTER,,96,其他,30,true,0,not_applied,
P2,REVIEW_INCLUDE,HRPSEY656,MD_OPITFIMPL,,96,其他,14,true,0,not_applied,
P2,REVIEW_INCLUDE,HRPSEY656,UFOC_MEASPROMAP,,93,其他,0,true,0,not_applied,
P2,REVIEW_INCLUDE,HRPSEY656,PUB_ALERTMESSAGE,,87,其他,27,true,0,not_applied,
P2,REVIEW_INCLUDE,HRPSEY656,PUB_WORKFLOWGADGET,,87,其他,12,true,0,not_applied,
P2,REVIEW_INCLUDE,HRPSEY656,PT_PORTLET,,86,其他,24,true,0,not_applied,
P2,REVIEW_INCLUDE,HRPSEY656,CP_FREENODE,,84,其他,9,true,0,not_applied,
P2,REVIEW_INCLUDE,HRPSEY656,SSC_BUSI_ACT_OP,,84,其他,5,true,0,not_applied,
P2,REVIEW_INCLUDE,HRPSEY656,HRPPL_PROUPDATEHVO,,83,其他,50,true,0,not_applied,
P2,REVIEW_INCLUDE,HRPSEY656,MID_BA_BGT_INFO,,83,其他,68,true,0,not_applied,
P2,REVIEW_INCLUDE,HRPSEY656,HRPPL_PROUPDATEBVO,,82,其他,19,true,0,not_applied,
P2,REVIEW_INCLUDE,HRPSEY656,BM_BUDGETADJUST,,81,其他,51,true,0,not_applied,
P2,REVIEW_INCLUDE,HRPSEY656,BCBD_ATTRMAP,,80,其他,13,true,0,not_applied,
P2,REVIEW_INCLUDE,HRPSEY656,BD_PAYMENTCH,,80,其他,19,true,0,not_applied,
P2,REVIEW_INCLUDE,HRPSEY656,IC_VMI_SUM20230728,,80,其他,67,false,0,not_applied,
P2,REVIEW_INCLUDE,HRPSEY656,UFOC_PROJECT,,80,其他,0,true,0,not_applied,
P2,REVIEW_INCLUDE,HRPSEY656,AM_PLUGINS,,79,其他,12,true,0,not_applied,
P2,REVIEW_INCLUDE,HRPSEY656,BCBD_BARAPPOBJECT_ITEM,,79,其他,22,true,0,not_applied,
P2,REVIEW_INCLUDE,HRPSEY656,BM_BUDGETNO,,78,其他,8,true,0,not_applied,
P2,REVIEW_INCLUDE,HRPSEY656,COPRO_METHOD_B,,78,其他,29,true,0,not_applied,
P2,REVIEW_INCLUDE,HRPSEY656,COPRO_METHOD_H,,78,其他,52,true,0,not_applied,
P2,REVIEW_INCLUDE,HRPSEY656,HI_SEQCONTROL,,75,其他,19,true,0,not_applied,
P2,REVIEW_INCLUDE,HRPSEY656,SCM_SMCONFIG_B,,75,其他,7,true,0,not_applied,
P2,REVIEW_INCLUDE,HRPSEY656,BD_LINKMAN,,71,其他,25,true,0,not_applied,
P2,REVIEW_INCLUDE,HRPSEY656,DM_FORMULAR,,70,其他,15,true,0,not_applied,
P2,REVIEW_INCLUDE,HRPSEY656,BD_INDUSTRY,,69,其他,20,true,0,not_applied,
P2,REVIEW_INCLUDE,HRPSEY656,SM_INDIVIDUAL_PROPERTY,,69,其他,10,true,0,not_applied,
P2,REVIEW_INCLUDE,HRPSEY656,SM_RESPONSIBILITY,,69,其他,19,true,0,not_applied,
P2,REVIEW_INCLUDE,HRPSEY656,CODRG_SHAREWAY_B,,68,其他,28,true,0,not_applied,
P2,REVIEW_INCLUDE,HRPSEY656,CODRG_SHAREWAY_H,,68,其他,52,true,0,not_applied,
P2,REVIEW_INCLUDE,HRPSEY656,PT_DISPLAY,,66,其他,11,true,0,not_applied,
P2,REVIEW_INCLUDE,HRPSEY656,BD_SCANCONVERTOR,,63,其他,10,true,0,not_applied,
P2,REVIEW_INCLUDE,HRPSEY656,IC_MONTH_EXEC,,63,其他,7,false,0,not_applied,
P2,REVIEW_INCLUDE,HRPSEY656,PUB_WFGADGET_B,,63,其他,10,true,0,not_applied,
P2,REVIEW_INCLUDE,HRPSEY656,TB_DIMLEVEL,,63,其他,14,true,0,not_applied,
P2,REVIEW_INCLUDE,HRPSEY656,SM_PAGEREGISTER,,61,其他,10,true,0,not_applied,
P2,REVIEW_INCLUDE,HRPSEY656,BD_AUDITASS,,60,其他,9,true,0,not_applied,
P2,REVIEW_INCLUDE,HRPSEY656,BI_MD_TABLE,,58,其他,23,true,0,not_applied,
P2,REVIEW_INCLUDE,HRPSEY656,MD_ATTR_TABLE,,58,其他,5,true,0,not_applied,
P2,REVIEW_INCLUDE,HRPSEY656,BD_SUPLINKMAN,,57,其他,16,true,0,not_applied,
P2,REVIEW_INCLUDE,HRPSEY656,DAP_DAPSYS,,55,其他,6,true,0,not_applied,
P2,REVIEW_INCLUDE,HRPSEY656,TB_DIMTABLE,,54,其他,14,true,0,not_applied,
P2,REVIEW_INCLUDE,HRPSEY656,TB_SHEETLOCK,,54,其他,7,true,0,not_applied,
P2,REVIEW_INCLUDE,HRPSEY656,TB_TASKSHTMODEL,,54,其他,9,true,0,not_applied,
P2,REVIEW_INCLUDE,HRPSEY656,BD_ACCASSITEM,,53,其他,21,true,0,not_applied,
P2,REVIEW_INCLUDE,HRPSEY656,ER_DJLX,,53,其他,43,true,0,not_applied,
P2,REVIEW_INCLUDE,HRPSEY656,XX_TRANSLATOR,,53,其他,0,true,0,not_applied,
P2,REVIEW_INCLUDE,HRPSEY656,BD_TIMEZONE,,52,其他,13,true,0,not_applied,
P2,REVIEW_INCLUDE,HRPSEY656,CP_DOC_SYSATTR,,52,其他,25,true,0,not_applied,
P2,REVIEW_INCLUDE,HRPSEY656,PUB_BSPLUGINS,,52,其他,24,true,0,not_applied,
P2,REVIEW_INCLUDE,HRPSEY656,SM_SECURITYLOGNAME,,52,其他,4,true,0,not_applied,
P2,REVIEW_INCLUDE,HRPSEY656,NTB_ID_CTRLTACTICS,,51,其他,37,true,0,not_applied,
P2,REVIEW_INCLUDE,HRPSEY656,UW_VIEW,,51,其他,0,true,0,not_applied,
P2,REVIEW_INCLUDE,HRPSEY656,SM_PATCH_VERSION,,50,其他,11,true,0,not_applied,
P2,REVIEW_INCLUDE,HRPSEY656,BD_ACCESSORFACREG,,48,其他,7,true,0,not_applied,
P2,REVIEW_INCLUDE,HRPSEY656,SM_FLOWCHART_ICON,,48,其他,5,true,0,not_applied,
P2,REVIEW_INCLUDE,HRPSEY656,FIPUB_REPORTINITIALIZE_B,,46,其他,20,true,0,not_applied,
P2,REVIEW_INCLUDE,HRPSEY656,TB_DIMHIER,,46,其他,26,true,0,not_applied,
P2,REVIEW_INCLUDE,HRPSEY656,CODRG_INCOME_H,,44,其他,54,true,0,not_applied,
P2,REVIEW_INCLUDE,HRPSEY656,HPF_SUMRULE,,44,其他,45,true,0,not_applied,
P2,REVIEW_INCLUDE,HRPSEY656,PT_SKIN,,44,其他,11,true,0,not_applied,
P2,REVIEW_INCLUDE,HRPSEY656,BD_AREACL,,43,其他,28,true,0,not_applied,
P2,REVIEW_INCLUDE,HRPSEY656,FIPUB_REPORTINITIALIZE,,43,其他,21,true,0,not_applied,
P2,REVIEW_INCLUDE,HRPSEY656,PUB_PLUGINITEM,,43,其他,15,true,0,not_applied,
P2,REVIEW_INCLUDE,HRPSEY656,BD_DIFFANALYSIS,,42,其他,17,true,0,not_applied,
P2,REVIEW_INCLUDE,HRPSEY656,BD_UITABEXTEND,,41,其他,8,true,0,not_applied,
P2,REVIEW_INCLUDE,HRPSEY656,HRP_MID_WLPRICE,,41,其他,12,false,0,not_applied,
P2,REVIEW_INCLUDE,HRPSEY656,PUB_PRINTLIMIT,,41,其他,20,true,0,not_applied,
P2,REVIEW_INCLUDE,HRPSEY656,PUB_PRINTPARA,,41,其他,9,true,0,not_applied,
P2,REVIEW_INCLUDE,HRPSEY656,TB_MBRREADSTRUCT,,41,其他,22,true,0,not_applied,
P2,REVIEW_INCLUDE,HRPSEY656,TB_MD_AREA,,41,其他,22,true,0,not_applied,
P2,REVIEW_INCLUDE,HRPSEY656,TB_MD_SHEET,,41,其他,23,true,0,not_applied,
P2,REVIEW_INCLUDE,HRPSEY656,TB_MD_SHTCSMODEL,,41,其他,7,true,0,not_applied,
P2,REVIEW_INCLUDE,HRPSEY656,TB_RELA_CUBESHT,,41,其他,7,true,0,not_applied,
P2,REVIEW_INCLUDE,HRPSEY656,BD_ACCPERIODQUART,,40,其他,11,true,0,not_applied,
P2,REVIEW_INCLUDE,HRPSEY656,BD_AUDITTABLE,,40,其他,8,true,0,not_applied,
P2,REVIEW_INCLUDE,HRPSEY656,PT_EXTPOINT,,40,其他,13,true,0,not_applied,
P2,REVIEW_INCLUDE,HRPSEY656,RESA_FACTOR,,40,其他,34,true,0,not_applied,
P2,REVIEW_INCLUDE,HRPSEY656,RESA_FACTORASOA,,40,其他,27,true,0,not_applied,
P2,REVIEW_INCLUDE,HRPSEY656,TBM_ITEMCOPY,,40,其他,20,true,0,not_applied,
P2,REVIEW_INCLUDE,HRPSEY656,AE_RELATION_DIM,,39,其他,13,true,0,not_applied,
P2,REVIEW_INCLUDE,HRPSEY656,SRMSM_MARBASCLSEXT,,39,其他,10,true,0,not_applied,
P2,REVIEW_INCLUDE,HRPSEY656,BD_CASHFLOW,,38,其他,24,true,0,not_applied,
P2,REVIEW_INCLUDE,HRPSEY656,PT_MODULE,,38,其他,9,true,0,not_applied,
P2,REVIEW_INCLUDE,HRPSEY656,PT_MODULEAPP,,38,其他,6,true,0,not_applied,
P2,REVIEW_INCLUDE,HRPSEY656,AE_OLAP_RLN,,37,其他,12,true,0,not_applied,
P2,REVIEW_INCLUDE,HRPSEY656,CP_MODULE,,37,其他,14,true,0,not_applied,
P2,REVIEW_INCLUDE,HRPSEY656,ER_QRYOBJ,,36,其他,16,true,0,not_applied,
P2,REVIEW_INCLUDE,HRPSEY656,NCMPPUB_PORTAL,,36,其他,6,true,0,not_applied,
P2,REVIEW_INCLUDE,HRPSEY656,ADP_SCHTRANSTASK,,35,其他,25,true,0,not_applied,
P2,REVIEW_INCLUDE,HRPSEY656,FIPUB_QUERYOBJ,,35,其他,29,true,0,not_applied,
P2,REVIEW_INCLUDE,HRPSEY656,TB_MD_TASK,,35,其他,38,true,0,not_applied,
P2,REVIEW_INCLUDE,HRPSEY656,BD_NETBANKINFTP,,34,其他,23,true,0,not_applied,
P2,REVIEW_INCLUDE,HRPSEY656,TBM_TIMEITEMCOPY,,34,其他,38,true,0,not_applied,
P2,REVIEW_INCLUDE,HRPSEY656,BD_PROJECT_C,,31,其他,7,true,0,not_applied,
P2,REVIEW_INCLUDE,HRPSEY656,FIPUB_REPORTINFOREG,,30,其他,10,true,0,not_applied,
P2,REVIEW_INCLUDE,HRPSEY656,PUB_ATTR_PLUGIN,,30,其他,6,true,0,not_applied,
P2,REVIEW_INCLUDE,HRPSEY656,SM_BUSIACTIVE_PERM,,30,其他,17,true,0,not_applied,
P2,REVIEW_INCLUDE,HRPSEY656,OM_RANKRELATION,,29,其他,13,true,0,not_applied,
P2,REVIEW_INCLUDE,HRPSEY656,PT_PORTALPAGE,,29,其他,21,true,0,not_applied,
P2,REVIEW_INCLUDE,HRPSEY656,OBM_YHHD,,28,其他,69,true,0,not_applied,
P2,REVIEW_INCLUDE,HRPSEY656,PM_EXTENDEDPLUGIN,,28,其他,8,true,0,not_applied,
P2,REVIEW_INCLUDE,HRPSEY656,NTB_ID_SYSREG,,27,其他,11,true,0,not_applied,
P2,REVIEW_INCLUDE,HRPSEY656,UW_CACHEABLETABLE,,27,其他,0,true,0,not_applied,
P2,REVIEW_INCLUDE,HRPSEY656,QC_SAMPLEPLAN,,26,其他,15,true,0,not_applied,
P2,REVIEW_INCLUDE,HRPSEY656,SM_LABELCOLORSOURCES,,26,其他,6,true,0,not_applied,
P2,REVIEW_INCLUDE,HRPSEY656,PUB_ITFEXTEND,,25,其他,10,true,0,not_applied,
P2,REVIEW_INCLUDE,HRPSEY656,SCM_CERTIFICATE,,25,其他,33,true,0,not_applied,
P2,REVIEW_INCLUDE,HRPSEY656,BCBD_REFEROBJ,,24,其他,18,true,0,not_applied,
P2,REVIEW_INCLUDE,HRPSEY656,FIP_SRCDOCGROUP,,24,其他,6,true,0,not_applied,
P2,REVIEW_INCLUDE,HRPSEY656,FI_FREEMAP,,24,其他,13,true,0,not_applied,
P2,REVIEW_INCLUDE,HRPSEY656,PUB_WF_INSTANCE_B,,24,其他,6,true,0,not_applied,
P2,REVIEW_INCLUDE,HRPSEY656,SM_RULE_REF,,24,其他,5,true,0,not_applied,
P2,REVIEW_INCLUDE,HRPSEY656,BD_PAYPERIOD,,23,其他,19,true,0,not_applied,
P2,REVIEW_INCLUDE,HRPSEY656,FIPUB_TIMECONTROL_B,,23,其他,9,true,0,not_applied,
P2,REVIEW_INCLUDE,HRPSEY656,PUB_SIGN,,23,其他,5,true,0,not_applied,
P2,REVIEW_INCLUDE,HRPSEY656,TB_CTRBUSIFUN,,23,其他,10,true,0,not_applied,
P2,REVIEW_INCLUDE,HRPSEY656,BD_BATCHUPDATETAB,,22,其他,17,true,0,not_applied,
P2,REVIEW_INCLUDE,HRPSEY656,BD_CR_RESOURCE,,22,其他,4,true,0,not_applied,
P2,REVIEW_INCLUDE,HRPSEY656,BD_DEL_LOG,,22,其他,5,true,0,not_applied,
P2,REVIEW_INCLUDE,HRPSEY656,SM_FILESTOREVIEW,,22,其他,9,true,0,not_applied,
P2,REVIEW_INCLUDE,HRPSEY656,SM_PMDATA_SUMF,,22,其他,5,true,0,not_applied,
P2,REVIEW_INCLUDE,HRPSEY656,SM_RULE,,22,其他,7,true,0,not_applied,
P2,REVIEW_INCLUDE,HRPSEY656,SSC_BUSIOPERATION,,22,其他,13,true,0,not_applied,
P2,REVIEW_INCLUDE,HRPSEY656,TBM_ITEM,,22,其他,21,true,0,not_applied,
P2,REVIEW_INCLUDE,HRPSEY656,UW_LFWFILE,,22,其他,0,true,0,not_applied,
P2,REVIEW_INCLUDE,HRPSEY656,BD_PAYMENT,,21,其他,20,true,0,not_applied,
P2,REVIEW_INCLUDE,HRPSEY656,CP_EVENTLISTENER,,21,其他,17,true,0,not_applied,
P2,REVIEW_INCLUDE,HRPSEY656,BD_ACCHALFYEAR,,20,其他,10,true,0,not_applied,
P2,REVIEW_INCLUDE,HRPSEY656,CMP_SIGNYEARLY,,20,其他,27,true,0,not_applied,
P2,REVIEW_INCLUDE,HRPSEY656,EBANK_BALANCE,,20,其他,33,true,0,not_applied,
P2,REVIEW_INCLUDE,HRPSEY656,PUB_BCR_ENTITY,,20,其他,14,true,0,not_applied,
P2,REVIEW_INCLUDE,HRPSEY656,UW_UPDATEMODULE,,20,其他,0,true,0,not_applied,
P2,REVIEW_INCLUDE,HRPSEY656,CMP_TALLYYEARLY,,19,其他,27,true,0,not_applied,
P2,REVIEW_INCLUDE,HRPSEY656,HR_INFOSET_SORT,,19,其他,24,true,0,not_applied,
P2,REVIEW_INCLUDE,HRPSEY656,MD_BEAN_POWER,,19,其他,5,true,0,not_applied,
P2,REVIEW_INCLUDE,HRPSEY656,MID_PM_PROJECT_INFO,,19,其他,79,true,0,not_applied,
P2,REVIEW_INCLUDE,HRPSEY656,OM_LEVELRELATION,,19,其他,14,true,0,not_applied,
P2,REVIEW_INCLUDE,HRPSEY656,BD_ASSIGN_TAB,,18,其他,15,true,0,not_applied,
P2,REVIEW_INCLUDE,HRPSEY656,BD_REFTABLE,,18,其他,8,true,0,not_applied,
P2,REVIEW_INCLUDE,HRPSEY656,CT_BUSINESS,,18,其他,18,true,0,not_applied,
P2,REVIEW_INCLUDE,HRPSEY656,CT_BUSINESS20241028,,18,其他,18,false,0,not_applied,
P2,REVIEW_INCLUDE,HRPSEY656,FIP_DOCVIEW,,18,其他,25,true,0,not_applied,
P2,REVIEW_INCLUDE,HRPSEY656,FVM_EBANKBALANCE,,18,其他,49,true,0,not_applied,
P2,REVIEW_INCLUDE,HRPSEY656,HRC_GRID,,18,其他,16,true,0,not_applied,
P2,REVIEW_INCLUDE,HRPSEY656,PUB_QUERY_SYSFUNC,,18,其他,7,true,0,not_applied,
P2,REVIEW_INCLUDE,HRPSEY656,TB_RULEFORMULA_M,,18,其他,6,false,0,not_applied,
P2,REVIEW_INCLUDE,HRPSEY656,BD_REPORTDISPOSE_SEARCH,,17,其他,15,true,0,not_applied,
P2,REVIEW_INCLUDE,HRPSEY656,BM_ITEM,,17,其他,27,true,0,not_applied,
P2,REVIEW_INCLUDE,HRPSEY656,PD_MPOBJ,,17,其他,9,true,0,not_applied,
P2,REVIEW_INCLUDE,HRPSEY656,SR_FORMULA,,17,其他,17,true,0,not_applied,
P2,REVIEW_INCLUDE,HRPSEY656,TBM_TIMEITEM,,17,其他,20,true,0,not_applied,
P2,REVIEW_INCLUDE,HRPSEY656,TB_LIMITMEMBER,,17,其他,7,true,0,not_applied,
P2,REVIEW_INCLUDE,HRPSEY656,BD_INCOMEPERIOD,,16,其他,19,true,0,not_applied,
P2,REVIEW_INCLUDE,HRPSEY656,CODRG_COST_H,,16,其他,53,true,0,not_applied,
P2,REVIEW_INCLUDE,HRPSEY656,FIPUB_SUMMARY,,16,其他,13,true,0,not_applied,
P2,REVIEW_INCLUDE,HRPSEY656,HRP_RESEARCHITEM,,16,其他,25,true,0,not_applied,
P2,REVIEW_INCLUDE,HRPSEY656,OAFF_SYSCHARACTER,,16,其他,27,true,0,not_applied,
P2,REVIEW_INCLUDE,HRPSEY656,PE_RELATION,,16,其他,19,true,0,not_applied,
P2,REVIEW_INCLUDE,HRPSEY656,PUB_GUIDELINE,,16,其他,8,true,0,not_applied,
P2,REVIEW_INCLUDE,HRPSEY656,PUB_MSGRES_RCV,,16,其他,6,true,0,not_applied,
P2,REVIEW_INCLUDE,HRPSEY656,PUB_MSGRES_RCVCONF,,16,其他,14,true,0,not_applied,
P2,REVIEW_INCLUDE,HRPSEY656,PURP_QPFRMLITEM_B,,16,其他,9,true,0,not_applied,
P2,REVIEW_INCLUDE,HRPSEY656,TB_CUBEDIMUSAGE,,16,其他,10,true,0,not_applied,
P2,REVIEW_INCLUDE,HRPSEY656,BD_MATTAXES,,15,其他,18,true,0,not_applied,
P2,REVIEW_INCLUDE,HRPSEY656,BI_SMART_MACRO,,15,其他,9,true,0,not_applied,
P2,REVIEW_INCLUDE,HRPSEY656,CMP_INITDATA,,15,其他,30,true,0,not_applied,
P2,REVIEW_INCLUDE,HRPSEY656,CM_DRIVER,,15,其他,26,true,0,not_applied,
P2,REVIEW_INCLUDE,HRPSEY656,FIPUB_ACCASOASUB,,15,其他,8,true,0,not_applied,
P2,REVIEW_INCLUDE,HRPSEY656,PUB_WF_ALERTCTRL,,15,其他,6,true,0,not_applied,
P2,REVIEW_INCLUDE,HRPSEY656,RESA_REPQRYOBJ,,15,其他,10,true,0,not_applied,
P2,REVIEW_INCLUDE,HRPSEY656,WEBDBL_SYSMUTEXINFO,,15,其他,0,true,0,not_applied,
P2,REVIEW_INCLUDE,HRPSEY656,BD_REF_FILTER,,14,其他,13,true,0,not_applied,
P2,REVIEW_INCLUDE,HRPSEY656,BGM_CATEGORY,,14,其他,40,true,0,not_applied,
P2,REVIEW_INCLUDE,HRPSEY656,BI_SCHD_HOST,,14,其他,15,true,0,not_applied,
P2,REVIEW_INCLUDE,HRPSEY656,DC_PATIENTCHARGE_H,,14,其他,52,true,0,not_applied,
P2,REVIEW_INCLUDE,HRPSEY656,OAFF_SYSCHARMUTEX,,14,其他,5,true,0,not_applied,
P2,REVIEW_INCLUDE,HRPSEY656,PT_DISPLAYCATE,,14,其他,6,true,0,not_applied,
P2,REVIEW_INCLUDE,HRPSEY656,QC_APPLYTRANS,,14,其他,13,true,0,not_applied,
P2,REVIEW_INCLUDE,HRPSEY656,QC_REPORTTRANS,,14,其他,8,true,0,not_applied,
P2,REVIEW_INCLUDE,HRPSEY656,SCM_SMCONFIG,,13,其他,6,true,0,not_applied,
P2,REVIEW_INCLUDE,HRPSEY656,UW_SYSVAR,,13,其他,0,true,0,not_applied,
P2,REVIEW_INCLUDE,HRPSEY656,WFM_FLWCAT,,13,其他,0,true,0,not_applied,
P2,REVIEW_INCLUDE,HRPSEY656,ARAP_DSTLFACTOR,,12,其他,16,true,0,not_applied,
P2,REVIEW_INCLUDE,HRPSEY656,BATM_DCFORM,,12,其他,7,true,0,not_applied,
P2,REVIEW_INCLUDE,HRPSEY656,COPRO_INCOME,,12,其他,53,true,0,not_applied,
P2,REVIEW_INCLUDE,HRPSEY656,CP_MENUCATEGORY,,12,其他,19,true,0,not_applied,
P2,REVIEW_INCLUDE,HRPSEY656,CP_QUERYSCHEME,,12,其他,27,true,0,not_applied,
P2,REVIEW_INCLUDE,HRPSEY656,HRC_GRIDGAP,,12,其他,19,true,0,not_applied,
P2,REVIEW_INCLUDE,HRPSEY656,HR_RPT_FILTER,,12,其他,16,true,0,not_applied,
P2,REVIEW_INCLUDE,HRPSEY656,NC_IUFO_MODULE,,12,其他,12,true,0,not_applied,
P2,REVIEW_INCLUDE,HRPSEY656,PUB_APPCATEGORY_CHILD,,12,其他,6,true,0,not_applied,
P2,REVIEW_INCLUDE,HRPSEY656,SM_MSG_ATTACHMENT,,12,其他,7,true,0,not_applied,
P2,REVIEW_INCLUDE,HRPSEY656,TB_NODEPUBLISH,,12,其他,27,true,0,not_applied,
P2,REVIEW_INCLUDE,HRPSEY656,TB_VERSION,,12,其他,31,true,0,not_applied,
P2,REVIEW_INCLUDE,HRPSEY656,BD_ACCCHART,,11,其他,31,true,0,not_applied,
P2,REVIEW_INCLUDE,HRPSEY656,BD_BANKACCUSE,,11,其他,7,true,0,not_applied,
P2,REVIEW_INCLUDE,HRPSEY656,BD_INCOTERM,,11,其他,21,true,0,not_applied,
P2,REVIEW_INCLUDE,HRPSEY656,BD_PLANSTRATEGYGROUP_B,,11,其他,29,true,0,not_applied,
P2,REVIEW_INCLUDE,HRPSEY656,BM_RULEITEM,,11,其他,10,true,0,not_applied,
P2,REVIEW_INCLUDE,HRPSEY656,HR_DATAIOCONFIG,,11,其他,7,true,0,not_applied,
P2,REVIEW_INCLUDE,HRPSEY656,HR_ITF,,11,其他,18,true,0,not_applied,
P2,REVIEW_INCLUDE,HRPSEY656,PURP_QPFRMLITEM,,11,其他,7,true,0,not_applied,
P2,REVIEW_INCLUDE,HRPSEY656,SM_INDIVIDUAL_REGISTER,,11,其他,10,true,0,not_applied,
P2,REVIEW_INCLUDE,HRPSEY656,SSC_TASKSTATE,,11,其他,12,true,0,not_applied,
P2,REVIEW_INCLUDE,HRPSEY656,TB_BUDGETSUB,,11,其他,32,true,0,not_applied,
P2,REVIEW_INCLUDE,HRPSEY656,TB_DATAATTR,,11,其他,30,true,0,not_applied,
P2,REVIEW_INCLUDE,HRPSEY656,WFM_FRMNUMELEM,,11,其他,0,true,0,not_applied,
P2,REVIEW_INCLUDE,HRPSEY656,BD_ACCPERIOD,,10,其他,19,true,0,not_applied,
P2,REVIEW_INCLUDE,HRPSEY656,BD_ASSIGN_RULE,,10,其他,13,true,0,not_applied,
P2,REVIEW_INCLUDE,HRPSEY656,BD_INTDATA_MEASURE,,10,其他,5,true,0,not_applied,
P2,REVIEW_INCLUDE,HRPSEY656,BD_TAXRATE,,10,其他,17,true,0,not_applied,
P2,REVIEW_INCLUDE,HRPSEY656,BI_SCHD_PARAMETER,,10,其他,9,true,0,not_applied,
P2,REVIEW_INCLUDE,HRPSEY656,BM_BUDGETTASK_B,,10,其他,23,true,0,not_applied,
P2,REVIEW_INCLUDE,HRPSEY656,DC_COSTCONT,,10,其他,21,true,0,not_applied,
P2,REVIEW_INCLUDE,HRPSEY656,DC_MEDCARE,,10,其他,34,true,0,not_applied,
P2,REVIEW_INCLUDE,HRPSEY656,PCA_BVFREEATTRI,,10,其他,21,true,0,not_applied,
P2,REVIEW_INCLUDE,HRPSEY656,PUB_BSEXPOINT,,10,其他,18,true,0,not_applied,
P2,REVIEW_INCLUDE,HRPSEY656,PUB_PRINTINFO,,10,其他,14,true,0,not_applied,
P2,REVIEW_INCLUDE,HRPSEY656,UW_FORMULA,,10,其他,0,true,0,not_applied,
P2,REVIEW_INCLUDE,HRPSEY656,PUB_APPCATEGORY,,9,其他,7,true,0,keep,少行维度/分类根表
P2,REVIEW_INCLUDE,HRPSEY656,COPRO_PERIOD,,6,其他,37,true,0,keep,少行维度/分类根表
P2,REVIEW_INCLUDE,HRPSEY656,HRPMEM_CHECKPERIOD,,5,其他,34,true,0,keep,少行维度/分类根表
P2,REVIEW_INCLUDE,HRPSEY656,RQM_CONTROLPERIOD,,4,其他,17,true,0,keep,少行维度/分类根表
P2,REVIEW_INCLUDE,HRPSEY656,CODRG_DRGPERIOD,,2,其他,41,true,0,keep,少行维度/分类根表
P2,REVIEW_INCLUDE,HRPSEY656,DC_PERIOD,,2,其他,37,true,0,keep,少行维度/分类根表
P2,REVIEW_INCLUDE,HRPSEY656,PUB_WF_UPGRADE_RECORD,,2,其他,5,false,0,keep,少行维度/分类根表
P2,REVIEW_INCLUDE,HRPSEY656,SSC_MANAGELEVEL,,2,其他,15,true,0,keep,少行维度/分类根表
P2,REVIEW_INCLUDE,HRPSEY656,BD_ACCPERIODSCHEME,,1,其他,18,true,0,keep,少行维度/分类根表
P2,REVIEW_INCLUDE,HRPSEY656,CODC_PATIENTLEVELDATA,,1,其他,48,true,0,keep,少行维度/分类根表
P2,REVIEW_INCLUDE,HRPSEY656,CODC_YUANJILEVELDATA,,1,其他,48,true,0,keep,少行维度/分类根表
P3,REVIEW_EMPTY,HRPSEY656,AREACL_TEMP,,,人员,16,false,0,not_applied,
P3,REVIEW_EMPTY,HRPSEY656,BCLABELWEIGHTCALCTEMP2,,,人员,7,false,0,not_applied,
P3,REVIEW_EMPTY,HRPSEY656,BD_REF_SEARCH_TEMP,,,人员,1,false,0,not_applied,
P3,REVIEW_EMPTY,HRPSEY656,CTPRICEFORCTMATERIALTEMPTABLE,,,人员,4,false,0,not_applied,
P3,REVIEW_EMPTY,HRPSEY656,ERMTSTEMP,,,人员,2,false,0,not_applied,
P3,REVIEW_EMPTY,HRPSEY656,HI_PSNDOC_ABROAD,,0,人员,26,true,0,keep,人员档案子表(NC固定结构)
P3,REVIEW_EMPTY,HRPSEY656,HI_PSNDOC_ASS,,0,人员,36,true,0,keep,人员档案子表(NC固定结构)
P3,REVIEW_EMPTY,HRPSEY656,HI_PSNDOC_BAD,,0,人员,29,true,0,keep,人员档案子表(NC固定结构)
P3,REVIEW_EMPTY,HRPSEY656,HI_PSNDOC_BMINFO,,0,人员,29,true,0,keep,人员档案子表(NC固定结构)
P3,REVIEW_EMPTY,HRPSEY656,HI_PSNDOC_CAPA,,0,人员,25,true,0,keep,人员档案子表(NC固定结构)
P3,REVIEW_EMPTY,HRPSEY656,HI_PSNDOC_EDUCATION,,0,人员,17,true,0,keep,人员档案子表(NC固定结构)
P3,REVIEW_EMPTY,HRPSEY656,HI_PSNDOC_EGENGAGE,,0,人员,15,true,0,keep,人员档案子表(NC固定结构)
P3,REVIEW_EMPTY,HRPSEY656,HI_PSNDOC_ENC,,0,人员,18,true,0,keep,人员档案子表(NC固定结构)
P3,REVIEW_EMPTY,HRPSEY656,HI_PSNDOC_ENTERQUALCERT,,0,人员,35,true,0,keep,人员档案子表(NC固定结构)
P3,REVIEW_EMPTY,HRPSEY656,HI_PSNDOC_FAMILY,,0,人员,26,true,0,keep,人员档案子表(NC固定结构)
P3,REVIEW_EMPTY,HRPSEY656,HI_PSNDOC_HRHAATTEND,,0,人员,14,true,0,keep,人员档案子表(NC固定结构)
P3,REVIEW_EMPTY,HRPSEY656,HI_PSNDOC_KEYPSN,,0,人员,18,true,0,keep,人员档案子表(NC固定结构)
P3,REVIEW_EMPTY,HRPSEY656,HI_PSNDOC_LEARNPAPER,,0,人员,18,true,0,keep,人员档案子表(NC固定结构)
P3,REVIEW_EMPTY,HRPSEY656,HI_PSNDOC_LEARNPARTIME,,0,人员,16,true,0,keep,人员档案子表(NC固定结构)
P3,REVIEW_EMPTY,HRPSEY656,HI_PSNDOC_LEARNTALK,,0,人员,18,true,0,keep,人员档案子表(NC固定结构)
P3,REVIEW_EMPTY,HRPSEY656,HI_PSNDOC_LEARNTREATISE,,0,人员,19,true,0,keep,人员档案子表(NC固定结构)
P3,REVIEW_EMPTY,HRPSEY656,HI_PSNDOC_LINKMAN,,0,人员,23,true,0,keep,人员档案子表(NC固定结构)
P3,REVIEW_EMPTY,HRPSEY656,HI_PSNDOC_NATURAL,,0,人员,20,true,0,keep,人员档案子表(NC固定结构)
P3,REVIEW_EMPTY,HRPSEY656,HI_PSNDOC_ORGPSN,,0,人员,19,true,0,keep,人员档案子表(NC固定结构)
P3,REVIEW_EMPTY,HRPSEY656,HI_PSNDOC_OTHERCERT,,0,人员,35,true,0,keep,人员档案子表(NC固定结构)
P3,REVIEW_EMPTY,HRPSEY656,HI_PSNDOC_PARTYLOG,,0,人员,21,true,0,keep,人员档案子表(NC固定结构)
P3,REVIEW_EMPTY,HRPSEY656,HI_PSNDOC_PERPEXAMINE,,0,人员,15,true,0,keep,人员档案子表(NC固定结构)
P3,REVIEW_EMPTY,HRPSEY656,HI_PSNDOC_PERPMEDATA,,0,人员,14,true,0,keep,人员档案子表(NC固定结构)
P3,REVIEW_EMPTY,HRPSEY656,HI_PSNDOC_PUN,,0,人员,17,true,0,keep,人员档案子表(NC固定结构)
P3,REVIEW_EMPTY,HRPSEY656,HI_PSNDOC_QULIFY,,0,人员,49,true,0,keep,人员档案子表(NC固定结构)
P3,REVIEW_EMPTY,HRPSEY656,HI_PSNDOC_REQ,,0,人员,19,true,0,keep,人员档案子表(NC固定结构)
P3,REVIEW_EMPTY,HRPSEY656,HI_PSNDOC_ROTATE,,0,人员,15,true,0,keep,人员档案子表(NC固定结构)
P3,REVIEW_EMPTY,HRPSEY656,HI_PSNDOC_SCIENTASK,,0,人员,19,true,0,keep,人员档案子表(NC固定结构)
P3,REVIEW_EMPTY,HRPSEY656,HI_PSNDOC_SCIENTPATENT,,0,人员,15,true,0,keep,人员档案子表(NC固定结构)
P3,REVIEW_EMPTY,HRPSEY656,HI_PSNDOC_SPEITEM,,0,人员,21,true,0,keep,人员档案子表(NC固定结构)
P3,REVIEW_EMPTY,HRPSEY656,HI_PSNDOC_TRAIN,,0,人员,49,true,0,keep,人员档案子表(NC固定结构)
P3,REVIEW_EMPTY,HRPSEY656,HI_PSNDOC_TRAINCERTFILE,,0,人员,35,true,0,keep,人员档案子表(NC固定结构)
P3,REVIEW_EMPTY,HRPSEY656,HI_PSNDOC_TRIAL,,0,人员,23,true,0,keep,人员档案子表(NC固定结构)
P3,REVIEW_EMPTY,HRPSEY656,HI_PSNDOC_WA,,0,人员,22,true,0,keep,人员档案子表(NC固定结构)
P3,REVIEW_EMPTY,HRPSEY656,HI_PSNDOC_WADOC,,0,人员,33,true,0,keep,人员档案子表(NC固定结构)
P3,REVIEW_EMPTY,HRPSEY656,HI_PSNDOC_WAINFO,,0,人员,39,true,0,keep,人员档案子表(NC固定结构)
P3,REVIEW_EMPTY,HRPSEY656,HR_TEMPTABLE_0,,,人员,4,false,0,not_applied,
P3,REVIEW_EMPTY,HRPSEY656,HR_TEMPTABLE_1,,,人员,4,false,0,not_applied,
P3,REVIEW_EMPTY,HRPSEY656,HR_TEMPTABLE_10,,,人员,4,false,0,not_applied,
P3,REVIEW_EMPTY,HRPSEY656,HR_TEMPTABLE_11,,,人员,4,false,0,not_applied,
P3,REVIEW_EMPTY,HRPSEY656,HR_TEMPTABLE_12,,,人员,4,false,0,not_applied,
P3,REVIEW_EMPTY,HRPSEY656,HR_TEMPTABLE_13,,,人员,4,false,0,not_applied,
P3,REVIEW_EMPTY,HRPSEY656,HR_TEMPTABLE_14,,,人员,4,false,0,not_applied,
P3,REVIEW_EMPTY,HRPSEY656,HR_TEMPTABLE_15,,,人员,4,false,0,not_applied,
P3,REVIEW_EMPTY,HRPSEY656,HR_TEMPTABLE_16,,,人员,4,false,0,not_applied,
P3,REVIEW_EMPTY,HRPSEY656,HR_TEMPTABLE_17,,,人员,4,false,0,not_applied,
P3,REVIEW_EMPTY,HRPSEY656,HR_TEMPTABLE_2,,,人员,4,false,0,not_applied,
P3,REVIEW_EMPTY,HRPSEY656,HR_TEMPTABLE_3,,,人员,4,false,0,not_applied,
P3,REVIEW_EMPTY,HRPSEY656,HR_TEMPTABLE_4,,,人员,4,false,0,not_applied,
P3,REVIEW_EMPTY,HRPSEY656,HR_TEMPTABLE_5,,,人员,4,false,0,not_applied,
P3,REVIEW_EMPTY,HRPSEY656,HR_TEMPTABLE_6,,,人员,4,false,0,not_applied,
P3,REVIEW_EMPTY,HRPSEY656,HR_TEMPTABLE_7,,,人员,4,false,0,not_applied,
P3,REVIEW_EMPTY,HRPSEY656,HR_TEMPTABLE_8,,,人员,4,false,0,not_applied,
P3,REVIEW_EMPTY,HRPSEY656,HR_TEMPTABLE_9,,,人员,4,false,0,not_applied,
P3,REVIEW_EMPTY,HRPSEY656,IC_TEMP_ATPDIM0608,,,人员,39,false,0,not_applied,
P3,REVIEW_EMPTY,HRPSEY656,IC_TEMP_FIXATP,,,人员,48,false,0,not_applied,
P3,REVIEW_EMPTY,HRPSEY656,IC_TEMP_FROMINSQL10202,,,人员,2,false,0,not_applied,
P3,REVIEW_EMPTY,HRPSEY656,IC_TEMP_FROMINSQL102020,,,人员,2,false,0,not_applied,
P3,REVIEW_EMPTY,HRPSEY656,IC_TEMP_FROMINSQL102021,,,人员,2,false,0,not_applied,
P3,REVIEW_EMPTY,HRPSEY656,IC_TEMP_FROMINSQL102022,,,人员,2,false,0,not_applied,
P3,REVIEW_EMPTY,HRPSEY656,IC_TEMP_FROMINSQL102023,,,人员,2,false,0,not_applied,
P3,REVIEW_EMPTY,HRPSEY656,IC_TEMP_ID2_20071103,,,人员,3,false,0,not_applied,
P3,REVIEW_EMPTY,HRPSEY656,IC_TEMP_INVSTOREBALANCE,,,人员,3,false,0,not_applied,
P3,REVIEW_EMPTY,HRPSEY656,IC_TEMP_ONHANDDIM0325,,,人员,31,false,0,not_applied,
P3,REVIEW_EMPTY,HRPSEY656,IC_TEMP_TABLE_MONTHRECORD,,,人员,37,false,0,not_applied,
P3,REVIEW_EMPTY,HRPSEY656,MAT_BILLTYPE_TEMPTABLE,,,人员,4,false,0,not_applied,
P3,REVIEW_EMPTY,HRPSEY656,MDMTDAOTEMPTABLE,,,人员,2,false,0,not_applied,
P3,REVIEW_EMPTY,HRPSEY656,SNASSIGN_QUERY_TEMPTABLE,,,人员,4,false,0,not_applied,
P3,REVIEW_EMPTY,HRPSEY656,SNASSIGN_TEMPTABLE,,,人员,4,false,0,not_applied,
P3,REVIEW_EMPTY,HRPSEY656,SNFLOW_TEMPTABLE,,,人员,4,false,0,not_applied,
P3,REVIEW_EMPTY,HRPSEY656,SN_UNQ_TEMP,,,人员,2,false,0,not_applied,
P3,REVIEW_EMPTY,HRPSEY656,TEMPBD_VALIDATERS,,,人员,5,false,0,not_applied,
P3,REVIEW_EMPTY,HRPSEY656,TEMPBD_VISIBLEDOC,,,人员,4,false,0,not_applied,
P3,REVIEW_EMPTY,HRPSEY656,TEMPCODE,,,人员,4,false,0,not_applied,
P3,REVIEW_EMPTY,HRPSEY656,TEMPHRP_IC_IOGATHER,,,人员,52,false,0,not_applied,
P3,REVIEW_EMPTY,HRPSEY656,TEMPPKTS,,,人员,2,false,0,not_applied,
P3,REVIEW_EMPTY,HRPSEY656,TEMP_ALTER_PROCESS_DATA,,,人员,36,false,0,not_applied,
P3,REVIEW_EMPTY,HRPSEY656,TEMP_ASSIDS,,,人员,1,false,0,not_applied,
P3,REVIEW_EMPTY,HRPSEY656,TEMP_ASSIGN_BY_MAT5H1,,,人员,2,false,0,not_applied,
P3,REVIEW_EMPTY,HRPSEY656,TEMP_BD_ASSIGNQUERY,,,人员,2,false,0,not_applied,
P3,REVIEW_EMPTY,HRPSEY656,TEMP_BD_ASSIGN_0,,,人员,3,false,0,not_applied,
P3,REVIEW_EMPTY,HRPSEY656,TEMP_BD_ASSIGN_0TEMP,,,人员,3,false,0,not_applied,
P3,REVIEW_EMPTY,HRPSEY656,TEMP_BD_ASSIGN_1,,,人员,3,false,0,not_applied,
P3,REVIEW_EMPTY,HRPSEY656,TEMP_BD_ASSIGN_1TEMP,,,人员,3,false,0,not_applied,
P3,REVIEW_EMPTY,HRPSEY656,TEMP_BD_ASSIGN_2,,,人员,3,false,0,not_applied,
P3,REVIEW_EMPTY,HRPSEY656,TEMP_BD_ASSIGN_2TEMP,,,人员,3,false,0,not_applied,
P3,REVIEW_EMPTY,HRPSEY656,TEMP_BD_ASSIGN_4,,,人员,3,false,0,not_applied,
P3,REVIEW_EMPTY,HRPSEY656,TEMP_BD_ASSIGN_4TEMP,,,人员,3,false,0,not_applied,
P3,REVIEW_EMPTY,HRPSEY656,TEMP_BD_ASSIGN_5,,,人员,3,false,0,not_applied,
P3,REVIEW_EMPTY,HRPSEY656,TEMP_BD_ASSIGN_5TEMP,,,人员,3,false,0,not_applied,
P3,REVIEW_EMPTY,HRPSEY656,TEMP_BD_ASSIGN_7,,,人员,3,false,0,not_applied,
P3,REVIEW_EMPTY,HRPSEY656,TEMP_BD_ASSIGN_7TEMP,,,人员,3,false,0,not_applied,
P3,REVIEW_EMPTY,HRPSEY656,TEMP_BD_B,,,人员,2,false,0,not_applied,
P3,REVIEW_EMPTY,HRPSEY656,TEMP_BD_BANKRECEIPT,,,人员,2,false,0,not_applied,
P3,REVIEW_EMPTY,HRPSEY656,TEMP_BD_DETAIL,,,人员,2,false,0,not_applied,
P3,REVIEW_EMPTY,HRPSEY656,TEMP_BD_FILEPATH,,,人员,2,false,0,not_applied,
P3,REVIEW_EMPTY,HRPSEY656,TEMP_BD_IDQUYER,,,人员,2,false,0,not_applied,
P3,REVIEW_EMPTY,HRPSEY656,TEMP_BD_MARSTOFI,,,人员,7,false,0,not_applied,
P3,REVIEW_EMPTY,HRPSEY656,TEMP_BD_MARSTOPU,,,人员,4,false,0,not_applied,
P3,REVIEW_EMPTY,HRPSEY656,TEMP_BD_MATERIAL,,,人员,2,false,0,not_applied,
P3,REVIEW_EMPTY,HRPSEY656,TEMP_BD_MATERIALCOST,,,人员,2,false,0,not_applied,
P3,REVIEW_EMPTY,HRPSEY656,TEMP_BD_MATERIALFI,,,人员,2,false,0,not_applied,
P3,REVIEW_EMPTY,HRPSEY656,TEMP_BD_MATERIALPLAN,,,人员,2,false,0,not_applied,
P3,REVIEW_EMPTY,HRPSEY656,TEMP_BD_MATERIALPU,,,人员,2,false,0,not_applied,
P3,REVIEW_EMPTY,HRPSEY656,TEMP_BD_MATERIALSTOCK,,,人员,2,false,0,not_applied,
P3,REVIEW_EMPTY,HRPSEY656,TEMP_BD_SOURCE,,,人员,2,false,0,not_applied,
P3,REVIEW_EMPTY,HRPSEY656,TEMP_BD_SRC,,,人员,2,false,0,not_applied,
P3,REVIEW_EMPTY,HRPSEY656,TEMP_BD_SUPPLIER,,,人员,2,false,0,not_applied,
P3,REVIEW_EMPTY,HRPSEY656,TEMP_CT_QUERYPRICE,,,人员,10,false,0,not_applied,
P3,REVIEW_EMPTY,HRPSEY656,TEMP_HRPCO_1T1A,,,人员,2,false,0,not_applied,
P3,REVIEW_EMPTY,HRPSEY656,TEMP_HRPCO_5H1A,,,人员,2,false,0,not_applied,
P3,REVIEW_EMPTY,HRPSEY656,TEMP_IA_10T1,,,人员,2,false,0,not_applied,
P3,REVIEW_EMPTY,HRPSEY656,TEMP_IA_10T1A,,,人员,2,false,0,not_applied,
P3,REVIEW_EMPTY,HRPSEY656,TEMP_IA_1T1,,,人员,2,false,0,not_applied,
P3,REVIEW_EMPTY,HRPSEY656,TEMP_IA_1T1A,,,人员,2,false,0,not_applied,
P3,REVIEW_EMPTY,HRPSEY656,TEMP_IA_3ID,,,人员,4,false,0,not_applied,
P3,REVIEW_EMPTY,HRPSEY656,TEMP_IA_5H1,,,人员,2,false,0,not_applied,
P3,REVIEW_EMPTY,HRPSEY656,TEMP_IA_5H1A,,,人员,2,false,0,not_applied,
P3,REVIEW_EMPTY,HRPSEY656,TEMP_IA_5T1,,,人员,2,false,0,not_applied,
P3,REVIEW_EMPTY,HRPSEY656,TEMP_IA_5T1A,,,人员,2,false,0,not_applied,
P3,REVIEW_EMPTY,HRPSEY656,TEMP_IA_COST_3ID,,,人员,4,false,0,not_applied,
P3,REVIEW_EMPTY,HRPSEY656,TEMP_IA_DELVOUNCH,,,人员,73,false,0,not_applied,
P3,REVIEW_EMPTY,HRPSEY656,TEMP_IA_GLREPAIR,,,人员,13,false,0,not_applied,
P3,REVIEW_EMPTY,HRPSEY656,TEMP_IA_L1,,,人员,2,false,0,not_applied,
P3,REVIEW_EMPTY,HRPSEY656,TEMP_IA_MD5,,,人员,2,false,0,not_applied,
P3,REVIEW_EMPTY,HRPSEY656,TEMP_IA_MLACC,,,人员,19,false,0,not_applied,
P3,REVIEW_EMPTY,HRPSEY656,TEMP_IA_MLHISREP,,,人员,15,false,0,not_applied,
P3,REVIEW_EMPTY,HRPSEY656,TEMP_IA_OUTGATHER,,,人员,80,false,0,not_applied,
P3,REVIEW_EMPTY,HRPSEY656,TEMP_IA_SUMGATHER,,,人员,42,false,0,not_applied,
P3,REVIEW_EMPTY,HRPSEY656,TEMP_IA_UNAUDIT,,,人员,4,false,0,not_applied,
P3,REVIEW_EMPTY,HRPSEY656,TEMP_IC_BCONHAND,,,人员,4,false,0,not_applied,
P3,REVIEW_EMPTY,HRPSEY656,TEMP_IC_FIXHANDDIM,,,人员,33,false,0,not_applied,
P3,REVIEW_EMPTY,HRPSEY656,TEMP_IC_FIXHANDNUM,,,人员,41,false,0,not_applied,
P3,REVIEW_EMPTY,HRPSEY656,TEMP_IC_FLOWHAND,,,人员,30,false,0,not_applied,
P3,REVIEW_EMPTY,HRPSEY656,TEMP_IC_ICFLOW,,,人员,170,false,0,not_applied,
P3,REVIEW_EMPTY,HRPSEY656,TEMP_IC_IOGATHER,,,人员,72,false,0,not_applied,
P3,REVIEW_EMPTY,HRPSEY656,TEMP_IC_QRYFLOW,,,人员,179,false,0,not_applied,
P3,REVIEW_EMPTY,HRPSEY656,TEMP_IC_QRYFLOW_TMP,,,人员,173,false,0,not_applied,
P3,REVIEW_EMPTY,HRPSEY656,TEMP_IC_VMIMATERIAL,,,人员,10,false,0,not_applied,
P3,REVIEW_EMPTY,HRPSEY656,TEMP_IC_VMIVENDOR,,,人员,9,false,0,not_applied,
P3,REVIEW_EMPTY,HRPSEY656,TEMP_ORG_ASSETMAIN,,,人员,4,false,0,not_applied,
P3,REVIEW_EMPTY,HRPSEY656,TEMP_PAM_PK,,,人员,1,false,0,not_applied,
P3,REVIEW_EMPTY,HRPSEY656,TEMP_PAM_PK10,,,人员,1,false,0,not_applied,
P3,REVIEW_EMPTY,HRPSEY656,TEMP_PAM_PK12,,,人员,1,false,0,not_applied,
P3,REVIEW_EMPTY,HRPSEY656,TEMP_PAM_PK200,,,人员,1,false,0,not_applied,
P3,REVIEW_EMPTY,HRPSEY656,TEMP_PAM_PK40,,,人员,1,false,0,not_applied,
P3,REVIEW_EMPTY,HRPSEY656,TEMP_PK_ORGPK_PATIENTHNUM,,,人员,4,false,0,not_applied,
P3,REVIEW_EMPTY,HRPSEY656,TEMP_PK_PATIENTDIAGNOSISNO,,,人员,3,false,0,not_applied,
P3,REVIEW_EMPTY,HRPSEY656,TEMP_PM_PK,,,人员,1,false,0,not_applied,
P3,REVIEW_EMPTY,HRPSEY656,TEMP_PUBAPPPO_5H1,,,人员,2,false,0,not_applied,
P3,REVIEW_EMPTY,HRPSEY656,TEMP_PUBAPP_10T1,,,人员,2,false,0,not_applied,
P3,REVIEW_EMPTY,HRPSEY656,TEMP_PUBAPP_1T1,,,人员,2,false,0,not_applied,
P3,REVIEW_EMPTY,HRPSEY656,TEMP_PUBAPP_1T1A,,,人员,2,false,0,not_applied,
P3,REVIEW_EMPTY,HRPSEY656,TEMP_PUBAPP_2ID,,,人员,3,false,0,not_applied,
P3,REVIEW_EMPTY,HRPSEY656,TEMP_PUBAPP_3ID,,,人员,4,false,0,not_applied,
P3,REVIEW_EMPTY,HRPSEY656,TEMP_PUBAPP_5H1,,,人员,2,false,0,not_applied,
P3,REVIEW_EMPTY,HRPSEY656,TEMP_PUBAPP_5H1A,,,人员,2,false,0,not_applied,
P3,REVIEW_EMPTY,HRPSEY656,TEMP_PUBAPP_5T1,,,人员,2,false,0,not_applied,
P3,REVIEW_EMPTY,HRPSEY656,TEMP_PUBAPP_C_10T,,,人员,2,false,0,not_applied,
P3,REVIEW_EMPTY,HRPSEY656,TEMP_PUBAPP_C_1T,,,人员,2,false,0,not_applied,
P3,REVIEW_EMPTY,HRPSEY656,TEMP_PUBAPP_C_5H,,,人员,2,false,0,not_applied,
P3,REVIEW_EMPTY,HRPSEY656,TEMP_PUBAPP_C_5T,,,人员,2,false,0,not_applied,
P3,REVIEW_EMPTY,HRPSEY656,TEMP_PUBAPP_C_L,,,人员,2,false,0,not_applied,
P3,REVIEW_EMPTY,HRPSEY656,TEMP_PUBAPP_L1,,,人员,2,false,0,not_applied,
P3,REVIEW_EMPTY,HRPSEY656,TEMP_PUBAPP_PID,,,人员,3,false,0,not_applied,
P3,REVIEW_EMPTY,HRPSEY656,TEMP_SCMBDTRANS,,,人员,2,false,0,not_applied,
P3,REVIEW_EMPTY,HRPSEY656,TEMP_SNQUERYBYPKS1T1,,,人员,2,false,0,not_applied,
P3,REVIEW_EMPTY,HRPSEY656,TEMP_SNQUERYBYPKS5H1,,,人员,2,false,0,not_applied,
P3,REVIEW_EMPTY,HRPSEY656,TEMP_SNQUERYBYPKS5T1,,,人员,2,false,0,not_applied,
P3,REVIEW_EMPTY,HRPSEY656,TEMP_SN_DELSNREFQUERY,,,人员,6,false,0,not_applied,
P3,REVIEW_EMPTY,HRPSEY656,TEMP_SN_UPDATESNQUERYDOC1T1,,,人员,2,false,0,not_applied,
P3,REVIEW_EMPTY,HRPSEY656,TEMP_SN_UPDATESNQUERYDOC5H1,,,人员,2,false,0,not_applied,
P3,REVIEW_EMPTY,HRPSEY656,TEMP_SN_UPDATESNREFQUERYREF,,,人员,5,false,0,not_applied,
P3,REVIEW_EMPTY,HRPSEY656,TEMP_TO_1T1,,,人员,2,false,0,not_applied,
P3,REVIEW_EMPTY,HRPSEY656,TMPTEMPLATE_SYSUSER,,,人员,0,false,0,not_applied,
P3,REVIEW_EMPTY,HRPSEY656,TMPTEMPLATE_USERSYS,,,人员,0,false,0,not_applied,
P3,REVIEW_EMPTY,HRPSEY656,UIDBCACHE_TEMP,,,人员,0,false,0,not_applied,
P3,REVIEW_EMPTY,HRPSEY656,UIDBCACHE_TEMP_J_C1C20,,,人员,0,false,0,not_applied,
P3,REVIEW_EMPTY,HRPSEY656,UIDBCACHE_TEMP_J_C20C1,,,人员,0,false,0,not_applied,
P3,REVIEW_EMPTY,HRPSEY656,UIDBCACHE_TEMP_J_C20C20,,,人员,0,false,0,not_applied,
P3,REVIEW_EMPTY,HRPSEY656,UIDBCACHE_TEMP_J_C20S,,,人员,0,false,0,not_applied,
P3,REVIEW_EMPTY,HRPSEY656,UIDBCACHE_TEMP_J_C20V20,,,人员,0,false,0,not_applied,
P3,REVIEW_EMPTY,HRPSEY656,UIDBCACHE_TEMP_J_SC20,,,人员,0,false,0,not_applied,
P3,REVIEW_EMPTY,HRPSEY656,UIDBCACHE_TEMP_J_V20S,,,人员,0,false,0,not_applied,
P3,REVIEW_EMPTY,HRPSEY656,UIDBCACHE_TEMP_J_V20V20,,,人员,0,false,0,not_applied,
P3,REVIEW_EMPTY,HRPSEY656,UIDBCACHE_TEMP_J_V20V200,,,人员,0,false,0,not_applied,
P3,REVIEW_EMPTY,HRPSEY656,UIDBCACHE_TEMP_J_V40C1,,,人员,0,false,0,not_applied,
P3,REVIEW_EMPTY,HRPSEY656,UIDBCACHE_TEMP_J_V40S,,,人员,0,false,0,not_applied,
P3,REVIEW_EMPTY,HRPSEY656,WABM_TEMP_WABMFILEORG,,,人员,0,false,0,not_applied,
P3,REVIEW_EMPTY,HRPSEY656,CMP_CONTRASTORGYEAR,,,科室/组织,2,false,0,not_applied,
P3,REVIEW_EMPTY,HRPSEY656,CMP_ORGYEAR_ALL,,,科室/组织,2,false,0,not_applied,
P3,REVIEW_EMPTY,HRPSEY656,HRP_BUDGET_DEPTPERIOD,,0,科室/组织,17,true,0,keep,少行维度/分类根表
P3,REVIEW_EMPTY,HRPSEY656,ORGTYPE_BUSIREGION,,0,科室/组织,7,true,0,keep,少行维度/分类根表
P3,REVIEW_EMPTY,HRPSEY656,PERP_BDEPTCLASS,,0,科室/组织,26,true,0,keep,少行维度/分类根表
P3,REVIEW_EMPTY,HRPSEY656,SM_EXTAUTHORGTYPES,,0,科室/组织,4,false,0,keep,少行维度/分类根表
P3,REVIEW_EMPTY,HRPSEY656,TMPBD_IDS_ORG,,,科室/组织,0,false,0,not_applied,
P3,REVIEW_EMPTY,HRPSEY656,TMPBD_MUILTIORGASS,,,科室/组织,0,false,0,not_applied,
P3,REVIEW_EMPTY,HRPSEY656,HRJQ_JOBLEVEL,,0,岗位/职务,43,true,0,keep,少行维度/分类根表
P3,REVIEW_EMPTY,HRPSEY656,HRJQ_JOBTYPE,,0,岗位/职务,22,true,0,keep,少行维度/分类根表
P3,REVIEW_EMPTY,HRPSEY656,OM_JOBGRADE,,0,岗位/职务,15,true,0,keep,少行维度/分类根表
P3,REVIEW_EMPTY,HRPSEY656,RM_JOBTYPE,,0,岗位/职务,18,true,0,keep,少行维度/分类根表
P3,REVIEW_EMPTY,HRPSEY656,SM_USER_TYPE,,0,用户账号,6,true,0,keep,少行维度/分类根表
P3,REVIEW_EMPTY,HRPSEY656,TMPBD_ACCOUNT,,,用户账号,0,false,0,not_applied,
P3,REVIEW_EMPTY,HRPSEY656,TMPBD_ACCOUNT2,,,用户账号,0,false,0,not_applied,
P3,REVIEW_EMPTY,HRPSEY656,TMPBD_ACCOUNTPK,,,用户账号,0,false,0,not_applied,
P3,REVIEW_EMPTY,HRPSEY656,TMPRBAC_RESPROLE,,,用户账号,0,false,0,not_applied,
P3,REVIEW_EMPTY,HRPSEY656,TMPRBAC_USERFUNC,,,用户账号,0,false,0,not_applied,
P3,REVIEW_EMPTY,HRPSEY656,TMP_ACCOUNT_ASSIGN,,,用户账号,0,false,0,not_applied,
P3,REVIEW_EMPTY,HRPSEY656,WA_CLASSITEMDSP,,0,薪酬/绩效,0,true,0,keep,少行维度/分类根表
P3,REVIEW_EMPTY,HRPSEY656,WA_CLASS_FIORG,,0,薪酬/绩效,0,true,0,keep,少行维度/分类根表
P3,REVIEW_EMPTY,HRPSEY656,WA_CLASS_PRINT,,0,薪酬/绩效,0,true,0,keep,少行维度/分类根表
P3,REVIEW_EMPTY,HRPSEY656,WA_INLUDECLASS,,0,薪酬/绩效,0,true,0,keep,少行维度/分类根表
P3,REVIEW_EMPTY,HRPSEY656,WA_PAYSLIP_CLASS,,0,薪酬/绩效,0,true,0,keep,少行维度/分类根表
P3,REVIEW_EMPTY,HRPSEY656,WA_TEMP_CLASS,,,薪酬/绩效,0,false,0,not_applied,
P3,REVIEW_EMPTY,HRPSEY656,WA_TEMP_DATAPSN,,,薪酬/绩效,0,false,0,not_applied,
P3,REVIEW_EMPTY,HRPSEY656,WA_TEMP_DATAS2,,,薪酬/绩效,0,false,0,not_applied,
P3,REVIEW_EMPTY,HRPSEY656,WA_TEMP_PSNBANKACC,,,薪酬/绩效,0,false,0,not_applied,
P3,REVIEW_EMPTY,HRPSEY656,WA_TEMP_PSNJOB,,,薪酬/绩效,0,false,0,not_applied,
P3,REVIEW_EMPTY,HRPSEY656,HSTF_INSTOCKDATA,,0,供应商/物资,55,true,1,keep,被视图引用1次(关系种子)
P3,REVIEW_EMPTY,HRPSEY656,HSTF_INSTOCKDATAB,,0,供应商/物资,50,true,1,keep,被视图引用1次(关系种子)
P3,REVIEW_EMPTY,HRPSEY656,HSTF_OUTSTOCKDATA,,0,供应商/物资,56,true,1,keep,被视图引用1次(关系种子)
P3,REVIEW_EMPTY,HRPSEY656,HSTF_OUTSTOCKDATA_B,,0,供应商/物资,51,true,1,keep,被视图引用1次(关系种子)
P3,REVIEW_EMPTY,HRPSEY656,BD_MATERIALTAXTYPE,,0,供应商/物资,17,true,0,keep,少行维度/分类根表
P3,REVIEW_EMPTY,HRPSEY656,BD_SUPPLIER_GRADE,,0,供应商/物资,24,true,0,keep,少行维度/分类根表
P3,REVIEW_EMPTY,HRPSEY656,BD_SUPPLIER_GRADE_SYS,,0,供应商/物资,29,true,0,keep,少行维度/分类根表
P3,REVIEW_EMPTY,HRPSEY656,GL_TMP_TABLE,,,财务/总账,1,false,0,not_applied,
P3,REVIEW_EMPTY,HRPSEY656,GL_TMP_TABLE_DETAIL,,,财务/总账,1,false,0,not_applied,
P3,REVIEW_EMPTY,HRPSEY656,GL_VOUTYPERULE,,0,财务/总账,7,true,0,keep,少行维度/分类根表
P3,REVIEW_EMPTY,HRPSEY656,IA_TEMP_MATERIALBILL,,,财务/辅助账,2,false,0,not_applied,
P3,REVIEW_EMPTY,HRPSEY656,COST_COSTCLASS_B,,0,财务/成本,7,true,0,keep,少行维度/分类根表
P3,REVIEW_EMPTY,HRPSEY656,GLTMP_VOUCHERPKORA,,,财务,1,false,0,not_applied,
P3,REVIEW_EMPTY,HRPSEY656,PUB_BILLITFDEF_UPGRADE,,0,财务,9,false,0,keep,少行维度/分类根表
P3,REVIEW_EMPTY,HRPSEY656,RESA_COMMONVOUCHERTYPE,,0,财务,17,true,0,keep,少行维度/分类根表
P3,REVIEW_EMPTY,HRPSEY656,TMPGL_DOCMAPPING,,,财务,0,false,0,not_applied,
P3,REVIEW_EMPTY,HRPSEY656,TMPGL_PCTOSC,,,财务,0,false,0,not_applied,
P3,REVIEW_EMPTY,HRPSEY656,TMPGL_PPKTOSPK,,,财务,0,false,0,not_applied,
P3,REVIEW_EMPTY,HRPSEY656,TMPINPAYABLEBILL0,,,财务,0,false,0,not_applied,
P3,REVIEW_EMPTY,HRPSEY656,TMPINPAYABLEBILL1,,,财务,0,false,0,not_applied,
P3,REVIEW_EMPTY,HRPSEY656,TMPINPAYABLEBILL2,,,财务,0,false,0,not_applied,
P3,REVIEW_EMPTY,HRPSEY656,TMPINPAYABLEBILL3,,,财务,0,false,0,not_applied,
P3,REVIEW_EMPTY,HRPSEY656,TMPINPAYABLEBILL4,,,财务,0,false,0,not_applied,
P3,REVIEW_EMPTY,HRPSEY656,TMPINPAYABLEBILL5,,,财务,0,false,0,not_applied,
P3,REVIEW_EMPTY,HRPSEY656,TMPINPAYABLEBILL6,,,财务,0,false,0,not_applied,
P3,REVIEW_EMPTY,HRPSEY656,TMPINPAYABLEBILL7,,,财务,0,false,0,not_applied,
P3,REVIEW_EMPTY,HRPSEY656,TMPINPAYABLEBILL8,,,财务,0,false,0,not_applied,
P3,REVIEW_EMPTY,HRPSEY656,TMPINPK_BILL0,,,财务,0,false,0,not_applied,
P3,REVIEW_EMPTY,HRPSEY656,TMPINPK_BILL1,,,财务,0,false,0,not_applied,
P3,REVIEW_EMPTY,HRPSEY656,TMPINPK_BILL2,,,财务,0,false,0,not_applied,
P3,REVIEW_EMPTY,HRPSEY656,TMPINPK_BILL3,,,财务,0,false,0,not_applied,
P3,REVIEW_EMPTY,HRPSEY656,TMPINPK_BILL4,,,财务,0,false,0,not_applied,
P3,REVIEW_EMPTY,HRPSEY656,TMPINPK_BILL5,,,财务,0,false,0,not_applied,
P3,REVIEW_EMPTY,HRPSEY656,TMPINPK_BILL6,,,财务,0,false,0,not_applied,
P3,REVIEW_EMPTY,HRPSEY656,TMPINPK_BILL7,,,财务,0,false,0,not_applied,
P3,REVIEW_EMPTY,HRPSEY656,TMPINPK_BILL8,,,财务,0,false,0,not_applied,
P3,REVIEW_EMPTY,HRPSEY656,TMPINPK_BUSIBILL3,,,财务,0,false,0,not_applied,
P3,REVIEW_EMPTY,HRPSEY656,TMPINPK_BUSIBILL4,,,财务,0,false,0,not_applied,
P3,REVIEW_EMPTY,HRPSEY656,TMPINPK_BUSIBILL8,,,财务,0,false,0,not_applied,
P3,REVIEW_EMPTY,HRPSEY656,TMPINPK_PAYBILL0,,,财务,0,false,0,not_applied,
P3,REVIEW_EMPTY,HRPSEY656,TMPINPK_PAYBILL1,,,财务,0,false,0,not_applied,
P3,REVIEW_EMPTY,HRPSEY656,TMPINPK_PAYBILL2,,,财务,0,false,0,not_applied,
P3,REVIEW_EMPTY,HRPSEY656,TMPINPK_PAYBILL3,,,财务,0,false,0,not_applied,
P3,REVIEW_EMPTY,HRPSEY656,TMPINPK_PAYBILL4,,,财务,0,false,0,not_applied,
P3,REVIEW_EMPTY,HRPSEY656,TMPINPK_PAYBILL5,,,财务,0,false,0,not_applied,
P3,REVIEW_EMPTY,HRPSEY656,TMPINPK_PAYBILL6,,,财务,0,false,0,not_applied,
P3,REVIEW_EMPTY,HRPSEY656,TMPINPK_PAYBILL7,,,财务,0,false,0,not_applied,
P3,REVIEW_EMPTY,HRPSEY656,TMPINPK_PAYBILL8,,,财务,0,false,0,not_applied,
P3,REVIEW_EMPTY,HRPSEY656,TMP_GL_FIPSUM,,,财务,0,false,0,not_applied,
P3,REVIEW_EMPTY,HRPSEY656,TMP_GL_FREEVALUEID,,,财务,0,false,0,not_applied,
P3,REVIEW_EMPTY,HRPSEY656,TMP_GL_RSDETAILPK,,,财务,0,false,0,not_applied,
P3,REVIEW_EMPTY,HRPSEY656,TMP_GL_RSVOUCHERPK,,,财务,0,false,0,not_applied,
P3,REVIEW_EMPTY,HRPSEY656,PAM_WARCONTRACT_R,,0,固定资产/设备,36,true,1,keep,被视图引用1次(关系种子)
P3,REVIEW_EMPTY,HRPSEY656,PAM_CATEGORY_C,,0,固定资产/设备,8,true,0,keep,少行维度/分类根表
P3,REVIEW_EMPTY,HRPSEY656,PAM_EQUIP_TRANTYPE,,0,固定资产/设备,6,true,0,keep,少行维度/分类根表
P3,REVIEW_EMPTY,HRPSEY656,PAM_EXPENSETYPE,,0,固定资产/设备,39,true,0,keep,少行维度/分类根表
P3,REVIEW_EMPTY,HRPSEY656,PAM_FAILURE_TYPE,,0,固定资产/设备,18,true,0,keep,少行维度/分类根表
P3,REVIEW_EMPTY,HRPSEY656,PAM_MAP_LOCATION_TYPE,,0,固定资产/设备,10,true,0,keep,少行维度/分类根表
P3,REVIEW_EMPTY,HRPSEY656,PAM_STD_JOB_TYPE,,0,固定资产/设备,20,true,0,keep,少行维度/分类根表
P3,REVIEW_EMPTY,HRPSEY656,ADP_RESTYPERULE,,0,字典/编码,9,true,0,keep,字典域保留
P3,REVIEW_EMPTY,HRPSEY656,BCBD_BARCODEDICT,,0,字典/编码,20,true,0,keep,字典域保留
P3,REVIEW_EMPTY,HRPSEY656,BCBD_BARCODEDICT_B,,0,字典/编码,15,true,0,keep,字典域保留
P3,REVIEW_EMPTY,HRPSEY656,BC_SENDTYPE,,0,字典/编码,10,true,0,keep,字典域保留
P3,REVIEW_EMPTY,HRPSEY656,BC_SENDTYPE_B,,0,字典/编码,5,true,0,keep,字典域保留
P3,REVIEW_EMPTY,HRPSEY656,BD_AUDITDEF,,0,字典/编码,22,true,0,keep,字典域保留
P3,REVIEW_EMPTY,HRPSEY656,BD_BUSITYPE_UPGRADE,,0,字典/编码,6,false,0,keep,字典域保留
P3,REVIEW_EMPTY,HRPSEY656,BD_CBSDEFAULT,,0,字典/编码,8,true,0,keep,字典域保留
P3,REVIEW_EMPTY,HRPSEY656,BD_CHANNELTYPE,,0,字典/编码,23,true,0,keep,字典域保留
P3,REVIEW_EMPTY,HRPSEY656,BD_COSTOBJTYPE,,0,字典/编码,16,true,0,keep,字典域保留
P3,REVIEW_EMPTY,HRPSEY656,BD_CUSTSALECLASS,,0,字典/编码,28,true,0,keep,字典域保留
P3,REVIEW_EMPTY,HRPSEY656,BD_CUSTTAXTYPES,,0,字典/编码,7,true,0,keep,字典域保留
P3,REVIEW_EMPTY,HRPSEY656,BD_DI_RECLASSIFY,,0,字典/编码,9,true,0,keep,字典域保留
P3,REVIEW_EMPTY,HRPSEY656,BD_FCLASS,,0,字典/编码,18,true,0,keep,字典域保留
P3,REVIEW_EMPTY,HRPSEY656,BD_FCLASS_B,,0,字典/编码,10,true,0,keep,字典域保留
P3,REVIEW_EMPTY,HRPSEY656,BD_FEATURECODE,,0,字典/编码,15,true,0,keep,字典域保留
P3,REVIEW_EMPTY,HRPSEY656,BD_FEATURECODE_B,,0,字典/编码,10,true,0,keep,字典域保留
P3,REVIEW_EMPTY,HRPSEY656,BD_FEATURECODE_SN,,0,字典/编码,5,true,0,keep,字典域保留
P3,REVIEW_EMPTY,HRPSEY656,BD_GOODSCODE,,0,字典/编码,21,true,0,keep,字典域保留
P3,REVIEW_EMPTY,HRPSEY656,BD_MARCOSTCLASS,,0,字典/编码,21,true,0,keep,字典域保留
P3,REVIEW_EMPTY,HRPSEY656,BD_MARSALECLASS,,0,字典/编码,20,true,0,keep,字典域保留
P3,REVIEW_EMPTY,HRPSEY656,BD_PROJECTCLASS_B,,0,字典/编码,8,true,0,keep,字典域保留
P3,REVIEW_EMPTY,HRPSEY656,BD_PROJTYPECBS,,0,字典/编码,21,true,0,keep,字典域保留
P3,REVIEW_EMPTY,HRPSEY656,BD_SHIFTTYPE,,0,字典/编码,21,true,0,keep,字典域保留
P3,REVIEW_EMPTY,HRPSEY656,BD_SUPABCLASS,,0,字典/编码,42,true,0,keep,字典域保留
P3,REVIEW_EMPTY,HRPSEY656,BD_SUPQUALITYPE,,0,字典/编码,21,true,0,keep,字典域保留
P3,REVIEW_EMPTY,HRPSEY656,BD_TRANSACTIONCODE,,0,字典/编码,13,true,0,keep,字典域保留
P3,REVIEW_EMPTY,HRPSEY656,BD_WKCLASS,,0,字典/编码,21,true,0,keep,字典域保留
P3,REVIEW_EMPTY,HRPSEY656,BI_ANAREP_DEF,,0,字典/编码,21,true,0,keep,字典域保留
P3,REVIEW_EMPTY,HRPSEY656,BI_CALC_DEF,,0,字典/编码,20,true,0,keep,字典域保留
P3,REVIEW_EMPTY,HRPSEY656,BI_DASHBOARD_DEF,,0,字典/编码,28,true,0,keep,字典域保留
P3,REVIEW_EMPTY,HRPSEY656,BI_LINK_DEF,,0,字典/编码,19,true,0,keep,字典域保留
P3,REVIEW_EMPTY,HRPSEY656,BI_OBA_DEF,,0,字典/编码,21,true,0,keep,字典域保留
P3,REVIEW_EMPTY,HRPSEY656,BI_SUBSCRIBE_DEF,,0,字典/编码,25,true,0,keep,字典域保留
P3,REVIEW_EMPTY,HRPSEY656,BI_SUBSCRIBE_REP_DEF,,0,字典/编码,24,true,0,keep,字典域保留
P3,REVIEW_EMPTY,HRPSEY656,BM_CLASSITEM,,0,字典/编码,38,true,0,keep,字典域保留
P3,REVIEW_EMPTY,HRPSEY656,CC_CCTYPE,,0,字典/编码,53,true,0,keep,字典域保留
P3,REVIEW_EMPTY,HRPSEY656,CC_CCTYPEVERS,,0,字典/编码,54,true,0,keep,字典域保留
P3,REVIEW_EMPTY,HRPSEY656,CM_ALLOCDEF,,0,字典/编码,27,true,0,keep,字典域保留
P3,REVIEW_EMPTY,HRPSEY656,CM_ALLOCDEF_C,,0,字典/编码,9,true,0,keep,字典域保留
P3,REVIEW_EMPTY,HRPSEY656,CM_ALLOCDEF_F,,0,字典/编码,15,true,0,keep,字典域保留
P3,REVIEW_EMPTY,HRPSEY656,CM_CHECKDEF,,0,字典/编码,20,true,0,keep,字典域保留
P3,REVIEW_EMPTY,HRPSEY656,CM_COSTTRANDEF,,0,字典/编码,15,true,0,keep,字典域保留
P3,REVIEW_EMPTY,HRPSEY656,CM_LAYRATIODEF,,0,字典/编码,17,true,0,keep,字典域保留
P3,REVIEW_EMPTY,HRPSEY656,CM_LAYRATIODEF_B,,0,字典/编码,14,true,0,keep,字典域保留
P3,REVIEW_EMPTY,HRPSEY656,CM_UNITEDEPUTYDETACHDEF,,0,字典/编码,16,true,0,keep,字典域保留
P3,REVIEW_EMPTY,HRPSEY656,COPUB_CODEPART_DISEASE_B,,0,字典/编码,7,true,0,keep,字典域保留
P3,REVIEW_EMPTY,HRPSEY656,COPUB_CODEPART_DISEASE_H,,0,字典/编码,35,true,0,keep,字典域保留
P3,REVIEW_EMPTY,HRPSEY656,CP_DOC_TYPE,,0,字典/编码,13,true,0,keep,字典域保留
P3,REVIEW_EMPTY,HRPSEY656,CT_TERMTYPE,,0,字典/编码,13,true,0,keep,字典域保留
P3,REVIEW_EMPTY,HRPSEY656,DCM_CHNLMNGTYPE,,0,字典/编码,17,true,0,keep,字典域保留
P3,REVIEW_EMPTY,HRPSEY656,DCM_HELPSELLCLASS,,0,字典/编码,17,true,0,keep,字典域保留
P3,REVIEW_EMPTY,HRPSEY656,DM_FEETARIFFDEF,,0,字典/编码,11,true,0,keep,字典域保留
P3,REVIEW_EMPTY,HRPSEY656,DM_FEETARIFFDEF_B,,0,字典/编码,10,true,0,keep,字典域保留
P3,REVIEW_EMPTY,HRPSEY656,DM_VEHICLETYPE,,0,字典/编码,40,true,0,keep,字典域保留
P3,REVIEW_EMPTY,HRPSEY656,EWM_PERMPRECAUTTYPE,,0,字典/编码,18,true,0,keep,字典域保留
P3,REVIEW_EMPTY,HRPSEY656,EWM_PLAN_TYPE,,0,字典/编码,20,true,0,keep,字典域保留
P3,REVIEW_EMPTY,HRPSEY656,FAR_ASSTYPE,,0,字典/编码,5,true,0,keep,字典域保留
P3,REVIEW_EMPTY,HRPSEY656,FIP_CLASSVIEW,,0,字典/编码,10,true,0,keep,字典域保留
P3,REVIEW_EMPTY,HRPSEY656,FIP_CLASSVIEW_B,,0,字典/编码,16,true,0,keep,字典域保留
P3,REVIEW_EMPTY,HRPSEY656,FI_RATECODE,,0,字典/编码,36,true,0,keep,字典域保留
P3,REVIEW_EMPTY,HRPSEY656,HPF_CHARGETYPE,,0,字典/编码,64,true,0,keep,字典域保留
P3,REVIEW_EMPTY,HRPSEY656,HPF_INSURANCETYPE,,0,字典/编码,56,true,0,keep,字典域保留
P3,REVIEW_EMPTY,HRPSEY656,HPF_PJTYPEDOC,,0,字典/编码,34,true,0,keep,字典域保留
P3,REVIEW_EMPTY,HRPSEY656,HRC_CAND_TYPE,,0,字典/编码,17,true,0,keep,字典域保留
P3,REVIEW_EMPTY,HRPSEY656,HRC_TALENT_TYPE,,0,字典/编码,17,true,0,keep,字典域保留
P3,REVIEW_EMPTY,HRPSEY656,HRHA_CHANGECLASS,,0,字典/编码,56,true,0,keep,字典域保留
P3,REVIEW_EMPTY,HRPSEY656,HRHA_CHANGECLASS_B,,0,字典/编码,21,true,0,keep,字典域保留
P3,REVIEW_EMPTY,HRPSEY656,HRHA_SHIFTTYPE,,0,字典/编码,37,true,0,keep,字典域保留
P3,REVIEW_EMPTY,HRPSEY656,HRPCO_INCOMEBALANCE_CLASS,,0,字典/编码,31,true,0,keep,字典域保留
P3,REVIEW_EMPTY,HRPSEY656,HRPOM_OUTLAYCLASS,,0,字典/编码,41,true,0,keep,字典域保留
P3,REVIEW_EMPTY,HRPSEY656,HRPPJ_PJTYPE,,0,字典/编码,43,true,0,keep,字典域保留
P3,REVIEW_EMPTY,HRPSEY656,HRPPL_JXAIMSTYPE,,0,字典/编码,27,true,0,keep,字典域保留
P3,REVIEW_EMPTY,HRPSEY656,HRP_DIMENSIONDEF,,0,字典/编码,19,true,0,keep,字典域保留
P3,REVIEW_EMPTY,HRPSEY656,HRRP_DIMENSIONDEF,,0,字典/编码,14,true,0,keep,字典域保留
P3,REVIEW_EMPTY,HRPSEY656,HR_CINDEX_TYPE,,0,字典/编码,18,true,0,keep,字典域保留
P3,REVIEW_EMPTY,HRPSEY656,HR_CODERULE,,0,字典/编码,10,true,0,keep,字典域保留
P3,REVIEW_EMPTY,HRPSEY656,HR_INDI_TYPE,,0,字典/编码,29,true,0,keep,字典域保留
P3,REVIEW_EMPTY,HRPSEY656,HR_TRNSTYPE_FLOW,,0,字典/编码,11,true,0,keep,字典域保留
P3,REVIEW_EMPTY,HRPSEY656,HR_VOCHAG_DEFAULT,,0,字典/编码,17,true,0,keep,字典域保留
P3,REVIEW_EMPTY,HRPSEY656,ICC_CCTYPE,,0,字典/编码,54,true,0,keep,字典域保留
P3,REVIEW_EMPTY,HRPSEY656,ICC_CCTYPEVERS,,0,字典/编码,55,true,0,keep,字典域保留
P3,REVIEW_EMPTY,HRPSEY656,IC_BARCODEDICT_B,,0,字典/编码,10,true,0,keep,字典域保留
P3,REVIEW_EMPTY,HRPSEY656,IC_BARCODEDICT_H,,0,字典/编码,17,true,0,keep,字典域保留
P3,REVIEW_EMPTY,HRPSEY656,IC_BARCODERULE_B,,0,字典/编码,13,true,0,keep,字典域保留
P3,REVIEW_EMPTY,HRPSEY656,IC_BARCODERULE_H,,0,字典/编码,20,true,0,keep,字典域保留
P3,REVIEW_EMPTY,HRPSEY656,IC_DEFAULTSPACE,,0,字典/编码,5,true,0,keep,字典域保留
P3,REVIEW_EMPTY,HRPSEY656,IC_PACKINGTYPE,,0,字典/编码,36,true,0,keep,字典域保留
P3,REVIEW_EMPTY,HRPSEY656,IC_PACKTYPE,,0,字典/编码,26,true,0,keep,字典域保留
P3,REVIEW_EMPTY,HRPSEY656,IC_TRANSTYPETOSTATE,,0,字典/编码,7,true,0,keep,字典域保留
P3,REVIEW_EMPTY,HRPSEY656,MAPUB_COSTTYPE,,0,字典/编码,30,true,0,keep,字典域保留
P3,REVIEW_EMPTY,HRPSEY656,MM_BARCODECON,,0,字典/编码,46,true,0,keep,字典域保留
P3,REVIEW_EMPTY,HRPSEY656,MM_BARCODECON_SCANRED,,0,字典/编码,60,true,0,keep,字典域保留
P3,REVIEW_EMPTY,HRPSEY656,OAAR_ACTTYPE,,0,字典/编码,19,true,0,keep,字典域保留
P3,REVIEW_EMPTY,HRPSEY656,OACM_CONTRACTTYPE,,0,字典/编码,25,true,0,keep,字典域保留
P3,REVIEW_EMPTY,HRPSEY656,OAFF_ENUMMD,,0,字典/编码,9,true,0,keep,字典域保留
P3,REVIEW_EMPTY,HRPSEY656,OAOD_OFFICIALDOCTYPE,,0,字典/编码,26,true,0,keep,字典域保留
P3,REVIEW_EMPTY,HRPSEY656,OA_DEFDOC,,0,字典/编码,50,true,0,keep,字典域保留
P3,REVIEW_EMPTY,HRPSEY656,PCA_CORULECLASS,,0,字典/编码,20,true,0,keep,字典域保留
P3,REVIEW_EMPTY,HRPSEY656,PD_PLANTYPE,,0,字典/编码,33,true,0,keep,字典域保留
P3,REVIEW_EMPTY,HRPSEY656,PD_PRODLINERELDEF,,0,字典/编码,16,true,0,keep,字典域保留
P3,REVIEW_EMPTY,HRPSEY656,PD_PRODLINERELDEF_B,,0,字典/编码,12,true,0,keep,字典域保留
P3,REVIEW_EMPTY,HRPSEY656,PD_PR_MARBASCLASS,,0,字典/编码,9,true,0,keep,字典域保留
P3,REVIEW_EMPTY,HRPSEY656,PD_SHIFTDEF,,0,字典/编码,21,true,0,keep,字典域保留
P3,REVIEW_EMPTY,HRPSEY656,PD_SHIFTDEF_B,,0,字典/编码,10,true,0,keep,字典域保留
P3,REVIEW_EMPTY,HRPSEY656,PERP_COLLECLASS,,0,字典/编码,38,true,0,keep,字典域保留
P3,REVIEW_EMPTY,HRPSEY656,PERP_TARGCLASS,,0,字典/编码,27,true,0,keep,字典域保留
P3,REVIEW_EMPTY,HRPSEY656,PE_GAUGE_INDITYPE,,0,字典/编码,8,true,0,keep,字典域保留
P3,REVIEW_EMPTY,HRPSEY656,PM_ACCEPTCHECKTYPE,,0,字典/编码,20,true,0,keep,字典域保留
P3,REVIEW_EMPTY,HRPSEY656,PM_ASSESSCLASS,,0,字典/编码,21,true,0,keep,字典域保留
P3,REVIEW_EMPTY,HRPSEY656,PM_CHECKSTANDARDCLASSIFY,,0,字典/编码,20,true,0,keep,字典域保留
P3,REVIEW_EMPTY,HRPSEY656,PM_CONTRACTTYPE,,0,字典/编码,31,true,0,keep,字典域保留
P3,REVIEW_EMPTY,HRPSEY656,PM_DOCTYPE,,0,字典/编码,30,true,0,keep,字典域保留
P3,REVIEW_EMPTY,HRPSEY656,PM_OUTCOMETYPE,,0,字典/编码,20,true,0,keep,字典域保留
P3,REVIEW_EMPTY,HRPSEY656,PM_QCTYPE,,0,字典/编码,18,true,0,keep,字典域保留
P3,REVIEW_EMPTY,HRPSEY656,PM_SCOREDEF,,0,字典/编码,18,true,0,keep,字典域保留
P3,REVIEW_EMPTY,HRPSEY656,PM_SCORESTANDARDCLASS,,0,字典/编码,20,true,0,keep,字典域保留
P3,REVIEW_EMPTY,HRPSEY656,PRM_DISCOUNTDEF,,0,字典/编码,43,true,0,keep,字典域保留
P3,REVIEW_EMPTY,HRPSEY656,PRM_PRICETYPE,,0,字典/编码,11,true,0,keep,字典域保留
P3,REVIEW_EMPTY,HRPSEY656,PRM_TARIFFDEF,,0,字典/编码,44,true,0,keep,字典域保留
P3,REVIEW_EMPTY,HRPSEY656,PUB_DEFTOCLASS,,0,字典/编码,6,true,0,keep,字典域保留
P3,REVIEW_EMPTY,HRPSEY656,PUB_INSTANCE_DEF,,0,字典/编码,6,true,0,keep,字典域保留
P3,REVIEW_EMPTY,HRPSEY656,PUB_REFENUM,,0,字典/编码,6,true,0,keep,字典域保留
P3,REVIEW_EMPTY,HRPSEY656,PUB_WFDEF_REF,,0,字典/编码,5,true,0,keep,字典域保留
P3,REVIEW_EMPTY,HRPSEY656,PUB_WF_DEF_ADJUST,,0,字典/编码,5,true,0,keep,字典域保留
P3,REVIEW_EMPTY,HRPSEY656,PUB_WF_FUNCDEF,,0,字典/编码,8,true,0,keep,字典域保留
P3,REVIEW_EMPTY,HRPSEY656,QC_MATERCHKTYPE,,0,字典/编码,11,true,0,keep,字典域保留
P3,REVIEW_EMPTY,HRPSEY656,QC_REJECTTYPE,,0,字典/编码,14,true,0,keep,字典域保留
P3,REVIEW_EMPTY,HRPSEY656,QC_REJECTTYPE_B,,0,字典/编码,7,true,0,keep,字典域保留
P3,REVIEW_EMPTY,HRPSEY656,QC_STANDARDCLASS,,0,字典/编码,13,true,0,keep,字典域保留
P3,REVIEW_EMPTY,HRPSEY656,RESA_BIZINDEXCLASS,,0,字典/编码,19,true,0,keep,字典域保留
P3,REVIEW_EMPTY,HRPSEY656,RESA_CORULECLASS,,0,字典/编码,18,true,0,keep,字典域保留
P3,REVIEW_EMPTY,HRPSEY656,RESA_DEFAULTMERGESCHEME,,0,字典/编码,5,true,0,keep,字典域保留
P3,REVIEW_EMPTY,HRPSEY656,RESA_DEFFREE1,,0,字典/编码,14,true,0,keep,字典域保留
P3,REVIEW_EMPTY,HRPSEY656,RESA_FIPTYPE,,0,字典/编码,18,true,0,keep,字典域保留
P3,REVIEW_EMPTY,HRPSEY656,RESA_INNERSETTLETYPESET,,0,字典/编码,20,true,0,keep,字典域保留
P3,REVIEW_EMPTY,HRPSEY656,RESA_ISTRANSTYPE,,0,字典/编码,6,true,0,keep,字典域保留
P3,REVIEW_EMPTY,HRPSEY656,RESA_PRICETYPE,,0,字典/编码,18,true,0,keep,字典域保留
P3,REVIEW_EMPTY,HRPSEY656,RESA_PRICETYPEFACTOR,,0,字典/编码,7,true,0,keep,字典域保留
P3,REVIEW_EMPTY,HRPSEY656,RESA_TRANSFERDEF,,0,字典/编码,22,true,0,keep,字典域保留
P3,REVIEW_EMPTY,HRPSEY656,RESA_TRANSSCOPEDEF,,0,字典/编码,9,true,0,keep,字典域保留
P3,REVIEW_EMPTY,HRPSEY656,RM_CHANNELTYPE,,0,字典/编码,19,true,0,keep,字典域保留
P3,REVIEW_EMPTY,HRPSEY656,RM_EVATYPE,,0,字典/编码,18,true,0,keep,字典域保留
P3,REVIEW_EMPTY,HRPSEY656,SCA_UNITEDEPUTYDETACHDEF,,0,字典/编码,15,true,0,keep,字典域保留
P3,REVIEW_EMPTY,HRPSEY656,SCMPUB_SOURCETYPE,,0,字典/编码,7,true,0,keep,字典域保留
P3,REVIEW_EMPTY,HRPSEY656,SCM_MARTRANTYPE,,0,字典/编码,12,true,0,keep,字典域保留
P3,REVIEW_EMPTY,HRPSEY656,SCM_PROMOTTYPE,,0,字典/编码,13,true,0,keep,字典域保留
P3,REVIEW_EMPTY,HRPSEY656,SM_MSG_STYPEPROP,,0,字典/编码,6,true,0,keep,字典域保留
P3,REVIEW_EMPTY,HRPSEY656,SO_BUSITYPESET,,0,字典/编码,5,false,0,keep,字典域保留
P3,REVIEW_EMPTY,HRPSEY656,SO_LIMITTYPE,,0,字典/编码,22,true,0,keep,字典域保留
P3,REVIEW_EMPTY,HRPSEY656,SO_LIMITTYPE_BTYPE,,0,字典/编码,7,true,0,keep,字典域保留
P3,REVIEW_EMPTY,HRPSEY656,SO_LIMITTYPE_CTYPE,,0,字典/编码,7,true,0,keep,字典域保留
P3,REVIEW_EMPTY,HRPSEY656,SO_LIMITTYPE_PRC,,0,字典/编码,7,true,0,keep,字典域保留
P3,REVIEW_EMPTY,HRPSEY656,SRMSM_COMPLAINTTYPE,,0,字典/编码,31,true,0,keep,字典域保留
P3,REVIEW_EMPTY,HRPSEY656,SR_PLCY_BALTYPE,,0,字典/编码,6,true,0,keep,字典域保留
P3,REVIEW_EMPTY,HRPSEY656,SR_PLCY_ORDTYPE,,0,字典/编码,6,true,0,keep,字典域保留
P3,REVIEW_EMPTY,HRPSEY656,SR_PLCY_PRMTYPE,,0,字典/编码,8,true,0,keep,字典域保留
P3,REVIEW_EMPTY,HRPSEY656,SR_PLCY_RECETYPE,,0,字典/编码,6,true,0,keep,字典域保留
P3,REVIEW_EMPTY,HRPSEY656,TB_DEFPLANPERIOD,,0,字典/编码,31,true,0,keep,字典域保留
P3,REVIEW_EMPTY,HRPSEY656,TB_MVTYPE,,0,字典/编码,5,true,0,keep,字典域保留
P3,REVIEW_EMPTY,HRPSEY656,TB_TRADEFLOW,,0,字典/编码,20,true,0,keep,字典域保留
P3,REVIEW_EMPTY,HRPSEY656,TMPBD_ACCCODEGLQRY,,,字典/编码,0,false,0,not_applied,
P3,REVIEW_EMPTY,HRPSEY656,UAPBD_PROCLASS,,0,字典/编码,0,true,0,keep,字典域保留
P3,REVIEW_EMPTY,HRPSEY656,UFOC_DXTYPESEQ,,0,字典/编码,0,true,0,keep,字典域保留
P3,REVIEW_EMPTY,HRPSEY656,WEBDBL_ENUMVALUE,,0,字典/编码,0,true,0,keep,字典域保留
P3,REVIEW_EMPTY,HRPSEY656,WEBDBL_MDENUMTYPE,,0,字典/编码,0,true,0,keep,字典域保留
P3,REVIEW_EMPTY,HRPSEY656,WFM_FLOWTYPE,,0,字典/编码,0,true,0,keep,字典域保留
P3,REVIEW_EMPTY,HRPSEY656,WFM_FORMDEF,,0,字典/编码,0,true,0,keep,字典域保留
P3,REVIEW_EMPTY,HRPSEY656,WFM_FORMTYPE,,0,字典/编码,0,true,0,keep,字典域保留
P3,REVIEW_EMPTY,HRPSEY656,WFM_QUERYCLASS,,0,字典/编码,0,true,0,keep,字典域保留
P3,REVIEW_EMPTY,HRPSEY656,WFM_REJECTNCTYPE,,0,字典/编码,0,true,0,keep,字典域保留
P3,REVIEW_EMPTY,HRPSEY656,WFM_SERIALCODE,,0,字典/编码,0,true,0,keep,字典域保留
P3,EXCLUDE_EMPTY,HRPSEY656,BD_RACK,,0,其他,28,true,2,keep,被视图引用2次(关系种子)
P3,EXCLUDE_EMPTY,HRPSEY656,ACCQRYBYPKS,,,其他,3,false,0,not_applied,
P3,EXCLUDE_EMPTY,HRPSEY656,BD_CUSTUPGRADE,,0,其他,23,true,0,keep,少行维度/分类根表
P3,EXCLUDE_EMPTY,HRPSEY656,BD_MATEGRADE,,0,其他,9,true,0,keep,少行维度/分类根表
P3,EXCLUDE_EMPTY,HRPSEY656,BD_PERIODMAPPING,,0,其他,13,true,0,keep,少行维度/分类根表
P3,EXCLUDE_EMPTY,HRPSEY656,BD_PERIODMAPPINGDETAIL,,0,其他,9,true,0,keep,少行维度/分类根表
P3,EXCLUDE_EMPTY,HRPSEY656,BD_SUPQUALILEVEL,,0,其他,22,true,0,keep,少行维度/分类根表
P3,EXCLUDE_EMPTY,HRPSEY656,BD_SUPUPGRADE,,0,其他,23,true,0,keep,少行维度/分类根表
P3,EXCLUDE_EMPTY,HRPSEY656,BM_PERIOD,,0,其他,10,true,0,keep,少行维度/分类根表
P3,EXCLUDE_EMPTY,HRPSEY656,BM_PERIODSCHEME,,0,其他,17,true,0,keep,少行维度/分类根表
P3,EXCLUDE_EMPTY,HRPSEY656,BM_PERIODSTATE,,0,其他,13,true,0,keep,少行维度/分类根表
P3,EXCLUDE_EMPTY,HRPSEY656,CM_CTREVERTLEVEL,,0,其他,11,true,0,keep,少行维度/分类根表
P3,EXCLUDE_EMPTY,HRPSEY656,CM_TRANLEVEL,,0,其他,12,true,0,keep,少行维度/分类根表
P3,EXCLUDE_EMPTY,HRPSEY656,CM_TRANLEVELCAL,,0,其他,20,true,0,keep,少行维度/分类根表
P3,EXCLUDE_EMPTY,HRPSEY656,CM_TRANLEVELCHECK,,0,其他,14,true,0,keep,少行维度/分类根表
P3,EXCLUDE_EMPTY,HRPSEY656,COPUB_COASSETCATEGORY,,0,其他,35,true,0,keep,少行维度/分类根表
P3,EXCLUDE_EMPTY,HRPSEY656,EQPF_ECHECKPERIOD,,0,其他,26,true,0,keep,少行维度/分类根表
P3,EXCLUDE_EMPTY,HRPSEY656,FIPUBTMP_TIMECTRL,,,其他,8,false,0,not_applied,
P3,EXCLUDE_EMPTY,HRPSEY656,FI_PERIOD_D,,0,其他,10,true,0,keep,少行维度/分类根表
P3,EXCLUDE_EMPTY,HRPSEY656,GLTMP_ASSORAA,,,其他,1,false,0,not_applied,
P3,EXCLUDE_EMPTY,HRPSEY656,GLTMP_ASSORAID,,,其他,1,false,0,not_applied,
P3,EXCLUDE_EMPTY,HRPSEY656,GLTMP_VERIFYLOG,,,其他,1,false,0,not_applied,
P3,EXCLUDE_EMPTY,HRPSEY656,HPF_SPLITLEVEL,,0,其他,34,true,0,keep,少行维度/分类根表
P3,EXCLUDE_EMPTY,HRPSEY656,HRHA_HRHAPERIOD,,0,其他,57,true,0,keep,少行维度/分类根表
P3,EXCLUDE_EMPTY,HRPSEY656,HRHA_HRHAPERIOD_B,,0,其他,22,true,0,keep,少行维度/分类根表
P3,EXCLUDE_EMPTY,HRPSEY656,HRPOM_TOPICLEVEL,,0,其他,38,true,0,keep,少行维度/分类根表
P3,EXCLUDE_EMPTY,HRPSEY656,HRP_BUDGET_CORPPERIOD,,0,其他,20,true,0,keep,少行维度/分类根表
P3,EXCLUDE_EMPTY,HRPSEY656,HR_CINDEX_GRADE,,0,其他,18,true,0,keep,少行维度/分类根表
P3,EXCLUDE_EMPTY,HRPSEY656,HR_CPPE_GRADE,,0,其他,12,true,0,keep,少行维度/分类根表
P3,EXCLUDE_EMPTY,HRPSEY656,HR_INDI_GRADE,,0,其他,12,true,0,keep,少行维度/分类根表
P3,EXCLUDE_EMPTY,HRPSEY656,MD_QUERY_ASSIGN,,,其他,2,false,0,not_applied,
P3,EXCLUDE_EMPTY,HRPSEY656,OAFF_OAFREEFORMCATEGORY,,0,其他,12,true,0,keep,少行维度/分类根表
P3,EXCLUDE_EMPTY,HRPSEY656,OAVSM_CATEGORY,,0,其他,20,true,0,keep,少行维度/分类根表
P3,EXCLUDE_EMPTY,HRPSEY656,PCIA_PERIOD,,0,其他,7,true,0,keep,少行维度/分类根表
P3,EXCLUDE_EMPTY,HRPSEY656,PCIA_PERIODNAB,,0,其他,80,true,0,keep,少行维度/分类根表
P3,EXCLUDE_EMPTY,HRPSEY656,PERP_TARGRADE_B,,0,其他,23,true,0,keep,少行维度/分类根表
P3,EXCLUDE_EMPTY,HRPSEY656,PERP_TARGRADE_H,,0,其他,55,true,0,keep,少行维度/分类根表
P3,EXCLUDE_EMPTY,HRPSEY656,PE_GRADE,,0,其他,19,true,0,keep,少行维度/分类根表
P3,EXCLUDE_EMPTY,HRPSEY656,PE_GRADE_ITEM,,0,其他,21,true,0,keep,少行维度/分类根表
P3,EXCLUDE_EMPTY,HRPSEY656,PE_PERIOD,,0,其他,17,true,0,keep,少行维度/分类根表
P3,EXCLUDE_EMPTY,HRPSEY656,PE_PERIODSCHEMA,,0,其他,20,true,0,keep,少行维度/分类根表
P3,EXCLUDE_EMPTY,HRPSEY656,PMBD_ALTERCATEGORY,,0,其他,20,true,0,keep,少行维度/分类根表
P3,EXCLUDE_EMPTY,HRPSEY656,PM_ALTERLEVEL,,0,其他,18,true,0,keep,少行维度/分类根表
P3,EXCLUDE_EMPTY,HRPSEY656,PRM_BATCHLEVEL,,0,其他,32,true,0,keep,少行维度/分类根表
P3,EXCLUDE_EMPTY,HRPSEY656,PS_PERIOD,,0,其他,22,true,0,keep,少行维度/分类根表
P3,EXCLUDE_EMPTY,HRPSEY656,PUB_VOCHANGE_B_UPGRADE,,0,其他,7,false,0,keep,少行维度/分类根表
P3,EXCLUDE_EMPTY,HRPSEY656,PUB_VOCHANGE_S_UPGRADE,,0,其他,6,false,0,keep,少行维度/分类根表
P3,EXCLUDE_EMPTY,HRPSEY656,PUB_VOCHANGE_UPGRADE,,0,其他,9,false,0,keep,少行维度/分类根表
P3,EXCLUDE_EMPTY,HRPSEY656,RM_EVAGRADE,,0,其他,15,true,0,keep,少行维度/分类根表
P3,EXCLUDE_EMPTY,HRPSEY656,SCA_STDCOSTLEVEL,,0,其他,11,true,0,keep,少行维度/分类根表
P3,EXCLUDE_EMPTY,HRPSEY656,SCM_QUALITYLEVEL_B,,0,其他,17,true,0,keep,少行维度/分类根表
P3,EXCLUDE_EMPTY,HRPSEY656,SCM_QUALITYLEVEL_H,,0,其他,12,true,0,keep,少行维度/分类根表
P3,EXCLUDE_EMPTY,HRPSEY656,SM_DOCUMENT_CATEGORY,,0,其他,10,true,0,keep,少行维度/分类根表
P3,EXCLUDE_EMPTY,HRPSEY656,SN_QUERY4BC1T1,,,其他,2,false,0,not_applied,
P3,EXCLUDE_EMPTY,HRPSEY656,SN_QUERY4BC5H1,,,其他,2,false,0,not_applied,
P3,EXCLUDE_EMPTY,HRPSEY656,SN_QUERY4BC5T1,,,其他,2,false,0,not_applied,
P3,EXCLUDE_EMPTY,HRPSEY656,SN_QUERY4DEL10T1,,,其他,2,false,0,not_applied,
P3,EXCLUDE_EMPTY,HRPSEY656,SN_QUERY4DEL1T1,,,其他,2,false,0,not_applied,
P3,EXCLUDE_EMPTY,HRPSEY656,SN_QUERY4DEL5H1,,,其他,2,false,0,not_applied,
P3,EXCLUDE_EMPTY,HRPSEY656,SN_QUERY4DEL5T1,,,其他,2,false,0,not_applied,
P3,EXCLUDE_EMPTY,HRPSEY656,SN_QUERYTIMES10T1,,,其他,2,false,0,not_applied,
P3,EXCLUDE_EMPTY,HRPSEY656,SN_QUERYTIMES1T1,,,其他,2,false,0,not_applied,
P3,EXCLUDE_EMPTY,HRPSEY656,SN_QUERYTIMES5H1,,,其他,2,false,0,not_applied,
P3,EXCLUDE_EMPTY,HRPSEY656,SN_QUERYTIMES5T1,,,其他,2,false,0,not_applied,
P3,EXCLUDE_EMPTY,HRPSEY656,SN_RETURN_CHECK,,,其他,3,false,0,not_applied,
P3,EXCLUDE_EMPTY,HRPSEY656,SO_LIMITLEVEL,,0,其他,11,true,0,keep,少行维度/分类根表
P3,EXCLUDE_EMPTY,HRPSEY656,SR_PLCY_PERIOD,,0,其他,10,true,0,keep,少行维度/分类根表
P3,EXCLUDE_EMPTY,HRPSEY656,SR_PLCY_PERIOD_R,,0,其他,12,true,0,keep,少行维度/分类根表
P3,EXCLUDE_EMPTY,HRPSEY656,SR_TARGET_PERIOD,,0,其他,8,true,0,keep,少行维度/分类根表
P3,EXCLUDE_EMPTY,HRPSEY656,TBM_DATEPERIOD,,0,其他,19,true,0,keep,少行维度/分类根表
P3,EXCLUDE_EMPTY,HRPSEY656,TBM_PERIOD,,0,其他,17,true,0,keep,少行维度/分类根表
P3,EXCLUDE_EMPTY,HRPSEY656,TB_TMP_TCHECK_281,,,其他,1,false,0,not_applied,
P3,EXCLUDE_EMPTY,HRPSEY656,TB_TT_YYYS0,,,其他,1,false,0,not_applied,
P3,EXCLUDE_EMPTY,HRPSEY656,TMPBD_ACCASSQRY,,,其他,0,false,0,not_applied,
P3,EXCLUDE_EMPTY,HRPSEY656,TMPBD_ACCBATCHUP,,,其他,0,false,0,not_applied,
P3,EXCLUDE_EMPTY,HRPSEY656,TMPBD_ACCCHARTPK,,,其他,0,false,0,not_applied,
P3,EXCLUDE_EMPTY,HRPSEY656,TMPBD_ACCGLQRY,,,其他,0,false,0,not_applied,
P3,EXCLUDE_EMPTY,HRPSEY656,TMPBD_ACCPKCHART,,,其他,0,false,0,not_applied,
P3,EXCLUDE_EMPTY,HRPSEY656,TMPBD_ACCVALIDATE,,,其他,0,false,0,not_applied,
P3,EXCLUDE_EMPTY,HRPSEY656,TMPBD_ACC_ASSIGN,,,其他,0,false,0,not_applied,
P3,EXCLUDE_EMPTY,HRPSEY656,TMPBD_ASSIGNVA1,,,其他,0,false,0,not_applied,
P3,EXCLUDE_EMPTY,HRPSEY656,TMPBD_BATCHUPDATE,,,其他,0,false,0,not_applied,
P3,EXCLUDE_EMPTY,HRPSEY656,TMPBD_IDS_DOC,,,其他,0,false,0,not_applied,
P3,EXCLUDE_EMPTY,HRPSEY656,TMPINERIFYDETAIL1,,,其他,0,false,0,not_applied,
P3,EXCLUDE_EMPTY,HRPSEY656,TMPINERIFYDETAIL2,,,其他,0,false,0,not_applied,
P3,EXCLUDE_EMPTY,HRPSEY656,TMPINERIFYDETAIL7,,,其他,0,false,0,not_applied,
P3,EXCLUDE_EMPTY,HRPSEY656,TMPINE_PK_DETAIL0,,,其他,0,false,0,not_applied,
P3,EXCLUDE_EMPTY,HRPSEY656,TMPINE_PK_DETAIL1,,,其他,0,false,0,not_applied,
P3,EXCLUDE_EMPTY,HRPSEY656,TMPINE_PK_DETAIL2,,,其他,0,false,0,not_applied,
P3,EXCLUDE_EMPTY,HRPSEY656,TMPINE_PK_DETAIL3,,,其他,0,false,0,not_applied,
P3,EXCLUDE_EMPTY,HRPSEY656,TMPINE_PK_DETAIL4,,,其他,0,false,0,not_applied,
P3,EXCLUDE_EMPTY,HRPSEY656,TMPINE_PK_DETAIL5,,,其他,0,false,0,not_applied,
P3,EXCLUDE_EMPTY,HRPSEY656,TMPINE_PK_DETAIL6,,,其他,0,false,0,not_applied,
P3,EXCLUDE_EMPTY,HRPSEY656,TMPINE_PK_DETAIL7,,,其他,0,false,0,not_applied,
P3,EXCLUDE_EMPTY,HRPSEY656,TMPINE_PK_DETAIL8,,,其他,0,false,0,not_applied,
P3,EXCLUDE_EMPTY,HRPSEY656,TMPINPAYABLEITEM0,,,其他,0,false,0,not_applied,
P3,EXCLUDE_EMPTY,HRPSEY656,TMPINPAYABLEITEM4,,,其他,0,false,0,not_applied,
P3,EXCLUDE_EMPTY,HRPSEY656,TMPINPAYABLEITEM7,,,其他,0,false,0,not_applied,
P3,EXCLUDE_EMPTY,HRPSEY656,TMPINPK_BUSIDATA0,,,其他,0,false,0,not_applied,
P3,EXCLUDE_EMPTY,HRPSEY656,TMPINPK_BUSIDATA1,,,其他,0,false,0,not_applied,
P3,EXCLUDE_EMPTY,HRPSEY656,TMPINPK_BUSIDATA2,,,其他,0,false,0,not_applied,
P3,EXCLUDE_EMPTY,HRPSEY656,TMPINPK_BUSIDATA3,,,其他,0,false,0,not_applied,
P3,EXCLUDE_EMPTY,HRPSEY656,TMPINPK_BUSIDATA4,,,其他,0,false,0,not_applied,
P3,EXCLUDE_EMPTY,HRPSEY656,TMPINPK_BUSIDATA5,,,其他,0,false,0,not_applied,
P3,EXCLUDE_EMPTY,HRPSEY656,TMPINPK_BUSIDATA6,,,其他,0,false,0,not_applied,
P3,EXCLUDE_EMPTY,HRPSEY656,TMPINPK_BUSIDATA7,,,其他,0,false,0,not_applied,
P3,EXCLUDE_EMPTY,HRPSEY656,TMPINPK_BUSIDATA8,,,其他,0,false,0,not_applied,
P3,EXCLUDE_EMPTY,HRPSEY656,TMPINPK_DETAIL0,,,其他,0,false,0,not_applied,
P3,EXCLUDE_EMPTY,HRPSEY656,TMPINPK_DETAIL1,,,其他,0,false,0,not_applied,
P3,EXCLUDE_EMPTY,HRPSEY656,TMPINPK_DETAIL2,,,其他,0,false,0,not_applied,
P3,EXCLUDE_EMPTY,HRPSEY656,TMPINPK_DETAIL3,,,其他,0,false,0,not_applied,
P3,EXCLUDE_EMPTY,HRPSEY656,TMPINPK_DETAIL4,,,其他,0,false,0,not_applied,
P3,EXCLUDE_EMPTY,HRPSEY656,TMPINPK_DETAIL5,,,其他,0,false,0,not_applied,
P3,EXCLUDE_EMPTY,HRPSEY656,TMPINPK_DETAIL6,,,其他,0,false,0,not_applied,
P3,EXCLUDE_EMPTY,HRPSEY656,TMPINPK_DETAIL7,,,其他,0,false,0,not_applied,
P3,EXCLUDE_EMPTY,HRPSEY656,TMPINPK_DETAIL8,,,其他,0,false,0,not_applied,
P3,EXCLUDE_EMPTY,HRPSEY656,TMPINTOP_ITEMID0,,,其他,0,false,0,not_applied,
P3,EXCLUDE_EMPTY,HRPSEY656,TMPINTOP_ITEMID1,,,其他,0,false,0,not_applied,
P3,EXCLUDE_EMPTY,HRPSEY656,TMPINTOP_ITEMID2,,,其他,0,false,0,not_applied,
P3,EXCLUDE_EMPTY,HRPSEY656,TMPINTOP_ITEMID3,,,其他,0,false,0,not_applied,
P3,EXCLUDE_EMPTY,HRPSEY656,TMPINTOP_ITEMID4,,,其他,0,false,0,not_applied,
P3,EXCLUDE_EMPTY,HRPSEY656,TMPINTOP_ITEMID5,,,其他,0,false,0,not_applied,
P3,EXCLUDE_EMPTY,HRPSEY656,TMPINTOP_ITEMID6,,,其他,0,false,0,not_applied,
P3,EXCLUDE_EMPTY,HRPSEY656,TMPINTOP_ITEMID7,,,其他,0,false,0,not_applied,
P3,EXCLUDE_EMPTY,HRPSEY656,TMPINTOP_ITEMID8,,,其他,0,false,0,not_applied,
P3,EXCLUDE_EMPTY,HRPSEY656,TMPIN_CONTRACTNO0,,,其他,0,false,0,not_applied,
P3,EXCLUDE_EMPTY,HRPSEY656,TMPIN_CONTRACTNO6,,,其他,0,false,0,not_applied,
P3,EXCLUDE_EMPTY,HRPSEY656,TMPIN_CONTRACTNO8,,,其他,0,false,0,not_applied,
P3,EXCLUDE_EMPTY,HRPSEY656,TMPIN_SETTLEMENT0,,,其他,0,false,0,not_applied,
P3,EXCLUDE_EMPTY,HRPSEY656,TMPIN_SETTLEMENT1,,,其他,0,false,0,not_applied,
P3,EXCLUDE_EMPTY,HRPSEY656,TMPIN_SETTLEMENT3,,,其他,0,false,0,not_applied,
P3,EXCLUDE_EMPTY,HRPSEY656,TMPIN_SETTLEMENT4,,,其他,0,false,0,not_applied,
P3,EXCLUDE_EMPTY,HRPSEY656,TMPIN_SETTLEMENT5,,,其他,0,false,0,not_applied,
P3,EXCLUDE_EMPTY,HRPSEY656,TMPIN_SETTLEMENT6,,,其他,0,false,0,not_applied,
P3,EXCLUDE_EMPTY,HRPSEY656,TMPIN_SETTLEMENT7,,,其他,0,false,0,not_applied,
P3,EXCLUDE_EMPTY,HRPSEY656,TMPIN_SETTLEMENT8,,,其他,0,false,0,not_applied,
P3,EXCLUDE_EMPTY,HRPSEY656,TMPIN_TOP_ITEMID0,,,其他,0,false,0,not_applied,
P3,EXCLUDE_EMPTY,HRPSEY656,TMPIN_TOP_ITEMID2,,,其他,0,false,0,not_applied,
P3,EXCLUDE_EMPTY,HRPSEY656,TMPIN_TOP_ITEMID3,,,其他,0,false,0,not_applied,
P3,EXCLUDE_EMPTY,HRPSEY656,TMPIN_TOP_ITEMID4,,,其他,0,false,0,not_applied,
P3,EXCLUDE_EMPTY,HRPSEY656,TMPIN_TOP_ITEMID5,,,其他,0,false,0,not_applied,
P3,EXCLUDE_EMPTY,HRPSEY656,TMPIN_TOP_ITEMID6,,,其他,0,false,0,not_applied,
P3,EXCLUDE_EMPTY,HRPSEY656,TMPIN_TOP_ITEMID7,,,其他,0,false,0,not_applied,
P3,EXCLUDE_EMPTY,HRPSEY656,TMPRBAC_RESPFUNC,,,其他,0,false,0,not_applied,
P3,EXCLUDE_EMPTY,HRPSEY656,TMP_ARAP_BALANCE_1,,,其他,0,false,0,not_applied,
P3,EXCLUDE_EMPTY,HRPSEY656,TMP_ARAP_DETAIL_1,,,其他,0,false,0,not_applied,
P3,EXCLUDE_EMPTY,HRPSEY656,TMP_ARAP_GENERAL1,,,其他,0,false,0,not_applied,
P3,EXCLUDE_EMPTY,HRPSEY656,TMP_ARAP_PAYACCAGE2_1,,,其他,0,false,0,not_applied,
P3,EXCLUDE_EMPTY,HRPSEY656,TMP_ARAP_PAYACCAGE_1,,,其他,0,false,0,not_applied,
P3,EXCLUDE_EMPTY,HRPSEY656,TMP_ARAP_RECACCAGE2_1,,,其他,0,false,0,not_applied,
P3,EXCLUDE_EMPTY,HRPSEY656,TMP_ARAP_RECACCAGE_1,,,其他,0,false,0,not_applied,
P3,EXCLUDE_EMPTY,HRPSEY656,TMP_ARAP_STATEMENT,,,其他,0,false,0,not_applied,
P3,EXCLUDE_EMPTY,HRPSEY656,TMP_CT_RELAT,,,其他,0,false,0,not_applied,
P3,EXCLUDE_EMPTY,HRPSEY656,TMP_ERM_EXPDETAIL1,,,其他,0,false,0,not_applied,
P3,EXCLUDE_EMPTY,HRPSEY656,TMP_ERM_LOANDETAIL1,,,其他,0,false,0,not_applied,
P3,EXCLUDE_EMPTY,HRPSEY656,TMP_FACTOR_MAP,,,其他,0,false,0,not_applied,
P3,EXCLUDE_EMPTY,HRPSEY656,TMP_FIPCELL_MAP,,,其他,0,false,0,not_applied,
P3,EXCLUDE_EMPTY,HRPSEY656,TMP_GLBUSIRECON,,,其他,0,false,0,not_applied,
P3,EXCLUDE_EMPTY,HRPSEY656,TMP_PO_21_025H1,,,其他,0,false,0,not_applied,
P3,EXCLUDE_EMPTY,HRPSEY656,TMP_PO_21_085H1,,,其他,0,false,0,not_applied,
P3,EXCLUDE_EMPTY,HRPSEY656,TMP_PO_21_325H1,,,其他,0,false,0,not_applied,
P3,EXCLUDE_EMPTY,HRPSEY656,TMP_PO_25_111T1,,,其他,0,false,0,not_applied,
P3,EXCLUDE_EMPTY,HRPSEY656,TMP_PO_25_115H1,,,其他,0,false,0,not_applied,
P3,EXCLUDE_EMPTY,HRPSEY656,TMP_PO_25_115T1,,,其他,0,false,0,not_applied,
P3,EXCLUDE_EMPTY,HRPSEY656,TMP_PO_27_061T1,,,其他,0,false,0,not_applied,
P3,EXCLUDE_EMPTY,HRPSEY656,TMP_PO_27_065H1,,,其他,0,false,0,not_applied,
P3,EXCLUDE_EMPTY,HRPSEY656,TMP_PO_EST_0210T1,,,其他,0,false,0,not_applied,
P3,EXCLUDE_EMPTY,HRPSEY656,TMP_PO_EST_021T1,,,其他,0,false,0,not_applied,
P3,EXCLUDE_EMPTY,HRPSEY656,TMP_PO_EST_025H1,,,其他,0,false,0,not_applied,
P3,EXCLUDE_EMPTY,HRPSEY656,TMP_PO_EST_025T1,,,其他,0,false,0,not_applied,
P3,EXCLUDE_EMPTY,HRPSEY656,TMP_PO_PUB_025H1,,,其他,0,false,0,not_applied,
P3,EXCLUDE_EMPTY,HRPSEY656,TMP_PO_PUB_031T1,,,其他,0,false,0,not_applied,
P3,EXCLUDE_EMPTY,HRPSEY656,TMP_PO_PUB_035H1,,,其他,0,false,0,not_applied,
P3,EXCLUDE_EMPTY,HRPSEY656,TMP_PO_PUB_035T1,,,其他,0,false,0,not_applied,
P3,EXCLUDE_EMPTY,HRPSEY656,TMP_PO_RPT_0110T1,,,其他,0,false,0,not_applied,
P3,EXCLUDE_EMPTY,HRPSEY656,TMP_PO_RPT_015T1,,,其他,0,false,0,not_applied,
P3,EXCLUDE_EMPTY,HRPSEY656,TMP_PO_RPT_01L1,,,其他,0,false,0,not_applied,
P3,EXCLUDE_EMPTY,HRPSEY656,TMP_PO_RPT_025T1,,,其他,0,false,0,not_applied,
P3,EXCLUDE_EMPTY,HRPSEY656,TMP_PO_RPT_041T1,,,其他,0,false,0,not_applied,
P3,EXCLUDE_EMPTY,HRPSEY656,TMP_PO_RPT_061T1,,,其他,0,false,0,not_applied,
P3,EXCLUDE_EMPTY,HRPSEY656,TMP_PO_RPT_071T1,,,其他,0,false,0,not_applied,
P3,EXCLUDE_EMPTY,HRPSEY656,TMP_PO_RPT_075H1,,,其他,0,false,0,not_applied,
P3,EXCLUDE_EMPTY,HRPSEY656,TMP_PO_RPT_075T1,,,其他,0,false,0,not_applied,
P3,EXCLUDE_EMPTY,HRPSEY656,TMP_PO_RPT_07L1,,,其他,0,false,0,not_applied,
P3,EXCLUDE_EMPTY,HRPSEY656,TMP_PURP_SUPP1,,,其他,0,false,0,not_applied,
P3,EXCLUDE_EMPTY,HRPSEY656,TMP_SCMF_035H1,,,其他,0,false,0,not_applied,
P3,EXCLUDE_EMPTY,HRPSEY656,TMP_SCMF_035H1A,,,其他,0,false,0,not_applied,
P3,EXCLUDE_EMPTY,HRPSEY656,TMP_SOUR_SUPP,,,其他,0,false,0,not_applied,
P3,EXCLUDE_EMPTY,HRPSEY656,TSNEWTMP,,,其他,0,false,0,not_applied,
P3,EXCLUDE_EMPTY,HRPSEY656,T_FUCKYOU,,,其他,0,false,0,not_applied,
