system_code,source_code,schema_name,table_name,object_type,comment,column_count,pk,documented
JHEMR_VASTBASE,jhemr_vastbase_10_10_8_177,fxcx,test001,TABLE,,2,,False
JHEMR_VASTBASE,jhemr_vastbase_10_10_8_177,jhcdr,jhcdr_exam_report,TABLE,患者检查信息-业务类-患者检查结果表,36,"exam_apply_no,exam_no,patient_id,visit_id,hospital_no",True
JHEMR_VASTBASE,jhemr_vastbase_10_10_8_177,jhcdr,jhcdr_exam_report_items,TABLE,患者检查信息-业务类-检查项目,8,"exam_no,exam_item_no,hospital_no,exam_apply_no",True
JHEMR_VASTBASE,jhemr_vastbase_10_10_8_177,jhcdr,jhcdr_inpat_execute_order,TABLE,患者医嘱信息-业务类-患者医嘱执行表,39,"patient_id,order_no,visit_id,order_sub_no,hospital_no,execute_orders_schedule",True
JHEMR_VASTBASE,jhemr_vastbase_10_10_8_177,jhcdr,jhcdr_inpat_order,TABLE,患者医嘱信息-业务类-患者医嘱内容表,51,"patient_id,order_no,visit_id,order_sub_no,local_record_pk,hospital_no",True
JHEMR_VASTBASE,jhemr_vastbase_10_10_8_177,jhcdr,jhcdr_lab_report,TABLE,患者检验信息-业务类-检验报告单,40,"patient_id,visit_id,lab_apply_no,specimen_no,hospital_no,paritemno",True
JHEMR_VASTBASE,jhemr_vastbase_10_10_8_177,jhcdr,jhcdr_lab_report_items,TABLE,患者检验信息-业务类-检验报告项目明细,30,"lab_apply_no,hospital_no,paritemno,specimen_no,item_no",True
JHEMR_VASTBASE,jhemr_vastbase_10_10_8_177,jhcdr,jhcdr_lab_report_microbe,TABLE,患者检验信息-业务类-检验报告微生物检验值,16,"lab_apply_no,lab_item_code,hospital_no,resultno",True
JHEMR_VASTBASE,jhemr_vastbase_10_10_8_177,jhcdr,jhcdr_local_exam_item_dict,TABLE,临床数据中心-字典类-本地检查项目,5,"item_no,hospital_no",True
JHEMR_VASTBASE,jhemr_vastbase_10_10_8_177,jhcdr,jhcdr_local_lab_item_dict,TABLE,临床数据中心-字典类-本地检验项目,7,"item_no,hospital_no",True
JHEMR_VASTBASE,jhemr_vastbase_10_10_8_177,jhcdr,jhcdr_local_lab_subitem_dict,TABLE,临床数据中心-字典类-本地检验明细项目,3,"item_no,subitem_no",False
JHEMR_VASTBASE,jhemr_vastbase_10_10_8_177,jhcdr,jhcdr_local_order_item_dict,TABLE,临床数据中心-字典类-本地医嘱项目,6,"order_code,hospital_no",True
JHEMR_VASTBASE,jhemr_vastbase_10_10_8_177,jhcdr,jhcdr_local_order_type_dict,TABLE,临床数据中心-字典类-医嘱类别,5,"order_type_code,hospital_no",True
JHEMR_VASTBASE,jhemr_vastbase_10_10_8_177,jhcdr,sys_export_schema_01,TABLE,Data Pump Master Table EXPORT                         SCHEMA                        ,95,,False
JHEMR_VASTBASE,jhemr_vastbase_10_10_8_177,jhemr,BA_MANBING,VIEW,,39,,False
JHEMR_VASTBASE,jhemr_vastbase_10_10_8_177,jhemr,EMR_MEDICAL_RECORD_INFO,VIEW,,17,,False
JHEMR_VASTBASE,jhemr_vastbase_10_10_8_177,jhemr,adt_log,TABLE,接口同步-业务类-转科转床记录表,15,"ward_code,log_date_time,patient_id,visit_id,hospital_no,action",True
JHEMR_VASTBASE,jhemr_vastbase_10_10_8_177,jhemr,bed_rec,TABLE,系统管理-字典类-床位字典,16,"bed_no,ward_code,hospital_no",True
JHEMR_VASTBASE,jhemr_vastbase_10_10_8_177,jhemr,blood_transfusion,TABLE,病案首页-业务类-输血信息,21,"visit_id,patient_id,hospital_no",True
JHEMR_VASTBASE,jhemr_vastbase_10_10_8_177,jhemr,cchi_dict,TABLE,诊断手术-字典类-CCHI字典表,4,id,True
JHEMR_VASTBASE,jhemr_vastbase_10_10_8_177,jhemr,dbz_icuxx,VIEW,,10,,False
JHEMR_VASTBASE,jhemr_vastbase_10_10_8_177,jhemr,dbz_jbxx,VIEW,,113,,False
JHEMR_VASTBASE,jhemr_vastbase_10_10_8_177,jhemr,dbz_jbxx0327,VIEW,,113,,False
JHEMR_VASTBASE,jhemr_vastbase_10_10_8_177,jhemr,dbz_ssxx,VIEW,,23,,False
JHEMR_VASTBASE,jhemr_vastbase_10_10_8_177,jhemr,dbz_zdxx,VIEW,,15,,False
JHEMR_VASTBASE,jhemr_vastbase_10_10_8_177,jhemr,dc_cda_autoupload,TABLE,CDA自动上报设置,14,,False
JHEMR_VASTBASE,jhemr_vastbase_10_10_8_177,jhemr,dc_cda_commonconfig,TABLE,CDA列表配置,13,,False
JHEMR_VASTBASE,jhemr_vastbase_10_10_8_177,jhemr,dc_cda_dataitemsetting,TABLE,CDA项目配置（信息）,20,,False
JHEMR_VASTBASE,jhemr_vastbase_10_10_8_177,jhemr,dc_cda_doctype,TABLE,,3,,False
JHEMR_VASTBASE,jhemr_vastbase_10_10_8_177,jhemr,dc_cda_filesetting,TABLE,文件上报配置,18,,False
JHEMR_VASTBASE,jhemr_vastbase_10_10_8_177,jhemr,dc_cda_filetype,TABLE,文书类别表,6,,False
JHEMR_VASTBASE,jhemr_vastbase_10_10_8_177,jhemr,dc_cda_fileuploadrecord,TABLE,,10,"patient_id,visit_id,doctype,file_unique_id,hospital_no,projectcode",False
JHEMR_VASTBASE,jhemr_vastbase_10_10_8_177,jhemr,dc_cda_goalsettingconfig,TABLE,,4,,False
JHEMR_VASTBASE,jhemr_vastbase_10_10_8_177,jhemr,dc_cda_project,TABLE,CDA系统参数,6,,False
JHEMR_VASTBASE,jhemr_vastbase_10_10_8_177,jhemr,dc_cda_uploaddetail,TABLE,,19,,False
JHEMR_VASTBASE,jhemr_vastbase_10_10_8_177,jhemr,dc_cda_uploadrecord,TABLE,,7,"patient_id,visit_id,projectcode,hospital_no",False
JHEMR_VASTBASE,jhemr_vastbase_10_10_8_177,jhemr,dc_cda_uploadsplicing,TABLE,信息整合配置,10,,False
JHEMR_VASTBASE,jhemr_vastbase_10_10_8_177,jhemr,dc_cda_uploadtask,TABLE,,14,,False
JHEMR_VASTBASE,jhemr_vastbase_10_10_8_177,jhemr,dc_cda_uploadtask1,TABLE,,14,,False
JHEMR_VASTBASE,jhemr_vastbase_10_10_8_177,jhemr,dc_cda_uploadtask_0729,TABLE,,14,,False
JHEMR_VASTBASE,jhemr_vastbase_10_10_8_177,jhemr,dept_antitheses_dict,TABLE,科室病区-映射类-科室病区关联对照表,7,"ward_code,dept_code",True
JHEMR_VASTBASE,jhemr_vastbase_10_10_8_177,jhemr,dept_dict,TABLE,科室病区-字典类-科室字典zt,36,"dept_code,hospital_no",True
JHEMR_VASTBASE,jhemr_vastbase_10_10_8_177,jhemr,dept_dict20240322,TABLE,,36,,False
JHEMR_VASTBASE,jhemr_vastbase_10_10_8_177,jhemr,diag_comparing,TABLE,病案首页-业务类-患者所属疾病组,5,"diag_compare_group,visit_id,patient_id,hospital_no",True
JHEMR_VASTBASE,jhemr_vastbase_10_10_8_177,jhemr,diagnosis,TABLE,病案首页-业务类-首页诊断,50,"diagnosis_type,diagnosis_no,patient_id,visit_id,id",True
JHEMR_VASTBASE,jhemr_vastbase_10_10_8_177,jhemr,diagnosis_b_dict,TABLE,诊断手术-字典类-诊断中医病名字典,9,serial_no,True
JHEMR_VASTBASE,jhemr_vastbase_10_10_8_177,jhemr,diagnosis_contrast_dict,TABLE,诊断对照表,5,,False
JHEMR_VASTBASE,jhemr_vastbase_10_10_8_177,jhemr,diagnosis_dict,TABLE,诊断手术-字典类-诊断字典,35,"diagnosis_name,diagnosis_code,hospital_no",True
JHEMR_VASTBASE,jhemr_vastbase_10_10_8_177,jhemr,diagnosis_dict20260407,TABLE,,35,,False
JHEMR_VASTBASE,jhemr_vastbase_10_10_8_177,jhemr,diagnosis_doct,TABLE,临床诊断V5表-作废类-不再维护 孙朋朋 2022-05-06,14,"patient_id,diagnosis_no,diagnosis_type,visit_id,hospital_no",True
JHEMR_VASTBASE,jhemr_vastbase_10_10_8_177,jhemr,diagnosis_f_dict,TABLE,诊断手术-字典类-诊断中医治法字典,6,serial_no,False
JHEMR_VASTBASE,jhemr_vastbase_10_10_8_177,jhemr,diagnosis_fzk_dict,TABLE,诊断手术-字典类-诊断分值字典,11,id,False
JHEMR_VASTBASE,jhemr_vastbase_10_10_8_177,jhemr,diagnosis_kk,TABLE,诊断卡控表,10,"diagnosis_code,event_name,hospital_no,user_name,user_id,dept_name",False
JHEMR_VASTBASE,jhemr_vastbase_10_10_8_177,jhemr,diagnosis_type_dict,TABLE,诊断手术-字典类-诊断类别字典,5,"diagnosis_type_code,hospital_no",True
JHEMR_VASTBASE,jhemr_vastbase_10_10_8_177,jhemr,diagnosis_yb_dict,TABLE,医保诊断字典,5,"diagnosis_code,diagnosis_name,hospital_no",False
JHEMR_VASTBASE,jhemr_vastbase_10_10_8_177,jhemr,diagnosis_z_dict,TABLE,诊断手术-字典类-诊断中医症候字典,9,serial_no,True
JHEMR_VASTBASE,jhemr_vastbase_10_10_8_177,jhemr,diagnostic_category,TABLE,"病案首页-作废类-旧版首页 诊断分两个表存，原V5 孙朋朋 2022-05-06
三明区域部分旧首页",6,"diagnosis_code,diagnosis_no,diagnosis_type,visit_id,patient_id,hospital_no",True
JHEMR_VASTBASE,jhemr_vastbase_10_10_8_177,jhemr,dict_operate_log,TABLE,框架表-字典类-操作日志字典表,6,"dict_name,oper_date",False
JHEMR_VASTBASE,jhemr_vastbase_10_10_8_177,jhemr,discharge_summary,VIEW,,11,,False
JHEMR_VASTBASE,jhemr_vastbase_10_10_8_177,jhemr,disease_type,TABLE,上报卡管理-字典类-慢病上报卡病种类型表  ,4,item_code,True
JHEMR_VASTBASE,jhemr_vastbase_10_10_8_177,jhemr,doctor_in_charge_log,TABLE,患者设置管床医师,13,id,False
JHEMR_VASTBASE,jhemr_vastbase_10_10_8_177,jhemr,doctor_transfer_sql,TABLE,医生交接班-配置类-医师交接班配置表,8,"type_code,pat_type,show_flag,hospital_no,dept_code,display_order,dept_name",False
JHEMR_VASTBASE,jhemr_vastbase_10_10_8_177,jhemr,drg_report_dict,TABLE,,6,,False
JHEMR_VASTBASE,jhemr_vastbase_10_10_8_177,jhemr,drg_report_record,TABLE,首页质控报表记录,10,,False
JHEMR_VASTBASE,jhemr_vastbase_10_10_8_177,jhemr,emr_adverse_event_info,TABLE,不良事件上报管理-业务类-不良事件上报,31,event_id,False
JHEMR_VASTBASE,jhemr_vastbase_10_10_8_177,jhemr,emr_bcjl,VIEW,,7,,False
JHEMR_VASTBASE,jhemr_vastbase_10_10_8_177,jhemr,emr_blood_approve,TABLE,北医三院输血申请-业务类-输血申请,19,approve_id,False
JHEMR_VASTBASE,jhemr_vastbase_10_10_8_177,jhemr,emr_blood_reaction_detail,TABLE,北医三院输血申请-业务类-北医三院输血详细信息表,12,"patient_id,visit_id,times_no,elem_name",False
JHEMR_VASTBASE,jhemr_vastbase_10_10_8_177,jhemr,emr_blood_reaction_log,TABLE,北医三院输血申请-业务类-北医三院输血记录文件,4,commit_time,False
JHEMR_VASTBASE,jhemr_vastbase_10_10_8_177,jhemr,emr_catalog_dict,TABLE,V5树形目录-作废类-v5的树形目录配置表,15,"catalog_code,hospital_no",True
JHEMR_VASTBASE,jhemr_vastbase_10_10_8_177,jhemr,emr_certificate_operation_log,TABLE,死亡证明-业务类-死亡证明历次操作记录表,9,"operation_date,certificate_no",False
JHEMR_VASTBASE,jhemr_vastbase_10_10_8_177,jhemr,emr_certificate_redserial_no,TABLE,死亡证明-配置类-死亡医学证明书红号信息表,8,sect_id,False
JHEMR_VASTBASE,jhemr_vastbase_10_10_8_177,jhemr,emr_certificate_serial_no,TABLE,死亡证明-配置类-死亡证明书号段信息表,8,sect_id,False
JHEMR_VASTBASE,jhemr_vastbase_10_10_8_177,jhemr,emr_check_xml_node_content,TABLE,病历文书-业务类-检测XML节点内容不能为空,3,"findtext,mr_class,layerno",True
JHEMR_VASTBASE,jhemr_vastbase_10_10_8_177,jhemr,emr_consult_evaluate_answer,TABLE,会诊管理-业务类-会诊质量评价表,13,"visit_id,patient_id,hospital_no,apply_time",True
JHEMR_VASTBASE,jhemr_vastbase_10_10_8_177,jhemr,emr_consult_hospital,TABLE,会诊管理-业务类-外院会诊医院信息表,5,"id,hospital_name",True
JHEMR_VASTBASE,jhemr_vastbase_10_10_8_177,jhemr,emr_contagion_diagnosis,TABLE,上报卡管理-映射类-诊断关联模块,6,"mr_code,diagnosis_code,hospital_no",True
JHEMR_VASTBASE,jhemr_vastbase_10_10_8_177,jhemr,emr_contagion_exam,TABLE,上报卡管理-映射类-检查关键字关联模板,5,mr_code,True
JHEMR_VASTBASE,jhemr_vastbase_10_10_8_177,jhemr,emr_contagion_operation,TABLE,上报卡管理-映射类-模板关联手术,6,"mr_class,operation_code,mr_code,hospital_no",True
JHEMR_VASTBASE,jhemr_vastbase_10_10_8_177,jhemr,emr_custom_columns_order,TABLE,模块自定义列表顺序,11,"application,user_id,columns_name,order_type",True
JHEMR_VASTBASE,jhemr_vastbase_10_10_8_177,jhemr,emr_custom_columns_order_dict,TABLE,,18,"user_id,columns_name,order_type,application_id,columns_text",False
JHEMR_VASTBASE,jhemr_vastbase_10_10_8_177,jhemr,emr_dead_print_pic,TABLE,死亡证明-业务类-死亡证书打印证书图片记录,5,"patient_id,visit_id",True
JHEMR_VASTBASE,jhemr_vastbase_10_10_8_177,jhemr,emr_dead_print_record,TABLE,死亡证明-业务类-死亡证书打印记录表,11,"patient_id,visit_id,print_times",True
JHEMR_VASTBASE,jhemr_vastbase_10_10_8_177,jhemr,emr_dead_reason_custom_dict,TABLE,死亡证明-字典类-患者死亡原因字典表,5,diagnosis_code,True
JHEMR_VASTBASE,jhemr_vastbase_10_10_8_177,jhemr,emr_deadcertificate_no,TABLE,死亡证明-业务类-死亡证书填报明细,10,"certificate_no,sect_id",True
JHEMR_VASTBASE,jhemr_vastbase_10_10_8_177,jhemr,emr_deadcertificate_redno,TABLE,死亡证明-业务类-死亡证书红号使用记录表,10,"certificate_no,sect_id",False
JHEMR_VASTBASE,jhemr_vastbase_10_10_8_177,jhemr,emr_dept_clinic_icd,TABLE,诊断手术-映射类-科室对照诊断,5,"diagnosis_name,diagnosis_code,hospital_no",True
JHEMR_VASTBASE,jhemr_vastbase_10_10_8_177,jhemr,emr_diagdetail_catalog_dict,TABLE,病历诊断-配置类-病历诊断格式详细信息配置表,57,diagsort,False
JHEMR_VASTBASE,jhemr_vastbase_10_10_8_177,jhemr,emr_diagnose_item_dict,TABLE,病历诊断-配置类-诊断格式类型配置表,12,"hospital_no,field_name,item_value",False
JHEMR_VASTBASE,jhemr_vastbase_10_10_8_177,jhemr,emr_diagtype_catalog_dict,TABLE,病历诊断-配置类-诊断格式详细信息配置表,14,"diag_type,file_type",False
JHEMR_VASTBASE,jhemr_vastbase_10_10_8_177,jhemr,emr_dict_detail,TABLE,字典明细表,11,"dict_code,class_code,hospital_no",True
JHEMR_VASTBASE,jhemr_vastbase_10_10_8_177,jhemr,emr_dict_detail_1121back,TABLE,,10,,False
JHEMR_VASTBASE,jhemr_vastbase_10_10_8_177,jhemr,emr_dict_master,TABLE,系统字典-字典类-电子病历主字典类别表,7,class_code,True
JHEMR_VASTBASE,jhemr_vastbase_10_10_8_177,jhemr,emr_doctor_custom_dict,TABLE,病历诊断-映射类-科室临床映射表,3,"dept_code,hospital_no,serial_no",True
JHEMR_VASTBASE,jhemr_vastbase_10_10_8_177,jhemr,emr_doctor_group,TABLE,,4,"request_doctor_id,hospital_no",True
JHEMR_VASTBASE,jhemr_vastbase_10_10_8_177,jhemr,emr_event_file_elem,TABLE,不良事件管理-业务类-不良事件报卡内容表,6,event_id,False
JHEMR_VASTBASE,jhemr_vastbase_10_10_8_177,jhemr,emr_event_master,TABLE,不良事件管理-业务类-不良事件报卡索引表,26,event_id,False
JHEMR_VASTBASE,jhemr_vastbase_10_10_8_177,jhemr,emr_first_page_button_list,TABLE,病案首页-配置类-首页个性化业务按钮配置,13,button_id,False
JHEMR_VASTBASE,jhemr_vastbase_10_10_8_177,jhemr,emr_first_page_column_dict,TABLE,病案首页-配置类-首页GridControl类数据列显示配置,31,"controlno,control_type",True
JHEMR_VASTBASE,jhemr_vastbase_10_10_8_177,jhemr,emr_first_page_column_dict_0513,TABLE,,31,,False
JHEMR_VASTBASE,jhemr_vastbase_10_10_8_177,jhemr,emr_first_page_column_dict_0519,TABLE,,31,,False
JHEMR_VASTBASE,jhemr_vastbase_10_10_8_177,jhemr,emr_first_page_column_dict_bf,TABLE,,31,,False
JHEMR_VASTBASE,jhemr_vastbase_10_10_8_177,jhemr,emr_first_page_column_index,TABLE,病案首页-映射类-首页实体类与UC的映射,8,"control_type,hospital_no",True
JHEMR_VASTBASE,jhemr_vastbase_10_10_8_177,jhemr,emr_first_page_config,TABLE,病案首页-配置类-病案首页配置,8,"type_code,item_code,item_no,hospital_no",True
JHEMR_VASTBASE,jhemr_vastbase_10_10_8_177,jhemr,emr_first_page_control_color,TABLE,病案首页-配置类-控件颜色,2,category,True
JHEMR_VASTBASE,jhemr_vastbase_10_10_8_177,jhemr,emr_first_page_control_config,TABLE,病案首页-配置类-控件配置,6,control_id,True
JHEMR_VASTBASE,jhemr_vastbase_10_10_8_177,jhemr,emr_first_page_diag_oper_fre,TABLE,病案首页-字典类-首页常用诊断手术字典,10,"item_code,item_name,oper_id,dept_id,item_class,hospital_no",True
JHEMR_VASTBASE,jhemr_vastbase_10_10_8_177,jhemr,emr_first_page_item_dict,TABLE,病案首页-字典类-病案首页字典,19,"hospital_no,field_name,item_value",True
JHEMR_VASTBASE,jhemr_vastbase_10_10_8_177,jhemr,emr_first_page_item_dict_0513,TABLE,,19,,False
JHEMR_VASTBASE,jhemr_vastbase_10_10_8_177,jhemr,emr_first_page_item_dict_bf,TABLE,,19,,False
JHEMR_VASTBASE,jhemr_vastbase_10_10_8_177,jhemr,emr_first_page_print,TABLE,病案首页-配置类-首页打印配置,12,"print_field_name,hospital_no",True
JHEMR_VASTBASE,jhemr_vastbase_10_10_8_177,jhemr,emr_first_page_print_log,TABLE,病案首页-日志类-首页打印日志,10,"print_date,patient_id,visit_id,hospital_no",False
JHEMR_VASTBASE,jhemr_vastbase_10_10_8_177,jhemr,emr_first_page_qc_detail,TABLE,首页质控记明细,15,"validate_pk,hospital_no,validate_id,validate_date",False
JHEMR_VASTBASE,jhemr_vastbase_10_10_8_177,jhemr,emr_first_page_qc_feedback,TABLE,质控提交反馈,11,"patient_id,visit_id,user_id,feedback_date,message_info",False
JHEMR_VASTBASE,jhemr_vastbase_10_10_8_177,jhemr,emr_first_page_qc_index,TABLE,首页质控评分主索引,10,"validate_pk,patient_id,visit_id,validate_date,hospital_no",False
JHEMR_VASTBASE,jhemr_vastbase_10_10_8_177,jhemr,emr_first_page_qc_index_log,TABLE,首页评分质控记录表,10,"validate_pk,patient_id,visit_id,validate_date,hospital_no",False
JHEMR_VASTBASE,jhemr_vastbase_10_10_8_177,jhemr,emr_first_page_qc_repository,TABLE,【首】首页验证清单,34,"hospital_no,validate_code,validate_class_code,validate_item_code",False
JHEMR_VASTBASE,jhemr_vastbase_10_10_8_177,jhemr,emr_first_page_thirdsource,TABLE,病案首页-配置类-首页信息从第三方获取配置,13,configid,True
JHEMR_VASTBASE,jhemr_vastbase_10_10_8_177,jhemr,emr_first_page_thirdsource_log,TABLE,病案首页-日志类-记录首页获取第三方数据,7,"configid,patient_id,visit_id,hospital_no",False
JHEMR_VASTBASE,jhemr_vastbase_10_10_8_177,jhemr,emr_first_page_validate,TABLE,病案首页-配置类-首页校验质控,32,"validate_item,hospital_no,validate_id",True
JHEMR_VASTBASE,jhemr_vastbase_10_10_8_177,jhemr,emr_first_page_validate_type,TABLE,病案首页-字典类-首页项目校验类别字典,2,validate_type_code,True
JHEMR_VASTBASE,jhemr_vastbase_10_10_8_177,jhemr,emr_inandout_classifysum,TABLE,旧版护理记录-业务类-患者出入量信息表,12,"patient_id,visit_id,file_no,hospital_no,inorout_name",False
JHEMR_VASTBASE,jhemr_vastbase_10_10_8_177,jhemr,emr_med_ref_chk_set,TABLE,上报卡管理-配置类-必填项校验设置,17,chk_id,False
JHEMR_VASTBASE,jhemr_vastbase_10_10_8_177,jhemr,emr_med_rep_def_condi,TABLE,上报卡管理-配置类-上报卡监测预设条件保存表,9,"condiautoid,condimasterid,hospital_no",True
JHEMR_VASTBASE,jhemr_vastbase_10_10_8_177,jhemr,emr_med_rep_def_master,TABLE,"上报卡管理-配置类-上报卡监测预设条件保存主表
",6,"condimasterid,hospital_no",True
JHEMR_VASTBASE,jhemr_vastbase_10_10_8_177,jhemr,emr_med_rep_file_elem,TABLE,上报卡管理-业务类-上报卡内容记录表,8,"patient_id,visit_id,file_name,elem_no",True
JHEMR_VASTBASE,jhemr_vastbase_10_10_8_177,jhemr,emr_med_rep_fill_detail,TABLE,上报卡管理-配置类-上报卡模板中自动填充数据字段与元素对照表,4,"mr_code,elem_name",False
JHEMR_VASTBASE,jhemr_vastbase_10_10_8_177,jhemr,emr_med_rep_fill_master,TABLE,上报卡管理-配置类-上报卡模板中自动填充数据定制SQL语句,3,"mr_code,hospital_no",False
JHEMR_VASTBASE,jhemr_vastbase_10_10_8_177,jhemr,emr_monitor_patient_order,TABLE,患者信息-作废类-患者医嘱信息表,12,"order_sub_no,order_no,order_code,visit_id,patient_id,hospital_no",True
JHEMR_VASTBASE,jhemr_vastbase_10_10_8_177,jhemr,emr_monitor_vs_clinic,TABLE,未知类-患者医嘱相关,6,"clinic_item_code,monitor_order_code,hospital_no",True
JHEMR_VASTBASE,jhemr_vastbase_10_10_8_177,jhemr,emr_mr_borrow,TABLE,病案借阅-业务类-病案借阅信息表,20,"apply_date,borrow_dept,borrow_doctor_id,patient_id,hospital_no",True
JHEMR_VASTBASE,jhemr_vastbase_10_10_8_177,jhemr,emr_mr_copy,TABLE,复印管理-业务类-病案复印按类别记录功能,8,"set_id,patient_id,visit_id,mr_class",True
JHEMR_VASTBASE,jhemr_vastbase_10_10_8_177,jhemr,emr_mr_setvip_log,TABLE,敏感病历-业务类-设置保密操作日志表,9,"id,hospital_no",True
JHEMR_VASTBASE,jhemr_vastbase_10_10_8_177,jhemr,emr_mr_vip_apply,TABLE,敏感病历-业务类-保密病例申请表,15,"patient_id,visit_id,apply_date_time,apply_user_id,hospital_no",True
JHEMR_VASTBASE,jhemr_vastbase_10_10_8_177,jhemr,emr_nurse_button_form_config,TABLE,临床护理-配置类-出入量总结个性化配置,7,"button_name,mr_code,hospital_no",True
JHEMR_VASTBASE,jhemr_vastbase_10_10_8_177,jhemr,emr_nurse_ca_index,TABLE,临床护理-业务类-护理记录ca签名数据表,19,"serial_no,hospital_no",True
JHEMR_VASTBASE,jhemr_vastbase_10_10_8_177,jhemr,emr_nurse_catalog_dict,TABLE,临床护理-字典类-护士目录字典,19,"catalog_code,mr_code,hospital_no",True
JHEMR_VASTBASE,jhemr_vastbase_10_10_8_177,jhemr,emr_nurse_elem_dict,TABLE,临床护理-配置类-护理记录打印项目配置表,26,"mr_code_print,elem_no,hospital_no",True
JHEMR_VASTBASE,jhemr_vastbase_10_10_8_177,jhemr,emr_nurse_elem_sum_config,TABLE,临床护理-配置类-出入量总结配置表,23,"button_name,mr_code,hospital_no,elem_name,date_time",True
JHEMR_VASTBASE,jhemr_vastbase_10_10_8_177,jhemr,emr_nurse_emrfile_elem,TABLE,老版护理-业务类-护理病历内容记录表,18,"time_point,recording_date,elem_no,file_no,visit_id,patient_id,hospital_no",True
JHEMR_VASTBASE,jhemr_vastbase_10_10_8_177,jhemr,emr_nurse_emrfile_elem_log,TABLE,临床护理-日志类-护理记录修改日志表,11,"update_date,elem_name,file_no,visit_id,patient_id,hospital_no",True
JHEMR_VASTBASE,jhemr_vastbase_10_10_8_177,jhemr,emr_nurse_emrfile_index,TABLE,老版护理-业务类-护理病历文件索引表,52,"file_no,visit_id,patient_id,hospital_no",True
JHEMR_VASTBASE,jhemr_vastbase_10_10_8_177,jhemr,emr_nurse_monitor_item_dict,TABLE,临床护理-字典类-护理要提醒项目列表,5,"item_code,item_name",True
JHEMR_VASTBASE,jhemr_vastbase_10_10_8_177,jhemr,emr_nurse_monitor_temp_dict,TABLE,临床护理-字典类-体征项目字典,5,"item_code,item_name,monitor_times,time_point",True
JHEMR_VASTBASE,jhemr_vastbase_10_10_8_177,jhemr,emr_nurse_special_content,TABLE,临床护理-业务类-导管观察数据表,10,"in_time,content_id,item_name,visit_id,patient_id,hospital_no",True
JHEMR_VASTBASE,jhemr_vastbase_10_10_8_177,jhemr,emr_nurse_to_vital_signs_rec,TABLE,临床护理-配置类-护理记录写回体温单项目配置表,7,"mr_code,vital_signs,units,vital_signs_no",True
JHEMR_VASTBASE,jhemr_vastbase_10_10_8_177,jhemr,emr_nurse_to_vital_time,TABLE,临床护理-配置类-护理记录写回体温单时界面和数据库显示时间配置,2,"time_in_form,time_in_db",True
JHEMR_VASTBASE,jhemr_vastbase_10_10_8_177,jhemr,emr_online_monitor,TABLE,质控管理-业务类-在线质控明细表（时限、次数）,23,"monitor_no,item_code,visit_id,patient_id,hospital_no",True
JHEMR_VASTBASE,jhemr_vastbase_10_10_8_177,jhemr,emr_online_monitor_history,TABLE,质控管理-业务类-离线质控明细 归档后迁移到此表,25,"monitor_no,item_code,visit_id,patient_id,hospital_no",True
JHEMR_VASTBASE,jhemr_vastbase_10_10_8_177,jhemr,emr_operation_maintain_config,TABLE,病案首页-配置类-个性化手术维护窗体配置表,14,control_name,False
JHEMR_VASTBASE,jhemr_vastbase_10_10_8_177,jhemr,emr_pad_input_dict,TABLE,病历书写-,8,serial_no,True
JHEMR_VASTBASE,jhemr_vastbase_10_10_8_177,jhemr,emr_pad_interface,TABLE,病历写书-,6,"element_code,hospital_no",True
JHEMR_VASTBASE,jhemr_vastbase_10_10_8_177,jhemr,emr_paper_mr_borrow,TABLE,借阅管理-业务类-纸质病案借阅表,22,"patient_id,visit_id,hospital_no,borrow_date",True
JHEMR_VASTBASE,jhemr_vastbase_10_10_8_177,jhemr,emr_paper_mr_copy,TABLE,复印管理-业务类-纸质病案复印表,23,"patient_id,visit_id,copy_date,hospital_no",True
JHEMR_VASTBASE,jhemr_vastbase_10_10_8_177,jhemr,emr_paper_mr_copy_info,TABLE,复印管理-业务类-复印资料信息明细,8,"patient_id,visit_id,mrclass,copy_date,hospital_no",True
JHEMR_VASTBASE,jhemr_vastbase_10_10_8_177,jhemr,emr_paper_mr_copy_pic,TABLE,复印管理-业务类-复印登记关联图片如身份证，申请单图片,6,"visit_id,patient_id,hospital_no,pic_no",True
JHEMR_VASTBASE,jhemr_vastbase_10_10_8_177,jhemr,emr_paper_mr_dict,TABLE,病案管理-字典类-纸质病案字典表,10,"item_id,children_item_id",True
JHEMR_VASTBASE,jhemr_vastbase_10_10_8_177,jhemr,emr_paper_mr_post,TABLE,复印管理-业务类-纸质病案邮寄表,28,"patient_id,visit_id,register_date,hospital_no",True
JHEMR_VASTBASE,jhemr_vastbase_10_10_8_177,jhemr,emr_paper_post_delete_record,TABLE,纸质病案管理-业务类-邮寄删除记录,7,"patient_id,visit_id,hospital_no",False
JHEMR_VASTBASE,jhemr_vastbase_10_10_8_177,jhemr,emr_paper_type_group,TABLE,复印管理-业务类-复印登记类别分组,5,"id,item_id,children_item_id",False
JHEMR_VASTBASE,jhemr_vastbase_10_10_8_177,jhemr,emr_pat_antibiotics,TABLE,病案首页-业务类-患者抗菌药物使用情况,25,"patient_id,visit_id,hospital_no,id",True
JHEMR_VASTBASE,jhemr_vastbase_10_10_8_177,jhemr,emr_pat_ca_index,TABLE,患者签名-业务类-患者签名主内容表,36,serial_no,True
JHEMR_VASTBASE,jhemr_vastbase_10_10_8_177,jhemr,emr_pat_ca_index_temp,TABLE,患者签名-业务类-患者签名临时表,20,serial_no,False
JHEMR_VASTBASE,jhemr_vastbase_10_10_8_177,jhemr,emr_pat_ca_log,TABLE,患者签名-日志类-患者签名日志,18,serial_no,False
JHEMR_VASTBASE,jhemr_vastbase_10_10_8_177,jhemr,emr_pat_ca_patinfo,TABLE,患者相关信息,17,"patient_id,visit_id,hospital_no,pat_type,pat_cardtype,pat_cardid,pat_name",False
JHEMR_VASTBASE,jhemr_vastbase_10_10_8_177,jhemr,emr_pat_ca_record,TABLE,患者签名-业务类-患者签名记录表,14,,False
JHEMR_VASTBASE,jhemr_vastbase_10_10_8_177,jhemr,emr_pat_ca_type_dict,TABLE,ca字典表,8,"pat_code,pat_name,pat_type,hospital_no,dict_type",False
JHEMR_VASTBASE,jhemr_vastbase_10_10_8_177,jhemr,emr_pat_diagnosis_type,TABLE,诊断手术-字典类-患者诊断类型表,6,"pat_diagnosis_type_class,pat_diagnosis_type_name,hospital_no",True
JHEMR_VASTBASE,jhemr_vastbase_10_10_8_177,jhemr,emr_phms,VIEW,,15,,False
JHEMR_VASTBASE,jhemr_vastbase_10_10_8_177,jhemr,emr_replace_dict,TABLE,,10,"dept_code,findtext,targettext,source,target,hospital_no",True
JHEMR_VASTBASE,jhemr_vastbase_10_10_8_177,jhemr,emr_scanregistrationrecord,TABLE,扫描登记-业务类-病历扫描登记信息,10,"patient_id,visit_id,file_no",True
JHEMR_VASTBASE,jhemr_vastbase_10_10_8_177,jhemr,emr_structure_analyse_dict,TABLE,,3,"content,element,hospital_no",True
JHEMR_VASTBASE,jhemr_vastbase_10_10_8_177,jhemr,emr_templet_dept_dict,TABLE,模板维护-映射类-模板科室,2,templet_dept_code,True
JHEMR_VASTBASE,jhemr_vastbase_10_10_8_177,jhemr,emr_treament_apply,TABLE,患者信息-业务类-跨科处置患者表,59,"patient_id,visit_id,apply_dept_code,apply_date_time,plan_treat_dept_code,hospital_no",True
JHEMR_VASTBASE,jhemr_vastbase_10_10_8_177,jhemr,emr_treament_apply_master,TABLE,会诊管理-医务类-会诊主表,39,applyid,True
JHEMR_VASTBASE,jhemr_vastbase_10_10_8_177,jhemr,emr_treament_apply_work_plan,TABLE,会诊管理-业务类-会诊排班,7,"dept_code,user_id,plan_date",True
JHEMR_VASTBASE,jhemr_vastbase_10_10_8_177,jhemr,emr_treament_dict,TABLE,会诊管理-字典类-会诊评价字典表,4,feedback_code,True
JHEMR_VASTBASE,jhemr_vastbase_10_10_8_177,jhemr,emr_treament_feedback,TABLE,会诊管理-业务类-会诊反馈结果表,15,"apply_dept_code,treat_dept_code,apply_detail_id,applyid,feedback_code,feedback_type,feedback_name",True
JHEMR_VASTBASE,jhemr_vastbase_10_10_8_177,jhemr,emr_treament_log_record,TABLE,会诊管理-日志类-第三方接口记录表,15,,False
JHEMR_VASTBASE,jhemr_vastbase_10_10_8_177,jhemr,emr_winform_templet,TABLE,病案首页-配置类-首页模板,12,"page_no,hospital_no,page_type",True
JHEMR_VASTBASE,jhemr_vastbase_10_10_8_177,jhemr,entity_log,TABLE,实体类日志,10,,False
JHEMR_VASTBASE,jhemr_vastbase_10_10_8_177,jhemr,event_list,TABLE,病案首页-业务类-首页个性化业务的事件列表,8,event_id,False
JHEMR_VASTBASE,jhemr_vastbase_10_10_8_177,jhemr,exam_dict,TABLE,上报卡管理-字典类-检查结果关键词与报卡模板关联表,4,exam_name,True
JHEMR_VASTBASE,jhemr_vastbase_10_10_8_177,jhemr,file_unique_id_result,TABLE,,1,,False
JHEMR_VASTBASE,jhemr_vastbase_10_10_8_177,jhemr,final_chief_diagnosis,VIEW,,9,,False
JHEMR_VASTBASE,jhemr_vastbase_10_10_8_177,jhemr,first_page_costs,TABLE,病案首页-业务类-首页费用(接口同步),59,"patient_id,visit_id,hospital_no",True
JHEMR_VASTBASE,jhemr_vastbase_10_10_8_177,jhemr,fu_master_index,TABLE,随访管理-业务类-患者随访信息,20,"patient_id,hospital_no",True
JHEMR_VASTBASE,jhemr_vastbase_10_10_8_177,jhemr,fu_result_dict,TABLE,随访管理-字典类-随访结果字典,2,fu_result_type,True
JHEMR_VASTBASE,jhemr_vastbase_10_10_8_177,jhemr,fu_situation_dict,TABLE,随访管理-字典类-随访情况字典,2,,False
JHEMR_VASTBASE,jhemr_vastbase_10_10_8_177,jhemr,fu_type,TABLE,随访管理-字典类-随访类型字典,2,fu_type_id,True
JHEMR_VASTBASE,jhemr_vastbase_10_10_8_177,jhemr,fu_visit,TABLE,随访管理-业务类-患者随访信息,27,"patient_id,fu_times,hospital_no,out_or_in",True
JHEMR_VASTBASE,jhemr_vastbase_10_10_8_177,jhemr,goal_setting_table,TABLE,系统配置-字典类-全局系统配置表,10,"settingid,hospital_no,sys_code",True
JHEMR_VASTBASE,jhemr_vastbase_10_10_8_177,jhemr,goal_setting_table_config,TABLE,系统配置-配置类-GOAL_SETTING_TABLE配置表,10,settingid,False
JHEMR_VASTBASE,jhemr_vastbase_10_10_8_177,jhemr,goal_view_setting,TABLE,系统配置-配置类-WIDGET调用视图配置,5,"widget_id,control_name,hospital_no",True
JHEMR_VASTBASE,jhemr_vastbase_10_10_8_177,jhemr,grave_ward_detail,TABLE,病案首页-业务类-患者重症监护明细表,46,"patient_id,visit_id,ward_name,enter_time,hospital_no",True
JHEMR_VASTBASE,jhemr_vastbase_10_10_8_177,jhemr,his_sybccx,VIEW,,3,,False
JHEMR_VASTBASE,jhemr_vastbase_10_10_8_177,jhemr,hospital_branch_dict,TABLE,科室所属分院字典,3,hospital_branch_code,False
JHEMR_VASTBASE,jhemr_vastbase_10_10_8_177,jhemr,hospital_config,TABLE,系统配置-字典类-医院配置表,51,hospital,True
JHEMR_VASTBASE,jhemr_vastbase_10_10_8_177,jhemr,icu_dict_detail,TABLE,,8,"dict_code,class_code,hospital_no",True
JHEMR_VASTBASE,jhemr_vastbase_10_10_8_177,jhemr,icu_dict_master,TABLE,,4,"class_code,hospital_no",True
JHEMR_VASTBASE,jhemr_vastbase_10_10_8_177,jhemr,icu_in_out_gross,TABLE,出入总量,9,"gross_type,recording_date,visit_id,patient_id,hospital_no",True
JHEMR_VASTBASE,jhemr_vastbase_10_10_8_177,jhemr,icu_lab_result,TABLE,,8,"file_no,recording_date,visit_id,patient_id,hospital_no",True
JHEMR_VASTBASE,jhemr_vastbase_10_10_8_177,jhemr,icu_mr_file_index,TABLE,,10,"record_date_time,file_no,visit_id,patient_id,hospital_no",True
JHEMR_VASTBASE,jhemr_vastbase_10_10_8_177,jhemr,icu_nurse_file_index,TABLE,,26,"file_no,nurse_type,recording_date,visit_id,patient_id,hospital_no",True
JHEMR_VASTBASE,jhemr_vastbase_10_10_8_177,jhemr,icu_pat_adt_visit,TABLE,,17,"date_time_d,visit_id,patient_id,hospital_no",True
JHEMR_VASTBASE,jhemr_vastbase_10_10_8_177,jhemr,icu_pat_visit_inc,TABLE,监护单每天的数据,12,"recording_date,visit_id,patient_id,hospital_no",True
JHEMR_VASTBASE,jhemr_vastbase_10_10_8_177,jhemr,icu_record,TABLE,"上报卡管理-日志类-湖南省妇幼ICU病人日志
",14,"record_date,dept_code",True
JHEMR_VASTBASE,jhemr_vastbase_10_10_8_177,jhemr,icu_special_content,TABLE,,10,"in_time,content_id,item_name,visit_id,patient_id,hospital_no",True
JHEMR_VASTBASE,jhemr_vastbase_10_10_8_177,jhemr,jh_doctor_shift_del_bjkq,TABLE,医生交接班-业务类-北京口腔医院交接班删除记录,22,,False
JHEMR_VASTBASE,jhemr_vastbase_10_10_8_177,jhemr,jh_doctor_shift_record,TABLE,医生交接班-业务类-医师交接班记录表,18,id,True
JHEMR_VASTBASE,jhemr_vastbase_10_10_8_177,jhemr,jh_doctor_shift_record_bjkq,TABLE,医生交接班-业务类-北京口腔医院交接班记录,20,id,False
JHEMR_VASTBASE,jhemr_vastbase_10_10_8_177,jhemr,jh_doctor_shift_record_del,TABLE,医生交接班-业务类-医师交接班删除记录,20,"record_date,pat_type,shift_class,patient_id,visit_id,bed_label,del_date_time",True
JHEMR_VASTBASE,jhemr_vastbase_10_10_8_177,jhemr,jh_doctor_title,TABLE,,23,"title_dept_code,title_date",False
JHEMR_VASTBASE,jhemr_vastbase_10_10_8_177,jhemr,jh_record_db_log,TABLE,,3,,False
JHEMR_VASTBASE,jhemr_vastbase_10_10_8_177,jhemr,jhai_diag_oper_frequen,TABLE,病历诊断-业务类-频繁输入统计,14,"item_code,item_name,oper_id,oper_type,item_class,hospital_no",True
JHEMR_VASTBASE,jhemr_vastbase_10_10_8_177,jhemr,jharea_qc_error_detail,TABLE,区域质控-业务类-质控缺陷明细表,22,"hospital_no,patient_id,visit_id,task_no,error_no,clinic_type",True
JHEMR_VASTBASE,jhemr_vastbase_10_10_8_177,jhemr,jharea_qc_score,TABLE,区域质控-业务类-质控评分,13,"task_no,patient_id,visit_id,hospital_no",True
JHEMR_VASTBASE,jhemr_vastbase_10_10_8_177,jhemr,jharea_qc_task_detail,TABLE,区域质控-业务类-质控任务明细,23,"hospital_no,task_no,patient_id,visit_id",True
JHEMR_VASTBASE,jhemr_vastbase_10_10_8_177,jhemr,jharea_qc_task_master,TABLE,区域质控-业务类-质控任务主表,9,"hospital_no,task_no",True
JHEMR_VASTBASE,jhemr_vastbase_10_10_8_177,jhemr,jharea_qc_users,TABLE,区域质控-业务类-质控用户表,7,"hospital_no,user_id,start_date_time",True
JHEMR_VASTBASE,jhemr_vastbase_10_10_8_177,jhemr,jharea_qc_users_log,TABLE,区域质控-日志类-质控人员日志表,8,"hospital_no,user_id,start_date_time",True
JHEMR_VASTBASE,jhemr_vastbase_10_10_8_177,jhemr,jhauth_dept_group,TABLE,用户科室组字典,3,"dept_group_id,hospital_no",False
JHEMR_VASTBASE,jhemr_vastbase_10_10_8_177,jhemr,jhauth_dept_group_vs_dept,TABLE,用户科室组与科室对照,3,"dept_group_id,dept_code,hospital_no",False
JHEMR_VASTBASE,jhemr_vastbase_10_10_8_177,jhemr,jhauth_medical_group_dict,TABLE,用户管理-业务类-科室诊疗组信息,7,"group_id,hospital_no,dept_code",True
JHEMR_VASTBASE,jhemr_vastbase_10_10_8_177,jhemr,jhauth_role_dict,TABLE,角色画布widget-字典类-角色字典,10,role_id,True
JHEMR_VASTBASE,jhemr_vastbase_10_10_8_177,jhemr,jhauth_role_group,TABLE,用户管理-字典类-用户角色组字典,6,"role_group_id,hospital_no",True
JHEMR_VASTBASE,jhemr_vastbase_10_10_8_177,jhemr,jhauth_role_group_vs_role,TABLE,用户管理-映射类-用户角色组字典与角色字典对照,4,"role_group_id,role_id,hospital_no",True
JHEMR_VASTBASE,jhemr_vastbase_10_10_8_177,jhemr,jhauth_role_permission_dict,TABLE,角色画布widget-字典类-角色权限字典,6,"role_permission_id,permission_type",True
JHEMR_VASTBASE,jhemr_vastbase_10_10_8_177,jhemr,jhauth_role_vs_catalog_dict,TABLE,角色画布widget-映射类-角色关联病历文书目录,5,"role_id,catalog_code",True
JHEMR_VASTBASE,jhemr_vastbase_10_10_8_177,jhemr,jhauth_role_vs_ips_syscode,TABLE,角色关系表_IP段_系统标识,4,"ip_start,ip_end",False
JHEMR_VASTBASE,jhemr_vastbase_10_10_8_177,jhemr,jhauth_secret_dict,TABLE,用户管理-字典类-保密等级分级,2,secret_level,True
JHEMR_VASTBASE,jhemr_vastbase_10_10_8_177,jhemr,jhauth_user_ca_dict,TABLE,用户管理CA-用户信息与KEY证书对照表（仅限于广东CA）,10,certificate,True
JHEMR_VASTBASE,jhemr_vastbase_10_10_8_177,jhemr,jhauth_user_type,TABLE,用户管理-字典类-用户类型字典表,3,"user_type,hospital_no",True
JHEMR_VASTBASE,jhemr_vastbase_10_10_8_177,jhemr,jhauth_user_vs_education,TABLE,用户管理-映射类-医生学生关联对照表,6,"user_id,sub_user_id,hospital_no,start_time",True
JHEMR_VASTBASE,jhemr_vastbase_10_10_8_177,jhemr,jhauth_user_vs_group,TABLE,用户管理-映射类-用户与诊疗组对照表,12,"user_id,group_id,hospital_no",False
JHEMR_VASTBASE,jhemr_vastbase_10_10_8_177,jhemr,jhauth_user_vs_permission,TABLE,用户管理-映射类-用户对照权限表,3,"user_id,permission_no,hospital_no",True
JHEMR_VASTBASE,jhemr_vastbase_10_10_8_177,jhemr,jhauth_user_vs_role,TABLE,用户管理-映射表-用户与角色对照表,7,"user_id,role_id,hospital_no",True
JHEMR_VASTBASE,jhemr_vastbase_10_10_8_177,jhemr,jhauth_user_vs_role_0528,TABLE,,7,,False
JHEMR_VASTBASE,jhemr_vastbase_10_10_8_177,jhemr,jhauth_user_vs_role_bf,TABLE,,7,,False
JHEMR_VASTBASE,jhemr_vastbase_10_10_8_177,jhemr,jhauth_user_vs_role_group,TABLE,用户管理-映射类-用户与角色组对照表,3,"user_id,role_group_id,hospital_no",True
JHEMR_VASTBASE,jhemr_vastbase_10_10_8_177,jhemr,jhauth_user_vs_role_log,TABLE,用户管理-日志类-用户与角色分配日志表,9,"user_id,role_id,hospital_no,start_date_time",True
JHEMR_VASTBASE,jhemr_vastbase_10_10_8_177,jhemr,jhbd_cv_index,TABLE,数据集管理-业务类-数据元值域索引表,8,cv_code,True
JHEMR_VASTBASE,jhemr_vastbase_10_10_8_177,jhemr,jhbd_cv_items,TABLE,数据集管理-业务类-数据元值域项目表,13,"cv_code,cv_value,cv_version",True
JHEMR_VASTBASE,jhemr_vastbase_10_10_8_177,jhemr,jhbd_cv_versions,TABLE,数据集管理-业务类-数据元值域版本表,6,"cv_code,cv_version",True
JHEMR_VASTBASE,jhemr_vastbase_10_10_8_177,jhemr,jhbd_de_dictionary,TABLE,数据集管理-字典类-数据元数据类型字典表,3,id,True
JHEMR_VASTBASE,jhemr_vastbase_10_10_8_177,jhemr,jhbd_de_index,TABLE,数据集管理-业务类-数据元索引表,10,de_code,True
JHEMR_VASTBASE,jhemr_vastbase_10_10_8_177,jhemr,jhbd_dg_index,TABLE,数据集管理-业务类-数据组索引表,6,dg_code,False
JHEMR_VASTBASE,jhemr_vastbase_10_10_8_177,jhemr,jhbd_dg_vs_de,TABLE,数据集管理-映射类-数据组包含数据元表,6,"dg_order_num,dg_code",True
JHEMR_VASTBASE,jhemr_vastbase_10_10_8_177,jhemr,jhbd_dg_vs_template,TABLE,,2,"template_code,dg_code",False
JHEMR_VASTBASE,jhemr_vastbase_10_10_8_177,jhemr,jhbd_ds_index,TABLE,数据集管理-业务类-数据集索引表,7,ds_code,False
JHEMR_VASTBASE,jhemr_vastbase_10_10_8_177,jhemr,jhbd_ds_versions,TABLE,数据集管理-业务类-数据集版本表,6,"ds_code,ds_version",False
JHEMR_VASTBASE,jhemr_vastbase_10_10_8_177,jhemr,jhbd_ds_vs_de,TABLE,数据集管理-映射类-数据集包含数据元/数据组表,8,"ds_internal_code,ds_version",True
JHEMR_VASTBASE,jhemr_vastbase_10_10_8_177,jhemr,jhbd_fpaq_custom_query,TABLE,首页全查询-业务类-查询方案主索引,5,"fpaq_filecode,hospital_no",True
JHEMR_VASTBASE,jhemr_vastbase_10_10_8_177,jhemr,jhbd_fpaq_custom_queryleft,TABLE,首页全查询-业务类-查询方案左侧显示项,6,"fpaq_filecode,fpaq_filed_show_name,fpaq_filed_name,hospital_no",True
JHEMR_VASTBASE,jhemr_vastbase_10_10_8_177,jhemr,jhbd_fpaq_custom_queryright,TABLE,首页全查询-业务类-查询方案右侧查询项,16,"fpaq_filecode,fpaq_query_item,fpaq_symbol,hospital_no",True
JHEMR_VASTBASE,jhemr_vastbase_10_10_8_177,jhemr,jhbd_fpaq_field_query_dict,TABLE,首页全查询-字典类-首页全查询的字典数据,5,"fpaq_dict_name,fpaq_item_id",True
JHEMR_VASTBASE,jhemr_vastbase_10_10_8_177,jhemr,jhbd_fpaq_field_setting,TABLE,首页全查询-配置类-首页全查询字段维护,16,"fpaq_owner,fpaq_table_name,fpaq_column_name,hospital_no",True
JHEMR_VASTBASE,jhemr_vastbase_10_10_8_177,jhemr,jhbd_spa_pat_alergy,TABLE,过敏信息-业务类-病人过敏史,9,"alergy_code,visit_id,patient_id,hospital_no",True
JHEMR_VASTBASE,jhemr_vastbase_10_10_8_177,jhemr,jhbr_report_list,TABLE,皕杰报表-业务类-报表查看,27,report_id,True
JHEMR_VASTBASE,jhemr_vastbase_10_10_8_177,jhemr,jhbr_report_list_params,TABLE,,10,"report_id,placeholder,params_code",False
JHEMR_VASTBASE,jhemr_vastbase_10_10_8_177,jhemr,jhbr_report_vs_group,TABLE,皕杰报表-配置类-分组管理,3,"report_id,group_id",True
JHEMR_VASTBASE,jhemr_vastbase_10_10_8_177,jhemr,jhbr_report_vs_role,TABLE,皕杰报表-配置类-报表角色权限表 ,3,"role_id,report_id,hospital_no",True
JHEMR_VASTBASE,jhemr_vastbase_10_10_8_177,jhemr,jhca_pat_params_dict,TABLE,操作字典表,8,,False
JHEMR_VASTBASE,jhemr_vastbase_10_10_8_177,jhemr,jhcard_sd_ami,TABLE,老版病种-作废类-不再维护 孙朋朋 2021年6月30日,124,card_id,True
JHEMR_VASTBASE,jhemr_vastbase_10_10_8_177,jhemr,jhcard_sd_arthroplasty,TABLE,老版病种-作废类-不再维护 孙朋朋 2021年6月30日,80,card_id,True
JHEMR_VASTBASE,jhemr_vastbase_10_10_8_177,jhemr,jhcard_sd_cabg,TABLE,老版病种-作废类-不再维护 孙朋朋 2021年6月30日,81,card_id,True
JHEMR_VASTBASE,jhemr_vastbase_10_10_8_177,jhemr,jhcard_sd_cabg_bridges,TABLE,老版病种-作废类-不再维护 孙朋朋 2021年6月30日,6,"card_id,id",True
JHEMR_VASTBASE,jhemr_vastbase_10_10_8_177,jhemr,jhcard_sd_cap,TABLE,老版病种-作废类-不再维护 孙朋朋 2021年6月30日,69,card_id,True
JHEMR_VASTBASE,jhemr_vastbase_10_10_8_177,jhemr,jhcard_sd_child,TABLE,老版病种-作废类-不再维护 孙朋朋 2021年6月30日,9,"item_class,item_code,card_id",True
JHEMR_VASTBASE,jhemr_vastbase_10_10_8_177,jhemr,jhcard_sd_copd,TABLE,老版病种-作废类-不再维护 孙朋朋 2021年6月30日,67,card_id,True
JHEMR_VASTBASE,jhemr_vastbase_10_10_8_177,jhemr,jhcard_sd_cs,TABLE,老版病种-作废类-不再维护 孙朋朋 2021年6月30日,86,card_id,True
JHEMR_VASTBASE,jhemr_vastbase_10_10_8_177,jhemr,jhcard_sd_delete_reason,TABLE,老版病种-作废类-不再维护 孙朋朋 2021年6月30日,37,card_id,True
JHEMR_VASTBASE,jhemr_vastbase_10_10_8_177,jhemr,jhcard_sd_dict,TABLE,老版病种-作废类-不再维护 孙朋朋 2021年6月30日,7,"item_code,item_class",True
JHEMR_VASTBASE,jhemr_vastbase_10_10_8_177,jhemr,jhcard_sd_explain_dict,TABLE,老版病种-作废类-不再维护 孙朋朋 2021年6月30日,3,"explain_class,id",True
JHEMR_VASTBASE,jhemr_vastbase_10_10_8_177,jhemr,jhcard_sd_export_configure,TABLE,老版病种-作废类-不再维护 孙朋朋 2021年6月30日,7,"field_name,caption,column_order,singleill_code",True
JHEMR_VASTBASE,jhemr_vastbase_10_10_8_177,jhemr,jhcard_sd_hf,TABLE,老版病种-作废类-不再维护 孙朋朋 2021年6月30日,88,card_id,True
JHEMR_VASTBASE,jhemr_vastbase_10_10_8_177,jhemr,jhcard_sd_master_index,TABLE,老版病种-作废类-不再维护 孙朋朋 2021年6月30日,35,card_id,True
JHEMR_VASTBASE,jhemr_vastbase_10_10_8_177,jhemr,jhcard_sd_pneumonia,TABLE,老版病种-作废类-不再维护 孙朋朋 2021年6月30日,85,card_id,True
JHEMR_VASTBASE,jhemr_vastbase_10_10_8_177,jhemr,jhcard_sd_ppodvt,TABLE,老版病种-作废类-不再维护 孙朋朋 2021年6月30日,69,card_id,True
JHEMR_VASTBASE,jhemr_vastbase_10_10_8_177,jhemr,jhcard_sd_ppoi,TABLE,老版病种-作废类-不再维护 孙朋朋 2021年6月30日,49,card_id,True
JHEMR_VASTBASE,jhemr_vastbase_10_10_8_177,jhemr,jhcard_sd_query_config,TABLE,老版病种-作废类-不再维护 孙朋朋 2021年6月30日,7,sn,False
JHEMR_VASTBASE,jhemr_vastbase_10_10_8_177,jhemr,jhcard_sd_score,TABLE,老版病种-作废类-不再维护 孙朋朋 2021年6月30日,6,"class_name,item_id",True
JHEMR_VASTBASE,jhemr_vastbase_10_10_8_177,jhemr,jhcard_sd_singledis_detial,TABLE,老版病种-作废类-不再维护 孙朋朋 2021年6月30日,7,"singlediseases_code,singlediagnosis_code,diagnosis_code",True
JHEMR_VASTBASE,jhemr_vastbase_10_10_8_177,jhemr,jhcard_sd_singledisease_dept,TABLE,老版病种-作废类-不再维护 孙朋朋 2021年6月30日,5,"singlediseases_code,dept_code,hospital_no",True
JHEMR_VASTBASE,jhemr_vastbase_10_10_8_177,jhemr,jhcard_sd_singlediseases,TABLE,老版病种-作废类-不再维护 孙朋朋 2021年6月30日,5,singlediseases_code,True
JHEMR_VASTBASE,jhemr_vastbase_10_10_8_177,jhemr,jhcard_sd_singleill_reason,TABLE,老版病种-作废类-不再维护 孙朋朋 2021年6月30日,4,"patient_id,visit_id,singleill_code",True
JHEMR_VASTBASE,jhemr_vastbase_10_10_8_177,jhemr,jhcard_sd_singlereason_dict,TABLE,老版病种-作废类-不再维护 孙朋朋 2021年6月30日,5,"singlediseases_name,singlediseases_code,fixed_reason_code",True
JHEMR_VASTBASE,jhemr_vastbase_10_10_8_177,jhemr,jhcard_sd_stk,TABLE,老版病种-作废类-不再维护 孙朋朋 2021年6月30日,157,card_id,True
JHEMR_VASTBASE,jhemr_vastbase_10_10_8_177,jhemr,jhcard_sd_vs_dict,TABLE,老版病种-作废类-不再维护 孙朋朋 2021年6月30日,6,"item_class,local_code,standard_code",False
JHEMR_VASTBASE,jhemr_vastbase_10_10_8_177,jhemr,jhcdr_emr_form_data_element,TABLE,FORM窗体门诊打散保存文书数据表,11,"patient_id,visit_id,file_unique_id,de_code",False
JHEMR_VASTBASE,jhemr_vastbase_10_10_8_177,jhemr,jhcdr_inpat_vital_signs,TABLE,老版护理-业务类-体温单数据（含新生儿）,13,"patient_id,visit_id,baby_no,hospital_no,time_point,recording_date,vital_signs",True
JHEMR_VASTBASE,jhemr_vastbase_10_10_8_177,jhemr,jhcdr_interface_tree_module,TABLE,接口同步-配置类-接口配置,5,"tree_code,parent_code",True
JHEMR_VASTBASE,jhemr_vastbase_10_10_8_177,jhemr,jhcdr_lab_report_0328,TABLE,,40,,False
JHEMR_VASTBASE,jhemr_vastbase_10_10_8_177,jhemr,jhcdr_lab_report_microbe_0328,TABLE,,16,,False
JHEMR_VASTBASE,jhemr_vastbase_10_10_8_177,jhemr,jhcdr_local_order_type_vs_de,TABLE,质控管理-映射类-医嘱类别与数据元对照,3,"order_type_code,de_code,hospital_no",True
JHEMR_VASTBASE,jhemr_vastbase_10_10_8_177,jhemr,jhcdr_monitor_order_temp,TABLE,质控-业务类-质控医嘱临时表(解决触发质控错误),10,"patient_id,visit_id,hospital_no,dept_code,source_system_identity",True
JHEMR_VASTBASE,jhemr_vastbase_10_10_8_177,jhemr,jhcdr_operation,TABLE,,45,"narcosis_no,hospital_no",True
JHEMR_VASTBASE,jhemr_vastbase_10_10_8_177,jhemr,jhcdr_syn_client_config,TABLE,接口同步-配置类-同步客户端显示配置,10,"code,hospital_no,type,outp_or_inp",True
JHEMR_VASTBASE,jhemr_vastbase_10_10_8_177,jhemr,jhcdr_syn_service_config,TABLE,接口同步-配置类-同步服务配置,9,"hospital_no,type_code,item_code,outp_or_inp,item_no",True
JHEMR_VASTBASE,jhemr_vastbase_10_10_8_177,jhemr,jhcgcard_aids_content,TABLE,上报卡管理-业务类-艾滋病报卡,40,card_id,True
JHEMR_VASTBASE,jhemr_vastbase_10_10_8_177,jhemr,jhcgcard_back_card_log,TABLE,上报卡管理-日志类-退卡记录,7,"card_id,card_no",True
JHEMR_VASTBASE,jhemr_vastbase_10_10_8_177,jhemr,jhcgcard_card_type,TABLE,上报卡管理-字典类-上报卡类型字典表,4,"card_type,hospital_no",True
JHEMR_VASTBASE,jhemr_vastbase_10_10_8_177,jhemr,jhcgcard_ccv_content,TABLE,上报卡管理-业务类-心脑血管报卡内容（哈尔滨二院）,37,"patient_id,visit_id,num",True
JHEMR_VASTBASE,jhemr_vastbase_10_10_8_177,jhemr,jhcgcard_chronic_card,TABLE,上报卡管理-业务类-宜兴慢性病传染上报卡,65,"patient_id,visit_id,num",True
JHEMR_VASTBASE,jhemr_vastbase_10_10_8_177,jhemr,jhcgcard_death_card,TABLE,上报卡管理-业务类-宜兴市人民医院住院死亡上报卡,61,"patient_id,visit_id,num",True
JHEMR_VASTBASE,jhemr_vastbase_10_10_8_177,jhemr,jhcgcard_diag_card,TABLE,上报卡管理-映射类-上报卡的诊断与winform版上报卡关联,4,"diagnosis_code,hospital_no,card_type",True
JHEMR_VASTBASE,jhemr_vastbase_10_10_8_177,jhemr,jhcgcard_disease_diagtype,TABLE,上报卡管理-配置类-上报卡自定义配置,5,"disease_code,tips,hospital_no,diag_type",True
JHEMR_VASTBASE,jhemr_vastbase_10_10_8_177,jhemr,jhcgcard_disease_name,TABLE,上报卡管理-配置类-疾病名称索引表,5,disease_code,True
JHEMR_VASTBASE,jhemr_vastbase_10_10_8_177,jhemr,jhcgcard_drc_content,TABLE,上报卡管理-业务类-关联性病例监测卡,23,card_id,True
JHEMR_VASTBASE,jhemr_vastbase_10_10_8_177,jhemr,jhcgcard_file_index,TABLE,"上报卡管理- 业务类-winfrom传染上报卡索引表
",25,"patient_id,visit_id,card_id",True
JHEMR_VASTBASE,jhemr_vastbase_10_10_8_177,jhemr,jhcgcard_file_oper_log,TABLE,上报卡管理-日志类-winFORM报卡操作日志,9,"card_id,user_id,modify_date_time",False
JHEMR_VASTBASE,jhemr_vastbase_10_10_8_177,jhemr,jhcgcard_foodborne_content,TABLE,上报卡管理-业务类-食源性疾病报卡,55,card_id,False
JHEMR_VASTBASE,jhemr_vastbase_10_10_8_177,jhemr,jhcgcard_foodborne_info,TABLE,上报卡管理-业务类-食源性上报卡食品信息,27,"card_id,no",False
JHEMR_VASTBASE,jhemr_vastbase_10_10_8_177,jhemr,jhcgcard_foodborne_sample,TABLE,上报卡管理-业务类-食源性上报卡样本,10,"card_id,no",False
JHEMR_VASTBASE,jhemr_vastbase_10_10_8_177,jhemr,jhcgcard_hb_content,TABLE,上报卡管理-winfrom 窗体版肝炎附卡信息表,11,card_id,True
JHEMR_VASTBASE,jhemr_vastbase_10_10_8_177,jhemr,jhcgcard_infection_anti_drug,TABLE,上报卡管理-业务类-winfrom 窗体版抗感染药物敏感试验,6,"card_id,antibacterial_druy",True
JHEMR_VASTBASE,jhemr_vastbase_10_10_8_177,jhemr,jhcgcard_infection_card,TABLE,上报卡管理-业务类-winfrom 窗体版院内感染上报卡登记表,44,card_id,True
JHEMR_VASTBASE,jhemr_vastbase_10_10_8_177,jhemr,jhcgcard_infection_operation,TABLE,上报卡管理-业务类-院感报卡手术信息,17,"card_id,operating_date,operation_code",True
JHEMR_VASTBASE,jhemr_vastbase_10_10_8_177,jhemr,jhcgcard_infection_site,TABLE,上报卡管理-业务类-winfrom 窗体版医院感染病例登记表,5,card_id,True
JHEMR_VASTBASE,jhemr_vastbase_10_10_8_177,jhemr,jhcgcard_main_content,TABLE,上报卡管理-业务类-winfrom 窗体版感染上报内容信息表,46,card_id,True
JHEMR_VASTBASE,jhemr_vastbase_10_10_8_177,jhemr,jhcgcard_med_diag_vs_card,TABLE,上报卡管理-业务类- 下传染诊断不填上报卡原因存储,11,"visit_id,diagnosis_code,card_type,patient_id,hospital_no",True
JHEMR_VASTBASE,jhemr_vastbase_10_10_8_177,jhemr,jhcgcard_report_data,TABLE,上报卡管理-业务类-winform流感报告信息表,13,"report_date,report_dept,hospital_no",True
JHEMR_VASTBASE,jhemr_vastbase_10_10_8_177,jhemr,jhcgcard_sex_content,TABLE,上报卡管理-业务类-winform性病附卡,97,card_id,True
JHEMR_VASTBASE,jhemr_vastbase_10_10_8_177,jhemr,jhcgcard_tb_content,TABLE,上报卡管理-业务类-winform肺结核附卡信息表,24,card_id,True
JHEMR_VASTBASE,jhemr_vastbase_10_10_8_177,jhemr,jhcgcard_venereal_content,TABLE,上报卡管理-业务类-性病附卡（三明）,85,card_id,False
JHEMR_VASTBASE,jhemr_vastbase_10_10_8_177,jhemr,jhclinics_preview,TABLE,病历文书-业务类-诊疗预览,10,"patient_id,de_code",True
JHEMR_VASTBASE,jhemr_vastbase_10_10_8_177,jhemr,jhcon_defect_control,TABLE,质控管理-医务类-病历质量事中控制-缺陷控制表,6,type_id,False
JHEMR_VASTBASE,jhemr_vastbase_10_10_8_177,jhemr,jhcon_diagnosis_control,TABLE,质控管理-业务类-诊断质量事中控制,5,type_id,False
JHEMR_VASTBASE,jhemr_vastbase_10_10_8_177,jhemr,jhcon_lack_control,TABLE,质控管理-业务类-病历质量事中控制-缺写控制表,9,type_id,False
JHEMR_VASTBASE,jhemr_vastbase_10_10_8_177,jhemr,jhcon_patientcontent_control,TABLE,患者列表内容事中控制,5,,False
JHEMR_VASTBASE,jhemr_vastbase_10_10_8_177,jhemr,jhcon_patientcontent_data,TABLE,患者列表内容质控表,4,,False
JHEMR_VASTBASE,jhemr_vastbase_10_10_8_177,jhemr,jhcon_state_control,TABLE,质控管理-业务类-病历质量事中控制-状态控制表,10,"type_id,type_note",False
JHEMR_VASTBASE,jhemr_vastbase_10_10_8_177,jhemr,jhconfig_action,TABLE,API接口方法表,8,"api_code,action_code",False
JHEMR_VASTBASE,jhemr_vastbase_10_10_8_177,jhemr,jhconfig_action_result,TABLE, API接口方法返回结果表,7,"patient_id,visit_id,api_code,action_code,action_result_code,action_return_code",False
JHEMR_VASTBASE,jhemr_vastbase_10_10_8_177,jhemr,jhconfig_action_return,TABLE,API接口方法返回字段信息表,9,"api_code,action_code,action_return_code",False
JHEMR_VASTBASE,jhemr_vastbase_10_10_8_177,jhemr,jhconfig_api,TABLE,API信息主表,10,,False
JHEMR_VASTBASE,jhemr_vastbase_10_10_8_177,jhemr,jhconfig_webservice_invoke,TABLE,病案首页-配置类-首页调用webservice,12,"id,hospital_no",False
JHEMR_VASTBASE,jhemr_vastbase_10_10_8_177,jhemr,jhcriticalvalues,TABLE,危急值管理-业务类-危机值确认记录,31,criticalvalues_no,True
JHEMR_VASTBASE,jhemr_vastbase_10_10_8_177,jhemr,jhcriticalvalues_msg,TABLE,危急值管理-业务类-危机值未处理记录,16,,False
JHEMR_VASTBASE,jhemr_vastbase_10_10_8_177,jhemr,jhcriticalvalues_user,TABLE,危急值管理-业务类-用户消息数,1,,False
JHEMR_VASTBASE,jhemr_vastbase_10_10_8_177,jhemr,jhdata_elementsource,TABLE,病历文书-配置类-元素模板提取配置表,9,id,False
JHEMR_VASTBASE,jhemr_vastbase_10_10_8_177,jhemr,jhdead_cerno,TABLE,死亡证明-字典类-死亡证明号段维护,9,"year,cerno_type",False
JHEMR_VASTBASE,jhemr_vastbase_10_10_8_177,jhemr,jhdead_cerno_patient,TABLE,死亡证明-配置类-患者对应国家号,6,patient_cerid,False
JHEMR_VASTBASE,jhemr_vastbase_10_10_8_177,jhemr,jhdead_certificate,TABLE,死亡证明-业务类-死亡证明书,42,cerid,False
JHEMR_VASTBASE,jhemr_vastbase_10_10_8_177,jhemr,jhdead_certificate_operate,TABLE,死亡证明-业务类-死亡医学证明操作表（死亡患者信息）,56,operate_id,False
JHEMR_VASTBASE,jhemr_vastbase_10_10_8_177,jhemr,jhdead_dict,TABLE,死亡证明书字典,6,dict_id,False
JHEMR_VASTBASE,jhemr_vastbase_10_10_8_177,jhemr,jhdead_dict_type,TABLE,死亡证明-字典类-死亡字典类型表,2,dict_type_id,False
JHEMR_VASTBASE,jhemr_vastbase_10_10_8_177,jhemr,jhdead_reprint,TABLE,死亡证明-业务类-死亡证明书补打记录,16,reprint_id,False
JHEMR_VASTBASE,jhemr_vastbase_10_10_8_177,jhemr,jhdead_setting,TABLE,死亡证明-配置类-死亡证明设置表,5,name,False
JHEMR_VASTBASE,jhemr_vastbase_10_10_8_177,jhemr,jhdg_enter_criterion,TABLE,疾病分组-映射类-入组标准诊断手术关联疾病分组,7,"dg_code,dg_sub_code,diag_oper_code,diag_oper_name",True
JHEMR_VASTBASE,jhemr_vastbase_10_10_8_177,jhemr,jhdg_extended_prop_class,TABLE,疾病分组-字典类-疾病分组扩展属性,3,dg_ext_prop_code,True
JHEMR_VASTBASE,jhemr_vastbase_10_10_8_177,jhemr,jhdg_extended_prop_details,TABLE,疾病分组-业务类-扩展属性详细表,9,"serial_no,dg_ext_prop_code",True
JHEMR_VASTBASE,jhemr_vastbase_10_10_8_177,jhemr,jhdg_extended_prop_items,TABLE,疾病分组-映射类-疾病分组与扩展属性映射表,8,"dg_code,dg_sub_code,dg_ext_prop_code,map_item_code",True
JHEMR_VASTBASE,jhemr_vastbase_10_10_8_177,jhemr,jhdg_hos_bzcontrast,TABLE,诊断手术-映射类-院内诊断对应标准诊断字典表 ,9,"id,hos_diagcode,hos_diagdesc",False
JHEMR_VASTBASE,jhemr_vastbase_10_10_8_177,jhemr,jhdg_hos_icdcontrast,TABLE,诊断手术-映射类-院内手术对应ICD字典表 ,11,"id,hos_opercode,hos_opername",True
JHEMR_VASTBASE,jhemr_vastbase_10_10_8_177,jhemr,jhdg_key_indicators,TABLE,疾病分组-映射类-疾病关键指标,11,"dg_code,dg_sub_code,indicator_code",True
JHEMR_VASTBASE,jhemr_vastbase_10_10_8_177,jhemr,jhdg_know_diaope_set,TABLE,疾病分组-作废类-诊断手术表  ,5,,True
JHEMR_VASTBASE,jhemr_vastbase_10_10_8_177,jhemr,jhdg_know_key_index,TABLE,疾病分组-作废类-诊断关键指标表,10,,True
JHEMR_VASTBASE,jhemr_vastbase_10_10_8_177,jhemr,jhdg_know_main_orders,TABLE,疾病分组-作废类-诊断常用医嘱表 ,5,,True
JHEMR_VASTBASE,jhemr_vastbase_10_10_8_177,jhemr,jhdg_know_ops_dangerindex,TABLE,疾病分组-作废类-手术风险指标表,13,,True
JHEMR_VASTBASE,jhemr_vastbase_10_10_8_177,jhemr,jhdg_master_index,TABLE,疾病分组-业务类-同类疾病分组主索引,16,"dg_code,dg_sub_code",True
JHEMR_VASTBASE,jhemr_vastbase_10_10_8_177,jhemr,jhdg_nursing_plan,TABLE,疾病分组-业务类-护理计划,12,"dg_code,dg_sub_code,plan_code",True
JHEMR_VASTBASE,jhemr_vastbase_10_10_8_177,jhemr,jhdg_problem_list,TABLE,疾病分组-业务类-常见问题列表,6,"dg_code,dg_sub_code,problem_code",True
JHEMR_VASTBASE,jhemr_vastbase_10_10_8_177,jhemr,jhdg_treatment_plan,TABLE,疾病分组-业务类-诊疗计划,7,"dg_code,dg_sub_code,plan_code",True
JHEMR_VASTBASE,jhemr_vastbase_10_10_8_177,jhemr,jhdg_vs_druglist,TABLE,疾病分组-映射类-疾病与数据元关联,6,"dg_code,dg_sub_code,de_code",True
JHEMR_VASTBASE,jhemr_vastbase_10_10_8_177,jhemr,jhdict_clinic_vs_dept,TABLE,配置管理-映射类-科室临床诊断映射表2012.06.07陈联忠,3,"dept_code,hospital_no,serial_no",True
JHEMR_VASTBASE,jhemr_vastbase_10_10_8_177,jhemr,jhdict_icd_vs_clinic,TABLE,配置管理-映射类-ICD诊断和临床诊断映射 2012.06.07陈联忠,10,serial_no,True
JHEMR_VASTBASE,jhemr_vastbase_10_10_8_177,jhemr,jhdict_items,TABLE,系统字典-字典类-输入法字典项目表,6,dict_code,True
JHEMR_VASTBASE,jhemr_vastbase_10_10_8_177,jhemr,jhdict_master_index,TABLE,系统字典-字典类-输入法字典索引表,6,dict_table,True
JHEMR_VASTBASE,jhemr_vastbase_10_10_8_177,jhemr,jhdict_operation_vs_clinic,TABLE,配置管理-映射类-ICD手术和临床手术对照表,10,serial_no,False
JHEMR_VASTBASE,jhemr_vastbase_10_10_8_177,jhemr,jhdoct_transfer_record,TABLE,医生交接班-业务类-黄石市中心医院医师交接班,16,"patient_id,visit_id,shift_date_time,dept_code",False
JHEMR_VASTBASE,jhemr_vastbase_10_10_8_177,jhemr,jhdoctorvsoperationdict,TABLE,病案首页-映射类-人员对应手术编码字典 ,6,"id,doctor_id",True
JHEMR_VASTBASE,jhemr_vastbase_10_10_8_177,jhemr,jhdoctorvsoperationlevel,TABLE,病案首页-映射类-人员对应手术级别字典 ,6,"id,doctor_id",False
JHEMR_VASTBASE,jhemr_vastbase_10_10_8_177,jhemr,jhdr_basic_dict,TABLE,HQMS上报-字典类-数据元值域代码表 国标,5,"dict_class,field_value,field_name",True
JHEMR_VASTBASE,jhemr_vastbase_10_10_8_177,jhemr,jhdr_basic_dict_level,TABLE,HQMS上报-映射类-值域,5,"dict_class,field_value",False
JHEMR_VASTBASE,jhemr_vastbase_10_10_8_177,jhemr,jhdr_log,TABLE,HQMS上报-日志类-HQMS上报日志,19,token,True
JHEMR_VASTBASE,jhemr_vastbase_10_10_8_177,jhemr,jhdr_rc020_icd_bj,TABLE,HQMS上报-字典类-北京版RC20-ICD-10诊断编码,3,"diagnosis_code,diagnosis_name",True
JHEMR_VASTBASE,jhemr_vastbase_10_10_8_177,jhemr,jhdr_rc020_icd_qg,TABLE,HQMS上报-字典类-全国版RC20-ICD-10诊断编码,3,"diagnosis_code,diagnosis_name",True
JHEMR_VASTBASE,jhemr_vastbase_10_10_8_177,jhemr,jhdr_rc021_icd_bj,TABLE,HQMS上报-字典类-北京版RC021-ICD-10形态学编码,5,"item_name,item_code",True
JHEMR_VASTBASE,jhemr_vastbase_10_10_8_177,jhemr,jhdr_rc021_icd_qg,TABLE,HQMS上报-字典类-全国版RC021-ICD-10形态学编码,3,"morphology_code,morphology_name",True
JHEMR_VASTBASE,jhemr_vastbase_10_10_8_177,jhemr,jhdr_rc021_vs_icd,TABLE,HQMS上报-映射类-院内病理和标准病理字典对照表,6,"hospital_morphology,standard_morphology",True
JHEMR_VASTBASE,jhemr_vastbase_10_10_8_177,jhemr,jhdr_rc022_icd_9_norm,TABLE,HQMS上报-字典类-全国版标准手术编码,4,"operation_code,operation_name",True
JHEMR_VASTBASE,jhemr_vastbase_10_10_8_177,jhemr,jhdr_temp,TABLE,HQMS上报-业务类-转换后标准数据,346,"p2,p3",True
JHEMR_VASTBASE,jhemr_vastbase_10_10_8_177,jhemr,jhdr_temp_date,TABLE,HQMS上报-业务类-标准数据上传日期,7,"patient_id,visit_id",True
JHEMR_VASTBASE,jhemr_vastbase_10_10_8_177,jhemr,jhdr_vs_dept,TABLE,HQMS上报-映射类-院内科室编码与上报标准科室编码对照,5,"dept_code_hqms,dept_code_hospital",True
JHEMR_VASTBASE,jhemr_vastbase_10_10_8_177,jhemr,jhdr_vs_diagnosis,TABLE,HQMS上报-映射类-院内诊断与标准诊断映射,5,"diagnosis_code_hospital,diagnosis_code_hqms",True
JHEMR_VASTBASE,jhemr_vastbase_10_10_8_177,jhemr,jhdr_vs_dict,TABLE,HQMS上报-映射类-本地字典与上报标准字典映射,4,"local_code,hqms_item_code,hqms_vs_type",True
JHEMR_VASTBASE,jhemr_vastbase_10_10_8_177,jhemr,jhdr_vs_operation,TABLE,HQMS上报-映射类-院内手术与标准手术映射,5,"operation_code_hqms,operation_code_hospital",True
JHEMR_VASTBASE,jhemr_vastbase_10_10_8_177,jhemr,jhdsis_anesthesia_approve_log,TABLE,麻醉审核日志,8,guid,False
JHEMR_VASTBASE,jhemr_vastbase_10_10_8_177,jhemr,jhdsis_anesthesia_flag_dict,TABLE,日间手术麻醉字典,3,anes_flag_code,False
JHEMR_VASTBASE,jhemr_vastbase_10_10_8_177,jhemr,jhdsis_approve_record,TABLE,日间手术审核记录,7,"hospital_no,operation_apply_no",False
JHEMR_VASTBASE,jhemr_vastbase_10_10_8_177,jhemr,jhdsis_basic_project,TABLE,准入基本项目,8,"hospital_no,disease_code,operation_stage,project_code",False
JHEMR_VASTBASE,jhemr_vastbase_10_10_8_177,jhemr,jhdsis_bring_oper_apply,TABLE,纳入日间手术申请,10,"patient_id,hospital_no,visit_id",False
JHEMR_VASTBASE,jhemr_vastbase_10_10_8_177,jhemr,jhdsis_disease_dict,TABLE,手术病种字典表,7,"hospital_no,disease_code",False
JHEMR_VASTBASE,jhemr_vastbase_10_10_8_177,jhemr,jhdsis_disease_factortype_dict,TABLE,日间手术取消或爽约因素,4,"reason_type_code,hospital_no",False
JHEMR_VASTBASE,jhemr_vastbase_10_10_8_177,jhemr,jhdsis_disease_reason_dict,TABLE,日间手术 取消原因字典,8,"reason_code,hospital_no",False
JHEMR_VASTBASE,jhemr_vastbase_10_10_8_177,jhemr,jhdsis_disease_type_dict,TABLE,日间手术病种分类表,4,,False
JHEMR_VASTBASE,jhemr_vastbase_10_10_8_177,jhemr,jhdsis_exclude_diag,TABLE,排除诊断标识,6,"hospital_no,disease_code,exclude_diags_code",False
JHEMR_VASTBASE,jhemr_vastbase_10_10_8_177,jhemr,jhdsis_inform_recore,TABLE,日间手术患者通知记录表,9,guid,False
JHEMR_VASTBASE,jhemr_vastbase_10_10_8_177,jhemr,jhdsis_oper_specification,TABLE,日间手术操作规范,14,"hospital_no,disease_code",False
JHEMR_VASTBASE,jhemr_vastbase_10_10_8_177,jhemr,jhdsis_operation_status_log,TABLE,日间手术完成状态操作日志表,9,guid,False
JHEMR_VASTBASE,jhemr_vastbase_10_10_8_177,jhemr,jhdsis_operator_approve_log,TABLE,日间手术主刀医师审批日志表,8,guid,False
JHEMR_VASTBASE,jhemr_vastbase_10_10_8_177,jhemr,jhdsis_permid_dept,TABLE,准入科室表,6,"disease_code,hospital_no,dept_code",False
JHEMR_VASTBASE,jhemr_vastbase_10_10_8_177,jhemr,jhdsis_permid_dept_log,TABLE,准入科室操作日志表,9,guid,False
JHEMR_VASTBASE,jhemr_vastbase_10_10_8_177,jhemr,jhdsis_permid_diag,TABLE,准入诊断表,6,"hospital_no,disease_code,diagnosis_code",False
JHEMR_VASTBASE,jhemr_vastbase_10_10_8_177,jhemr,jhdsis_permid_diag_log,TABLE,准入诊断操作日志表,9,guid,False
JHEMR_VASTBASE,jhemr_vastbase_10_10_8_177,jhemr,jhdsis_permid_operation,TABLE,准入手术表,6,"hospital_no,disease_code,operation_code",False
JHEMR_VASTBASE,jhemr_vastbase_10_10_8_177,jhemr,jhdsis_permid_operation_log,TABLE,准入手术操作日志表,9,guid,False
JHEMR_VASTBASE,jhemr_vastbase_10_10_8_177,jhemr,jhdsis_permid_patient,TABLE,准入患者信息,5,"hospital_no,disease_code",False
JHEMR_VASTBASE,jhemr_vastbase_10_10_8_177,jhemr,jhdsis_permid_user,TABLE,准入主刀医师,6,"hospital_no,disease_code,operation_user_id",False
JHEMR_VASTBASE,jhemr_vastbase_10_10_8_177,jhemr,jhdsis_permid_user_log,TABLE,准入医师操作日志表,9,guid,False
JHEMR_VASTBASE,jhemr_vastbase_10_10_8_177,jhemr,jhdsis_project_dict,TABLE,基本项目字典,6,"hospital_no,project_code",False
JHEMR_VASTBASE,jhemr_vastbase_10_10_8_177,jhemr,jhdsis_push_appoint_log,TABLE,日间手术推送手术申请日志表,7,guid,False
JHEMR_VASTBASE,jhemr_vastbase_10_10_8_177,jhemr,jhdsis_register_appoint,TABLE,日间手术预约登记表,72,"register_id,hospital_no",False
JHEMR_VASTBASE,jhemr_vastbase_10_10_8_177,jhemr,jhdsis_register_operation,TABLE,日间手术预约登记手术表,10,"hospital_no,register_id,operation_code",False
JHEMR_VASTBASE,jhemr_vastbase_10_10_8_177,jhemr,jhdsis_review_item,TABLE,日间手术病种复核项目字典表,5,"hospital_no,disease_code,item_code",False
JHEMR_VASTBASE,jhemr_vastbase_10_10_8_177,jhemr,jhdsis_review_oper_log,TABLE,日间手术手术复核操作日志表,8,guid,False
JHEMR_VASTBASE,jhemr_vastbase_10_10_8_177,jhemr,jhdsis_user_apply,TABLE,日间手术主刀医师资质申请记录,18,"hospital_no,apply_id",False
JHEMR_VASTBASE,jhemr_vastbase_10_10_8_177,jhemr,jhdsis_user_apply_log,TABLE,日间手术主刀医师资质申请日志,9,guid,False
JHEMR_VASTBASE,jhemr_vastbase_10_10_8_177,jhemr,jhemr_assistant_formula,TABLE,病历助手-计算公式主表,6,"lable,id",False
JHEMR_VASTBASE,jhemr_vastbase_10_10_8_177,jhemr,jhemr_autofile_queue,TABLE,,19,"serial_no,patient_id,visit_id,mr_code",False
JHEMR_VASTBASE,jhemr_vastbase_10_10_8_177,jhemr,jhemr_autofile_queue_dg,TABLE,,4,"id,q_no",False
JHEMR_VASTBASE,jhemr_vastbase_10_10_8_177,jhemr,jhemr_autofile_queue_log,TABLE,,18,,False
JHEMR_VASTBASE,jhemr_vastbase_10_10_8_177,jhemr,jhemr_autofile_vs_content_dg,TABLE,,10,,False
JHEMR_VASTBASE,jhemr_vastbase_10_10_8_177,jhemr,jhemr_disease_name_dict,TABLE,"字典管理-术语字典表

配置管理相关表",6,id,True
JHEMR_VASTBASE,jhemr_vastbase_10_10_8_177,jhemr,jhemr_first_page_check_log,TABLE,病案首页-业务类-首页复审日志,9,"patient_id,visit_id,hospital_no,unique_id",False
JHEMR_VASTBASE,jhemr_vastbase_10_10_8_177,jhemr,jhemr_formula_unit,TABLE,病历助手-计算公式明细表,5,"assistantformulaid,itemname",False
JHEMR_VASTBASE,jhemr_vastbase_10_10_8_177,jhemr,jhemr_monitor_type,TABLE,质控管理-质控项目类型表,12,"code_id,code_name,hospital_no",False
JHEMR_VASTBASE,jhemr_vastbase_10_10_8_177,jhemr,jhemr_qc_diagnose_order,TABLE,质控管理-诊断质控医嘱,6,diagnosis_code,False
JHEMR_VASTBASE,jhemr_vastbase_10_10_8_177,jhemr,jhemr_quality_name_dict,TABLE,字典管理-属性字典表 ,3,quality_number,True
JHEMR_VASTBASE,jhemr_vastbase_10_10_8_177,jhemr,jhemr_role_menu,TABLE,病历书写-自定义右键功能,8,"id,role,app_class_type",False
JHEMR_VASTBASE,jhemr_vastbase_10_10_8_177,jhemr,jhemr_user_qc_rights,TABLE,质控管理-,9,"user_id,dept_code",False
JHEMR_VASTBASE,jhemr_vastbase_10_10_8_177,jhemr,jhemr_user_ward_group,TABLE,用户管理-北医三院病房组管理,5,,False
JHEMR_VASTBASE,jhemr_vastbase_10_10_8_177,jhemr,jhemr_web_anonymity,TABLE,,4,id,False
JHEMR_VASTBASE,jhemr_vastbase_10_10_8_177,jhemr,jhextra_operation_appointse,TABLE,手术申请主索引表,71,operation_id,True
JHEMR_VASTBASE,jhemr_vastbase_10_10_8_177,jhemr,jhextra_operation_plan_diag,TABLE,手术申请管理-手术申请拟诊断编码,3,"operation_id,diagnosis_id",True
JHEMR_VASTBASE,jhemr_vastbase_10_10_8_177,jhemr,jhextra_operation_plan_oper,TABLE,手术申请管理-手术申请拟手术编码,22,"operation_id,operation_code",True
JHEMR_VASTBASE,jhemr_vastbase_10_10_8_177,jhemr,jhextra_operation_surgery,TABLE,手术申请管理-手术申请—术者，助手,4,"operation_id,user_id,role_id",True
JHEMR_VASTBASE,jhemr_vastbase_10_10_8_177,jhemr,jhextra_qxt_baby,TABLE,生长曲线-中国0-3岁儿童曲线图,11,"patient_id,visit_id,hospital_no,recorddatetime",True
JHEMR_VASTBASE,jhemr_vastbase_10_10_8_177,jhemr,jhextra_qxt_children,TABLE,生长曲线-中国2-18岁儿童生长曲线,15,"patient_id,visit_id,hospital_no,nianling",True
JHEMR_VASTBASE,jhemr_vastbase_10_10_8_177,jhemr,jhextra_qxt_preterm,TABLE,生长曲线-中国胎儿生长曲线,11,"patient_id,visit_id,hospital_no,nianling",True
JHEMR_VASTBASE,jhemr_vastbase_10_10_8_177,jhemr,jhextra_qxt_settings,TABLE,生长曲线-生长曲线图的模板对应表,3,id,True
JHEMR_VASTBASE,jhemr_vastbase_10_10_8_177,jhemr,jhinpat_diagnose_group,TABLE,疾病管理-患者诊断分组记录 2012.06.12  陈联忠,10,"patient_id,visit_id,diagnosis_type,diagnosis_no,diagnosis_date,hospital_no",True
JHEMR_VASTBASE,jhemr_vastbase_10_10_8_177,jhemr,jhinpat_doctor_diag_path,TABLE,患者病房流转记录,14,"patient_id,visit_id,diagnosis_type,diagnosis_no,hospital_no",True
JHEMR_VASTBASE,jhemr_vastbase_10_10_8_177,jhemr,jhinpat_grade_detail,TABLE,质控管理.病历质量-评分计算明细,8,"patient_id,visit_id,error_code,dept_code,score_date,hospital_no",True
JHEMR_VASTBASE,jhemr_vastbase_10_10_8_177,jhemr,jhinpat_grade_detail_history,TABLE,质控管理.病历质量-评分计算明细,8,"patient_id,visit_id,error_code,dept_code,score_date",True
JHEMR_VASTBASE,jhemr_vastbase_10_10_8_177,jhemr,jhinpat_grade_master,TABLE,质控管理.病历质量-评分计算日志,16,"patient_id,visit_id,hospital_no,score_date,dept_code",True
JHEMR_VASTBASE,jhemr_vastbase_10_10_8_177,jhemr,jhinpat_grade_master_history,TABLE,质控管理.病历质量-评分计算日志主,16,"patient_id,visit_id,hospital_no,score_date,dept_code",True
JHEMR_VASTBASE,jhemr_vastbase_10_10_8_177,jhemr,jhinpat_maintain_apply,TABLE,病案返修-业务类-文档维护申请表,17,"patient_id,visit_id,hospital_no,maintain_apply_time",True
JHEMR_VASTBASE,jhemr_vastbase_10_10_8_177,jhemr,jhinpat_monitorcompute_log,TABLE,质控管理-质控和评分计算日志,8,"com_start_time,hospital_no,compute_item",True
JHEMR_VASTBASE,jhemr_vastbase_10_10_8_177,jhemr,jhinpat_mr_grading_class,TABLE,质控管理-病案评分类别字典,5,grading_class_code,True
JHEMR_VASTBASE,jhemr_vastbase_10_10_8_177,jhemr,jhinpat_mr_grading_class_other,TABLE,质控管理-病案首页评分类别字典,4,grading_class_code,False
JHEMR_VASTBASE,jhemr_vastbase_10_10_8_177,jhemr,jhinpat_mr_grading_items,TABLE,质控管理-病案评分明细,14,"grading_class_code,grading_item_code",True
JHEMR_VASTBASE,jhemr_vastbase_10_10_8_177,jhemr,jhinpat_mr_grading_vs_tclass,TABLE,质控管理-病案评分类别关联模板国标临床文档基础代码,2,"grading_class_code,mr_class_code",True
JHEMR_VASTBASE,jhemr_vastbase_10_10_8_177,jhemr,jhinpat_mr_monitor_items,TABLE,质控管理-字典类-病案自动质控项目字典,16,monitor_item_code,True
JHEMR_VASTBASE,jhemr_vastbase_10_10_8_177,jhemr,jhinpat_mr_monitor_log,TABLE,质控管理-住院病历文书自动质控归档,19,"patient_id,visit_id,hospital_no,enter_date,monitor_item_code",True
JHEMR_VASTBASE,jhemr_vastbase_10_10_8_177,jhemr,jhinpat_mr_monitor_mrcommit,TABLE,质控管理-病历提交触发质控规则表,8,"monitor_code,action_monitor_code",True
JHEMR_VASTBASE,jhemr_vastbase_10_10_8_177,jhemr,jhinpat_mr_monitor_order,TABLE,质控管理-自动质控触发医嘱,7,"monitor_item_code,order_code,hospital_no,create_date_time",True
JHEMR_VASTBASE,jhemr_vastbase_10_10_8_177,jhemr,jhinpat_mr_monitor_vs_item,TABLE,质控管理-质控监控代码对照表,2,"monitor_item_code,relate_item_code",True
JHEMR_VASTBASE,jhemr_vastbase_10_10_8_177,jhemr,jhinpat_mr_on_line,TABLE,质控管理-病历在线记录2012.07.03陈联忠,12,"patient_id,visit_id,dept_code,doctor_or_nurser_flag,request_date_time,hospital_no",True
JHEMR_VASTBASE,jhemr_vastbase_10_10_8_177,jhemr,jhinpat_mr_on_line_log,TABLE,质控管理-病历在线记录日志,14,"patient_id,visit_id,request_date_time,dept_code,doctor_or_nurser_flag,hospital_no,log_date_time",True
JHEMR_VASTBASE,jhemr_vastbase_10_10_8_177,jhemr,jhinpat_nurse_diag_path,TABLE,患者病房流转记录?？,14,"patient_id,visit_id,diagnosis_type,diagnosis_no,hospital_no",True
JHEMR_VASTBASE,jhemr_vastbase_10_10_8_177,jhemr,jhinpat_pat_visit_relation,TABLE,患者诊疗关联记录（如生殖与移植等）,5,"patient_id,visit_id,hospital_no,related_patient_id,related_visit_id",True
JHEMR_VASTBASE,jhemr_vastbase_10_10_8_177,jhemr,jhinpat_remind_item_dict,TABLE,住院医疗日常提醒项目字典,3,remind_item_code,True
JHEMR_VASTBASE,jhemr_vastbase_10_10_8_177,jhemr,jhinpat_scale_score,TABLE,评分表,6,"patient_id,visit_id,score_date_time,scalescore_code,baby_no",True
JHEMR_VASTBASE,jhemr_vastbase_10_10_8_177,jhemr,jhinpat_scale_score_items,TABLE,评分项目明细,8,"patient_id,visit_id,score_date_time,scalescore_code,baby_no,de_code,cv_value",True
JHEMR_VASTBASE,jhemr_vastbase_10_10_8_177,jhemr,jhinpat_synchronous_log,TABLE,接口同步-日志类-数据源数据同步日志,6,"syn_start_time,data_source,hospital_no",True
JHEMR_VASTBASE,jhemr_vastbase_10_10_8_177,jhemr,jhinpattemperature_config,TABLE,体温单相关,8,"baby_flag,dept_code",False
JHEMR_VASTBASE,jhemr_vastbase_10_10_8_177,jhemr,jhkbs_diagnosis_basis,TABLE,疾病分组-业务类-诊断依据表,13,"dg_code,dg_sub_code,diagnosis_basis_name,id,hospital_no",True
JHEMR_VASTBASE,jhemr_vastbase_10_10_8_177,jhemr,jhkbs_diff_diagnosis,TABLE,疾病分组-业务类-鉴别诊断,13,"dg_code,dg_sub_code,diagnosis_code,id,hospital_no",True
JHEMR_VASTBASE,jhemr_vastbase_10_10_8_177,jhemr,jhkbs_manipulate_records,TABLE,疾病分组-日志类-操作记录表,14,"dg_code,dg_sub_code,manipulate_code,id,hospital_no",True
JHEMR_VASTBASE,jhemr_vastbase_10_10_8_177,jhemr,jhkbs_nurse_records,TABLE,疾病分组-业务类-护理记录知识库,13,"serial_no,hospital_no",True
JHEMR_VASTBASE,jhemr_vastbase_10_10_8_177,jhemr,jhkbs_operation_records,TABLE,疾病分组-业务类-手术记录 ,14,"dg_code,dg_sub_code,operation_code,id,hospital_no",True
JHEMR_VASTBASE,jhemr_vastbase_10_10_8_177,jhemr,jhkbs_scalescore_index,TABLE,疾病分组-业务类-量表评分索引,4,scalescore_code,True
JHEMR_VASTBASE,jhemr_vastbase_10_10_8_177,jhemr,jhkbs_specification_class,TABLE,知识库-业务类-知识库类别,2,kbs_spec_class_code,True
JHEMR_VASTBASE,jhemr_vastbase_10_10_8_177,jhemr,jhkbs_specification_content,TABLE,知识库-业务类-知识库内容明细,3,"kbs_spec_class_code,item_id",True
JHEMR_VASTBASE,jhemr_vastbase_10_10_8_177,jhemr,jhkbs_specification_index,TABLE,知识库-业务类-知识库索引表,6,"kbs_spec_class_code,item_id",True
JHEMR_VASTBASE,jhemr_vastbase_10_10_8_177,jhemr,jhlog_exception,TABLE,日志管理-业务类-系统全局异常日志,14,"serial_no,hospital_no",True
JHEMR_VASTBASE,jhemr_vastbase_10_10_8_177,jhemr,jhlog_login,TABLE,日志管理-业务类-登录日志,12,"user_id,hospital_no,sys_code",True
JHEMR_VASTBASE,jhemr_vastbase_10_10_8_177,jhemr,jhlog_login_detail,TABLE,日志管理-业务类-登录日志明细,11,"user_id,login_time,hospital_no,logts",True
JHEMR_VASTBASE,jhemr_vastbase_10_10_8_177,jhemr,jhlog_login_detail_log,TABLE,运维管理-日志类-用户登录日志明细,12,log_id,False
JHEMR_VASTBASE,jhemr_vastbase_10_10_8_177,jhemr,jhlog_mr_borrow_view,TABLE,病案借阅-日志类-操作借阅日志(功能模块),11,"serial_no,hospital_no",False
JHEMR_VASTBASE,jhemr_vastbase_10_10_8_177,jhemr,jhlog_operate_data,TABLE,数据集管理-日志类-数据集数据组数据元操作日志,10,"serial_no,hospital_no",True
JHEMR_VASTBASE,jhemr_vastbase_10_10_8_177,jhemr,jhlog_operate_function,TABLE,日志管理-业务类-操作日志(功能模块),9,"serial_no,hospital_no",True
JHEMR_VASTBASE,jhemr_vastbase_10_10_8_177,jhemr,jhlog_operation_file,TABLE,病历操作日志,19,"file_unique_id,operation_user_id,operation_date",False
JHEMR_VASTBASE,jhemr_vastbase_10_10_8_177,jhemr,jhlog_service_call,TABLE,日志管理-业务类-服务调用日志,7,event_id,True
JHEMR_VASTBASE,jhemr_vastbase_10_10_8_177,jhemr,jhlog_tree_module,TABLE,数据集管理-字典类-维护日志中节点名称字典,4,tree_code,True
JHEMR_VASTBASE,jhemr_vastbase_10_10_8_177,jhemr,jhlog_updatepro,TABLE,程序更新记录主表,6,log_id,False
JHEMR_VASTBASE,jhemr_vastbase_10_10_8_177,jhemr,jhlog_updatepro_detail,TABLE,程序更新明细表,9,log_id,False
JHEMR_VASTBASE,jhemr_vastbase_10_10_8_177,jhemr,jhlog_updatepro_detail_log,TABLE,更新明细的历次记录,9,log_id,False
JHEMR_VASTBASE,jhemr_vastbase_10_10_8_177,jhemr,jhlog_updatepro_log,TABLE,程序更新历次记录,6,log_id,False
JHEMR_VASTBASE,jhemr_vastbase_10_10_8_177,jhemr,jhlog_view_patient,TABLE,日志管理-病案浏览双击患者记录表门诊及住院,14,serial_no,True
JHEMR_VASTBASE,jhemr_vastbase_10_10_8_177,jhemr,jhmqmc_auto_compu_record,TABLE,三级指标管理-指标上报数据表,5,"hospital_no,table_en,column_en,report_date",True
JHEMR_VASTBASE,jhemr_vastbase_10_10_8_177,jhemr,jhmqmc_general_sql,TABLE,三级指标通用脚本配置表,4,sql_no,True
JHEMR_VASTBASE,jhemr_vastbase_10_10_8_177,jhemr,jhmqmc_hos_infection,TABLE,三级指标管理-医院感染指标,31,"hospital_no,report_date",True
JHEMR_VASTBASE,jhemr_vastbase_10_10_8_177,jhemr,jhmqmc_inpat_mortality,TABLE,三级指标管理-住院死亡率指标,157,"hospital_no,report_date",True
JHEMR_VASTBASE,jhemr_vastbase_10_10_8_177,jhemr,jhmqmc_op_complication,TABLE,三级指标管理-手术并发症指标,15,"hospital_no,report_date",True
JHEMR_VASTBASE,jhemr_vastbase_10_10_8_177,jhemr,jhmqmc_patient_safety,TABLE,三级指标管理-患者安全指标,25,"hospital_no,report_date",True
JHEMR_VASTBASE,jhemr_vastbase_10_10_8_177,jhemr,jhmqmc_patients_return,TABLE,三级指标管理-重返类指标,50,"hospital_no,report_date",True
JHEMR_VASTBASE,jhemr_vastbase_10_10_8_177,jhemr,jhmqmc_performance,TABLE,三级指标管理-年报-医院运行管理指标,71,"hospital_no,report_date",True
JHEMR_VASTBASE,jhemr_vastbase_10_10_8_177,jhemr,jhmqmc_rational_use_drug,TABLE,三级指标管理-合理用药指标,35,"hospital_no,report_date",True
JHEMR_VASTBASE,jhemr_vastbase_10_10_8_177,jhemr,jhmqmc_report_master,TABLE,三级指标管理-上报日志主表,9,"hospital_no,report_date,report_type",True
JHEMR_VASTBASE,jhemr_vastbase_10_10_8_177,jhemr,jhmqmc_report_vs_canvas,TABLE,三级指标管理-上报类别与画布对照配置表,5,"canvas_id,hospital_no",True
JHEMR_VASTBASE,jhemr_vastbase_10_10_8_177,jhemr,jhmqmc_table_columns_config,TABLE,三级指标管理-三级评审字段配置表,19,"table_en,column_en,hospital_no",True
JHEMR_VASTBASE,jhemr_vastbase_10_10_8_177,jhemr,jhmr_allergyinfield_config,TABLE,过敏史管理-配置类-文书过敏史回写pat_visit配置表,5,id,False
JHEMR_VASTBASE,jhemr_vastbase_10_10_8_177,jhemr,jhmr_app_catalog_dict,TABLE,病历书写-字典类-应用程序文档分类（树形左侧展示菜单）,16,"app_class,catalog_code",True
JHEMR_VASTBASE,jhemr_vastbase_10_10_8_177,jhemr,jhmr_app_catalog_vs_tclass,TABLE,"病历书写-应用程序文档分类与模板分类对照,用于编程使用2012.04.12陈联忠",4,"app_class,catalog_code,mr_class_code",True
JHEMR_VASTBASE,jhemr_vastbase_10_10_8_177,jhemr,jhmr_card_apply_edit,TABLE,上报卡管理-报卡申请编辑记录表,8,file_unique_id,False
JHEMR_VASTBASE,jhemr_vastbase_10_10_8_177,jhemr,jhmr_card_cancelled_reason,TABLE,上报卡管理-报卡作废记录表,9,file_unique_id,False
JHEMR_VASTBASE,jhemr_vastbase_10_10_8_177,jhemr,jhmr_card_del_reason,TABLE,上报卡管理-报卡删除记录表,12,file_unique_id,False
JHEMR_VASTBASE,jhemr_vastbase_10_10_8_177,jhemr,jhmr_card_menu_config,TABLE,上报卡管理-菜单显示配置表,22,"mr_status,mr_type",False
JHEMR_VASTBASE,jhemr_vastbase_10_10_8_177,jhemr,jhmr_card_menu_dict,TABLE,上报卡管理-配置菜单显示,21,mr_status,False
JHEMR_VASTBASE,jhemr_vastbase_10_10_8_177,jhemr,jhmr_check_mediacl,TABLE,质控管理-病历完成校验完整性,5,"mr_class,patient_type,is_use",False
JHEMR_VASTBASE,jhemr_vastbase_10_10_8_177,jhemr,jhmr_config_anonymous,TABLE,保密管理-匿名化配置,2,element_name,False
JHEMR_VASTBASE,jhemr_vastbase_10_10_8_177,jhemr,jhmr_convert_xml_index,TABLE,转换为xml与第三方交互,6,"main_message_code,sub_message_code",True
JHEMR_VASTBASE,jhemr_vastbase_10_10_8_177,jhemr,jhmr_convert_xml_items,TABLE,转换xml配置项,9,"main_message_code,sub_message_code,placeholder_number",True
JHEMR_VASTBASE,jhemr_vastbase_10_10_8_177,jhemr,jhmr_core_menu_dict,TABLE,质控管理-核心制度配置表,12,menu_id,True
JHEMR_VASTBASE,jhemr_vastbase_10_10_8_177,jhemr,jhmr_famlify_history_rx,TABLE,乳腺中心家族史,5,file_unique_id,True
JHEMR_VASTBASE,jhemr_vastbase_10_10_8_177,jhemr,jhmr_file_apply_approval,TABLE,新版本病历文件申请审批表,18,"patient_id,visit_id,file_unique_id,hospital_no,apply_file_type",False
JHEMR_VASTBASE,jhemr_vastbase_10_10_8_177,jhemr,jhmr_file_apply_hcv_approval,TABLE,新版本病历文件申请审批表,23,"patient_id,visit_id,file_unique_id,hospital_no,apply_file_type",False
JHEMR_VASTBASE,jhemr_vastbase_10_10_8_177,jhemr,jhmr_file_batch_record,TABLE,,17,,False
JHEMR_VASTBASE,jhemr_vastbase_10_10_8_177,jhemr,jhmr_file_button_sel,TABLE,病历书写-,3,"file_unique_id,mr_code",True
JHEMR_VASTBASE,jhemr_vastbase_10_10_8_177,jhemr,jhmr_file_ca_app_index,TABLE,移动签名-业务类-签名值保存表,34,serial_no,False
JHEMR_VASTBASE,jhemr_vastbase_10_10_8_177,jhemr,jhmr_file_ca_data_errorlog,TABLE,病历书写.CA-,4,,False
JHEMR_VASTBASE,jhemr_vastbase_10_10_8_177,jhemr,jhmr_file_ca_index,TABLE,病历书写.CA-医生签名信息表,28,serial_no,False
JHEMR_VASTBASE,jhemr_vastbase_10_10_8_177,jhemr,jhmr_file_card_record,TABLE,上报卡管理-报卡操作日志,18,"patient_id,visit_id,file_unique_id",False
JHEMR_VASTBASE,jhemr_vastbase_10_10_8_177,jhemr,jhmr_file_change_creator,TABLE,病历书写-修改起草者记录表,6,"file_unique_id,change_date_time",True
JHEMR_VASTBASE,jhemr_vastbase_10_10_8_177,jhemr,jhmr_file_content_00,TABLE,,2,,False
JHEMR_VASTBASE,jhemr_vastbase_10_10_8_177,jhemr,jhmr_file_content_img_pdf,TABLE,存储首页与文书BLOB,3,,False
JHEMR_VASTBASE,jhemr_vastbase_10_10_8_177,jhemr,jhmr_file_content_pdf_third,TABLE,,7,"patient_id,visit_id,file_no",False
JHEMR_VASTBASE,jhemr_vastbase_10_10_8_177,jhemr,jhmr_file_cum_autofile_config,TABLE,自动创建文书配置表,20,id,False
JHEMR_VASTBASE,jhemr_vastbase_10_10_8_177,jhemr,jhmr_file_cum_autofile_templt,TABLE,自动创建病历模板记录表,8,id,False
JHEMR_VASTBASE,jhemr_vastbase_10_10_8_177,jhemr,jhmr_file_cum_buttonevent,TABLE,病历书写.个性化-个性化按钮事件配置表,15,button_name,False
JHEMR_VASTBASE,jhemr_vastbase_10_10_8_177,jhemr,jhmr_file_cum_calog,TABLE,病历元素更新CA日志表,16,"file_unique_id,create_date_time",False
JHEMR_VASTBASE,jhemr_vastbase_10_10_8_177,jhemr,jhmr_file_cum_computeelement,TABLE,文书计算元素表,13,"element_name,element_code,mr_code",False
JHEMR_VASTBASE,jhemr_vastbase_10_10_8_177,jhemr,jhmr_file_cum_config,TABLE,病历书写.个性化-数据回写文书配置表,15,id,False
JHEMR_VASTBASE,jhemr_vastbase_10_10_8_177,jhemr,jhmr_file_cum_config_detail,TABLE,病历书写.个性化-数据回写详细表,9,id,False
JHEMR_VASTBASE,jhemr_vastbase_10_10_8_177,jhemr,jhmr_file_cum_content_dg,TABLE,,12,"file_unique_id,patient_id,visit_id,element_name",False
JHEMR_VASTBASE,jhemr_vastbase_10_10_8_177,jhemr,jhmr_file_cum_dicfroms,TABLE,病历书写.个性化-个性化字典弹窗回写配置表,22,"element_code,element_name",False
JHEMR_VASTBASE,jhemr_vastbase_10_10_8_177,jhemr,jhmr_file_cum_element_qc_log,TABLE,病历元素质控记录表,16,"elementverift_id,file_unique_id,element_name",False
JHEMR_VASTBASE,jhemr_vastbase_10_10_8_177,jhemr,jhmr_file_cum_elementsource,TABLE,病历书写.个性化-元素模版提取配置表,9,id,False
JHEMR_VASTBASE,jhemr_vastbase_10_10_8_177,jhemr,jhmr_file_cum_elementverift,TABLE,病历书写.个性化-文书元素验证表,18,"element_name,mr_class,mr_code",False
JHEMR_VASTBASE,jhemr_vastbase_10_10_8_177,jhemr,jhmr_file_cum_fileverify,TABLE,病历书写.个性化-个性化新建、签名前、打印校验配置表,20,id,False
JHEMR_VASTBASE,jhemr_vastbase_10_10_8_177,jhemr,jhmr_file_cum_keyword,TABLE,病历书写.个性化-个性化签名校验关键词配置表,6,id,False
JHEMR_VASTBASE,jhemr_vastbase_10_10_8_177,jhemr,jhmr_file_cum_log,TABLE,病历书写.个性化-个性化文书日志表,12,id,False
JHEMR_VASTBASE,jhemr_vastbase_10_10_8_177,jhemr,jhmr_file_cum_pack_detail,TABLE,模板套组详细表,6,id,False
JHEMR_VASTBASE,jhemr_vastbase_10_10_8_177,jhemr,jhmr_file_cum_service_config,TABLE,体温单相关,21,id,False
JHEMR_VASTBASE,jhemr_vastbase_10_10_8_177,jhemr,jhmr_file_cum_templetpack,TABLE,模板套组表,10,id,False
JHEMR_VASTBASE,jhemr_vastbase_10_10_8_177,jhemr,jhmr_file_cum_veriftkeyword,TABLE,病历书写.个性化-个性化文书元素校验关键词,5,,False
JHEMR_VASTBASE,jhemr_vastbase_10_10_8_177,jhemr,jhmr_file_cum_vs_dict,TABLE,病历输入法字典编码关联表,9,"file_unique_id,element_content,element_codes",False
JHEMR_VASTBASE,jhemr_vastbase_10_10_8_177,jhemr,jhmr_file_flag_dict,TABLE,病历文书-字典类-文档状态字典 2012.05.25 陈联忠,2,file_flag,True
JHEMR_VASTBASE,jhemr_vastbase_10_10_8_177,jhemr,jhmr_file_form_index,TABLE,新版本病历文件索引,68,"patient_id,visit_id,file_no,hospital_no,file_visit_type,baby_no",False
JHEMR_VASTBASE,jhemr_vastbase_10_10_8_177,jhemr,jhmr_file_index,TABLE,病历文书-业务类-新版本病历文件索引,67,"patient_id,visit_id,file_no,hospital_no,file_visit_type,baby_no",True
JHEMR_VASTBASE,jhemr_vastbase_10_10_8_177,jhemr,jhmr_file_index_export_apply,TABLE,病历文书-业务类-文件导出申请,15,"apply_date_time,file_unique_id,apply_user_id",True
JHEMR_VASTBASE,jhemr_vastbase_10_10_8_177,jhemr,jhmr_file_index_jc,VIEW,,53,,False
JHEMR_VASTBASE,jhemr_vastbase_10_10_8_177,jhemr,jhmr_file_index_vs_ope_history,TABLE,病历文书-映射类-手术文件关联表 12.06.20 陈联忠,6,"patient_id,visit_id,operation_no,file_visit_type,file_unique_id",True
JHEMR_VASTBASE,jhemr_vastbase_10_10_8_177,jhemr,jhmr_file_index_vs_operation,TABLE,病历文书-映射类-手术文件关联表 12.06.20 陈联忠,6,"patient_id,visit_id,operation_no,file_visit_type,file_unique_id",True
JHEMR_VASTBASE,jhemr_vastbase_10_10_8_177,jhemr,jhmr_file_maintain_apply,TABLE,病历文书-业务类-病历维护申请,15,"file_unique_id,maintain_apply_time",True
JHEMR_VASTBASE,jhemr_vastbase_10_10_8_177,jhemr,jhmr_file_nurse_shift_index,TABLE,老版护理-业务类-护理交接班记录 ls 20130219,22,"hospital_no,dept_code,file_no",True
JHEMR_VASTBASE,jhemr_vastbase_10_10_8_177,jhemr,jhmr_file_open,TABLE,病历文书-业务类-病历文件打开状态,9,"file_unique_id,user_id,open_time",True
JHEMR_VASTBASE,jhemr_vastbase_10_10_8_177,jhemr,jhmr_file_oper_ex_log,TABLE,,15,guid,False
JHEMR_VASTBASE,jhemr_vastbase_10_10_8_177,jhemr,jhmr_file_oper_ex_type,TABLE,,11,"type_master_code,type_sub_code",False
JHEMR_VASTBASE,jhemr_vastbase_10_10_8_177,jhemr,jhmr_file_oper_log,TABLE,病历文书-日志类-病历操作日志,20,"user_id,modify_date_time,file_unique_id,logts",True
JHEMR_VASTBASE,jhemr_vastbase_10_10_8_177,jhemr,jhmr_file_oper_log_element,TABLE,,21,,False
JHEMR_VASTBASE,jhemr_vastbase_10_10_8_177,jhemr,jhmr_file_oper_log_history,TABLE,病历文书-日志类-病历操作日志,10,"file_unique_id,user_id,modify_date_time",True
JHEMR_VASTBASE,jhemr_vastbase_10_10_8_177,jhemr,jhmr_file_patient_pdf,TABLE,病历书写.CA-,25,"pdf_id,file_unique_id,hospital_no",False
JHEMR_VASTBASE,jhemr_vastbase_10_10_8_177,jhemr,jhmr_file_patient_pdf_log,TABLE,病历书写.CA-,23,"pdf_id,file_unique_id,hospital_no",False
JHEMR_VASTBASE,jhemr_vastbase_10_10_8_177,jhemr,jhmr_file_print_log,TABLE,病历文书-日志类-文档打印日志2012.05.30陈联忠,11,"file_unique_id,print_time,user_id,logts",True
JHEMR_VASTBASE,jhemr_vastbase_10_10_8_177,jhemr,jhmr_file_print_log_history,TABLE,病历文书-日志类-文档打印日志2012.05.30陈联忠,10,"file_unique_id,print_time,user_id",True
JHEMR_VASTBASE,jhemr_vastbase_10_10_8_177,jhemr,jhmr_file_scan,TABLE,知情同意书扫描文件表,10,file_unique_id,True
JHEMR_VASTBASE,jhemr_vastbase_10_10_8_177,jhemr,jhmr_file_sign_style_dic,TABLE,病历书写.CA-,10,id,False
JHEMR_VASTBASE,jhemr_vastbase_10_10_8_177,jhemr,jhmr_file_sign_validation,TABLE,病历书写.CA-,9,serial_no,False
JHEMR_VASTBASE,jhemr_vastbase_10_10_8_177,jhemr,jhmr_file_user_oper_dict,TABLE,病历文书-字典类-文件用户操作类型字典 2012.05.25 陈联忠,2,user_oper,True
JHEMR_VASTBASE,jhemr_vastbase_10_10_8_177,jhemr,jhmr_file_visit_type_dict,TABLE,病历文书-字典类-文件的属性如门诊住院体检随访科研等,2,file_visit_type,True
JHEMR_VASTBASE,jhemr_vastbase_10_10_8_177,jhemr,jhmr_file_visit_type_vs_dg,TABLE,病历文书-映射类-就诊类型与提取疾病分组条目对照2012.05.24陈联忠,2,"file_visit_type,dg_code",True
JHEMR_VASTBASE,jhemr_vastbase_10_10_8_177,jhemr,jhmr_give_up_smoke_fllowup,TABLE,门诊戒烟问诊随访记录,11,"fllow_id,guid",False
JHEMR_VASTBASE,jhemr_vastbase_10_10_8_177,jhemr,jhmr_give_up_smoke_history,TABLE,戒烟问诊记录戒烟史,5,"guid,answer_name",False
JHEMR_VASTBASE,jhemr_vastbase_10_10_8_177,jhemr,jhmr_give_up_smoke_record,TABLE,门诊戒烟问诊记录表,14,guid,False
JHEMR_VASTBASE,jhemr_vastbase_10_10_8_177,jhemr,jhmr_livingstate,TABLE,病人生存状态,9,"parent_id,visit_id,clevel,id,hospital_no,parent",True
JHEMR_VASTBASE,jhemr_vastbase_10_10_8_177,jhemr,jhmr_macro_or_replace_config,TABLE,病历书写.个性化-通用宏元素可替换项配置,6,id,False
JHEMR_VASTBASE,jhemr_vastbase_10_10_8_177,jhemr,jhmr_med_audit_msg,TABLE,"上报卡管理-打回报卡原因表
注： 模板编辑器-保存在待审批界面，对上报卡进行打回操作的相关
信息。",6,"file_unique_id,unpass_date",True
JHEMR_VASTBASE,jhemr_vastbase_10_10_8_177,jhemr,jhmr_med_diag_vs_card,TABLE,上报卡管理-诊断关联上报卡书写情况及原因,8,"diagnosis_code,mr_code,patient_id,visit_id",True
JHEMR_VASTBASE,jhemr_vastbase_10_10_8_177,jhemr,jhmr_med_ref_chk_set,TABLE,上报卡管理-报卡必填项校验项设置信息表,5,"chk_id,hospital_no",True
JHEMR_VASTBASE,jhemr_vastbase_10_10_8_177,jhemr,jhmr_med_ref_dept_contagion,TABLE,上报卡管理-映射类-科室关联模板,5,"dept_code,mr_code",True
JHEMR_VASTBASE,jhemr_vastbase_10_10_8_177,jhemr,jhmr_med_rep_fill_detail,TABLE,病历文书-业务类-医保病历审核,4,de_code,True
JHEMR_VASTBASE,jhemr_vastbase_10_10_8_177,jhemr,jhmr_medicare_verify,TABLE,医保病历审核,16,id,True
JHEMR_VASTBASE,jhemr_vastbase_10_10_8_177,jhemr,jhmr_medication_history,TABLE,药历监护列表(用于存储监护药历列表)2012.11.29,20,"patient_id,visit_id,add_apply_time,user_id,hospital_no",True
JHEMR_VASTBASE,jhemr_vastbase_10_10_8_177,jhemr,jhmr_mergerpatid_log,TABLE,合并住院号日志,16,"ser_number,new_patient_id,new_visit_id,old_patient_id,old_visit_id",True
JHEMR_VASTBASE,jhemr_vastbase_10_10_8_177,jhemr,jhmr_message_error_log,TABLE,系统消息-,5,"message_id,hospital_no",False
JHEMR_VASTBASE,jhemr_vastbase_10_10_8_177,jhemr,jhmr_message_log,TABLE,系统消息-,10,"class_code,mess_data_count,message_id,hospital_no",False
JHEMR_VASTBASE,jhemr_vastbase_10_10_8_177,jhemr,jhmr_message_other_type,TABLE,系统消息-,4,other_class_code,False
JHEMR_VASTBASE,jhemr_vastbase_10_10_8_177,jhemr,jhmr_message_record,TABLE,系统消息-,16,"class_code,class_name,to_user_id,hospital_no,message_id",False
JHEMR_VASTBASE,jhemr_vastbase_10_10_8_177,jhemr,jhmr_message_type,TABLE,系统消息-,10,"class_code,class_name,hospital_no,is_enable",False
JHEMR_VASTBASE,jhemr_vastbase_10_10_8_177,jhemr,jhmr_microelement_config,TABLE,病历书写.个性化-配置类-宏配置表,6,"element_name,table_name",False
JHEMR_VASTBASE,jhemr_vastbase_10_10_8_177,jhemr,jhmr_monitor_limit_log,TABLE,质控管理-,13,"patient_id,visit_id,monitor_code,apply_date_time,hospital_no",True
JHEMR_VASTBASE,jhemr_vastbase_10_10_8_177,jhemr,jhmr_mr_urge_log,TABLE,病案管理-业务类-病历催交记录,16,"patient_id,visit_id,file_unique_id,hospital_no,urge_date",True
JHEMR_VASTBASE,jhemr_vastbase_10_10_8_177,jhemr,jhmr_mrreceivesignholiday,TABLE,病案管理-业务类-病案签收率休息日 、上班日设置 2013.9.24,2,"holidaydate,type",True
JHEMR_VASTBASE,jhemr_vastbase_10_10_8_177,jhemr,jhmr_node_content,TABLE,,10,"his_register_pk,node,user_id,order_no",False
JHEMR_VASTBASE,jhemr_vastbase_10_10_8_177,jhemr,jhmr_nonconformity_items,TABLE,检查下不符合内容记录表,16,id,False
JHEMR_VASTBASE,jhemr_vastbase_10_10_8_177,jhemr,jhmr_nurse_monitor_dict,TABLE,临床护理-,9,"order_no,hospital_no,dept_code,monitor_type,time_point",True
JHEMR_VASTBASE,jhemr_vastbase_10_10_8_177,jhemr,jhmr_pad_dev_event,TABLE,病历文书-配置类-病历书写事件外部个性化重载,11,event_code,True
JHEMR_VASTBASE,jhemr_vastbase_10_10_8_177,jhemr,jhmr_pat_log,TABLE,病历提交日志表,7,"patient_id,visit_id,log_num",True
JHEMR_VASTBASE,jhemr_vastbase_10_10_8_177,jhemr,jhmr_pat_visit_showinfo,TABLE,患者列表-业务类-患者列表展示用,24,"patient_id,visit_id",False
JHEMR_VASTBASE,jhemr_vastbase_10_10_8_177,jhemr,jhmr_patinfo_config,TABLE,患者列表患者信息配置表,10,"id,hospital_no",False
JHEMR_VASTBASE,jhemr_vastbase_10_10_8_177,jhemr,jhmr_patinfo_param,TABLE,患者信息参数表,5,"id,app_id",False
JHEMR_VASTBASE,jhemr_vastbase_10_10_8_177,jhemr,jhmr_pic_file_index,TABLE,图片上传表,13,"patient_id,visit_id",True
JHEMR_VASTBASE,jhemr_vastbase_10_10_8_177,jhemr,jhmr_print_catalog_dict,TABLE,"病历书写-业务类-文档打印归类,用于编程使用2012.06.07陈联忠",4,"app_class,print_code",False
JHEMR_VASTBASE,jhemr_vastbase_10_10_8_177,jhemr,jhmr_print_catalog_vs_tclass,TABLE,"病历书写-映射类-文档打印分类与模板分类对照,用于编程使用2012.06.07陈联忠",3,"app_class,print_code,mr_class_code",True
JHEMR_VASTBASE,jhemr_vastbase_10_10_8_177,jhemr,jhmr_query_condition_vs_user,TABLE,上报卡管理-快速检索条件组,6,query_code,False
JHEMR_VASTBASE,jhemr_vastbase_10_10_8_177,jhemr,jhmr_quick_dept_dict,TABLE,上报卡管理-快速检索关联科室维护,4,dept_code,False
JHEMR_VASTBASE,jhemr_vastbase_10_10_8_177,jhemr,jhmr_quick_elem_dict,TABLE,上报卡管理-快速检索关联上报卡模板元素维护,7,mr_code,False
JHEMR_VASTBASE,jhemr_vastbase_10_10_8_177,jhemr,jhmr_quick_query_index,TABLE,上报卡管理-快速检索条件设置主表,19,serial_no,False
JHEMR_VASTBASE,jhemr_vastbase_10_10_8_177,jhemr,jhmr_quick_templet_dict,TABLE,上报卡管理-映射类-快速检索上报卡模板与条件组关联,4,mr_code,False
JHEMR_VASTBASE,jhemr_vastbase_10_10_8_177,jhemr,jhmr_record_file,TABLE,录音查房-,9,record_id,True
JHEMR_VASTBASE,jhemr_vastbase_10_10_8_177,jhemr,jhmr_rect_item_history,TABLE,质控管理-病历整改项目明细,23,"rectification_item_no,rectification_unique_id,grading_item_code",True
JHEMR_VASTBASE,jhemr_vastbase_10_10_8_177,jhemr,jhmr_rectification,TABLE,质控管理-业务类-病历整改通知书主索引表（人工质控）,19,"patient_id,visit_id,hospital_no,rectification_date_time,file_visit_type",True
JHEMR_VASTBASE,jhemr_vastbase_10_10_8_177,jhemr,jhmr_rectification_history,TABLE,病历质控-业务类-病历整改通知书,19,"patient_id,visit_id,hospital_no,rectification_date_time,file_visit_type",True
JHEMR_VASTBASE,jhemr_vastbase_10_10_8_177,jhemr,jhmr_rectification_item,TABLE,质控管理-业务类-病历整改通知书项目明细(人工质控),23,"rectification_item_no,rectification_unique_id,grading_item_code",True
JHEMR_VASTBASE,jhemr_vastbase_10_10_8_177,jhemr,jhmr_rectification_item_other,TABLE,质控管理-首页整改通知书明细,23,"grading_item_code,rectification_unique_id,rectification_item_no",False
JHEMR_VASTBASE,jhemr_vastbase_10_10_8_177,jhemr,jhmr_rectification_item_out,TABLE,质控管理-病历整改项目明细,23,"rectification_item_no,rectification_unique_id,grading_item_code",False
JHEMR_VASTBASE,jhemr_vastbase_10_10_8_177,jhemr,jhmr_rectification_mark,TABLE,质控管理-质控缺陷标注表,11,"patient_id,visit_id,hospital_no,rectification_item_no",True
JHEMR_VASTBASE,jhemr_vastbase_10_10_8_177,jhemr,jhmr_rectification_msg_log,TABLE,消息管理-短信日志表,10,msg_id,True
JHEMR_VASTBASE,jhemr_vastbase_10_10_8_177,jhemr,jhmr_rectification_open_log,TABLE,质控管理-质控浏览过的病历记录表,9,"file_unique_id,qc_date_time,rectification_level,patient_id,visit_id,hospital_no",True
JHEMR_VASTBASE,jhemr_vastbase_10_10_8_177,jhemr,jhmr_rectification_other,TABLE,质控管理-首页整改通知书,19,"patient_id,visit_id,hospital_no,rectification_date_time,file_visit_type",False
JHEMR_VASTBASE,jhemr_vastbase_10_10_8_177,jhemr,jhmr_rectification_out,TABLE,质控管理-病历整改通知书,18,"patient_id,visit_id,hospital_no,rectification_date_time,file_visit_type",False
JHEMR_VASTBASE,jhemr_vastbase_10_10_8_177,jhemr,jhmr_rectification_task,TABLE,质控管理-终末质控任务分配表,10,"patient_id,visit_id,hospital_no",True
JHEMR_VASTBASE,jhemr_vastbase_10_10_8_177,jhemr,jhmr_regulation_record,TABLE,质控管理-,5,,False
JHEMR_VASTBASE,jhemr_vastbase_10_10_8_177,jhemr,jhmr_sequestration_first_page,TABLE,病案管理.病案封存-业务类-封存首页,12,"patient_id,visit_id,sequestration_date,inp_no,hospital_no",True
JHEMR_VASTBASE,jhemr_vastbase_10_10_8_177,jhemr,jhmr_sequestration_log,TABLE,病案管理.病案封存-封存日志,17,"patient_id,visit_id,file_unique_id,sequestration_date,hospital_no",True
JHEMR_VASTBASE,jhemr_vastbase_10_10_8_177,jhemr,jhmr_sign_type_dict,TABLE,,3,,False
JHEMR_VASTBASE,jhemr_vastbase_10_10_8_177,jhemr,jhmr_sql_setting,TABLE,SQL配置表,6,"id,hospital_no",False
JHEMR_VASTBASE,jhemr_vastbase_10_10_8_177,jhemr,jhmr_statistics_menu_config,TABLE,报表角色配置,8,"role_id,menu_id",True
JHEMR_VASTBASE,jhemr_vastbase_10_10_8_177,jhemr,jhmr_syncdata_config,TABLE,数据迁移日志,16,"ser_number,othersys_sql,oursys_table_name",True
JHEMR_VASTBASE,jhemr_vastbase_10_10_8_177,jhemr,jhmr_templet_bat_tools,TABLE,模板管理-配置类-个人模板批量处理元素处理配置类,10,"bat_type,elem_name",False
JHEMR_VASTBASE,jhemr_vastbase_10_10_8_177,jhemr,jhmr_templet_cancel_reason,TABLE,模板管理-业务类-模板审核不通过原因表(王海林）,5,"cancel_reason,cancel_time,cancel_user_name",True
JHEMR_VASTBASE,jhemr_vastbase_10_10_8_177,jhemr,jhmr_templet_card_vs_dept,TABLE,上报卡管理-映射类-上报卡模板与科室对照表,3,"dept_code,mr_code",True
JHEMR_VASTBASE,jhemr_vastbase_10_10_8_177,jhemr,jhmr_templet_class,TABLE,模板维护-字典类-模板分类字典,17,mr_class_code,True
JHEMR_VASTBASE,jhemr_vastbase_10_10_8_177,jhemr,jhmr_templet_class_0401,TABLE,,14,,False
JHEMR_VASTBASE,jhemr_vastbase_10_10_8_177,jhemr,jhmr_templet_content,TABLE,模板管理-业务类-病历模板内容,2,templet_unique_id,True
JHEMR_VASTBASE,jhemr_vastbase_10_10_8_177,jhemr,jhmr_templet_content_bk,TABLE,模板维护-业务类-病历模板内容,2,,False
JHEMR_VASTBASE,jhemr_vastbase_10_10_8_177,jhemr,jhmr_templet_content_dg,TABLE,模板管理-业务类-模板打散节点数据表,18,"id,mr_code",False
JHEMR_VASTBASE,jhemr_vastbase_10_10_8_177,jhemr,jhmr_templet_content_his_bk,TABLE,模板维护-业务类-病历模板内容历史记录,3,,False
JHEMR_VASTBASE,jhemr_vastbase_10_10_8_177,jhemr,jhmr_templet_content_history,TABLE,模板管理-业务类-病历模板内容历史记录,3,"templet_unique_id,cur_version",True
JHEMR_VASTBASE,jhemr_vastbase_10_10_8_177,jhemr,jhmr_templet_content_log,TABLE,模板维护-业务类-病历模板内容日志,3,"templet_unique_id,log_date_time",True
JHEMR_VASTBASE,jhemr_vastbase_10_10_8_177,jhemr,jhmr_templet_delete_record,TABLE,模板管理-业务类-模板备份表,12,"mr_code,delete_date_time,hospital_no",False
JHEMR_VASTBASE,jhemr_vastbase_10_10_8_177,jhemr,jhmr_templet_doc_signelem,TABLE,多个医生签名签名位与右键菜单显示对照表,17,"mr_code,sign_elem",False
JHEMR_VASTBASE,jhemr_vastbase_10_10_8_177,jhemr,jhmr_templet_index,TABLE,模板管理-业务类-新版本模板索引,57,"mr_code,hospital_no",True
JHEMR_VASTBASE,jhemr_vastbase_10_10_8_177,jhemr,jhmr_templet_index0320,TABLE,,56,,False
JHEMR_VASTBASE,jhemr_vastbase_10_10_8_177,jhemr,jhmr_templet_index_0324,TABLE,,56,,False
JHEMR_VASTBASE,jhemr_vastbase_10_10_8_177,jhemr,jhmr_templet_index_0401,TABLE,,56,,False
JHEMR_VASTBASE,jhemr_vastbase_10_10_8_177,jhemr,jhmr_templet_index_bk,TABLE,模板维护-业务类-新版本模板索引,49,,False
JHEMR_VASTBASE,jhemr_vastbase_10_10_8_177,jhemr,jhmr_templet_normal,TABLE,常用模板表,7,,False
JHEMR_VASTBASE,jhemr_vastbase_10_10_8_177,jhemr,jhmr_templet_oper_log,TABLE,模板维护-业务类-病历模板操作日志,7,"templet_unique_id,user_id,modify_date_time",True
JHEMR_VASTBASE,jhemr_vastbase_10_10_8_177,jhemr,jhmr_templet_pat_signelem,TABLE,新版患者签名配置表,43,,False
JHEMR_VASTBASE,jhemr_vastbase_10_10_8_177,jhemr,jhmr_templet_pat_signelem_beifen,TABLE,,43,"mr_code,sign_elem",False
JHEMR_VASTBASE,jhemr_vastbase_10_10_8_177,jhemr,jhmr_templet_pat_signelem_ces,TABLE,,43,,False
JHEMR_VASTBASE,jhemr_vastbase_10_10_8_177,jhemr,jhmr_templet_read_or_write,TABLE,模板维护-业务类-病历模板读写权限（门诊）,8,"mr_code,user_id",True
JHEMR_VASTBASE,jhemr_vastbase_10_10_8_177,jhemr,jhmr_templet_register_item,TABLE,模板维护-字典类-模板中使用的宏和替换项目字典2012.04.06,5,"item_name,item_type",True
JHEMR_VASTBASE,jhemr_vastbase_10_10_8_177,jhemr,jhmr_templet_segment_index,TABLE,模板维护-业务类-关键词 模板分段索引如主诉、现病史、既往史等,17,"mr_code,hospital_no",True
JHEMR_VASTBASE,jhemr_vastbase_10_10_8_177,jhemr,jhmr_templet_self_bat_log,TABLE,模板管理-日志类-模板批量处理日志表,8,"templet_unique_id,oper_date_time",False
JHEMR_VASTBASE,jhemr_vastbase_10_10_8_177,jhemr,jhmr_templet_share_record,TABLE,模板管理-业务类-个人模板分享记录表(门诊),7,"mr_code,share_mr_code",False
JHEMR_VASTBASE,jhemr_vastbase_10_10_8_177,jhemr,jhmr_templet_transfer_log,TABLE,模板迁移日志,10,id,False
JHEMR_VASTBASE,jhemr_vastbase_10_10_8_177,jhemr,jhmr_templet_vs_dept,TABLE,模板维护-映射类-医疗机构科室与疾病分组映射,5,"dept_code,hospital_no,dg_code,dg_sub_code,mr_code",True
JHEMR_VASTBASE,jhemr_vastbase_10_10_8_177,jhemr,jhmr_templet_vs_jhdg,TABLE,模板管理-模板与疾病分组映射,7,"mr_code,dg_code,dg_sub_code",True
JHEMR_VASTBASE,jhemr_vastbase_10_10_8_177,jhemr,jhmr_templet_vs_jhdg_bk,TABLE,模板维护-映射类-模板与疾病分组映射,7,,False
JHEMR_VASTBASE,jhemr_vastbase_10_10_8_177,jhemr,jhmr_templet_vs_user,TABLE,模板管理-业务类-301医院门诊模板属性,7,"mr_code,file_visit_type,user_id,hospital_no,catalog_code",True
JHEMR_VASTBASE,jhemr_vastbase_10_10_8_177,jhemr,jhmr_templet_vs_widget,TABLE,模板维护-映射类-针对报表模板设置程序内部标识号供编程固定调用,4,prog_internal_code,True
JHEMR_VASTBASE,jhemr_vastbase_10_10_8_177,jhemr,jhmr_templet_vs_workflow,TABLE,模板管理-映射类-模板和工作流对照,7,"step_id,widget_id,canvas_or_role",True
JHEMR_VASTBASE,jhemr_vastbase_10_10_8_177,jhemr,jhmr_terminal_score,TABLE,病案管理-业务类-病案终末评分索引表,11,"patient_id,visit_id,hospital_no,file_visit_type,clinic_type,score_unique_id,score_date_time",True
JHEMR_VASTBASE,jhemr_vastbase_10_10_8_177,jhemr,jhmr_terminal_score_item,TABLE,病案管理-业务类-病案终末评分明细表,18,"grading_item_code,score_unique_id",True
JHEMR_VASTBASE,jhemr_vastbase_10_10_8_177,jhemr,jhmr_yb_dict,TABLE,医保明细项字典,7,"field_name,yb_code,yb_name,hospital_no",False
JHEMR_VASTBASE,jhemr_vastbase_10_10_8_177,jhemr,jhmrcardmanager_config,TABLE,上报卡模块专用的配置表,9,"widget_name,widget_name_sub",False
JHEMR_VASTBASE,jhemr_vastbase_10_10_8_177,jhemr,jhms_stat_result_items,TABLE,统计方案观察指标定义,10,"scheme_id,ds_code,node_no",True
JHEMR_VASTBASE,jhemr_vastbase_10_10_8_177,jhemr,jhms_stat_scheme,TABLE,统计方案列表,7,"scheme_id,hospital_no",True
JHEMR_VASTBASE,jhemr_vastbase_10_10_8_177,jhemr,jhms_stat_scheme_items,TABLE,统计方案条件定义,15,"node_no,ds_code,scheme_id,hospital_no",True
JHEMR_VASTBASE,jhemr_vastbase_10_10_8_177,jhemr,jhms_stat_statistic_search,TABLE,,11,id,True
JHEMR_VASTBASE,jhemr_vastbase_10_10_8_177,jhemr,jhms_stat_templet,TABLE,随访管理-映射类-随访对应模板,4,"scheme_id,mr_class_code",True
JHEMR_VASTBASE,jhemr_vastbase_10_10_8_177,jhemr,jhnis_comm_data_index,TABLE,护理通用数据主记录表,29,rec_main_id,False
JHEMR_VASTBASE,jhemr_vastbase_10_10_8_177,jhemr,jhnis_data_flow_rec,TABLE,嘉和护理记录流程状态记录表,15,flow_rec_id,False
JHEMR_VASTBASE,jhemr_vastbase_10_10_8_177,jhemr,jhnis_pat_archive_rec,TABLE,护理患者数据归档记录表,10,"patient_id,visit_id,hospital_no",False
JHEMR_VASTBASE,jhemr_vastbase_10_10_8_177,jhemr,jhnis_vital_signs_rec,VIEW,,11,,False
JHEMR_VASTBASE,jhemr_vastbase_10_10_8_177,jhemr,jhnism_master_watch_statistics,TABLE,工作计划-业务类-总值班统计记录表,33,"dept_code,record_date",False
JHEMR_VASTBASE,jhemr_vastbase_10_10_8_177,jhemr,jhnism_v_staff_info,VIEW,,65,,False
JHEMR_VASTBASE,jhemr_vastbase_10_10_8_177,jhemr,jhois_system_log,TABLE,系统日志表,15,log_id,False
JHEMR_VASTBASE,jhemr_vastbase_10_10_8_177,jhemr,jhoperation_schedule,TABLE,,50,"patient_id,visit_id,hospital_no,operationflow",True
JHEMR_VASTBASE,jhemr_vastbase_10_10_8_177,jhemr,jhoperationlevel,TABLE,手术级别？,4,scale_id,True
JHEMR_VASTBASE,jhemr_vastbase_10_10_8_177,jhemr,jhoutpat_visit,TABLE,门诊系统-业务类-门诊患者信息表,48,"hospital_no,patient_id,visit_id",True
JHEMR_VASTBASE,jhemr_vastbase_10_10_8_177,jhemr,jhpa_pat_allergy,TABLE,过敏史管理-业务类-病人过敏史,9,"alergy_code,visit_id,patient_id,hospital_no",True
JHEMR_VASTBASE,jhemr_vastbase_10_10_8_177,jhemr,jhpat_diagnosis_expand,TABLE,临床诊断 拓展  20120815   LS,25,"patient_id,visit_id,diagnosis_type,diagnosis_no,diagnosis_sub_no,diagnosis_type_name,hospital_no,diagnosis_flag",True
JHEMR_VASTBASE,jhemr_vastbase_10_10_8_177,jhemr,jhpat_extend_app,TABLE,,24,app_code,True
JHEMR_VASTBASE,jhemr_vastbase_10_10_8_177,jhemr,jhpat_prev_alergy,TABLE,过敏史,9,"patient_id,alergy_name,visit_type,visit_date_time,hospital_no,alergy_date",True
JHEMR_VASTBASE,jhemr_vastbase_10_10_8_177,jhemr,jhpat_prev_complained,TABLE,既往疾病主诉,5,"patient_id,visit_type,visit_date_time,hospital_no",True
JHEMR_VASTBASE,jhemr_vastbase_10_10_8_177,jhemr,jhpat_prev_diagnose,TABLE,既往诊断史,11,"patient_id,diagnosis_no,visit_type,visit_date_time,hospital_no",True
JHEMR_VASTBASE,jhemr_vastbase_10_10_8_177,jhemr,jhpat_prev_drugs,TABLE,既往用药史,11,"hospital_no,patient_id,visit_type,visit_date_time,start_date_time,drug_name",True
JHEMR_VASTBASE,jhemr_vastbase_10_10_8_177,jhemr,jhpat_prev_operation,TABLE,既往手术史,17,"patient_id,hospital_no,operation_no,visit_type,visit_date_time",True
JHEMR_VASTBASE,jhemr_vastbase_10_10_8_177,jhemr,jhpat_prev_reactions,TABLE,不良反应史,8,"hospital_no,patient_id,visit_type,visit_date_time,reaction_symptoms,reaction_date_time",True
JHEMR_VASTBASE,jhemr_vastbase_10_10_8_177,jhemr,jhpedigreechart,TABLE,谱系图-谱系图表,8,"patient_id,visit_id,hospital_no,generation_no,order_no",False
JHEMR_VASTBASE,jhemr_vastbase_10_10_8_177,jhemr,jhpix_address,TABLE,系统配置-作废类-地址主索引,8,pix_address_id,True
JHEMR_VASTBASE,jhemr_vastbase_10_10_8_177,jhemr,jhpix_entity_index,TABLE,系统配置-作废类-主索引实体的 数据成员组成,11,pix_entity_index_id,True
JHEMR_VASTBASE,jhemr_vastbase_10_10_8_177,jhemr,jhpix_index,TABLE,系统配置-作废类-自增ID,5,index_id,True
JHEMR_VASTBASE,jhemr_vastbase_10_10_8_177,jhemr,jhpix_merge_log,TABLE,系统配置-作废类-主索引数据合并日志,10,merge_log_id,True
JHEMR_VASTBASE,jhemr_vastbase_10_10_8_177,jhemr,jhpix_pat_address,TABLE,系统配置-作废类-患者地址信息,4,pix_pat_address_id,True
JHEMR_VASTBASE,jhemr_vastbase_10_10_8_177,jhemr,jhpix_pat_cross_ref,TABLE,系统配置-作废类-病人交叉索引,4,pix_pat_cross_ref_id,True
JHEMR_VASTBASE,jhemr_vastbase_10_10_8_177,jhemr,jhpix_pat_identity,TABLE,系统配置-作废类-03.患者证件表  一个患者多种类型证件,4,pix_pat_identity_id,True
JHEMR_VASTBASE,jhemr_vastbase_10_10_8_177,jhemr,jhpix_pat_master_index,TABLE,01患者主索引,10,pix_patient_id,True
JHEMR_VASTBASE,jhemr_vastbase_10_10_8_177,jhemr,jhpix_pat_master_index_log,TABLE,系统配置-作废类-09 患者主索引日志记录,9,"pix_patient_id,update_time,operator",True
JHEMR_VASTBASE,jhemr_vastbase_10_10_8_177,jhemr,jhpix_pat_visit,TABLE,系统配置-作废类-04 PV1诊疗记录,6,"pix_visit_id,pix_patient_id,hospital_no",True
JHEMR_VASTBASE,jhemr_vastbase_10_10_8_177,jhemr,jhpix_pat_visit_relation,TABLE,系统配置-作废类-诊疗记录关联,4,"pix_visit_id,pix_patient_id,related_pix_patient_id,related_pix_visit_id",True
JHEMR_VASTBASE,jhemr_vastbase_10_10_8_177,jhemr,jhsd_algorithm_marks,TABLE,单病种上报管理-业务类-算法注释表,2,code,False
JHEMR_VASTBASE,jhemr_vastbase_10_10_8_177,jhemr,jhsd_disease_dept,TABLE,单病种上报管理-映射类-病种科室对照,6,"disease_id,dept_code",False
JHEMR_VASTBASE,jhemr_vastbase_10_10_8_177,jhemr,jhsd_disease_diagnosis,TABLE,单病种上报管理-映射类-单病种诊断关联对照表,11,"disease_id,diagnosis_code,hospital_no",False
JHEMR_VASTBASE,jhemr_vastbase_10_10_8_177,jhemr,jhsd_disease_diagnosis_desc,TABLE,单病种上报管理-映射类-病种诊断关键字对照表,4,"disease_id,rule_id,diagnosis_desc",False
JHEMR_VASTBASE,jhemr_vastbase_10_10_8_177,jhemr,jhsd_disease_dict,TABLE,单病种上报管理-字典类-病种字典表,14,disease_id,False
JHEMR_VASTBASE,jhemr_vastbase_10_10_8_177,jhemr,jhsd_disease_dict_datasource,TABLE,单病种上报管理-映射类-单病种加载数据对应数据源,8,"disease_id,disease_datasource_no",False
JHEMR_VASTBASE,jhemr_vastbase_10_10_8_177,jhemr,jhsd_disease_dict_type,TABLE,单病种上报管理-字典类-病种类型字典,2,jhsd_type_code,False
JHEMR_VASTBASE,jhemr_vastbase_10_10_8_177,jhemr,jhsd_disease_elem_dict,TABLE,单病种上报管理-业务类-病种元素表,18,"disease_id,elem_code",False
JHEMR_VASTBASE,jhemr_vastbase_10_10_8_177,jhemr,jhsd_disease_elem_verificate,TABLE,单病种上报管理-业务类-单病种元素验证,7,"disease_id,elem_code,validate_type,validate_relation,validate_value",False
JHEMR_VASTBASE,jhemr_vastbase_10_10_8_177,jhemr,jhsd_disease_operation_type,TABLE,单病种上报管理-映射类-病种手术类别对照表,5,"disease_id,operation_type_code",False
JHEMR_VASTBASE,jhemr_vastbase_10_10_8_177,jhemr,jhsd_disease_query_item,TABLE,单病种上报管理-业务类-单病种自定义查询方案项目表,11,"project_id,sdaq_item_code,sdaq_symbol,item_no",False
JHEMR_VASTBASE,jhemr_vastbase_10_10_8_177,jhemr,jhsd_disease_query_project,TABLE,单病种上报管理-业务类-单病种自定义查询方案表,7,project_id,False
JHEMR_VASTBASE,jhemr_vastbase_10_10_8_177,jhemr,jhsd_disease_query_result_item,TABLE,单病种上报管理-业务类-单病种自定义查询方案结果显示表,4,"project_id,sdaq_result_item_code",False
JHEMR_VASTBASE,jhemr_vastbase_10_10_8_177,jhemr,jhsd_disease_querydz_item,TABLE,单病种上报管理-业务类-单病种自定义查询方案定制查询项目,5,"project_id,elem_code",False
JHEMR_VASTBASE,jhemr_vastbase_10_10_8_177,jhemr,jhsd_disease_reason_dict,TABLE,单病种上报管理-字典类-病种未填写原因字典表,6,"disease_id,reason_code",False
JHEMR_VASTBASE,jhemr_vastbase_10_10_8_177,jhemr,jhsd_disease_report_dict,TABLE,单病种上报管理-字典类-单病种前置机上报字典(需实时更新),10,"disease_id,report_elem_code,version",False
JHEMR_VASTBASE,jhemr_vastbase_10_10_8_177,jhemr,jhsd_disease_report_dict_items,TABLE,单病种上报管理-字典类-单病种前置机上报字典值域字典项(需实时更新),6,"disease_id,report_elem_code,version",False
JHEMR_VASTBASE,jhemr_vastbase_10_10_8_177,jhemr,jhsd_disease_rule,TABLE,单病种上报管理-配置类-单病种入组标准配置表,14,disease_id,False
JHEMR_VASTBASE,jhemr_vastbase_10_10_8_177,jhemr,jhsd_elem_items_emr_map,TABLE,单病种上报管理-映射类-病种元素值域字典映射关系表,7,"disease_id,elem_code,cv_code,cv_value,map_type,map_value",False
JHEMR_VASTBASE,jhemr_vastbase_10_10_8_177,jhemr,jhsd_emr_online_monitor,TABLE,专病质控-业务类-单病种指控消息表,24,"patient_id,visit_id,disease_id,rule_no,hospital_no",False
JHEMR_VASTBASE,jhemr_vastbase_10_10_8_177,jhemr,jhsd_monitor_elem_dict,TABLE,专病质控-字典类-质控元素字典,5,elem_code,False
JHEMR_VASTBASE,jhemr_vastbase_10_10_8_177,jhemr,jhsd_monitor_history,TABLE,专病质控-业务类-单病种质控历史表,25,"patient_id,visit_id,disease_id,rule_no,hospital_no",False
JHEMR_VASTBASE,jhemr_vastbase_10_10_8_177,jhemr,jhsd_operation_type_dict,TABLE,单病种-字典类-手术分类字典表,4,operation_type_code,False
JHEMR_VASTBASE,jhemr_vastbase_10_10_8_177,jhemr,jhsd_operation_type_operation,TABLE,单病种上报管理-映射类-单病种手术类别对照表,6,"operation_type_code,operation_code,hospital_no",False
JHEMR_VASTBASE,jhemr_vastbase_10_10_8_177,jhemr,jhsd_pat_experience_evaluation,TABLE,单病种-业务类-患者对服务的体检与评价,13,"patient_id,visit_id,hospital_no",False
JHEMR_VASTBASE,jhemr_vastbase_10_10_8_177,jhemr,jhsd_patient_disease_delete,TABLE,单病种上报管理-业务类-单病种上报删除表,23,"patient_id,visit_id,hospital_no,disease_uniq_id,report_date",False
JHEMR_VASTBASE,jhemr_vastbase_10_10_8_177,jhemr,jhsd_patient_disease_elem,TABLE,单病种-业务类-患者病种数据值,6,"elem_code,disease_uniq_id",False
JHEMR_VASTBASE,jhemr_vastbase_10_10_8_177,jhemr,jhsd_patient_disease_index,TABLE,单病种-业务类-患者病种主索引表,51,disease_uniq_id,False
JHEMR_VASTBASE,jhemr_vastbase_10_10_8_177,jhemr,jhsd_patient_disease_index_bak,TABLE,单病种-业务类-患者病种主索引表,53,disease_uniq_id,False
JHEMR_VASTBASE,jhemr_vastbase_10_10_8_177,jhemr,jhsd_patient_disease_unreport,TABLE,单病种-业务类-患者未上报单病种信息表,22,disease_uniq_id,False
JHEMR_VASTBASE,jhemr_vastbase_10_10_8_177,jhemr,jhsd_qc_elem_type_dict,TABLE,专病质控-字典类-质控项类别字典,2,elem_type,False
JHEMR_VASTBASE,jhemr_vastbase_10_10_8_177,jhemr,jhsd_qc_rule_item,TABLE,专病质控-业务类-质控项明细,7,"disease_id,rule_no,item_no,item_type",False
JHEMR_VASTBASE,jhemr_vastbase_10_10_8_177,jhemr,jhsd_qc_rule_master,TABLE,专病质控-业务类-质控项索引,14,"disease_id,rule_no",False
JHEMR_VASTBASE,jhemr_vastbase_10_10_8_177,jhemr,jhsd_report_elem_dict,TABLE,单病种上报管理-业务类-单病种报表数据统计,8,"disease_id,excel_position",False
JHEMR_VASTBASE,jhemr_vastbase_10_10_8_177,jhemr,jhsd_statistics_index_class,TABLE,单病种上报管理-业务类-统计指标分类,6,"hospital_no,disease_id,template_code,class_code",False
JHEMR_VASTBASE,jhemr_vastbase_10_10_8_177,jhemr,jhsd_statistics_index_elem,TABLE,单病种上报管理-业务类-统计指标元素,16,"hospital_no,disease_id,template_code,elem_code",False
JHEMR_VASTBASE,jhemr_vastbase_10_10_8_177,jhemr,jhsd_statistics_index_fac,TABLE,单病种上报管理-业务类-统计指标算法,9,"hospital_no,disease_id,template_code,elem_code,factor_code",False
JHEMR_VASTBASE,jhemr_vastbase_10_10_8_177,jhemr,jhsd_statistics_index_facitem,TABLE,单病种上报管理-业务类-统计指标算法运算项目,9,"hospital_no,disease_id,template_code,elem_code,factor_code,item_code",False
JHEMR_VASTBASE,jhemr_vastbase_10_10_8_177,jhemr,jhsd_statistics_index_template,TABLE,单病种上报管理-业务类-统计指标方案,6,"hospital_no,disease_id,template_code",False
JHEMR_VASTBASE,jhemr_vastbase_10_10_8_177,jhemr,jhsd_tree_algorithm_class,TABLE,单病种上报管理-业务类-算法类别表,7,"code,parent_code",False
JHEMR_VASTBASE,jhemr_vastbase_10_10_8_177,jhemr,jhserivce_method_test,TABLE,,6,,False
JHEMR_VASTBASE,jhemr_vastbase_10_10_8_177,jhemr,jhsharedict,TABLE,电子病历共享上报相关字典,5,"item_class,item_code,item_name",True
JHEMR_VASTBASE,jhemr_vastbase_10_10_8_177,jhemr,jhsys_app_config,TABLE,新版集成-配置类-新版集成配置,16,id,True
JHEMR_VASTBASE,jhemr_vastbase_10_10_8_177,jhemr,jhsys_app_param,TABLE,新版集成-字典类-新版集成配置系统参数字典,4,id,True
JHEMR_VASTBASE,jhemr_vastbase_10_10_8_177,jhemr,jhsys_app_param_dict,TABLE,新版集成-配置类-集成参数配置表,5,"id,app_id",True
JHEMR_VASTBASE,jhemr_vastbase_10_10_8_177,jhemr,jhsys_canvas,TABLE,角色画布widget-字典类-画布字典,14,canvas_id,True
JHEMR_VASTBASE,jhemr_vastbase_10_10_8_177,jhemr,jhsys_canvas_user_layout,TABLE,角色画布widget-作废类-用户布局设置 孙朋朋 2022年5月,10,"canvas_id,widget_id,user_id",True
JHEMR_VASTBASE,jhemr_vastbase_10_10_8_177,jhemr,jhsys_canvas_vs_widget,TABLE,角色画布widget-映射类-canvas内部初始布局widget,15,"canvas_id,widget_id",True
JHEMR_VASTBASE,jhemr_vastbase_10_10_8_177,jhemr,jhsys_canvas_vs_widget_plan,TABLE,角色画布widget-映射类-canvas内部初始布局widget审核,15,"canvas_id,widget_id",True
JHEMR_VASTBASE,jhemr_vastbase_10_10_8_177,jhemr,jhsys_dev_diagnosis_event,TABLE,系统配置-作废类-专科诊断二次开发事件重载 孙朋朋2022年5月,5,"dept_code,hospital_no",True
JHEMR_VASTBASE,jhemr_vastbase_10_10_8_177,jhemr,jhsys_dev_event,TABLE,系统配置-业务类-系统二次开发事件重载,6,event_code,True
JHEMR_VASTBASE,jhemr_vastbase_10_10_8_177,jhemr,jhsys_dict,TABLE,升级管理-字典类-系统产品字典 emr，nis，ois,3,sys_code,True
JHEMR_VASTBASE,jhemr_vastbase_10_10_8_177,jhemr,jhsys_domains,TABLE,框架模块-配置类-域名列表,6,"domainname,ipaddress,hospital_no",True
JHEMR_VASTBASE,jhemr_vastbase_10_10_8_177,jhemr,jhsys_error_dict,TABLE,日志管理-字典类-系统常见错误列表字典20120331,4,sys_error_code,True
JHEMR_VASTBASE,jhemr_vastbase_10_10_8_177,jhemr,jhsys_file_dict,TABLE,升级管理-字典类-程序集字典,8,"file_name,sys_code",True
JHEMR_VASTBASE,jhemr_vastbase_10_10_8_177,jhemr,jhsys_file_upload,TABLE,升级管理-业务类-程序集升级表，程序存在blob字段,14,"file_name,distribute_no,last_update,hospital_no",True
JHEMR_VASTBASE,jhemr_vastbase_10_10_8_177,jhemr,jhsys_file_upload_beifen,TABLE,框架模块-配置类-历次升级dll备份,12,"file_name,last_update,hospital_no,distribute_no",False
JHEMR_VASTBASE,jhemr_vastbase_10_10_8_177,jhemr,jhsys_float_tab,TABLE,框架模块-配置类-漂浮窗体内部控件动态加载dll,9,event_code,True
JHEMR_VASTBASE,jhemr_vastbase_10_10_8_177,jhemr,jhsys_message_attachment,TABLE,消息发送-业务类-消息附件,3,,False
JHEMR_VASTBASE,jhemr_vastbase_10_10_8_177,jhemr,jhsys_message_record,TABLE,消息发送-业务类-消息发送记录表,21,message_id,True
JHEMR_VASTBASE,jhemr_vastbase_10_10_8_177,jhemr,jhsys_message_record_read,TABLE,消息发送-业务类-消息记录阅读表,8,"message_id,to_userid",True
JHEMR_VASTBASE,jhemr_vastbase_10_10_8_177,jhemr,jhsys_message_type,TABLE,"消息发送-字典类-消息类别表,CODE固定不可变",7,message_type_code,True
JHEMR_VASTBASE,jhemr_vastbase_10_10_8_177,jhemr,jhsys_return_advoice,TABLE,框架模块-业务类-框架反馈意见表,21,advice_id,True
JHEMR_VASTBASE,jhemr_vastbase_10_10_8_177,jhemr,jhsys_return_attachment,TABLE,框架模块-业务类-框架反馈意见附件表,4,advice_id,True
JHEMR_VASTBASE,jhemr_vastbase_10_10_8_177,jhemr,jhsys_role_vs_canvas,TABLE,角色画布widget-映射类-角色关联画布,6,"role_id,canvas_id",True
JHEMR_VASTBASE,jhemr_vastbase_10_10_8_177,jhemr,jhsys_role_vs_permission,TABLE,角色画布widget-作废类-角色权限,2,"role_id,permission_no",True
JHEMR_VASTBASE,jhemr_vastbase_10_10_8_177,jhemr,jhsys_sub_obj_dict,TABLE,手麻ICU-页面级权限对象字典,5,object_no,True
JHEMR_VASTBASE,jhemr_vastbase_10_10_8_177,jhemr,jhsys_sub_obj_property,TABLE,手麻ICU-,2,property_no,True
JHEMR_VASTBASE,jhemr_vastbase_10_10_8_177,jhemr,jhsys_sub_permission_dict,TABLE,手麻ICU-,2,permission_no,True
JHEMR_VASTBASE,jhemr_vastbase_10_10_8_177,jhemr,jhsys_sub_perssion_vs_obj,TABLE,手麻ICU-,4,"permission_no,object_no,property_no",True
JHEMR_VASTBASE,jhemr_vastbase_10_10_8_177,jhemr,jhsys_tables,TABLE,日志管理-业务类-数据库表增长记录(定时数据库任务job插入),8,"table_name,tablespace_name,record_date",True
JHEMR_VASTBASE,jhemr_vastbase_10_10_8_177,jhemr,jhsys_widget_vs_widget,TABLE,角色画布widget-业务类-widget类型为1既嵌入tab页的widget内嵌widget维护,6,"widget_id,inner_widget_id,canvas_id",True
JHEMR_VASTBASE,jhemr_vastbase_10_10_8_177,jhemr,jhsys_widgets,TABLE,角色画布widget-字典类-widget信息字典,13,"widget_class_name,widget_file_name",True
JHEMR_VASTBASE,jhemr_vastbase_10_10_8_177,jhemr,jhsys_widgets_doc,TABLE,WIDGET帮助文档表,8,id,False
JHEMR_VASTBASE,jhemr_vastbase_10_10_8_177,jhemr,jhsys_workflow,TABLE,工作流-业务类-工作流主表,14,flow_id,True
JHEMR_VASTBASE,jhemr_vastbase_10_10_8_177,jhemr,jhsys_workflow_group,TABLE,工作流-字典类-工作流模板类型表,2,"workflow_group_id,workflow_group_name",True
JHEMR_VASTBASE,jhemr_vastbase_10_10_8_177,jhemr,jhsys_workflow_status_dict,TABLE,工作流-字典类-流程状态字典表,5,status_id,True
JHEMR_VASTBASE,jhemr_vastbase_10_10_8_177,jhemr,jhsys_workflow_step,TABLE,工作流-业务类-工作流子表 节点步骤流程表,14,step_id,True
JHEMR_VASTBASE,jhemr_vastbase_10_10_8_177,jhemr,jhsys_workflow_step_log,TABLE,工作流-日志类-工作流子表 节点步骤流程表日志,6,"step_id,approve_user_id,approve_date_time,bussiness_keys_values",True
JHEMR_VASTBASE,jhemr_vastbase_10_10_8_177,jhemr,jhvte_audit,TABLE,,18,,False
JHEMR_VASTBASE,jhemr_vastbase_10_10_8_177,jhemr,jhvte_data_element,TABLE,,8,,False
JHEMR_VASTBASE,jhemr_vastbase_10_10_8_177,jhemr,jhvte_dept,TABLE,,8,"dept_code,dept_name",False
JHEMR_VASTBASE,jhemr_vastbase_10_10_8_177,jhemr,jhvte_dict,TABLE,,11,,False
JHEMR_VASTBASE,jhemr_vastbase_10_10_8_177,jhemr,jhvte_dvt_wells,TABLE,,12,,False
JHEMR_VASTBASE,jhemr_vastbase_10_10_8_177,jhemr,jhvte_dynamicvalues,TABLE,VTE动态模板取值,9,id,False
JHEMR_VASTBASE,jhemr_vastbase_10_10_8_177,jhemr,jhvte_graves,TABLE,,12,,False
JHEMR_VASTBASE,jhemr_vastbase_10_10_8_177,jhemr,jhvte_indicators_statistical,TABLE,,8,"patient_id,visit_id,admission_date_time,discharge_date_time,dept_admission_to,dept_discharge_from,indicators_type,hospital_no",False
JHEMR_VASTBASE,jhemr_vastbase_10_10_8_177,jhemr,jhvte_info_master,TABLE,,70,"patient_id,visit_id,access_id,file_no,vtype,flag,assess_date",False
JHEMR_VASTBASE,jhemr_vastbase_10_10_8_177,jhemr,jhvte_pe_possible,TABLE,,12,,False
JHEMR_VASTBASE,jhemr_vastbase_10_10_8_177,jhemr,jhvte_pesi_assess,TABLE,,12,,False
JHEMR_VASTBASE,jhemr_vastbase_10_10_8_177,jhemr,jhvte_prevention_rules,TABLE,,7,,False
JHEMR_VASTBASE,jhemr_vastbase_10_10_8_177,jhemr,jhvte_report,TABLE,,26,,False
JHEMR_VASTBASE,jhemr_vastbase_10_10_8_177,jhemr,jhvte_report_diagnosis,TABLE,,4,,False
JHEMR_VASTBASE,jhemr_vastbase_10_10_8_177,jhemr,jhvte_setting_init,TABLE,,11,,False
JHEMR_VASTBASE,jhemr_vastbase_10_10_8_177,jhemr,jhvte_tree_quality_dict,TABLE,,5,,False
JHEMR_VASTBASE,jhemr_vastbase_10_10_8_177,jhemr,jhvte_winform_templet,TABLE,,15,,False
JHEMR_VASTBASE,jhemr_vastbase_10_10_8_177,jhemr,jhwd_workdays,TABLE,工作日管理(西肿瘤统计室专用),5,"years,mounth",True
JHEMR_VASTBASE,jhemr_vastbase_10_10_8_177,jhemr,jhwpn_dict_configuration,TABLE,科室排班-班次信息（早中晚）,10,"dict_code,dept_code,hospital_no",True
JHEMR_VASTBASE,jhemr_vastbase_10_10_8_177,jhemr,jhwpn_dict_time_detail,TABLE,科室排班-班次信息明细表,10,"dict_code,dict_name,start_time,end_time",True
JHEMR_VASTBASE,jhemr_vastbase_10_10_8_177,jhemr,jhwpn_work_plan_detail,TABLE,科室排班-排班信息明细表,9,"dept_code,serial_no,work_type,work_date,user_id",True
JHEMR_VASTBASE,jhemr_vastbase_10_10_8_177,jhemr,jhwpn_work_plan_master,TABLE,科室排班-排班信息明细子表,9,"serial_no,dept_code",True
JHEMR_VASTBASE,jhemr_vastbase_10_10_8_177,jhemr,jhwt42_zd_items,TABLE,卫统管理-字典类-卫统42诊断字典表,5,"zd_code,item_code,item_name",True
JHEMR_VASTBASE,jhemr_vastbase_10_10_8_177,jhemr,jhwt_temp_04,TABLE,卫统管理-业务类-卫统4,39,"zycs,bah",True
JHEMR_VASTBASE,jhemr_vastbase_10_10_8_177,jhemr,jhwt_temp_041,TABLE,卫统管理-业务类-卫统4-1,232,"zycs,bah",True
JHEMR_VASTBASE,jhemr_vastbase_10_10_8_177,jhemr,jhwt_temp_042,TABLE,卫统管理-业务类-卫统4-2,242,"zycs,bah",True
JHEMR_VASTBASE,jhemr_vastbase_10_10_8_177,jhemr,jhwt_vs_dictionary,TABLE,卫统管理-映射类-院区诊断和标准诊断字段对照表,5,"zd_code,stander_code,local_code",True
JHEMR_VASTBASE,jhemr_vastbase_10_10_8_177,jhemr,jhwt_zd_items,TABLE,卫统管理-字典类-诊断字典表,5,"zd_code,item_code,item_name",True
JHEMR_VASTBASE,jhemr_vastbase_10_10_8_177,jhemr,log_20260518,TABLE,,7,,False
JHEMR_VASTBASE,jhemr_vastbase_10_10_8_177,jhemr,log_202605bt,TABLE,,7,,False
JHEMR_VASTBASE,jhemr_vastbase_10_10_8_177,jhemr,medical_safety,TABLE,医疗安全质控信息表,20,"patient_id,visit_id,hospital_no,id",True
JHEMR_VASTBASE,jhemr_vastbase_10_10_8_177,jhemr,mr_barcode_print_log,TABLE,病案管理-业务类-条码打印日志,10,"print_date,patient_id,visit_id,hospital_no",True
JHEMR_VASTBASE,jhemr_vastbase_10_10_8_177,jhemr,mr_file_callback_record,TABLE,病案管理-业务类-病历打回记录表,30,"patient_id,visit_id,file_unique_id,hospital_no,apply_date_time",False
JHEMR_VASTBASE,jhemr_vastbase_10_10_8_177,jhemr,mr_file_index,TABLE,病历书写-作废类-V5表数据,40,"file_no,visit_id,patient_id,hospital_no",True
JHEMR_VASTBASE,jhemr_vastbase_10_10_8_177,jhemr,mr_file_index_callback,TABLE,病案管理-业务类-病历召回申请,45,"patient_id,visit_id,apply_date_time,hospital_no,clinic_type",True
JHEMR_VASTBASE,jhemr_vastbase_10_10_8_177,jhemr,mr_file_index_callback_midlle,TABLE,,27,"patient_id,visit_id,apply_date_time,hospital_no,clinic_type",False
JHEMR_VASTBASE,jhemr_vastbase_10_10_8_177,jhemr,mr_file_index_edit_apply,TABLE,病案管理-业务类-病历修改申请审批,23,"apply_date_time,file_no,visit_id,patient_id,hospital_no",True
JHEMR_VASTBASE,jhemr_vastbase_10_10_8_177,jhemr,mr_finished_index_callback,TABLE,病案管理-业务类-病历提交延期或上锁审核及申请表,18,"patient_id,visit_id,status,hospital_no,apply_typy",False
JHEMR_VASTBASE,jhemr_vastbase_10_10_8_177,jhemr,mr_on_line,TABLE,,15,"dept_code,visit_id,patient_id,hospital_no",True
JHEMR_VASTBASE,jhemr_vastbase_10_10_8_177,jhemr,mr_on_line_commit,TABLE,病案管理-业务类-保存病案提交是的病案在线状态用于召回病历使用,15,"dept_code,visit_id,patient_id,hospital_no",True
JHEMR_VASTBASE,jhemr_vastbase_10_10_8_177,jhemr,mr_templet_index,TABLE,模板维护-作废类-V5病例模板索引,44,"hospital_code,templet_id,hospital_no",False
JHEMR_VASTBASE,jhemr_vastbase_10_10_8_177,jhemr,mr_workday_set,TABLE,？,2,set_date,False
JHEMR_VASTBASE,jhemr_vastbase_10_10_8_177,jhemr,mt_medical_record_first_disease,VIEW,,17,,False
JHEMR_VASTBASE,jhemr_vastbase_10_10_8_177,jhemr,mt_medical_record_first_disease_d,VIEW,,17,,False
JHEMR_VASTBASE,jhemr_vastbase_10_10_8_177,jhemr,mt_medical_record_first_fee,VIEW,,47,,False
JHEMR_VASTBASE,jhemr_vastbase_10_10_8_177,jhemr,mt_medical_record_first_fee_d,VIEW,,47,,False
JHEMR_VASTBASE,jhemr_vastbase_10_10_8_177,jhemr,mt_medical_record_first_operation,VIEW,,26,,False
JHEMR_VASTBASE,jhemr_vastbase_10_10_8_177,jhemr,mt_medical_record_first_operation_d,VIEW,,26,,False
JHEMR_VASTBASE,jhemr_vastbase_10_10_8_177,jhemr,mt_medical_record_first_other,VIEW,,130,,False
JHEMR_VASTBASE,jhemr_vastbase_10_10_8_177,jhemr,mt_medical_record_first_other_d,VIEW,,130,,False
JHEMR_VASTBASE,jhemr_vastbase_10_10_8_177,jhemr,mt_medical_record_first_patient,VIEW,,83,,False
JHEMR_VASTBASE,jhemr_vastbase_10_10_8_177,jhemr,mt_medical_record_first_patient_d,VIEW,,86,,False
JHEMR_VASTBASE,jhemr_vastbase_10_10_8_177,jhemr,mt_patient_progress,VIEW,,23,,False
JHEMR_VASTBASE,jhemr_vastbase_10_10_8_177,jhemr,new_baby_record,TABLE,"上报卡管理-日志类-新生儿日志
",14,"record_date,dept_code,baby_weight",True
JHEMR_VASTBASE,jhemr_vastbase_10_10_8_177,jhemr,op_sj_521,TABLE,,5,,False
JHEMR_VASTBASE,jhemr_vastbase_10_10_8_177,jhemr,operation,TABLE,病案首页.诊断手术-业务类-患者手术信息,142,"patient_id,visit_id,operation_no,file_visit_type,display_no",True
JHEMR_VASTBASE,jhemr_vastbase_10_10_8_177,jhemr,operation_bf0513,TABLE,,138,,False
JHEMR_VASTBASE,jhemr_vastbase_10_10_8_177,jhemr,operation_contrast_dict,TABLE,手术对照表,5,"operation_code,operation_name",False
JHEMR_VASTBASE,jhemr_vastbase_10_10_8_177,jhemr,operation_dict,TABLE,,26,"operation_code,operation_name,hospital_no",True
JHEMR_VASTBASE,jhemr_vastbase_10_10_8_177,jhemr,operation_dict0411,TABLE,,23,,False
JHEMR_VASTBASE,jhemr_vastbase_10_10_8_177,jhemr,operation_dict_catalog,TABLE,？,16,"operation_code,operation_name",False
JHEMR_VASTBASE,jhemr_vastbase_10_10_8_177,jhemr,operation_dict_code,TABLE,,27,"operation_code,operation_name,hospital_no",False
JHEMR_VASTBASE,jhemr_vastbase_10_10_8_177,jhemr,operation_dict_code20260407,TABLE,,27,,False
JHEMR_VASTBASE,jhemr_vastbase_10_10_8_177,jhemr,operation_dict_lincha_yibao,TABLE,,6,"operation_code,operation_name",False
JHEMR_VASTBASE,jhemr_vastbase_10_10_8_177,jhemr,operation_dict_r,TABLE,,22,,False
JHEMR_VASTBASE,jhemr_vastbase_10_10_8_177,jhemr,operation_dict_xin,TABLE,,23,,False
JHEMR_VASTBASE,jhemr_vastbase_10_10_8_177,jhemr,pat_delivery,TABLE,患者信息-业务类产科妇科情况,47,"patient_id,visit_id,hospital_no",True
JHEMR_VASTBASE,jhemr_vastbase_10_10_8_177,jhemr,pat_diagnosis,TABLE,病历诊断-业务类-诊断录入诊断,51,"patient_id,visit_id,diagnosis_type,diagnosis_sub_no,diagnosis_no,diagnosis_type_name,hospital_no,diagnosis_flag",True
JHEMR_VASTBASE,jhemr_vastbase_10_10_8_177,jhemr,pat_diagnosis_action,TABLE,病历诊断-业务类-诊断调用第三方API接口方法表,7,"api_code,action_code",False
JHEMR_VASTBASE,jhemr_vastbase_10_10_8_177,jhemr,pat_diagnosis_action_result,TABLE,病历诊断-业务类-诊断调用第三方API接口方法返回结果表,7,"patient_id,visit_id,api_code,action_code,action_result_code,action_return_code",False
JHEMR_VASTBASE,jhemr_vastbase_10_10_8_177,jhemr,pat_diagnosis_action_return,TABLE,病历诊断-业务类-诊断调用第三方API接口方法返回字段信息表,9,"api_code,action_code,action_return_code",False
JHEMR_VASTBASE,jhemr_vastbase_10_10_8_177,jhemr,pat_diagnosis_api,TABLE,病历诊断-业务类-诊断调用第三方API信息主表,6,api_code,False
JHEMR_VASTBASE,jhemr_vastbase_10_10_8_177,jhemr,pat_diagnosis_log,TABLE,病历诊断-日志类-诊断录入诊断日志表,85,"pat_diagnosis_guid,operation_state",False
JHEMR_VASTBASE,jhemr_vastbase_10_10_8_177,jhemr,pat_diagnosis_message,TABLE,病历诊断-映射类-手术诊断-诊断对应提示表,3,diagnosis_code,True
JHEMR_VASTBASE,jhemr_vastbase_10_10_8_177,jhemr,pat_emr_first_page_cda,TABLE,病案首页-业务类-患者首页HTML信息表,5,"patient_id,visit_id,hospital_no,mr_code",False
JHEMR_VASTBASE,jhemr_vastbase_10_10_8_177,jhemr,pat_emr_first_page_html,TABLE,病案首页-业务类-患者首页HTML信息表,5,"patient_id,visit_id,hospital_no,mr_code",True
JHEMR_VASTBASE,jhemr_vastbase_10_10_8_177,jhemr,pat_instrument_use,TABLE,病案首页-业务类-住院期间器材使用情况表,14,"patient_id,visit_id,instrument_use_no,hospital_no",True
JHEMR_VASTBASE,jhemr_vastbase_10_10_8_177,jhemr,pat_master_index,TABLE,患者信息-业务类-患者基本信息,48,"patient_id,hospital_no",True
JHEMR_VASTBASE,jhemr_vastbase_10_10_8_177,jhemr,pat_neonatus_info,TABLE,患者信息-业务类-产科新生儿情况,48,"patient_id,visit_id",True
JHEMR_VASTBASE,jhemr_vastbase_10_10_8_177,jhemr,pat_pain_record,TABLE,疼痛病人检索表,8,"patient_id,visit_id,time_point,vital_sign",True
JHEMR_VASTBASE,jhemr_vastbase_10_10_8_177,jhemr,pat_physical_restraint,TABLE,病案首页-业务类-住院期间身体约束表,7,"patient_id,visit_id,restraint_no,hospital_no",True
JHEMR_VASTBASE,jhemr_vastbase_10_10_8_177,jhemr,pat_pressure_sore,TABLE,病案首页-业务类-患者压疮信息,19,"patient_id,visit_id,hospital_no,pressure_part,pressure_type",True
JHEMR_VASTBASE,jhemr_vastbase_10_10_8_177,jhemr,pat_tumour,TABLE,病案首页-业务类-肿瘤,37,"visit_id,patient_id,hospital_no",True
JHEMR_VASTBASE,jhemr_vastbase_10_10_8_177,jhemr,pat_tumour_detail,TABLE,病案首页-业务类-化疗,12,"detail_no,visit_id,patient_id,hospital_no",True
JHEMR_VASTBASE,jhemr_vastbase_10_10_8_177,jhemr,pat_viis_522,TABLE,,25,,False
JHEMR_VASTBASE,jhemr_vastbase_10_10_8_177,jhemr,pat_visit,TABLE,患者基本信息表,396,"visit_id,patient_id,hospital_no",True
JHEMR_VASTBASE,jhemr_vastbase_10_10_8_177,jhemr,pat_visit1,TABLE,病案首页-业务类-患者基本信息,639,"visit_id,patient_id,hospital_no",True
JHEMR_VASTBASE,jhemr_vastbase_10_10_8_177,jhemr,pat_visit_20250522,TABLE,患者基本信息表,396,"visit_id,patient_id,hospital_no",False
JHEMR_VASTBASE,jhemr_vastbase_10_10_8_177,jhemr,pat_visit_baby,TABLE,患者信息-业务类-婴儿信息表,29,"baby_no,visit_id,patient_id,hospital_no",True
JHEMR_VASTBASE,jhemr_vastbase_10_10_8_177,jhemr,pat_visit_dead,TABLE,死亡证明-业务类-死亡患者记录表,72,"patient_id,visit_id,create_times",True
JHEMR_VASTBASE,jhemr_vastbase_10_10_8_177,jhemr,pat_visit_dead_audit_info,TABLE,死亡证明-业务类-死亡患者审核、作废记录表,7,"patient_id,visit_id,certificate_no",False
JHEMR_VASTBASE,jhemr_vastbase_10_10_8_177,jhemr,pat_visit_dead_bak,TABLE,死亡证明-业务类-死亡患者记录备份表,72,"patient_id,visit_id,create_times",True
JHEMR_VASTBASE,jhemr_vastbase_10_10_8_177,jhemr,pat_visit_mental,TABLE,病案首页-业务类-首页精神治疗数据表,9,"patient_id,visit_id,mental_id,hospital_no",False
JHEMR_VASTBASE,jhemr_vastbase_10_10_8_177,jhemr,pat_visit_tcaoad,TABLE,病案首页-业务类-首页抗菌药物治疗表,11,"visit_id,patient_id,tcaoad_id,hospital_no",False
JHEMR_VASTBASE,jhemr_vastbase_10_10_8_177,jhemr,pat_visit_treat_fl,TABLE,病案首页-业务类-首页放射治疗数据表,11,"visit_id,patient_id,fl_id,hospital_no",False
JHEMR_VASTBASE,jhemr_vastbase_10_10_8_177,jhemr,pat_visit_treat_hl,TABLE,病案首页-业务类-首页化学药物治疗表,11,"visit_id,patient_id,hl_id,hospital_no",False
JHEMR_VASTBASE,jhemr_vastbase_10_10_8_177,jhemr,pats_in_hospital,TABLE,患者信息-业务类-在院患者表,30,"patient_id,hospital_no,visit_id",True
JHEMR_VASTBASE,jhemr_vastbase_10_10_8_177,jhemr,qulity_validate_vs_type,TABLE,病案首页-业务类-首页质控验证分类,4,"hospital_no,validate_id,info_id,plan_id",False
JHEMR_VASTBASE,jhemr_vastbase_10_10_8_177,jhemr,r_dept_level_dict,VIEW,,7,,False
JHEMR_VASTBASE,jhemr_vastbase_10_10_8_177,jhemr,recordfinished_oper_log,TABLE,病历完成状态记录表(嘉和归档系统使用),6,,False
JHEMR_VASTBASE,jhemr_vastbase_10_10_8_177,jhemr,sexual_character_dict,TABLE,质控管理-字典类-男女性特征,3,"sexual_name,sexual_character",True
JHEMR_VASTBASE,jhemr_vastbase_10_10_8_177,jhemr,spec_symbol_dict,TABLE,特殊符号字典,4,"symbol,dept_code",True
JHEMR_VASTBASE,jhemr_vastbase_10_10_8_177,jhemr,sys_export_full_01,TABLE,Data Pump Master Table EXPORT                         FULL                          ,95,,False
JHEMR_VASTBASE,jhemr_vastbase_10_10_8_177,jhemr,sys_export_tablespace_01,TABLE,Data Pump Master Table EXPORT                         TABLESPACE                    ,95,,False
JHEMR_VASTBASE,jhemr_vastbase_10_10_8_177,jhemr,tb_test,TABLE,,10,,False
JHEMR_VASTBASE,jhemr_vastbase_10_10_8_177,jhemr,temppatientidfileuniqueid,TABLE,,4,,False
JHEMR_VASTBASE,jhemr_vastbase_10_10_8_177,jhemr,tmp_fpq,TABLE,,3,,False
JHEMR_VASTBASE,jhemr_vastbase_10_10_8_177,jhemr,user_dept,TABLE,用户管理-映射类-用户关联科室,10,"user_dept,user_id,hospital_no",True
JHEMR_VASTBASE,jhemr_vastbase_10_10_8_177,jhemr,user_dept0317,TABLE,,10,,False
JHEMR_VASTBASE,jhemr_vastbase_10_10_8_177,jhemr,users,TABLE,用户管理-业务类-用户基本信息,54,"db_user,hospital_no",True
JHEMR_VASTBASE,jhemr_vastbase_10_10_8_177,jhemr,users_alter_group_log,TABLE,用户管理-日志类-用户信息修改记录,16,"user_id,log_sn,hospital_no",True
JHEMR_VASTBASE,jhemr_vastbase_10_10_8_177,jhemr,users_auths,TABLE,用户权限表_用户子表,8,id,False
JHEMR_VASTBASE,jhemr_vastbase_10_10_8_177,jhemr,users_ca,TABLE,用户管理.CA-用户CA信息表,15,"serial_no,hospital_no",True
JHEMR_VASTBASE,jhemr_vastbase_10_10_8_177,jhemr,users_ca_app,TABLE,用户管理.CA-业务类-用户CA_APP表,17,serial_no,False
JHEMR_VASTBASE,jhemr_vastbase_10_10_8_177,jhemr,users_ca_expand,TABLE,用户管理.CA-业务类-CA信息扩展表（用于存储从CA获取的其他users_ca表不存的信息）,12,serial_no,False
JHEMR_VASTBASE,jhemr_vastbase_10_10_8_177,jhemr,users_certificate,TABLE,用户管理-业务类-员工证书表,30,id,False
JHEMR_VASTBASE,jhemr_vastbase_10_10_8_177,jhemr,users_certificate_file,TABLE,用户管理-业务类-员工证书文件表,8,id,False
JHEMR_VASTBASE,jhemr_vastbase_10_10_8_177,jhemr,users_control_global,TABLE,用户全局配置,10,global_id,False
JHEMR_VASTBASE,jhemr_vastbase_10_10_8_177,jhemr,users_control_mode,TABLE,医生移动签名方式表,20,"user_id,hospital_no",False
JHEMR_VASTBASE,jhemr_vastbase_10_10_8_177,jhemr,users_control_mode_log,TABLE,管控操作日志表,15,"logid,last_modify_date",False
JHEMR_VASTBASE,jhemr_vastbase_10_10_8_177,jhemr,users_ip_manager,TABLE,用户源地址管理,14,"serial_no,user_id,hospital_no",False
JHEMR_VASTBASE,jhemr_vastbase_10_10_8_177,jhemr,users_pic,TABLE,用户管理.CA-用户签名图片,18,"user_id,hospital_no",True
JHEMR_VASTBASE,jhemr_vastbase_10_10_8_177,jhemr,users_pic_0526,TABLE,,18,,False
JHEMR_VASTBASE,jhemr_vastbase_10_10_8_177,jhemr,users_pic_modify_log,TABLE,用户管理-日志类-图片修改日志,7,"user_id,log_sn,hospital_no",True
JHEMR_VASTBASE,jhemr_vastbase_10_10_8_177,jhemr,users_sign_way,TABLE,用户管理.CA-医生移动签名方式表（20220617新的不再使用 ）,7,"user_id,hospital_no",False
JHEMR_VASTBASE,jhemr_vastbase_10_10_8_177,jhemr,users_sublogin,TABLE,签名方式子表,5,"user_id,hospital_no,login_way,file_visit_type",False
JHEMR_VASTBASE,jhemr_vastbase_10_10_8_177,jhemr,users_subsign,TABLE,签名方式子表,8,"user_id,sign_way,file_visit_type,hospital_no",False
JHEMR_VASTBASE,jhemr_vastbase_10_10_8_177,jhemr,v_HISshouye1,VIEW,,134,,False
JHEMR_VASTBASE,jhemr_vastbase_10_10_8_177,jhemr,v_admission_note,VIEW,,17,,False
JHEMR_VASTBASE,jhemr_vastbase_10_10_8_177,jhemr,v_birth_list,VIEW,,8,,False
JHEMR_VASTBASE,jhemr_vastbase_10_10_8_177,jhemr,v_blws,VIEW,,20,,False
JHEMR_VASTBASE,jhemr_vastbase_10_10_8_177,jhemr,v_cdaupload,VIEW,,13,,False
JHEMR_VASTBASE,jhemr_vastbase_10_10_8_177,jhemr,v_cdaupload1,VIEW,,13,,False
JHEMR_VASTBASE,jhemr_vastbase_10_10_8_177,jhemr,v_cdaupload2,VIEW,,12,,False
JHEMR_VASTBASE,jhemr_vastbase_10_10_8_177,jhemr,v_cdaupload_dhzd,VIEW,,13,,False
JHEMR_VASTBASE,jhemr_vastbase_10_10_8_177,jhemr,v_cdaupload_dhzd1,VIEW,,5,,False
JHEMR_VASTBASE,jhemr_vastbase_10_10_8_177,jhemr,v_cdaupload_sg,VIEW,,13,,False
JHEMR_VASTBASE,jhemr_vastbase_10_10_8_177,jhemr,v_cdaupload_sgsb,VIEW,,13,,False
JHEMR_VASTBASE,jhemr_vastbase_10_10_8_177,jhemr,v_cdauploadbc,VIEW,,13,,False
JHEMR_VASTBASE,jhemr_vastbase_10_10_8_177,jhemr,v_cdauploadqsjj,VIEW,,3,,False
JHEMR_VASTBASE,jhemr_vastbase_10_10_8_177,jhemr,v_cdss,VIEW,,10,,False
JHEMR_VASTBASE,jhemr_vastbase_10_10_8_177,jhemr,v_cdss_ba,VIEW,,10,,False
JHEMR_VASTBASE,jhemr_vastbase_10_10_8_177,jhemr,v_cdss_init,VIEW,,4,,False
JHEMR_VASTBASE,jhemr_vastbase_10_10_8_177,jhemr,v_chuyuanzhenduan,VIEW,,5,,False
JHEMR_VASTBASE,jhemr_vastbase_10_10_8_177,jhemr,v_convert_all,VIEW,,3,,False
JHEMR_VASTBASE,jhemr_vastbase_10_10_8_177,jhemr,v_convert_f,VIEW,,2,,False
JHEMR_VASTBASE,jhemr_vastbase_10_10_8_177,jhemr,v_convert_s,VIEW,,3,,False
JHEMR_VASTBASE,jhemr_vastbase_10_10_8_177,jhemr,v_diagnosis,VIEW,,9,,False
JHEMR_VASTBASE,jhemr_vastbase_10_10_8_177,jhemr,v_diagnosis_tohis,VIEW,,11,,False
JHEMR_VASTBASE,jhemr_vastbase_10_10_8_177,jhemr,v_discharge_summary,VIEW,,9,,False
JHEMR_VASTBASE,jhemr_vastbase_10_10_8_177,jhemr,v_first_medical_record,VIEW,,8,,False
JHEMR_VASTBASE,jhemr_vastbase_10_10_8_177,jhemr,v_first_postoperative_course_record,VIEW,,4,,False
JHEMR_VASTBASE,jhemr_vastbase_10_10_8_177,jhemr,v_hisicu,VIEW,,6,,False
JHEMR_VASTBASE,jhemr_vastbase_10_10_8_177,jhemr,v_hisshoushu,VIEW,,21,,False
JHEMR_VASTBASE,jhemr_vastbase_10_10_8_177,jhemr,v_hisshoushu1,VIEW,,18,,False
JHEMR_VASTBASE,jhemr_vastbase_10_10_8_177,jhemr,v_hisshouye,VIEW,,67,,False
JHEMR_VASTBASE,jhemr_vastbase_10_10_8_177,jhemr,v_hisshouye1,VIEW,,134,,False
JHEMR_VASTBASE,jhemr_vastbase_10_10_8_177,jhemr,v_hiszhenduan,VIEW,,14,,False
JHEMR_VASTBASE,jhemr_vastbase_10_10_8_177,jhemr,v_hiszhenduan1,VIEW,,15,,False
JHEMR_VASTBASE,jhemr_vastbase_10_10_8_177,jhemr,v_hlht,VIEW,,5,,False
JHEMR_VASTBASE,jhemr_vastbase_10_10_8_177,jhemr,v_inp_visit_base,VIEW,,18,,False
JHEMR_VASTBASE,jhemr_vastbase_10_10_8_177,jhemr,v_inp_visit_base_opt_bak,VIEW,,18,,False
JHEMR_VASTBASE,jhemr_vastbase_10_10_8_177,jhemr,v_jhicu_evalution_last_score,VIEW,,7,,False
JHEMR_VASTBASE,jhemr_vastbase_10_10_8_177,jhemr,v_jhicu_evalution_score_his,VIEW,,13,,False
JHEMR_VASTBASE,jhemr_vastbase_10_10_8_177,jhemr,v_jhmr_file_index,VIEW,,53,,False
JHEMR_VASTBASE,jhemr_vastbase_10_10_8_177,jhemr,v_jhnis_bp_today,VIEW,,5,,False
JHEMR_VASTBASE,jhemr_vastbase_10_10_8_177,jhemr,v_jhnis_catheter_remind,VIEW,,8,,False
JHEMR_VASTBASE,jhemr_vastbase_10_10_8_177,jhemr,v_jhnis_defecate_today,VIEW,,5,,False
JHEMR_VASTBASE,jhemr_vastbase_10_10_8_177,jhemr,v_jhnis_firstdayofweek_patient,VIEW,,7,,False
JHEMR_VASTBASE,jhemr_vastbase_10_10_8_177,jhemr,v_jhnis_high_fever_pats,VIEW,,20,,False
JHEMR_VASTBASE,jhemr_vastbase_10_10_8_177,jhemr,v_jhnis_high_temp_pats,VIEW,,6,,False
JHEMR_VASTBASE,jhemr_vastbase_10_10_8_177,jhemr,v_jhnis_newadm_pats,VIEW,,4,,False
JHEMR_VASTBASE,jhemr_vastbase_10_10_8_177,jhemr,v_jhnis_pain_pats,VIEW,,7,,False
JHEMR_VASTBASE,jhemr_vastbase_10_10_8_177,jhemr,v_jhnis_temp_new_temp,VIEW,,6,,False
JHEMR_VASTBASE,jhemr_vastbase_10_10_8_177,jhemr,v_jhnis_temp_vs_nurssing,VIEW,,8,,False
JHEMR_VASTBASE,jhemr_vastbase_10_10_8_177,jhemr,v_jhnis_using_catheter_data,VIEW,,5,,False
JHEMR_VASTBASE,jhemr_vastbase_10_10_8_177,jhemr,v_jhnis_vital_signs,VIEW,,20,,False
JHEMR_VASTBASE,jhemr_vastbase_10_10_8_177,jhemr,v_jhnis_weight_today,VIEW,,9,,False
JHEMR_VASTBASE,jhemr_vastbase_10_10_8_177,jhemr,v_jhsd_diagnosis,VIEW,,5,,False
JHEMR_VASTBASE,jhemr_vastbase_10_10_8_177,jhemr,v_jhsd_first_page_costs,VIEW,,33,,False
JHEMR_VASTBASE,jhemr_vastbase_10_10_8_177,jhemr,v_jhsd_operation,VIEW,,9,,False
JHEMR_VASTBASE,jhemr_vastbase_10_10_8_177,jhemr,v_jhsd_pat_visit,VIEW,,18,,False
JHEMR_VASTBASE,jhemr_vastbase_10_10_8_177,jhemr,v_jinchuangbl,VIEW,,14,,False
JHEMR_VASTBASE,jhemr_vastbase_10_10_8_177,jhemr,v_mrcatalog_delay_sign,VIEW,,11,,False
JHEMR_VASTBASE,jhemr_vastbase_10_10_8_177,jhemr,v_mrcatalog_no_sign,VIEW,,11,,False
JHEMR_VASTBASE,jhemr_vastbase_10_10_8_177,jhemr,v_operation_dict,VIEW,,11,,False
JHEMR_VASTBASE,jhemr_vastbase_10_10_8_177,jhemr,v_operative_note,VIEW,,8,,False
JHEMR_VASTBASE,jhemr_vastbase_10_10_8_177,jhemr,v_patcardlist,VIEW,,24,,False
JHEMR_VASTBASE,jhemr_vastbase_10_10_8_177,jhemr,v_pats_in_hospital,VIEW,,27,,False
JHEMR_VASTBASE,jhemr_vastbase_10_10_8_177,jhemr,v_preoperative_summary,VIEW,,9,,False
JHEMR_VASTBASE,jhemr_vastbase_10_10_8_177,jhemr,v_progress_note,VIEW,,4,,False
JHEMR_VASTBASE,jhemr_vastbase_10_10_8_177,jhemr,v_superior_rounds,VIEW,,4,,False
JHEMR_VASTBASE,jhemr_vastbase_10_10_8_177,jhemr,v_sxzqtys,VIEW,,10,,False
JHEMR_VASTBASE,jhemr_vastbase_10_10_8_177,jhemr,v_病案_病案状态查询,VIEW,,11,,False
JHEMR_VASTBASE,jhemr_vastbase_10_10_8_177,jhemr,validate_area_dept,TABLE,首页质控-映射类-首页质控验证类型与科室角色位置对照表（验证方案）,6,"hospital_no,plan_id",False
JHEMR_VASTBASE,jhemr_vastbase_10_10_8_177,jhemr,validate_info_type_dict,TABLE,首页质控-,6,"info_id,hospital_no",False
JHEMR_VASTBASE,jhemr_vastbase_10_10_8_177,jhemr,validate_log,TABLE,首页质控验证日志,11,,False
JHEMR_VASTBASE,jhemr_vastbase_10_10_8_177,jhemr,validate_type_dict,TABLE,首页质控-字典类-首页质控验证信息类型字典,6,"validate_type_code,hospital_no",False
JHEMR_VASTBASE,jhemr_vastbase_10_10_8_177,jhemr,valuechangelog,TABLE,病案首页-日志类-记录首页控件值变化的日志表,9,"changetime,patient_id,visit_id",False
JHEMR_VASTBASE,jhemr_vastbase_10_10_8_177,jhemr,view_ckbl,VIEW,,8,,False
JHEMR_VASTBASE,jhemr_vastbase_10_10_8_177,jhemr,view_jhnis_inpat_vital_signs,VIEW,,20,,False
JHEMR_VASTBASE,jhemr_vastbase_10_10_8_177,jhemr,view_operation_desc,VIEW,,5,,False
JHEMR_VASTBASE,jhemr_vastbase_10_10_8_177,jhemr,view_zdhc,VIEW,,10,,False
JHEMR_VASTBASE,jhemr_vastbase_10_10_8_177,jhemr,vital_birth_rec,TABLE,临床护理-业务类-产程图记录表,13,"patient_id,visit_id,recording_date,time_point,vital_signs,hospital_no",True
JHEMR_VASTBASE,jhemr_vastbase_10_10_8_177,jhemr,vital_nis_to_emr,VIEW,,16,,False
JHEMR_VASTBASE,jhemr_vastbase_10_10_8_177,jhemr,vital_signs_config,TABLE,临床护理-业务类-体征断线配置表,8,"signs_show,signs_no_show,signs_value_condition,signs_condition,signs_no_condition,hospital_no",True
JHEMR_VASTBASE,jhemr_vastbase_10_10_8_177,jhemr,vital_signs_dict,TABLE,临床护理-字典类-体温单体征项目字典,23,"vital_signs,vital_signs_no,hospital_no",True
JHEMR_VASTBASE,jhemr_vastbase_10_10_8_177,jhemr,vital_signs_modify_log,TABLE,临床护理-日志雷-体温单修改日志表,13,"patient_id,visit_id,time_point,vital_signs,modify_date_time,modify_type,hospital_no",False
JHEMR_VASTBASE,jhemr_vastbase_10_10_8_177,jhemr,vital_signs_print_log,TABLE,临床护理-日志类-体温单打印日志表,9,"patient_id,visit_id,page_no,hospital_no",True
JHEMR_VASTBASE,jhemr_vastbase_10_10_8_177,jhemr,vital_signs_rec,TABLE,临床护理-业务类-体温单记录表,16,"patient_id,visit_id,recording_date,time_point,vital_signs,hospital_no,baby_no",True
JHEMR_VASTBASE,jhemr_vastbase_10_10_8_177,jhemr,win_templet_group,TABLE,临床护理-,4,"page_no,project_id,data_type",False
JHEMR_VASTBASE,jhemr_vastbase_10_10_8_177,jhemr,xtoemrlog,TABLE,,10,"event_id,hospital_no",True
JHEMR_VASTBASE,jhemr_vastbase_10_10_8_177,jhemr,yb_charge_info,TABLE,医疗收费信息,7,,False
JHEMR_VASTBASE,jhemr_vastbase_10_10_8_177,jhemr,yb_diagnosis_dict,TABLE,医保诊断字典,13,,False
JHEMR_VASTBASE,jhemr_vastbase_10_10_8_177,jhemr,yb_hos_info,TABLE,填报机构信息,2,,False
JHEMR_VASTBASE,jhemr_vastbase_10_10_8_177,jhemr,yb_operation_dict,TABLE,医保手术字典,4,,False
JHEMR_VASTBASE,jhemr_vastbase_10_10_8_177,jhemr,yb_users_dict,TABLE,医保医生信息,4,,False
JHEMR_VASTBASE,jhemr_vastbase_10_10_8_177,jhemr,手术编码映射表,TABLE,,12,,False
JHEMR_VASTBASE,jhemr_vastbase_10_10_8_177,jhemr,疾病编码映射表,TABLE,,13,主键id,False
JHEMR_VASTBASE,jhemr_vastbase_10_10_8_177,jhemr,疾病编码映射表1,TABLE,,12,,False
JHEMR_VASTBASE,jhemr_vastbase_10_10_8_177,jhfile,jhcdr_ehr_data_element,TABLE,病历内容打散保存-业务类-健康档案按数据元打散的数据,13,"hospital_no,patient_id,visit_id,dg_code,dg_sub_no,de_code,de_sub_no",True
JHEMR_VASTBASE,jhemr_vastbase_10_10_8_177,jhfile,jhcdr_emr_data_element,TABLE,病历内容打散保存-业务类-电子病历临床文档按数据元打散的记录,13,"file_unique_id,element_index",True
JHEMR_VASTBASE,jhemr_vastbase_10_10_8_177,jhfile,jhmr_file_content,TABLE,病历内容表-业务类-病历内容,2,file_unique_id,True
JHEMR_VASTBASE,jhemr_vastbase_10_10_8_177,jhfile,jhmr_file_content_cda,TABLE,病历内容表-业务类-病历CDA内容,2,file_unique_id,True
JHEMR_VASTBASE,jhemr_vastbase_10_10_8_177,jhfile,jhmr_file_content_dg,TABLE,病历内容表-业务类-文档中节点内容存放表,10,"file_unique_id,dg_code",True
JHEMR_VASTBASE,jhemr_vastbase_10_10_8_177,jhfile,jhmr_file_content_dg_format,TABLE,文档数据组元素格式化存储,11,"file_unique_id,dg_code",False
JHEMR_VASTBASE,jhemr_vastbase_10_10_8_177,jhfile,jhmr_file_content_htm,TABLE,病历内容表-业务类-病历HTML内容,2,file_unique_id,True
JHEMR_VASTBASE,jhemr_vastbase_10_10_8_177,jhfile,jhmr_file_content_img_pdf,TABLE,存储首页与文书BLOB,3,,False
JHEMR_VASTBASE,jhemr_vastbase_10_10_8_177,jhfile,jhmr_file_content_log,TABLE,病历内容表-业务类-病历内容日志,4,"log_date_time,file_unique_id",True
JHEMR_VASTBASE,jhemr_vastbase_10_10_8_177,jhfile,jhmr_file_content_text,TABLE,病历内容表-业务类-病历文本内容,2,file_unique_id,True
JHEMR_VASTBASE,jhemr_vastbase_10_10_8_177,jhnis,jhcdr_lab_report_sampling,TABLE,移动护理-作废类张海龙2022-9-5作废不再维护  检验样品采样表 ,15,"patient_id,visit_id,lab_apply_no,hospital_no",False
JHEMR_VASTBASE,jhemr_vastbase_10_10_8_177,jhnis,jhdb_allergy_dictionary,TABLE,患者总览-字典类-过敏史字典,5,,False
JHEMR_VASTBASE,jhemr_vastbase_10_10_8_177,jhnis,jhicu_dict_evaluation_score,TABLE,护理评估-字典类-评估评分字典,34,evaluation_score_id,False
JHEMR_VASTBASE,jhemr_vastbase_10_10_8_177,jhnis,jhicu_es_vs_class,TABLE,护理评估-映射类-评分评估对应编辑控件,8,"evaluation_score_id,hospital_no",False
JHEMR_VASTBASE,jhemr_vastbase_10_10_8_177,jhnis,jhicu_evalution_score_history,TABLE,护理评估-业务类-评估评分历史,32,evaluation_score_history_id,False
JHEMR_VASTBASE,jhemr_vastbase_10_10_8_177,jhnis,jhicu_log_operation,TABLE,护理评估-日志类-系统操作日志,6,log_id,False
JHEMR_VASTBASE,jhemr_vastbase_10_10_8_177,jhnis,jhicu_write_vs_print,TABLE,护理评估-映射类-录入模板与打印模板对照,4,,False
JHEMR_VASTBASE,jhemr_vastbase_10_10_8_177,jhnis,jhmht_eva_modules,TABLE,护理评估-业务类-移动端护理评估模板表,15,"mod_title,hospital_no",False
JHEMR_VASTBASE,jhemr_vastbase_10_10_8_177,jhnis,jhnis_administration_relation,TABLE,移动护理-医嘱执行模块-字典类-移动护理用药途径字典表，用于医嘱拆分及医嘱查询,6,"ja_code,ja_type,ja_administration,hospital_no",False
JHEMR_VASTBASE,jhemr_vastbase_10_10_8_177,jhnis,jhnis_adverse_event_evaluation,TABLE,不良事件上报-业务类-不良事件审核整改评价表,10,"rec_main_id,display_order,evaluation_date",False
JHEMR_VASTBASE,jhemr_vastbase_10_10_8_177,jhnis,jhnis_adverse_event_index,TABLE,不良事件上报-业务类-不良事件上报主记录表,78,rec_main_id,False
JHEMR_VASTBASE,jhemr_vastbase_10_10_8_177,jhnis,jhnis_adverse_event_statistics,TABLE,不良事件上报-配置类-不良事件数据元统计配置表,8,"template_id,de_code,hospital_no",False
JHEMR_VASTBASE,jhemr_vastbase_10_10_8_177,jhnis,jhnis_adverse_event_vs_dept,TABLE,不良事件上报-映射类-护理不良事件模板科室对照表,13,"dept_code,hospital_no,event_name",False
JHEMR_VASTBASE,jhemr_vastbase_10_10_8_177,jhnis,jhnis_blood_manage_detail,TABLE,输血记录-业务表-输血记录管理明细表,30,"patient_id,visit_id,hospital_no,apply_no,ingredients_code,donation_code",False
JHEMR_VASTBASE,jhemr_vastbase_10_10_8_177,jhnis,jhnis_blood_manage_index,TABLE,输血记录-业务类-输血记录管理主表,26,"patient_id,visit_id,hospital_no,apply_no",False
JHEMR_VASTBASE,jhemr_vastbase_10_10_8_177,jhnis,jhnis_blood_manage_round,TABLE,输血记录-业务类-输血巡视表,15,"patient_id,visit_id,hospital_no,apply_no,ingredients_code,donation_code,round_user_time",False
JHEMR_VASTBASE,jhemr_vastbase_10_10_8_177,jhnis,jhnis_business_rule_content,TABLE,护理总览监控配置-配置类-规则触发护理项目配置,12,"hospital_no,ward_code,serial_no,care_item_code,rule_code",False
JHEMR_VASTBASE,jhemr_vastbase_10_10_8_177,jhnis,jhnis_business_rule_define,TABLE,护理总览监控配置-配置类-规则定义,18,"hospital_no,ward_code,rule_code,serial_no",False
JHEMR_VASTBASE,jhemr_vastbase_10_10_8_177,jhnis,jhnis_business_rule_dict,TABLE,护理总览监控配置-字典类-临床护理规则字典,7,"hospital_no,rule_code",False
JHEMR_VASTBASE,jhemr_vastbase_10_10_8_177,jhnis,jhnis_ca_data_rec,TABLE,临床护理 CA数据表（新）,17,"serial_no,hospital_no",False
JHEMR_VASTBASE,jhemr_vastbase_10_10_8_177,jhnis,jhnis_care_item_category_dict,TABLE,体征录入-字典类-护理项目分类字典,10,"category_id,hospital_no,ward_code,template_type",False
JHEMR_VASTBASE,jhemr_vastbase_10_10_8_177,jhnis,jhnis_care_items_config,TABLE,体征录入-配置类-护理项目配置,13,"care_item_code,hospital_no",False
JHEMR_VASTBASE,jhemr_vastbase_10_10_8_177,jhnis,jhnis_care_items_vs_dept,TABLE,体征录入-配置类-项目明细对应的项目类别和医院科室,9,"care_item_code,category_id,hospital_no,ward_code,template_type",False
JHEMR_VASTBASE,jhemr_vastbase_10_10_8_177,jhnis,jhnis_care_main,TABLE,"体征录入-业务类-护理主信息
同步患者数据的时候生成唯一护理索引,存入此表",17,care_main_index,False
JHEMR_VASTBASE,jhemr_vastbase_10_10_8_177,jhnis,jhnis_cdadoc_cv_compare,TABLE,互联互通CDA文档生成工具-配置类-CDA文档值域配置表,6,,False
JHEMR_VASTBASE,jhemr_vastbase_10_10_8_177,jhnis,jhnis_cdadoc_de_compare,TABLE,互联互通CDA文档生成工具-映射类-CDA文档数据源对照表,12,"doc_id,de_code,hospital_no,node_path",False
JHEMR_VASTBASE,jhemr_vastbase_10_10_8_177,jhnis,jhnis_cdadoc_type,TABLE,互联互通CDA文档生成工具-字典类-CDA文档类型表,7,"doc_id,doc_type",False
JHEMR_VASTBASE,jhemr_vastbase_10_10_8_177,jhnis,jhnis_comm_data_config,TABLE,通用业务-配置类-通用数据业务配置表,29,b_id,False
JHEMR_VASTBASE,jhemr_vastbase_10_10_8_177,jhnis,jhnis_comm_data_detail,TABLE,通用业务-业务类-护理模板详情数据表,13,case_id,False
JHEMR_VASTBASE,jhemr_vastbase_10_10_8_177,jhnis,jhnis_comm_data_elem,TABLE,通用业务-配置类-通用数据业务显示列配置表,22,"b_id,c_id",False
JHEMR_VASTBASE,jhemr_vastbase_10_10_8_177,jhnis,jhnis_comm_data_index,TABLE,通用业务-业务类-护理通用数据主记录表,29,rec_main_id,False
JHEMR_VASTBASE,jhemr_vastbase_10_10_8_177,jhnis,jhnis_custom_columns,TABLE,护理总览-配置类-左侧列表模块自定义列表顺序,10,"app_module,column_fieldname,hospital_no,ward_code",False
JHEMR_VASTBASE,jhemr_vastbase_10_10_8_177,jhnis,jhnis_custom_dict_detail,TABLE,护理总览-字典类-左侧患者类别自定义列的字典明细,9,"dict_code,hospital_no,ward_code,de_code",False
JHEMR_VASTBASE,jhemr_vastbase_10_10_8_177,jhnis,jhnis_data_sync_log,TABLE,第三方数据-日志类-移动护理数据同步日志表(已过时）,7,"task_name,sync_start_time,hosptial_no",False
JHEMR_VASTBASE,jhemr_vastbase_10_10_8_177,jhnis,jhnis_data_trasfer_command,TABLE,第三方数据-配置类-第三方数据接口命令配置表,8,"commandid,hospital_no",False
JHEMR_VASTBASE,jhemr_vastbase_10_10_8_177,jhnis,jhnis_data_trasfer_param,TABLE,第三方数据-配置类-第三方数据传输参数表,6,"commandid,hospital_no,param_id",False
JHEMR_VASTBASE,jhemr_vastbase_10_10_8_177,jhnis,jhnis_data_trasfer_provider,TABLE,第三方数据-配置类-第三方数据接口供应器配置表,6,"providerid,hospital_no",False
JHEMR_VASTBASE,jhemr_vastbase_10_10_8_177,jhnis,jhnis_de_template_detail,TABLE,护理评估-业务类-护理模板详情数据表,11,case_id,False
JHEMR_VASTBASE,jhemr_vastbase_10_10_8_177,jhnis,jhnis_dict_detail,TABLE,通用配置-字典类-字典明细表,10,"class_code,dict_code,hospital_no",False
JHEMR_VASTBASE,jhemr_vastbase_10_10_8_177,jhnis,jhnis_dict_master,TABLE,通用配置-业务类-护理字典索引表,7,"class_code,hospital_no",False
JHEMR_VASTBASE,jhemr_vastbase_10_10_8_177,jhnis,jhnis_doc_file_rec,TABLE,护理总览-业务类-护理文档文件记录表（护理总览左侧菜单）,29,"patient_id,visit_id,baby_no,hospital_no,doc_type,doc_id,page_num",False
JHEMR_VASTBASE,jhemr_vastbase_10_10_8_177,jhnis,jhnis_doc_menu,TABLE,护理总览-业务类-护理菜单表（护理总览右侧上方菜单）,9,"menu_code,ward_code,hospital_no",False
JHEMR_VASTBASE,jhemr_vastbase_10_10_8_177,jhnis,jhnis_doc_patient_flag,TABLE,护理总览-业务类-护理单据患者标记表,8,"patient_id,visit_id,baby_no,doc_type,doc_id",False
JHEMR_VASTBASE,jhemr_vastbase_10_10_8_177,jhnis,jhnis_document_record_relation,TABLE,护理总览-业务类-护理文书记录关联表,10,"de_code,temp_id,relation__id",False
JHEMR_VASTBASE,jhemr_vastbase_10_10_8_177,jhnis,jhnis_emr_template_column,TABLE,护理打印-业务类-列配置,11,"module_print_code,module_code,mr_code,print_table_name,flied_name,hospital_no",False
JHEMR_VASTBASE,jhemr_vastbase_10_10_8_177,jhnis,jhnis_emr_template_column_dict,TABLE,护理打印-字典类-模块打印列字典表,7,"module_code,module_print_code,mr_code,flied_name",False
JHEMR_VASTBASE,jhemr_vastbase_10_10_8_177,jhnis,jhnis_emr_template_config,TABLE,护理打印-配置类-打印模板配置表,21,"module_print_code,module_code,hospital_no",False
JHEMR_VASTBASE,jhemr_vastbase_10_10_8_177,jhnis,jhnis_emr_template_param,TABLE,护理打印-配置类-参数表,11,"module_print_code,module_code,mr_code,param_code,hospital_no",False
JHEMR_VASTBASE,jhemr_vastbase_10_10_8_177,jhnis,jhnis_evaluation_allergy,TABLE,护理评估-业务类-评估单回写过敏药物记录表,11,,False
JHEMR_VASTBASE,jhemr_vastbase_10_10_8_177,jhnis,jhnis_evaluation_ca_info,TABLE,护理评估-业务类-护理评估CA签名数据表,13,"evaluation_score_history_id,record_id",False
JHEMR_VASTBASE,jhemr_vastbase_10_10_8_177,jhnis,jhnis_evaluation_risk_config,TABLE,护理评估-配置类-护理评估单风险等级配置表,8,"eva_id,level_code",False
JHEMR_VASTBASE,jhemr_vastbase_10_10_8_177,jhnis,jhnis_evaluation_vs_dept,TABLE,护理评估-映射类-护理评估单对应科室表,5,"evaluation_score_id,dept_code,hospital_no",False
JHEMR_VASTBASE,jhemr_vastbase_10_10_8_177,jhnis,jhnis_evaluation_writeback,TABLE,护理评估-业务类-评估写回护理记录和体温单的配置,8,"evaluation_score_id,de_code,item_type",False
JHEMR_VASTBASE,jhemr_vastbase_10_10_8_177,jhnis,jhnis_execute_order_round,TABLE,巡视记录-业务类-医嘱执行巡视记录,17,"patient_id,visit_id,order_no,hospital_no,round_date",False
JHEMR_VASTBASE,jhemr_vastbase_10_10_8_177,jhnis,jhnis_file_open_log,TABLE,护理记录访问日志,16,id,False
JHEMR_VASTBASE,jhemr_vastbase_10_10_8_177,jhnis,jhnis_follow_up_visit,TABLE,随访记录-业务类-随访记录数据表,26,"patient_id,visit_id,plan_fu_date_time,hospital_no",False
JHEMR_VASTBASE,jhemr_vastbase_10_10_8_177,jhnis,jhnis_frequency_dict,TABLE,移动护理-医嘱执行模块--字典类-频次字典,7,frequency_code,False
JHEMR_VASTBASE,jhemr_vastbase_10_10_8_177,jhnis,jhnis_frequency_dict_po,TABLE,移动护理-医嘱执行模块-字典类-口服药频次表,6,"item_code,item_time,item_type",False
JHEMR_VASTBASE,jhemr_vastbase_10_10_8_177,jhnis,jhnis_health_edu_elem,TABLE,健康宣教-业务类-健康宣教记录子表,12,"record_unique_id,illness_id,item_id,hospital_no,state",False
JHEMR_VASTBASE,jhemr_vastbase_10_10_8_177,jhnis,jhnis_health_edu_illness_dict,TABLE,健康宣教-字典类-健康宣教病症字典,12,"hospital_no,ward_code,illness_id",False
JHEMR_VASTBASE,jhemr_vastbase_10_10_8_177,jhnis,jhnis_health_edu_index,TABLE,健康宣教-业务类-健康宣教记录表,32,"hospital_no,patient_id,visit_id,record_unique_id",False
JHEMR_VASTBASE,jhemr_vastbase_10_10_8_177,jhnis,jhnis_health_edu_item_dict,TABLE,健康宣教-字典类-健康宣教项目字典,13,"hospital_no,illness_id,item_id",False
JHEMR_VASTBASE,jhemr_vastbase_10_10_8_177,jhnis,jhnis_health_edu_type,TABLE,健康宣教-字典类-健康宣教系统分类表,7,"type_code,hospital_no",False
JHEMR_VASTBASE,jhemr_vastbase_10_10_8_177,jhnis,jhnis_holiday_detail,TABLE,通用配置-配置类-节假日管理明细表,9,id,False
JHEMR_VASTBASE,jhemr_vastbase_10_10_8_177,jhnis,jhnis_holiday_manage,TABLE,通用配置-配置类-节假日管理主表,7,id,False
JHEMR_VASTBASE,jhemr_vastbase_10_10_8_177,jhnis,jhnis_inpat_nursing_plan,TABLE,护理计划-业务类-护理计划数据表,49,"patient_id,visit_id,baby_no,hospital_no,plan_date_time,nursing_plan_id",False
JHEMR_VASTBASE,jhemr_vastbase_10_10_8_177,jhnis,jhnis_inpat_vital_signs,TABLE,体征录入-业务类-体温单患者护理项目数据表（含新生儿）,20,record_unique_id,False
JHEMR_VASTBASE,jhemr_vastbase_10_10_8_177,jhnis,jhnis_insulin_print,TABLE,胰岛素有效期登记模块-业务类-胰岛素有效期登记表,14,"patient_id,visit_id,printime,order_no,hospital_no",False
JHEMR_VASTBASE,jhemr_vastbase_10_10_8_177,jhnis,jhnis_item_vs_ward,TABLE,护理计划-映射类-护理计划和健康宣教关联病区的表,8,"item_id,item_type,ward_code,hospital_no",False
JHEMR_VASTBASE,jhemr_vastbase_10_10_8_177,jhnis,jhnis_lab_report_bar_code,TABLE,移动护理-医嘱执行模块-业务类-检验条码表,23,"patient_id,visit_id,hospital_no,lab_apply_no,bar_code",False
JHEMR_VASTBASE,jhemr_vastbase_10_10_8_177,jhnis,jhnis_level_order,TABLE,护理管理-作废类-张海龙作废不再维护 2022-9-1,33,"rec_main_id,hospital_no",False
JHEMR_VASTBASE,jhemr_vastbase_10_10_8_177,jhnis,jhnis_mews_config,TABLE,MEWS-配置类-MEWS病情早期预警评分配置表,25,"dept_code,hospital_no,elem_code",False
JHEMR_VASTBASE,jhemr_vastbase_10_10_8_177,jhnis,jhnis_mews_detail,TABLE,MEWS-业务类-MEWS病情早期预警评分明细表,11,"patient_id,visit_id,file_no,elem_code,hospital_no",False
JHEMR_VASTBASE,jhemr_vastbase_10_10_8_177,jhnis,jhnis_mews_index,TABLE,MEWS-业务类-MEWS病情早期预警评分主表,20,"patient_id,visit_id,file_no,hospital_no",False
JHEMR_VASTBASE,jhemr_vastbase_10_10_8_177,jhnis,jhnis_mews_pat_master,TABLE,MEWS-业务类-MEWS病情早期预警评分最新状态表,9,"patient_id,visit_id,hospital_no",False
JHEMR_VASTBASE,jhemr_vastbase_10_10_8_177,jhnis,jhnis_nurse_board_items,TABLE,护士长智慧大屏幕-业务类-护士长白板系统项目表,13,"dept_code,item_code,hospital_no",False
JHEMR_VASTBASE,jhemr_vastbase_10_10_8_177,jhnis,jhnis_nurse_board_record,TABLE,护士长智慧大屏幕-业务类-护士白板数据记录表,10,"dept_code,item_code,record_date,hospital_no",False
JHEMR_VASTBASE,jhemr_vastbase_10_10_8_177,jhnis,jhnis_nurse_doc_remind,TABLE,智慧提醒-配置类-护理单据提醒配置表,18,"r_id,hospital_no,ward_code",False
JHEMR_VASTBASE,jhemr_vastbase_10_10_8_177,jhnis,jhnis_nurse_eva_measure,TABLE,护理评估-映射类-护理评估风险等级对应的护理措施,11,"evaluation_score_id,nurse_measure_id,hospital_no,risk_level_name",False
JHEMR_VASTBASE,jhemr_vastbase_10_10_8_177,jhnis,jhnis_nurse_goal_manage,TABLE,目标管理-业务类-护理单元目标管理,28,"file_no,hospital_no",False
JHEMR_VASTBASE,jhemr_vastbase_10_10_8_177,jhnis,jhnis_nurse_inout_item,TABLE,护理记录-配置类-护理记录的出入量项目配置表,14,"mr_code_print,hospital_no,elem_name",False
JHEMR_VASTBASE,jhemr_vastbase_10_10_8_177,jhnis,jhnis_nurse_patients,TABLE,护士长智慧大屏幕-业务类-护士我的关注病人,7,"user_id,dept_code,patient_id",False
JHEMR_VASTBASE,jhemr_vastbase_10_10_8_177,jhnis,jhnis_nurse_rec_define,TABLE,护理记录-配置类-护理记录录入界面配置表,24,"mr_code,elem_no,hospital_no",False
JHEMR_VASTBASE,jhemr_vastbase_10_10_8_177,jhnis,jhnis_nurse_rec_define_master,TABLE,护理记录-配置类-护理记录模板配置表,5,"mr_code,hospital_no",False
JHEMR_VASTBASE,jhemr_vastbase_10_10_8_177,jhnis,jhnis_nurse_shift,TABLE,交接班-业务类-交接班信息表,22,"patient_id,visit_id,hospital_no,ward_code,shift_class,pat_status,caption_date_time,state",False
JHEMR_VASTBASE,jhemr_vastbase_10_10_8_177,jhnis,jhnis_nurse_shift_details,TABLE,交接班-配置类-交接班自定义列表,8,"patient_id,visit_id,row_id,column_code,hospital_no",False
JHEMR_VASTBASE,jhemr_vastbase_10_10_8_177,jhnis,jhnis_nurse_shift_risk_index,TABLE,交接班-业务类-交接班风险信息自定义项目维护记录表,7,"dict_code,opera_type,opera_time",False
JHEMR_VASTBASE,jhemr_vastbase_10_10_8_177,jhnis,jhnis_nurse_template_dept,TABLE,护理记录-映射类-新版护理记录科室模板对照,5,"ward_code,mr_code,hospital_no",False
JHEMR_VASTBASE,jhemr_vastbase_10_10_8_177,jhnis,jhnis_nurse_transfer,TABLE,护士轮转-业务类-护士转科信息管理记录表,18,"round_id,in_dept_code",False
JHEMR_VASTBASE,jhemr_vastbase_10_10_8_177,jhnis,jhnis_nursing_group,TABLE,护理总览-字典类-护理组定义表,11,"hospital_no,ward_code,group_no",False
JHEMR_VASTBASE,jhemr_vastbase_10_10_8_177,jhnis,jhnis_nursing_group_vs_bed,TABLE,护理总览-映射类-护理组与床位对照,7,"hospital_no,ward_code,group_no,bed_label",False
JHEMR_VASTBASE,jhemr_vastbase_10_10_8_177,jhnis,jhnis_nursing_plan_detail,TABLE,护理计划-业务类-护理计划明细（作废）,6,,False
JHEMR_VASTBASE,jhemr_vastbase_10_10_8_177,jhnis,jhnis_nursing_plan_dict,TABLE,护理计划-字典类-护理计划字典,19,"nursing_plan_id,hospital_no,plan_ill_id,nursing_plan_sub_id",False
JHEMR_VASTBASE,jhemr_vastbase_10_10_8_177,jhnis,jhnis_nursing_plan_illness,TABLE,护理计划-字典类-护理计划疾病字典,11,"plan_ill_id,hospital_no",False
JHEMR_VASTBASE,jhemr_vastbase_10_10_8_177,jhnis,jhnis_nursing_user_vs_bed,TABLE,护理总览-映射类-护理人员对应床位,9,"hospital_no,ward_code,group_no,nurse_id,bed_label",False
JHEMR_VASTBASE,jhemr_vastbase_10_10_8_177,jhnis,jhnis_operation_process,TABLE,患者手术流程记录,19,"patient_id,visit_id,baby_no,operation_no,sub_id,hospital_no",False
JHEMR_VASTBASE,jhemr_vastbase_10_10_8_177,jhnis,jhnis_operation_rec,TABLE,手术流转-业务类-护理系统手术流转表,36,"patient_id,visit_id,operation_no,baby_no,hospital_no",False
JHEMR_VASTBASE,jhemr_vastbase_10_10_8_177,jhnis,jhnis_outlier_remind_config,TABLE,护理记录-业务类-异常值提醒,10,"care_item_code,ward_code,hospital_no",False
JHEMR_VASTBASE,jhemr_vastbase_10_10_8_177,jhnis,jhnis_patient_ext_info,TABLE,患者信息-业务类-护理病人扩展信息表,6,"patient_id,visit_id,ext_class,hospital_no",False
JHEMR_VASTBASE,jhemr_vastbase_10_10_8_177,jhnis,jhnis_pats_treatment_pic,TABLE,护理管理-作废类-张海龙作废不再维护 2022-9-1,5,"patient_id,visit_id,baby_no,hospital_no",False
JHEMR_VASTBASE,jhemr_vastbase_10_10_8_177,jhnis,jhnis_print_log,TABLE,患者总览-日志类-护理床头卡、腕带打印日志表,9,"patient_id,visit_id,baby_no,print_date_time,print_type,ward_code,hospital_no",False
JHEMR_VASTBASE,jhemr_vastbase_10_10_8_177,jhnis,jhnis_print_template,TABLE,护理管理-作废类-张海龙作废不再维护 2022-9-1,17,"report_id,hospital_no,ward_code",False
JHEMR_VASTBASE,jhemr_vastbase_10_10_8_177,jhnis,jhnis_satisfaction_config,TABLE,满意度调查-配置类-满意度调查配置表,12,surcey_code,False
JHEMR_VASTBASE,jhemr_vastbase_10_10_8_177,jhnis,jhnis_satisfaction_survey,TABLE,满意度调查-业务类-满意度调查记录主表,18,"record_id,hospital_no",False
JHEMR_VASTBASE,jhemr_vastbase_10_10_8_177,jhnis,jhnis_schedul_detail_obj,TABLE,护士排班-配置类-排班明细配置表,13,"objcode,deptcode,schedulyear,schedulweek,usercode",False
JHEMR_VASTBASE,jhemr_vastbase_10_10_8_177,jhnis,jhnis_shared_data_rec,TABLE,数据共享-业务类-嘉和共享数据-主记录表,23,rec_id,False
JHEMR_VASTBASE,jhemr_vastbase_10_10_8_177,jhnis,jhnis_shared_template_relation,TABLE,数据共享-映射类-嘉和护理共享数据-模板间条件关系表,13,rec_id,False
JHEMR_VASTBASE,jhemr_vastbase_10_10_8_177,jhnis,jhnis_spserch_config,TABLE,临床护理-公共模块-配置类-自定义查询配置表,17,s_id,False
JHEMR_VASTBASE,jhemr_vastbase_10_10_8_177,jhnis,jhnis_statistical_category,TABLE,护理月报-业务类-统计报表分类,14,"hospital_no,statistical_category_id",False
JHEMR_VASTBASE,jhemr_vastbase_10_10_8_177,jhnis,jhnis_statistical_catevsuser,TABLE,质量月报-业务类-类别用户,5,"hospital_no,statistical_category_id,user_id",False
JHEMR_VASTBASE,jhemr_vastbase_10_10_8_177,jhnis,jhnis_statistical_rec,TABLE,护理月报-业务类-报表记录表,19,"hospital_no,ward_code,statistical_category_id,item_code,recording_date",False
JHEMR_VASTBASE,jhemr_vastbase_10_10_8_177,jhnis,jhnis_statistical_templet_d,TABLE,护理月报-配置类-模板打印模板配置明细表,29,"hospital_no,id",False
JHEMR_VASTBASE,jhemr_vastbase_10_10_8_177,jhnis,jhnis_statistical_templet_form,TABLE,护理月报-配置类-vsFORM模板配置主表,8,"hospital_no,statistical_category_id,template_id",False
JHEMR_VASTBASE,jhemr_vastbase_10_10_8_177,jhnis,jhnis_statistical_templet_m,TABLE,护理月报-配置类-模板打印模板配置主表,16,"hospital_no,statistical_category_id",False
JHEMR_VASTBASE,jhemr_vastbase_10_10_8_177,jhnis,jhnis_statistical_templet_q,TABLE,护理月报-映射类-查询语句条件与Form模板控件对照表,7,"hospital_no,statistical_category_id,query_id,parameter_name",False
JHEMR_VASTBASE,jhemr_vastbase_10_10_8_177,jhnis,jhnis_system_eva_index,TABLE,评估评分-业务类-系统评估主表,18,,False
JHEMR_VASTBASE,jhemr_vastbase_10_10_8_177,jhnis,jhnis_temperature_items,TABLE,体征录入-配置类-体温单项目配置表,9,"care_item_code,template_type,hospital_no",False
JHEMR_VASTBASE,jhemr_vastbase_10_10_8_177,jhnis,jhnis_template_de_sql,TABLE,体征录入-配置类-模板项目sql配置,6,"de_code,mr_code,hospital_no",False
JHEMR_VASTBASE,jhemr_vastbase_10_10_8_177,jhnis,jhnis_tube_care_record,TABLE,管道管理-业务类-置管记录表,37,care_record_id,False
JHEMR_VASTBASE,jhemr_vastbase_10_10_8_177,jhnis,jhnis_tube_dict_body,TABLE,管道管理-字典类 -人体部位字典,12,body_part_id,False
JHEMR_VASTBASE,jhemr_vastbase_10_10_8_177,jhnis,jhnis_tube_dict_memo,TABLE,管路管理-业务类-管路备注项目表,10,memo_id,False
JHEMR_VASTBASE,jhemr_vastbase_10_10_8_177,jhnis,jhnis_tube_dict_tube,TABLE,管道管理-业务类-管路字典,13,tube_id,False
JHEMR_VASTBASE,jhemr_vastbase_10_10_8_177,jhnis,jhnis_tube_manage,TABLE,管道管理-配置类-管路维护信息,47,tube_manage_id,False
JHEMR_VASTBASE,jhemr_vastbase_10_10_8_177,jhnis,jhnis_tube_vs_body,TABLE,管道管理-映射类-对照表-部位对管路,5,id,False
JHEMR_VASTBASE,jhemr_vastbase_10_10_8_177,jhnis,jhnis_vital_custom_items,TABLE,体征录入-字典类-自定义体征项目字典,10,"item_code,hospital_no",False
JHEMR_VASTBASE,jhemr_vastbase_10_10_8_177,jhnis,jhnis_vital_custom_items_dept,TABLE,体征录入-字典类-体温单（科室）自定义项目字典,6,"item_code,ward_code,hospital_no",False
JHEMR_VASTBASE,jhemr_vastbase_10_10_8_177,jhnis,jhnis_vital_wholeentry,TABLE,体征录入-配置类-整体录入配置表,12,"hospital_no,ward_code,vital_signs_no,temp_type",False
JHEMR_VASTBASE,jhemr_vastbase_10_10_8_177,jhnis,jhnis_vte_ca_info,TABLE,VTE -业务类-CA签名数据表,13,"patient_id,visit_id,baby_no,record_id,hospital_no",False
JHEMR_VASTBASE,jhemr_vastbase_10_10_8_177,jhnis,jhnis_vte_day_config,TABLE,VTE-配置类-监测周期配置表 ,8,"dict_code,hospital_no",False
JHEMR_VASTBASE,jhemr_vastbase_10_10_8_177,jhnis,jhnis_vte_item_config,TABLE,VTE-配置类-风险因子配置表 ,15,"item_code,hospital_no",False
JHEMR_VASTBASE,jhemr_vastbase_10_10_8_177,jhnis,jhnis_vte_item_detail,TABLE,VTE-配置类-风险等级明细表（作废）,7,"elem_code,hospital_no",False
JHEMR_VASTBASE,jhemr_vastbase_10_10_8_177,jhnis,jhnis_vte_item_dict,TABLE,VTE-字典类-风险等级字典（作废）,6,"item_code,hospital_no",False
JHEMR_VASTBASE,jhemr_vastbase_10_10_8_177,jhnis,jhnis_vte_level_config,TABLE,VTE-字典类-风险等级配置表,7,"level_code,hospital_no",False
JHEMR_VASTBASE,jhemr_vastbase_10_10_8_177,jhnis,jhnis_vte_level_measure,TABLE,VTE-映射类-vet风险等级对应的护理措施,9,"level_code,hospital_no,measure_code",False
JHEMR_VASTBASE,jhemr_vastbase_10_10_8_177,jhnis,jhnis_vte_pat_master,TABLE,VTE-作废类-VTE患者信息（作废）,20,"patient_id,visit_id,baby_no",False
JHEMR_VASTBASE,jhemr_vastbase_10_10_8_177,jhnis,jhnis_vte_rec_detail,TABLE,VTE-业务类-VTE数据明细表 ,25,"patient_id,visit_id,baby_no,record_id,item_name,hospital_no",False
JHEMR_VASTBASE,jhemr_vastbase_10_10_8_177,jhnis,jhnis_vte_rec_detail_log,TABLE,VTE-日志类-vte监测数据修改日志表,13,"patient_id,visit_id,baby_no,record_id,hospital_no,record_sub_id",False
JHEMR_VASTBASE,jhemr_vastbase_10_10_8_177,jhnis,jhnis_vte_rec_master,TABLE,VTE-业务类-数据主记录表 ,31,"patient_id,visit_id,baby_no,record_id,hospital_no",False
JHEMR_VASTBASE,jhemr_vastbase_10_10_8_177,jhnis,jhnis_vte_temp_dict,TABLE,VTE-字典类-vte单据字典,8,template_id,False
JHEMR_VASTBASE,jhemr_vastbase_10_10_8_177,jhnis,jhnis_work_statistics_detail,TABLE,工作量统计-业务类-护士工作量统计明细表,17,"item_code,recording_date,patient_id,visit_id,work_user_id,working_date_time,hospital_no",False
JHEMR_VASTBASE,jhemr_vastbase_10_10_8_177,jhnis,jhnis_work_statistics_items,TABLE,工作量统计-业务类-工作量统计项目表,12,"item_code,ward_code,hospital_no",False
JHEMR_VASTBASE,jhemr_vastbase_10_10_8_177,jhnis,jhnis_work_statistics_rec,TABLE,工作量统计-业务类-工作量统计记录表,14,"item_code,recording_date,state,ward_code,hospital_no",False
JHEMR_VASTBASE,jhemr_vastbase_10_10_8_177,jhnis,jhnis_work_statistics_source,TABLE,工作量统计-映射类-工作量统计对应数据源,7,"source_name,ward_code,hospital_no",False
JHEMR_VASTBASE,jhemr_vastbase_10_10_8_177,jhnis,jhnis_work_statistics_template,TABLE,工作量统计-配置类-护士工作量统计模板表,7,"report_id,ward_code,hospital_no",False
JHEMR_VASTBASE,jhemr_vastbase_10_10_8_177,jhnis,jhnism__hospital_config,TABLE,护理管理-字典类-医院信息,4,hospital,False
JHEMR_VASTBASE,jhemr_vastbase_10_10_8_177,jhnis,jhnism__users,TABLE,护理管理-字典类-用户信息,11,"staff_id,hospital_no",False
JHEMR_VASTBASE,jhemr_vastbase_10_10_8_177,jhnis,jhnism_ae_academic_position,TABLE,学术交流-业务类-新任国内外学术职务情况,14,"hospital_no,dept_code,academic_position_id",False
JHEMR_VASTBASE,jhemr_vastbase_10_10_8_177,jhnis,jhnism_ae_attending_local_snt,TABLE,学术交流-业务类-参加地方专科护士培训情况,13,"hospital_no,dept_code,local_snt_id",False
JHEMR_VASTBASE,jhemr_vastbase_10_10_8_177,jhnis,jhnism_ae_attending_situation,TABLE,学术交流-业务类-参加会议情况,12,"hospital_no,dept_code,meeting_id",False
JHEMR_VASTBASE,jhemr_vastbase_10_10_8_177,jhnis,jhnism_ae_conference_agenda,TABLE,学术交流-业务类-会议议程,16,"hospital_no,dept_code,meeting_id,conference_agenda_id",False
JHEMR_VASTBASE,jhemr_vastbase_10_10_8_177,jhnis,jhnism_ae_conference_content,TABLE,学术交流-业务类-会议内容,12,"hospital_no,dept_code,meeting_id,conference_content_id",False
JHEMR_VASTBASE,jhemr_vastbase_10_10_8_177,jhnis,jhnism_ae_continue_edu_program,TABLE,学术交流-业务类-举办继续教育项目,16,"hospital_no,dept_code,local_snt_id",False
JHEMR_VASTBASE,jhemr_vastbase_10_10_8_177,jhnis,jhnism_ae_espe_training_abroad,TABLE,学术交流-业务类-国外、境外考察培训情况,13,"hospital_no,dept_code,training_abroad_id",False
JHEMR_VASTBASE,jhemr_vastbase_10_10_8_177,jhnis,jhnism_ae_grassrootunits_insp,TABLE,学术交流-业务类-到基层部队巡诊情况,14,"hospital_no,dept_code,inspect_id",False
JHEMR_VASTBASE,jhemr_vastbase_10_10_8_177,jhnis,jhnism_ae_guest_participants,TABLE,学术交流-业务类-会议嘉宾及参会人员,21,"hospital_no,dept_code,meeting_id,staff_id",False
JHEMR_VASTBASE,jhemr_vastbase_10_10_8_177,jhnis,jhnism_ae_instruction,TABLE,学术交流-业务类-填表说明,14,"hospital_no,dept_code,instruction_id",False
JHEMR_VASTBASE,jhemr_vastbase_10_10_8_177,jhnis,jhnism_ae_meeting_basic_info,TABLE,学术交流-业务类-会议基本信息表,42,"hospital_no,dept_code,meeting_id",False
JHEMR_VASTBASE,jhemr_vastbase_10_10_8_177,jhnis,jhnism_ae_military_non_tasks,TABLE,学术交流-业务类-执行军事及非军事行动任务情况,14,"hospital_no,dept_code,military_non_tasks_id",False
JHEMR_VASTBASE,jhemr_vastbase_10_10_8_177,jhnis,jhnism_ae_monographs,TABLE,学术交流-业务类-学术专著（译著、教材、音像教材）情况,12,"hospital_no,dept_code,monograph_id",False
JHEMR_VASTBASE,jhemr_vastbase_10_10_8_177,jhnis,jhnism_ae_monographs_editor,TABLE,学术交流-业务类-学术专著（译著、教材、音像教材）情况—主编姓名,9,"hospital_no,dept_code,monograph_id,staff_id",False
JHEMR_VASTBASE,jhemr_vastbase_10_10_8_177,jhnis,jhnism_ae_proceedings_paper,TABLE,学术交流-业务类-会议论文,14,"hospital_no,dept_code,meeting_id,proceedings_paper_id",False
JHEMR_VASTBASE,jhemr_vastbase_10_10_8_177,jhnis,jhnism_ae_range_milit_lectures,TABLE,学术交流-业务类-军区及军区以上范围学术讲座,15,"hospital_no,dept_code,lectures_id",False
JHEMR_VASTBASE,jhemr_vastbase_10_10_8_177,jhnis,jhnism_ae_technical_help,TABLE,学术交流-业务类-开展技术帮带情况,14,"hospital_no,dept_code,technical_help_id",False
JHEMR_VASTBASE,jhemr_vastbase_10_10_8_177,jhnis,jhnism_annex_rec,TABLE,通用业务-业务类-统一附件保存,7,"hospital_no,action_id,serial_no",False
JHEMR_VASTBASE,jhemr_vastbase_10_10_8_177,jhnis,jhnism_auth_module,TABLE,护理管理-作废类-张海龙作废不再维护 2022-9-1,21,"hospital_no,module_id",False
JHEMR_VASTBASE,jhemr_vastbase_10_10_8_177,jhnis,jhnism_auth_module_permission,TABLE,护理管理-作废类-张海龙作废不再维护 2022-9-1,11,"hospital_no,id",False
JHEMR_VASTBASE,jhemr_vastbase_10_10_8_177,jhnis,jhnism_auth_permission,TABLE,护理管理-作废类-张海龙作废不再维护 2022-9-1,15,"hospital_no,permission_id",False
JHEMR_VASTBASE,jhemr_vastbase_10_10_8_177,jhnis,jhnism_auth_role_module_perm,TABLE,护理管理-作废类-张海龙作废不再维护 2022-9-1,12,"hospital_no,id",False
JHEMR_VASTBASE,jhemr_vastbase_10_10_8_177,jhnis,jhnism_blood_trans_adv_react,TABLE,工作计划-业务类-输血输液不良反应（输血不良反应页面）,17,"hospital_no,action_id",False
JHEMR_VASTBASE,jhemr_vastbase_10_10_8_177,jhnis,jhnism_datasources_detail,TABLE,护理管理-作废类-张海龙作废不再维护 2022-9-1,9,detail_code,False
JHEMR_VASTBASE,jhemr_vastbase_10_10_8_177,jhnis,jhnism_datasources_index,TABLE,护理管理-作废类-张海龙作废不再维护 2022-9-1,6,"datasources_code,datasources_type",False
JHEMR_VASTBASE,jhemr_vastbase_10_10_8_177,jhnis,jhnism_dept_consultation,TABLE,护理会诊-业务类-护理会诊申请科室,10,"action_id,dept_code",False
JHEMR_VASTBASE,jhemr_vastbase_10_10_8_177,jhnis,jhnism_dept_dict,TABLE,护理管理-字典类-科室信息,12,"dept_code,hospital_no",False
JHEMR_VASTBASE,jhemr_vastbase_10_10_8_177,jhnis,jhnism_dept_head,TABLE,人力资源-映射-类护理管理-大科（片区）主表,10,"hospital_no,dept_code",False
JHEMR_VASTBASE,jhemr_vastbase_10_10_8_177,jhnis,jhnism_dept_head_wards,TABLE,人力资源-映射类-护理管理-大科对应病区表：,9,"hospital_no,head_dept_id,ward_code",False
JHEMR_VASTBASE,jhemr_vastbase_10_10_8_177,jhnis,jhnism_dept_participant_list,TABLE,护士活动登记-业务类-活动参与人员列表,11,"staff_id,action_type,hospital_no,action_id",False
JHEMR_VASTBASE,jhemr_vastbase_10_10_8_177,jhnis,jhnism_dept_vs_kpi_sys,TABLE,质量管理-配置类-指标体系表,4,"hospital_no,dept_code,sys_code",False
JHEMR_VASTBASE,jhemr_vastbase_10_10_8_177,jhnis,jhnism_dept_vs_wards,TABLE,护理管理-映射类-护理管理护理单元与病区对照表,11,"hospital_no,dept_code,ward_code",False
JHEMR_VASTBASE,jhemr_vastbase_10_10_8_177,jhnis,jhnism_dept_vs_wards_master,TABLE,人力资源-映射类-二级科室与三级科室对照主表（科室对照页面）,11,"hospital_no,dept_code",False
JHEMR_VASTBASE,jhemr_vastbase_10_10_8_177,jhnis,jhnism_dept_work_book,TABLE,工作计划-业务类-护理技术操作考核记录（新）科室工作登记本,27,"hospital_no,action_id",False
JHEMR_VASTBASE,jhemr_vastbase_10_10_8_177,jhnis,jhnism_dept_work_book_details,TABLE,工作计划-业务类-护理技术操作考核明细表,16,"hospital_no,action_id,increase_filed",False
JHEMR_VASTBASE,jhemr_vastbase_10_10_8_177,jhnis,jhnism_dict_body,TABLE,压疮闭环管理-字典类-人体部位字典,13,body_part_id,False
JHEMR_VASTBASE,jhemr_vastbase_10_10_8_177,jhnis,jhnism_dict_bodypoints,TABLE,压疮闭关管理-字典类-病人压疮部位热区字典,4,"body_part_id,body_part_x,body_part_y,state",False
JHEMR_VASTBASE,jhemr_vastbase_10_10_8_177,jhnis,jhnism_document_annex_info,TABLE,制度管理-业务类-制度建设附件信息主表,6,"document_id,partition_no",False
JHEMR_VASTBASE,jhemr_vastbase_10_10_8_177,jhnis,jhnism_document_info,TABLE,制度管理-业务类-文档信息,20,"staff_id,hospital_no,document_id",False
JHEMR_VASTBASE,jhemr_vastbase_10_10_8_177,jhnis,jhnism_document_menus_info,TABLE,制度管理-业务类-文档栏目信息,14,menus_id,False
JHEMR_VASTBASE,jhemr_vastbase_10_10_8_177,jhnis,jhnism_document_operation_info,TABLE,制度管理-业务类-文档操作记录信息（上传下载和废止删除等操作）,8,operation_id,False
JHEMR_VASTBASE,jhemr_vastbase_10_10_8_177,jhnis,jhnism_document_public_type,TABLE,制度管理-字典类-公开类型字典,2,"key,value",False
JHEMR_VASTBASE,jhemr_vastbase_10_10_8_177,jhnis,jhnism_edu_master,TABLE,培训教育-业务类-教育培训主表,32,edu_id,False
JHEMR_VASTBASE,jhemr_vastbase_10_10_8_177,jhnis,jhnism_edu_nurse_rec,TABLE,培训教育-业务类-护士记录表,19,"examine_id,staff_id",False
JHEMR_VASTBASE,jhemr_vastbase_10_10_8_177,jhnis,jhnism_equipment_instrument,TABLE,工作计划-业务类-仪器设备及保养负责人,10,"hospital_no,instrument_id",False
JHEMR_VASTBASE,jhemr_vastbase_10_10_8_177,jhnis,jhnism_equipment_maintenance,TABLE,工作计划-业务类-仪器设备保养记录,14,"hospital_no,maintenance_id",False
JHEMR_VASTBASE,jhemr_vastbase_10_10_8_177,jhnis,jhnism_kpi_check_detail,TABLE,层级评分-业务类-指标检查明细,6,"hospital_no,check_no,dict_code,item_code",False
JHEMR_VASTBASE,jhemr_vastbase_10_10_8_177,jhnis,jhnism_kpi_dict,TABLE,层级评分-字典类-指标字典,12,"hospital_no,dict_code",False
JHEMR_VASTBASE,jhemr_vastbase_10_10_8_177,jhnis,jhnism_kpi_dict_dept,TABLE,层级评分-映射类-指标对应科室（代码查不到）,5,configid,False
JHEMR_VASTBASE,jhemr_vastbase_10_10_8_177,jhnis,jhnism_kpi_item,TABLE,层级评分-字典类-指标项目字典,13,"hospital_no,dict_code,item_code",False
JHEMR_VASTBASE,jhemr_vastbase_10_10_8_177,jhnis,jhnism_kpi_sys,TABLE,层级评分-业务类-指标体系,7,"hospital_no,sys_code",False
JHEMR_VASTBASE,jhemr_vastbase_10_10_8_177,jhnis,jhnism_kpi_sys_vs_dict,TABLE,层级评分-映射类-体系对应指标（代码查不到表）,4,"hospital_no,sys_code,dict_code",False
JHEMR_VASTBASE,jhemr_vastbase_10_10_8_177,jhnis,jhnism_master_dept_vs_item,TABLE,工作计划-映射类-总值管理科室对应检查项目,10,"hospital_no,group_code,dept_type,dept_code,item_code",False
JHEMR_VASTBASE,jhemr_vastbase_10_10_8_177,jhnis,jhnism_master_watch_dept,TABLE,工作计划-业务类-总值管理科室,11,"hospital_no,group_code,dept_type,dept_code",False
JHEMR_VASTBASE,jhemr_vastbase_10_10_8_177,jhnis,jhnism_master_watch_qc,TABLE,工作计划-业务类-总值管理检查记录,12,"hospital_no,action_id,group_code,dept_type,dept_code,item_code",False
JHEMR_VASTBASE,jhemr_vastbase_10_10_8_177,jhnis,jhnism_master_watch_rec,TABLE,工作计划-业务类-护理总值班记录,13,"hospital_no,action_id",False
JHEMR_VASTBASE,jhemr_vastbase_10_10_8_177,jhnis,jhnism_master_watch_rec_dept,TABLE,工作计划-业务类-总值管理记录科室,12,"hospital_no,action_id,group_code,dept_type,dept_code",False
JHEMR_VASTBASE,jhemr_vastbase_10_10_8_177,jhnis,jhnism_night_nurse_rounds_qc,TABLE,护理查房-业务类-护理夜查房质量记录,6,"hospital_no,action_id,item_code",False
JHEMR_VASTBASE,jhemr_vastbase_10_10_8_177,jhnis,jhnism_night_nurse_rounds_rec,TABLE,护理查房-业务类-护理夜查房主记录,14,"hospital_no,action_id",False
JHEMR_VASTBASE,jhemr_vastbase_10_10_8_177,jhnis,jhnism_night_nurse_rounds_sta,TABLE,护理查房-业务类-护理夜查房患者人数统计,9,"hospital_no,action_id,dept_code",False
JHEMR_VASTBASE,jhemr_vastbase_10_10_8_177,jhnis,jhnism_nsr_awards,TABLE,培训记录-业务类-获奖情况。,10,"hospital_no,dept_code,awards_id",False
JHEMR_VASTBASE,jhemr_vastbase_10_10_8_177,jhnis,jhnism_nsr_awards_complete,TABLE,培训记录-业务类-获奖情况——完成单位。,9,"hospital_no,dept_code,awards_id,complete_unit_id",False
JHEMR_VASTBASE,jhemr_vastbase_10_10_8_177,jhnis,jhnism_nsr_awards_involved,TABLE,培训记录-业务类-获奖情况，项目完成人。,9,"hospital_no,dept_code,awards_id,staff_id",False
JHEMR_VASTBASE,jhemr_vastbase_10_10_8_177,jhnis,jhnism_nsr_obtained_patents,TABLE,培训记录-业务类-获专利情况。,12,"hospital_no,dept_code,patents_id",False
JHEMR_VASTBASE,jhemr_vastbase_10_10_8_177,jhnis,jhnism_nsr_subjects_ilis,TABLE,培训记录-业务类-护理科研（教学）课题情况——研究单位。,9,"hospital_no,dept_code,subjects_teaching_id",False
JHEMR_VASTBASE,jhemr_vastbase_10_10_8_177,jhnis,jhnism_nsr_subjects_teaching,TABLE,培训记录-业务类-护理科研Nursing scientific research (NSR)，护理科研（教学）课题情况。,15,"hospital_no,dept_code,subjects_teaching_id",False
JHEMR_VASTBASE,jhemr_vastbase_10_10_8_177,jhnis,jhnism_nurse_info,TABLE,人力资源-业务类-护理人员信息,31,"staff_id,hospital_no",False
JHEMR_VASTBASE,jhemr_vastbase_10_10_8_177,jhnis,jhnism_nurse_vacate,TABLE,护士长智慧大屏幕-业务类-护士请假申请明细,18,jnv_id,False
JHEMR_VASTBASE,jhemr_vastbase_10_10_8_177,jhnis,jhnism_nursing_consulta_record,TABLE,护理会诊-业务类-代码找不到，暂不使用,6,"hospital_no,apply_action_id,record_id",False
JHEMR_VASTBASE,jhemr_vastbase_10_10_8_177,jhnis,jhnism_nursing_consultation,TABLE,护理会诊-业务类-护理会诊主表（旧版）,29,"hospital_no,apply_action_id",False
JHEMR_VASTBASE,jhemr_vastbase_10_10_8_177,jhnis,jhnism_nursing_quality_dict,TABLE,质量管理-字典类-护理质量指标字典,4,"hospital_no,index_code",False
JHEMR_VASTBASE,jhemr_vastbase_10_10_8_177,jhnis,jhnism_nursing_quality_master,TABLE,质量管理-业务类-护理质量指标检查主记录,10,"hospital_no,check_no",False
JHEMR_VASTBASE,jhemr_vastbase_10_10_8_177,jhnis,jhnism_nursing_quality_sys,TABLE,质量管理-字典类-护理质量指标体系,4,"hospital_no,sys_code",False
JHEMR_VASTBASE,jhemr_vastbase_10_10_8_177,jhnis,jhnism_nursing_rounds,TABLE,护理查房-业务类-护理查房记录数据,36,"hospital_no,action_id",False
JHEMR_VASTBASE,jhemr_vastbase_10_10_8_177,jhnis,jhnism_paper_rec,TABLE,培训教育-业务类-论文登记（页面）,19,"hospital_no,staff_id,paper_title",False
JHEMR_VASTBASE,jhemr_vastbase_10_10_8_177,jhnis,jhnism_parameter,TABLE,护理管理-作废类-张海龙作废不再维护 2022-9-1,6,"parameter_code,parameter_name,parameter_bi_name",False
JHEMR_VASTBASE,jhemr_vastbase_10_10_8_177,jhnis,jhnism_parameter_datasources,TABLE,护理管理-作废类-张海龙作废不再维护 2022-9-1,5,"datasources_code,parameter_code",False
JHEMR_VASTBASE,jhemr_vastbase_10_10_8_177,jhnis,jhnism_participant_list,TABLE,护士活动登记-业务类-活动参与人员列表,8,"staff_id,hospital_no,action_id",False
JHEMR_VASTBASE,jhemr_vastbase_10_10_8_177,jhnis,jhnism_pat_adverse_event,TABLE,不不良事件-业务类-不良事件记录,25,"hospital_no,dept_code,patient_id,visit_id,event_id",False
JHEMR_VASTBASE,jhemr_vastbase_10_10_8_177,jhnis,jhnism_pat_adverse_event_signs,TABLE,不良事件-业务类-不良事件会签,8,"hospital_no,event_id,action_type,action_date",False
JHEMR_VASTBASE,jhemr_vastbase_10_10_8_177,jhnis,jhnism_pat_bedsore_part_lapse,TABLE,压疮闭环管理-业务类-病人压疮转归,9,lapse_date,False
JHEMR_VASTBASE,jhemr_vastbase_10_10_8_177,jhnis,jhnism_pat_bedsore_part_rec,TABLE,压疮闭环管理-业务类-病人压疮部位记录,15,bedsore_rec_id,False
JHEMR_VASTBASE,jhemr_vastbase_10_10_8_177,jhnis,jhnism_pat_bedsore_rec,TABLE,压疮闭环管理-业务类-病人压疮记录,11,rec_id,False
JHEMR_VASTBASE,jhemr_vastbase_10_10_8_177,jhnis,jhnism_pat_nursing_bug,TABLE,护理管理-作废类  张海龙2022-9-5作废不再维护  护理缺陷,26,"hospital_no,dept_code,patient_id,visit_id,bug_id",False
JHEMR_VASTBASE,jhemr_vastbase_10_10_8_177,jhnis,jhnism_pat_nursing_bug_signs,TABLE,护理管理-作废类-张海龙2022-9-5作废不再维护  护理缺陷会签,8,"hospital_no,bug_id,bug_class,action_date",False
JHEMR_VASTBASE,jhemr_vastbase_10_10_8_177,jhnis,jhnism_pat_rescue_rec,TABLE,压疮闭环管理-业务类-病人抢救记录,13,"hospital_no,action_id",False
JHEMR_VASTBASE,jhemr_vastbase_10_10_8_177,jhnis,jhnism_per_nurse_score_d,TABLE,人力资源-业务类-绩效考核护士评分明细,6,"performance_id,dict_code,item_code",False
JHEMR_VASTBASE,jhemr_vastbase_10_10_8_177,jhnis,jhnism_per_nurse_score_m,TABLE,人力资源-业务类-绩效考核护士评分,22,"hospital_no,performance_id",False
JHEMR_VASTBASE,jhemr_vastbase_10_10_8_177,jhnis,jhnism_perfor_appraisal_detail,TABLE,人力资源-业务类-绩效考核明细表,25,"hospital_no,performance_id,staff_id",False
JHEMR_VASTBASE,jhemr_vastbase_10_10_8_177,jhnis,jhnism_perfor_appraisal_weight,TABLE,人力资源-配置类-绩效考核项目权重配置表,11,"hospital_no,dept_code,performance_weight_type,performance_weight_code",False
JHEMR_VASTBASE,jhemr_vastbase_10_10_8_177,jhnis,jhnism_performance_appraisal,TABLE,人力资源-业务类-绩效考核主表,14,"hospital_no,performance_id",False
JHEMR_VASTBASE,jhemr_vastbase_10_10_8_177,jhnis,jhnism_performance_fixed,TABLE,人力资源-业务类-绩效考核固定奖金,10,"hospital_no,performance_id,staff_id",False
JHEMR_VASTBASE,jhemr_vastbase_10_10_8_177,jhnis,jhnism_performance_grade,TABLE,人力资源-业务类-绩效考核护士层级,11,"hospital_no,performance_id,staff_id",False
JHEMR_VASTBASE,jhemr_vastbase_10_10_8_177,jhnis,jhnism_performance_post,TABLE,人力资源-业务类-护士层级岗位,11,"hospital_no,performance_id,staff_id",False
JHEMR_VASTBASE,jhemr_vastbase_10_10_8_177,jhnis,jhnism_performance_score_detai,TABLE,人力资源-业务类-绩效考核绩效评分明细,7,"hospital_no,performance_id,staff_id,dict_code,item_code",False
JHEMR_VASTBASE,jhemr_vastbase_10_10_8_177,jhnis,jhnism_performance_score_maste,TABLE,人力资源-业务类-绩效考核人员绩效考核,13,"hospital_no,performance_id,staff_id",False
JHEMR_VASTBASE,jhemr_vastbase_10_10_8_177,jhnis,jhnism_performance_shift,TABLE,人力资源-业务类-绩效考核护士排班,23,"hospital_no,performance_id,staff_id",False
JHEMR_VASTBASE,jhemr_vastbase_10_10_8_177,jhnis,jhnism_performance_workload,TABLE,人力资源-业务类-绩效考核工作量,9,"hospital_no,performance_id,staff_id",False
JHEMR_VASTBASE,jhemr_vastbase_10_10_8_177,jhnis,jhnism_plan_rec,TABLE,工作计划-业务类-工作计划数据记录表,13,"hospital_no,dept_code,plan_id,plan_date,time_rng",False
JHEMR_VASTBASE,jhemr_vastbase_10_10_8_177,jhnis,jhnism_plan_summary,TABLE,工作计划-业务类-工作计划概要,7,"hospital_no,dept_code,plan_date,time_rng",False
JHEMR_VASTBASE,jhemr_vastbase_10_10_8_177,jhnis,jhnism_qa_relations,TABLE,,20,relation_id,False
JHEMR_VASTBASE,jhemr_vastbase_10_10_8_177,jhnis,jhnism_quality_check_detail,TABLE,质量管理-业务类-护理质量指标检查明细,6,"hospital_no,check_no,item_code",False
JHEMR_VASTBASE,jhemr_vastbase_10_10_8_177,jhnis,jhnism_quality_check_details,TABLE,质量管理-业务类-指标检查明细,18,"hospital_no,check_no,dict_code,item_code",False
JHEMR_VASTBASE,jhemr_vastbase_10_10_8_177,jhnis,jhnism_quality_check_evalu_ds,TABLE,"质量管理-业务类-质量检查评价记录关联检查列表明细
",7,"hospital_no,evaluation_code,dict_code,item_code",False
JHEMR_VASTBASE,jhemr_vastbase_10_10_8_177,jhnis,jhnism_quality_check_evaluate,TABLE,质量管理-业务类-质量检查情况评价,31,"hospital_no,evaluation_code",False
JHEMR_VASTBASE,jhemr_vastbase_10_10_8_177,jhnis,jhnism_quality_check_exclusive,TABLE,质量管理-业务类-指标检查明细排除项目,5,"hospital_no,check_no,dict_code,item_code",False
JHEMR_VASTBASE,jhemr_vastbase_10_10_8_177,jhnis,jhnism_quality_check_master,TABLE,质量管理-业务类-护理质量指标检查主记录,27,"hospital_no,check_no",False
JHEMR_VASTBASE,jhemr_vastbase_10_10_8_177,jhnis,jhnism_quality_check_plan,TABLE,质量管理-业务类-护理质量检查计划,18,"hospital_no,sys_code,dict_code,check_plan_code",False
JHEMR_VASTBASE,jhemr_vastbase_10_10_8_177,jhnis,jhnism_quality_check_sample,TABLE,质量管理-业务类-护理质量指标抽查记录,26,"hospital_no,check_no",False
JHEMR_VASTBASE,jhemr_vastbase_10_10_8_177,jhnis,jhnism_quality_check_staffs,TABLE,质量管理-业务类-指标检查明细责任人,6,"hospital_no,check_no,dict_code,item_code,staff_id",False
JHEMR_VASTBASE,jhemr_vastbase_10_10_8_177,jhnis,jhnism_quality_continual_detai,TABLE,质量管理-业务类-对存在问题进行改进,20,"hospital_no,continual_improvement_code,check_grade,dict_code,item_code",False
JHEMR_VASTBASE,jhemr_vastbase_10_10_8_177,jhnis,jhnism_quality_continual_ds,TABLE,质量管理-业务类-保存质量检查项目,7,"hospital_no,continual_improvement_code,dict_code,item_code",False
JHEMR_VASTBASE,jhemr_vastbase_10_10_8_177,jhnis,jhnism_quality_continual_impro,TABLE,"质量管理-业务类-质量检查持续改进
对存在问题进行改进",37,"hospital_no,continual_improvement_code",False
JHEMR_VASTBASE,jhemr_vastbase_10_10_8_177,jhnis,jhnism_quality_continual_track,TABLE,质量管理-业务类-改进后数据监测追踪,9,"hospital_no,continual_improvement_code,continual_impro_track_code",False
JHEMR_VASTBASE,jhemr_vastbase_10_10_8_177,jhnis,jhnism_quality_feedback,TABLE,质量管理-业务类-护理质量督导反馈信息,21,"supervision_ward_code,file_no,hospital_no",False
JHEMR_VASTBASE,jhemr_vastbase_10_10_8_177,jhnis,jhnism_quality_improve,TABLE,质量管理-业务类-护理质量持续改进信息,45,"supervision_ward_code,file_no,file_sub_no,hospital_no",False
JHEMR_VASTBASE,jhemr_vastbase_10_10_8_177,jhnis,jhnism_quality_item,TABLE,质量管理-字典类-护理质量指标项目字典,8,"hospital_no,index_code,item_code",False
JHEMR_VASTBASE,jhemr_vastbase_10_10_8_177,jhnis,jhnism_quality_organize_member,TABLE,质量管理-业务类-质量组织人员,10,"hospital_no,organization_code,dept_code,staff_id",False
JHEMR_VASTBASE,jhemr_vastbase_10_10_8_177,jhnis,jhnism_quality_organize_name,TABLE,质量管理-业务类-质量组织,13,"hospital_no,organization_code",False
JHEMR_VASTBASE,jhemr_vastbase_10_10_8_177,jhnis,jhnism_quality_organize_stand,TABLE,质量管理-业务类-质量组织标准,7,"hospital_no,organization_code,dict_code",False
JHEMR_VASTBASE,jhemr_vastbase_10_10_8_177,jhnis,jhnism_quality_perform_master,TABLE,质量管理-业务类-质量绩效考核主表,14,"hospital_no,performance_id",False
JHEMR_VASTBASE,jhemr_vastbase_10_10_8_177,jhnis,jhnism_quality_sys_check_plan,TABLE,质量管理-业务类-护理质量指标体系检查计划,11,"hospital_no,sys_code,check_class,start_time",False
JHEMR_VASTBASE,jhemr_vastbase_10_10_8_177,jhnis,jhnism_quality_sys_config,TABLE,质量管理-字典类-护理质量指标体系定义,4,"hospital_no,sys_code,index_code",False
JHEMR_VASTBASE,jhemr_vastbase_10_10_8_177,jhnis,jhnism_quality_target_value,TABLE,质量管理-配置类-质量考核项目目标值表,15,"hospital_no,weight_id",False
JHEMR_VASTBASE,jhemr_vastbase_10_10_8_177,jhnis,jhnism_quality_weight_config,TABLE,质量管理-配置类-质量考核项目权重配置表,14,"hospital_no,weight_id",False
JHEMR_VASTBASE,jhemr_vastbase_10_10_8_177,jhnis,jhnism_report,TABLE,护理管理-作废类-张海龙作废不再维护 2022-9-1,10,report_code,False
JHEMR_VASTBASE,jhemr_vastbase_10_10_8_177,jhnis,jhnism_report_data,TABLE,护理管理-作废类-张海龙作废不再维护 2022-9-1,7,data_code,False
JHEMR_VASTBASE,jhemr_vastbase_10_10_8_177,jhnis,jhnism_report_parameter,TABLE,护理管理-作废类-张海龙作废不再维护 2022-9-1,5,"report_code,parameter_code",False
JHEMR_VASTBASE,jhemr_vastbase_10_10_8_177,jhnis,jhnism_report_role,TABLE,护理管理-作废类-张海龙作废不再维护 2022-9-1,8,"report_code,role_code",False
JHEMR_VASTBASE,jhemr_vastbase_10_10_8_177,jhnis,jhnism_report_role_history,TABLE,护理管理-作废类-张海龙作废不再维护 2022-9-1,6,"history_code,role_code,report_code",False
JHEMR_VASTBASE,jhemr_vastbase_10_10_8_177,jhnis,jhnism_report_user_scan,TABLE,护理管理-作废类-张海龙作废不再维护 2022-9-1,6,"scan_code,user_code,report_code,role_code,hospital_no",False
JHEMR_VASTBASE,jhemr_vastbase_10_10_8_177,jhnis,jhnism_res_check_detail,TABLE,工作计划-业务类-急救物品检查明细（代码显示没人用，也没有页面）,7,"hospital_no,dept_code,check_id,res_code",False
JHEMR_VASTBASE,jhemr_vastbase_10_10_8_177,jhnis,jhnism_res_check_list,TABLE,工作计划-业务类-急救物品检查单,5,"hospital_no,dept_code,res_code",False
JHEMR_VASTBASE,jhemr_vastbase_10_10_8_177,jhnis,jhnism_res_check_rec,TABLE,工作计划-业务类-急救物品检查记录,8,"hospital_no,dept_code,check_id",False
JHEMR_VASTBASE,jhemr_vastbase_10_10_8_177,jhnis,jhnism_schedul_attendance_reg,TABLE,护理排班-业务类-考勤登记,19,attendance_code,False
JHEMR_VASTBASE,jhemr_vastbase_10_10_8_177,jhnis,jhnism_schedul_flexible,TABLE,护理排班弹性调动表,22,"staff_id,record_date,sf_id",False
JHEMR_VASTBASE,jhemr_vastbase_10_10_8_177,jhnis,jhnism_schedul_paid_leave,TABLE,护理排班-业务类-调休管理,19,paid_leave_code,False
JHEMR_VASTBASE,jhemr_vastbase_10_10_8_177,jhnis,jhnism_schedul_print_config,TABLE,护理排班-配置类-排班打印模板配置表,11,print_code,False
JHEMR_VASTBASE,jhemr_vastbase_10_10_8_177,jhnis,jhnism_scheduling,TABLE,护理记录-业务类-护士排班主记录表,15,schedulcode,False
JHEMR_VASTBASE,jhemr_vastbase_10_10_8_177,jhnis,jhnism_scheduling_attendance,TABLE,护理排班-业务类-排班考勤管理,33,attendance_code,False
JHEMR_VASTBASE,jhemr_vastbase_10_10_8_177,jhnis,jhnism_scheduling_auth,TABLE,护理排班-业务类-用户权限,4,,False
JHEMR_VASTBASE,jhemr_vastbase_10_10_8_177,jhnis,jhnism_scheduling_detail,TABLE,护理排班-业务类-护理排班详细数据表,25,detailcode,False
JHEMR_VASTBASE,jhemr_vastbase_10_10_8_177,jhnis,jhnism_scheduling_group,TABLE,护理排班-业务类-护理排班人员分组,17,"hospital_no,ward_code,group_no,user_id,schedule_year,schedule_week",False
JHEMR_VASTBASE,jhemr_vastbase_10_10_8_177,jhnis,jhnism_scheduling_holiday,TABLE,护理排班-业务类-排班假期管理主表,10,holiday_id,False
JHEMR_VASTBASE,jhemr_vastbase_10_10_8_177,jhnis,jhnism_scheduling_holiday_deta,TABLE,护理排班-业务类-排班假期管理子表,4,"holiday_id,shift_id",False
JHEMR_VASTBASE,jhemr_vastbase_10_10_8_177,jhnis,jhnism_sensitive_index_config,TABLE,敏感指标-配置类-护理敏感指标配置表,14,index_id,False
JHEMR_VASTBASE,jhemr_vastbase_10_10_8_177,jhnis,jhnism_sensitive_index_detail,TABLE,敏感指标-业务类-敏感指标记录详情表,8,"rec_id,item_code,index_id",False
JHEMR_VASTBASE,jhemr_vastbase_10_10_8_177,jhnis,jhnism_sensitive_index_rec,TABLE,敏感指标-业务类-护理敏感指标记录表,18,"dept_code,index_type,peroid_type,rec_id",False
JHEMR_VASTBASE,jhemr_vastbase_10_10_8_177,jhnis,jhnism_staff_assess,TABLE,人力资源-业务类-人员绩效考核,12,"hospital_no,check_no",False
JHEMR_VASTBASE,jhemr_vastbase_10_10_8_177,jhnis,jhnism_staff_basic_info,TABLE,人力资源-业务类-人员基本信息,30,"staff_id,hospital_no",False
JHEMR_VASTBASE,jhemr_vastbase_10_10_8_177,jhnis,jhnism_staff_certification,TABLE,人力资源-业务类-人员证书信息,14,"staff_id,hospital_no,certification_id",False
JHEMR_VASTBASE,jhemr_vastbase_10_10_8_177,jhnis,jhnism_staff_deploy_master,TABLE,人力资源-业务类-机动护士调配记录表,15,"hospital_no,deploy_id",False
JHEMR_VASTBASE,jhemr_vastbase_10_10_8_177,jhnis,jhnism_staff_duty_info,TABLE,人力资源-业务类-人员职务信息,10,pk_id,False
JHEMR_VASTBASE,jhemr_vastbase_10_10_8_177,jhnis,jhnism_staff_edu_info,TABLE,人力资源-业务类-人员教育信息,16,"hospital_no,staff_id,edu_code",False
JHEMR_VASTBASE,jhemr_vastbase_10_10_8_177,jhnis,jhnism_staff_group,TABLE,护理排班-业务类-护理排班分组,9,"groupcode,deleteflag",False
JHEMR_VASTBASE,jhemr_vastbase_10_10_8_177,jhnis,jhnism_staff_group_user,TABLE,护理排班-业务类-排班分组添加人员,5,"groupcode,usercode",False
JHEMR_VASTBASE,jhemr_vastbase_10_10_8_177,jhnis,jhnism_staff_language_ability,TABLE,人力资源-业务类-员工语言能力,5,"staff_id,hospital_no,language_id,ability_level_id",False
JHEMR_VASTBASE,jhemr_vastbase_10_10_8_177,jhnis,jhnism_staff_promotion_info,TABLE,人力资源-业务类-人员晋级经历信息,6,id,False
JHEMR_VASTBASE,jhemr_vastbase_10_10_8_177,jhnis,jhnism_staff_rank_info,TABLE,人力资源-业务类-人员职称信息,8,pk_id,False
JHEMR_VASTBASE,jhemr_vastbase_10_10_8_177,jhnis,jhnism_staff_round,TABLE,人力资源-业务类-护士轮科表,15,"hospital_no,dept_code,staff_id,guid_code",False
JHEMR_VASTBASE,jhemr_vastbase_10_10_8_177,jhnis,jhnism_staff_scheduling,TABLE,人力资源-字典类-护理班次字典表,19,shiftscode,False
JHEMR_VASTBASE,jhemr_vastbase_10_10_8_177,jhnis,jhnism_staff_scheduling_dept,TABLE,人力资源-字典表-护理班次字典-科室班次表,12,"shiftscode,deptcode,hospital_no",False
JHEMR_VASTBASE,jhemr_vastbase_10_10_8_177,jhnis,jhnism_staff_shift_rec,TABLE,人力资源-业务类-人员调动记录,10,"hospital_no,staff_id,transfer_id",False
JHEMR_VASTBASE,jhemr_vastbase_10_10_8_177,jhnis,jhnism_staff_teacher,TABLE,人力资源-业务类-带教老师,8,id,False
JHEMR_VASTBASE,jhemr_vastbase_10_10_8_177,jhnis,jhnism_staff_work_info,TABLE,人力资源-业务类-人员工作经历信息,8,id,False
JHEMR_VASTBASE,jhemr_vastbase_10_10_8_177,jhnis,jhnism_staff_worksetting,TABLE,人力资源-字典类-护理人员岗位字典,10,"workcode,workid,deleteflag",False
JHEMR_VASTBASE,jhemr_vastbase_10_10_8_177,jhnis,jhnism_sysconfig,TABLE,护理管理-公共模块-护理管理参数表,6,"configcode,configkey",False
JHEMR_VASTBASE,jhemr_vastbase_10_10_8_177,jhnis,jhnism_table_record_change_log,TABLE,护理管理-日志类-数据表修改日志,17,"edu_level,change_col_name,modify_date",False
JHEMR_VASTBASE,jhemr_vastbase_10_10_8_177,jhnis,jhnism_templet_print_detail,TABLE,模护理打印-配置类-板打印模板配置明细表,5,"hospital_no,print_code,content_sql_columns_name",False
JHEMR_VASTBASE,jhemr_vastbase_10_10_8_177,jhnis,jhnism_test_course,TABLE,考试管理-业务类-考试科目信息表,7,"hospital_no,exam_course_id",False
JHEMR_VASTBASE,jhemr_vastbase_10_10_8_177,jhnis,jhnism_test_diff_coefficient,TABLE,考试管理-业务类-试卷难度系数明细表,8,"hospital_no,test_paper_plan_id,test_questions_type,difficulty_coefficient_id",False
JHEMR_VASTBASE,jhemr_vastbase_10_10_8_177,jhnis,jhnism_test_paper_answer,TABLE,考试管理-业务类-应该试者考试题目答案,10,"hospital_no,test_paper_id,test_questions_id,test_answer_id",False
JHEMR_VASTBASE,jhemr_vastbase_10_10_8_177,jhnis,jhnism_test_paper_detail,TABLE,考试管理-配置类-试卷明细记录,4,"hospital_no,test_paper_id,test_questions_id",False
JHEMR_VASTBASE,jhemr_vastbase_10_10_8_177,jhnis,jhnism_test_paper_item_type,TABLE,考试管理-配置类-试卷题型,8,"hospital_no,test_paper_id,test_questions_type_id",False
JHEMR_VASTBASE,jhemr_vastbase_10_10_8_177,jhnis,jhnism_test_paper_master,TABLE,考试管理-业务类-试卷主记录,17,"hospital_no,test_paper_id",False
JHEMR_VASTBASE,jhemr_vastbase_10_10_8_177,jhnis,jhnism_test_paper_plan,TABLE,考试管理-配置类-试卷组成方案主表,15,"hospital_no,test_paper_plan_id",False
JHEMR_VASTBASE,jhemr_vastbase_10_10_8_177,jhnis,jhnism_test_paper_plan_categ,TABLE,考试管理-配置类-试卷组成方案章节结构,3,"hospital_no,test_paper_plan_id,pro_category_id",False
JHEMR_VASTBASE,jhemr_vastbase_10_10_8_177,jhnis,jhnism_test_paper_plan_detail,TABLE,考试管理-配置类-试卷组成方案明细表,9,"hospital_no,test_paper_plan_id,test_questions_type",False
JHEMR_VASTBASE,jhemr_vastbase_10_10_8_177,jhnis,jhnism_test_professional_categ,TABLE,考试管理-业务类-专业类别,15,"hospital_no,pro_category_id",False
JHEMR_VASTBASE,jhemr_vastbase_10_10_8_177,jhnis,jhnism_test_questions,TABLE,考试管理-业务类-考试题目信息,14,"hospital_no,test_questions_id",False
JHEMR_VASTBASE,jhemr_vastbase_10_10_8_177,jhnis,jhnism_test_questions_answer,TABLE,考试管理-业务类-考试题目答案,7,"hospital_no,test_questions_id,test_answer_id",False
JHEMR_VASTBASE,jhemr_vastbase_10_10_8_177,jhnis,jhnism_test_rec,TABLE,考试管理-业务类-考试记录,24,"hospital_no,test_type,test_code",False
JHEMR_VASTBASE,jhemr_vastbase_10_10_8_177,jhnis,jhnism_test_rec_answer,TABLE,考试管理-业务类-应该试者考试题目答案,15,"hospital_no,test_type,test_code,staff_id,test_questions_id,test_answer_id,test_questions_codes",False
JHEMR_VASTBASE,jhemr_vastbase_10_10_8_177,jhnis,jhnism_test_rec_detail,TABLE,考试管理-业务类-考试明细记录,9,"hospital_no,test_type,test_code,staff_id,test_questions_id,test_questions_codes",False
JHEMR_VASTBASE,jhemr_vastbase_10_10_8_177,jhnis,jhnism_test_rec_evaluation,TABLE,"考试管理-业务类-考试评价记录
",21,"hospital_no,test_type,test_code,evaluation_code",False
JHEMR_VASTBASE,jhemr_vastbase_10_10_8_177,jhnis,jhnism_test_rec_limit_dept,TABLE,考试管理-配置类-考试安排限制科室,8,"hospital_no,test_type,test_code,dept_code",False
JHEMR_VASTBASE,jhemr_vastbase_10_10_8_177,jhnis,jhnism_test_rec_limit_edu_lev,TABLE,考试管理-配置类-考试安排限制人员学历,8,"hospital_no,test_type,test_code,edu_level_code",False
JHEMR_VASTBASE,jhemr_vastbase_10_10_8_177,jhnis,jhnism_test_rec_limit_ip,TABLE,考试管理-配置类-考试安排限制IP,10,"hospital_no,test_type,test_code,test_session_code",False
JHEMR_VASTBASE,jhemr_vastbase_10_10_8_177,jhnis,jhnism_test_rec_limit_staff,TABLE,考试管理-配置类-考试安排限制人员,9,"hospital_no,test_type,test_code,dept_code,staff_id",False
JHEMR_VASTBASE,jhemr_vastbase_10_10_8_177,jhnis,jhnism_test_rec_limit_title,TABLE,考试管理-配置类-考试安排限制人员职称,8,"hospital_no,test_type,test_code,title_code",False
JHEMR_VASTBASE,jhemr_vastbase_10_10_8_177,jhnis,jhnism_test_rec_limit_type,TABLE,考试管理-配置类-考试安排限制人员类型,8,"hospital_no,test_type,test_code,personnel_type_code",False
JHEMR_VASTBASE,jhemr_vastbase_10_10_8_177,jhnis,jhnism_test_rec_master,TABLE,考试管理-业务类-考试主记录,15,"hospital_no,test_type,test_code,staff_id",False
JHEMR_VASTBASE,jhemr_vastbase_10_10_8_177,jhnis,jhnism_test_rec_master_evalu,TABLE,考试管理-业务类-对考试 人员进行评价,16,"hospital_no,test_type,test_code,staff_id,evaluation_code",False
JHEMR_VASTBASE,jhemr_vastbase_10_10_8_177,jhnis,jhnism_test_rec_v_drill_dept_m,TABLE,"考试管理-映射类-考试记录 vs 科室培训及应急演练主表
",4,"hospital_no,test_type,test_code,train_drill_code",False
JHEMR_VASTBASE,jhemr_vastbase_10_10_8_177,jhnis,jhnism_test_rec_v_drill_nurs_m,TABLE,"考试管理-映射类-考试记录 vs 护理部培训及应急演练主表
",4,"hospital_no,test_type,test_code,train_drill_code",False
JHEMR_VASTBASE,jhemr_vastbase_10_10_8_177,jhnis,jhnism_test_rec_v_plan_dept_d,TABLE,"考试管理-映射类-考试记录 vs 科室培训计划明细表
",5,"hospital_no,test_type,test_code,train_plan_dept_code,train_plan_item_code",False
JHEMR_VASTBASE,jhemr_vastbase_10_10_8_177,jhnis,jhnism_test_rec_v_plan_dept_m,TABLE,"考试管理-映射类-考试记录 vs 科室培训计划主表
",4,"hospital_no,test_type,test_code,train_plan_dept_code",False
JHEMR_VASTBASE,jhemr_vastbase_10_10_8_177,jhnis,jhnism_test_rec_v_plan_nurse_d,TABLE,"考试管理-映射类-考试记录 vs 护理部培训计划明细表
",5,"hospital_no,test_type,test_code,train_plan_nurse_code,train_plan_item_code",False
JHEMR_VASTBASE,jhemr_vastbase_10_10_8_177,jhnis,jhnism_test_rec_v_plan_nurse_m,TABLE,"考试管理-映射类-考试记录 vs 护理部培训计划主表
",4,"hospital_no,test_type,test_code,train_plan_nurse_code",False
JHEMR_VASTBASE,jhemr_vastbase_10_10_8_177,jhnis,jhnism_test_score,TABLE,考试管理-业务类-考试成绩,5,"hospital_no,test_code,test_item_code",False
JHEMR_VASTBASE,jhemr_vastbase_10_10_8_177,jhnis,jhnism_train_and_drill_dept,TABLE,培训记录-业务类-科室培训及应急演练,24,train_drill_code,False
JHEMR_VASTBASE,jhemr_vastbase_10_10_8_177,jhnis,jhnism_train_and_drill_nursing,TABLE,培训记录-业务类-护理部培训及应急演练,19,train_drill_code,False
JHEMR_VASTBASE,jhemr_vastbase_10_10_8_177,jhnis,jhnism_train_evaluation_dept,TABLE,培训记录-业务类-科室教学管理记录（领导评价）,16,evaluation_code,False
JHEMR_VASTBASE,jhemr_vastbase_10_10_8_177,jhnis,jhnism_train_evaluation_part,TABLE,培训记录-业务类-培训参与人员列表,11,"evaluation_code,train_drill_code,staff_id",False
JHEMR_VASTBASE,jhemr_vastbase_10_10_8_177,jhnis,jhnism_train_morning_questions,TABLE,培训记录-业务类-科室周晨间提问记录,13,morning_questions_code,False
JHEMR_VASTBASE,jhemr_vastbase_10_10_8_177,jhnis,jhnism_train_participant_list,TABLE,培训记录-业务类-培训参与人员列表,7,"train_drill_code,staff_id",False
JHEMR_VASTBASE,jhemr_vastbase_10_10_8_177,jhnis,jhnism_train_plan_dept_detail,TABLE,培训记录-业务类-科室培训计划明细表,18,"train_plan_dept_code,train_plan_item_code",False
JHEMR_VASTBASE,jhemr_vastbase_10_10_8_177,jhnis,jhnism_train_plan_dept_master,TABLE,培训记录-业务类-科室培训计划主表,12,train_plan_dept_code,False
JHEMR_VASTBASE,jhemr_vastbase_10_10_8_177,jhnis,jhnism_train_plan_nurse_detail,TABLE,培训记录-业务类-护理部培训计划明细表,15,"train_plan_nurse_code,train_plan_item_code",False
JHEMR_VASTBASE,jhemr_vastbase_10_10_8_177,jhnis,jhnism_train_plan_nurse_master,TABLE,培训记录-业务类-护理部培训计划主表,11,train_plan_nurse_code,False
JHEMR_VASTBASE,jhemr_vastbase_10_10_8_177,jhnis,jhnism_train_rec,TABLE,培训记录-业务类-培训登记,16,"hospital_no,staff_id,start_date",False
JHEMR_VASTBASE,jhemr_vastbase_10_10_8_177,jhnis,jhnism_work_plan,TABLE,工作计划-业务类-工作计划记录表,24,plan_id,False
JHEMR_VASTBASE,jhemr_vastbase_10_10_8_177,jhnis,jhnism_work_plan_comment,TABLE,工作计划-业务类-工作计划评论表,8,comment_id,False
JHEMR_VASTBASE,jhemr_vastbase_10_10_8_177,jhnis,jhnism_work_plan_content,TABLE,工作计划-业务类-工作计划内容记录,10,content_id,False
JHEMR_VASTBASE,jhemr_vastbase_10_10_8_177,jhnis,jhnism_work_plan_operation,TABLE,工作计划-业务类-工作计划操作记录,5,operation_id,False
JHEMR_VASTBASE,jhemr_vastbase_10_10_8_177,jhnis,jhnism_work_plan_summary,TABLE,工作计划-业务类-工作计划总结,6,summary_id,False
JHEMR_VASTBASE,jhemr_vastbase_10_10_8_177,jhnis,jhnism_work_plan_view,TABLE,工作计划-业务类-工作计划查看记录表,7,view_id,False
JHEMR_VASTBASE,jhemr_vastbase_10_10_8_177,jhnis,jhnism_work_plan_vs_executor,TABLE,工作计划-映射类-工作计划与执行人对照表,6,executor_id,False
JHEMR_VASTBASE,jhemr_vastbase_10_10_8_177,jhnis,jhois_de_info_detail,TABLE,护理评估-业务类-存储数据元数据明细表,11,case_seq,False
JHEMR_VASTBASE,jhemr_vastbase_10_10_8_177,jhnis,jhois_de_info_detail_his,TABLE,护理评估-业务类-存储数据元数据明细历史表,16,rec_id,False
JHEMR_VASTBASE,jhemr_vastbase_10_10_8_177,jhnis,jhois_de_info_main,TABLE,护理评估-业务类-存储数据元数据主表,9,case_seq,False
JHEMR_VASTBASE,jhemr_vastbase_10_10_8_177,jhnis,jhois_de_sql,TABLE,护理评估-业务类-数据元取值SQL,3,"de_code,template_id",False
JHEMR_VASTBASE,jhemr_vastbase_10_10_8_177,jhnis,jhois_template_index,TABLE,护理评估-业务类-数据元模版表,16,template_id,False
JHEMR_VASTBASE,jhemr_vastbase_10_10_8_177,jhnis,vital_signs_rec_his,TABLE,护理管理-作废类-张海龙作废不再维护 2022-9-1,19,"patient_id,visit_id,recording_date,time_point,vital_signs,baby_no",False
JHEMR_VASTBASE,jhemr_vastbase_10_10_8_177,report,dept_maintenance,TABLE,北京市卫生局病案上报-业务类-科室与卫生局科室关联对照,4,"dept_code,hospital_no",True
JHEMR_VASTBASE,jhemr_vastbase_10_10_8_177,report,r_blood_transfusion,TABLE,病案编目-业务类-EMR 用血信息表,21,"patient_id,visit_id,hospital_no",True
JHEMR_VASTBASE,jhemr_vastbase_10_10_8_177,report,r_diag_comparing,TABLE,病案编目-业务类-EMR诊断符合情况表,5,"patient_id,visit_id,diag_compare_group",True
JHEMR_VASTBASE,jhemr_vastbase_10_10_8_177,report,r_diagnosis_baby,TABLE,病案编目-业务类-EMR 新生儿诊断畸形表,8,"patient_id,visit_id,diagnosis_no",True
JHEMR_VASTBASE,jhemr_vastbase_10_10_8_177,report,r_diagnosis_doct,TABLE,病案编目-业务类-诊断编目表,50,"patient_id,visit_id,diagnosis_type,diagnosis_no,hospital_no",True
JHEMR_VASTBASE,jhemr_vastbase_10_10_8_177,report,r_emr_pat_antibiotics,TABLE,病案编目-业务类-抗菌药物编目信息,25,"patient_id,visit_id,hospital_no,id",True
JHEMR_VASTBASE,jhemr_vastbase_10_10_8_177,report,r_grave_ward_detail,TABLE,病案编目-业务类-重症监护明细表,46,"patient_id,visit_id,ward_name,enter_time,hospital_no",True
JHEMR_VASTBASE,jhemr_vastbase_10_10_8_177,report,r_jhemr_cchi,TABLE,病案编目-业务类-CCHI编目信息表,15,,False
JHEMR_VASTBASE,jhemr_vastbase_10_10_8_177,report,r_jhinpat_fee_detail_items38,TABLE,病案编目-业务类-患者费用表,59,"patient_id,visit_id,hospital_no",True
JHEMR_VASTBASE,jhemr_vastbase_10_10_8_177,report,r_operation_doct,TABLE,病案编目-业务类-手术编目表,189,"patient_id,visit_id,operation_no,hospital_no,display_no",True
JHEMR_VASTBASE,jhemr_vastbase_10_10_8_177,report,r_operation_doct_shushi,TABLE,病案编目-业务类-手术编目表,10,"patient_id,visit_id,operation_no,operation_shushi_no,hospital_no,operation_type",True
JHEMR_VASTBASE,jhemr_vastbase_10_10_8_177,report,r_pat_delivery,TABLE,病案编目-业务类-产科患者信息,47,"patient_id,hospital_no,visit_id",True
JHEMR_VASTBASE,jhemr_vastbase_10_10_8_177,report,r_pat_instrument_use,TABLE,病案编目-业务类-住院期间器材使用表,14,"patient_id,visit_id,instrument_use_no,hospital_no",True
JHEMR_VASTBASE,jhemr_vastbase_10_10_8_177,report,r_pat_master_index,TABLE,北京市卫生局病案上报-业务类-患者基本信息编目表,53,"patient_id,hospital_no",True
JHEMR_VASTBASE,jhemr_vastbase_10_10_8_177,report,r_pat_neonatus_info,TABLE,病案编目-业务类-新生儿患者基本信息编目表,48,"patient_id,visit_id",True
JHEMR_VASTBASE,jhemr_vastbase_10_10_8_177,report,r_pat_physical_restraint,TABLE,病案编目-业务类-住院期间身体约束编目表,7,"patient_id,visit_id,restraint_no,hospital_no",True
JHEMR_VASTBASE,jhemr_vastbase_10_10_8_177,report,r_pat_pressure_sore,TABLE,病案编目-业务类-患者压疮信息,19,"patient_id,visit_id,hospital_no,pressure_part,pressure_type",True
JHEMR_VASTBASE,jhemr_vastbase_10_10_8_177,report,r_pat_tumour,TABLE,病案编目-业务类-患者化疗编目表,37,"visit_id,patient_id,hospital_no",True
JHEMR_VASTBASE,jhemr_vastbase_10_10_8_177,report,r_pat_tumour_detail,TABLE,病案编目-业务类-患者化疗编目表,12,"detail_no,visit_id,patient_id,hospital_no",True
JHEMR_VASTBASE,jhemr_vastbase_10_10_8_177,report,r_pat_visit,TABLE,病案编目-业务类-基本信息编目表,385,"visit_id,patient_id,hospital_no",True
JHEMR_VASTBASE,jhemr_vastbase_10_10_8_177,report,r_pat_visit1,TABLE,病案编目-业务类-患者信息编目表,650,"visit_id,patient_id,hospital_no",True
JHEMR_VASTBASE,jhemr_vastbase_10_10_8_177,report,r_pat_visit_consult,TABLE,病案编目-业务类-患者会诊信息表,7,"patient_id,visit_id,consult_no",True
JHEMR_VASTBASE,jhemr_vastbase_10_10_8_177,report,r_pat_visit_mental,TABLE,病案编目-业务类-编目精神治疗数据表,9,"patient_id,visit_id,mental_id,hospital_no",False
JHEMR_VASTBASE,jhemr_vastbase_10_10_8_177,report,r_pat_visit_tcaoad,TABLE,病案编目-业务类-抗菌药物治疗数据表,11,"visit_id,patient_id,tcaoad_id,hospital_no",False
JHEMR_VASTBASE,jhemr_vastbase_10_10_8_177,report,r_pat_visit_treat_fl,TABLE,病案编目-业务类-编目放射治疗数据表,11,"visit_id,patient_id,fl_id,hospital_no",False
JHEMR_VASTBASE,jhemr_vastbase_10_10_8_177,report,r_pat_visit_treat_hl,TABLE,病案编目-业务类-编目化学药物治疗表,11,"visit_id,patient_id,hl_id,hospital_no",False
JHEMR_VASTBASE,jhemr_vastbase_10_10_8_177,report,set_boh_dict_detail,TABLE,北京市卫生局病案上报-业务类-卫生局字典明细,5,"boh_dict_id,boh_dict_name,item_code",True
JHEMR_VASTBASE,jhemr_vastbase_10_10_8_177,report,set_report_hospital_config,TABLE,北京市卫生局病案上报-业务类-卫生局上报医院基本信息,5,xml_attribute_name,True
JHEMR_VASTBASE,jhemr_vastbase_10_10_8_177,report,stat_doctorwork,TABLE,报表统计-业务类-门诊医生手术工作量(CaseRoom_Stat.DoctorWork),11,id,True
JHEMR_VASTBASE,jhemr_vastbase_10_10_8_177,report,stat_oupdoctor,TABLE,报表统计-业务类-医生门诊工作量日报(CaseRoom_Stat.STODRD2D),19,id,True
JHEMR_VASTBASE,jhemr_vastbase_10_10_8_177,report,stat_ouppatient,TABLE,报表统计-业务类-各科门诊工作量(CaseRoom.Stat.STOCD2D ),35,id,True
JHEMR_VASTBASE,jhemr_vastbase_10_10_8_177,report,stat_query_item_dict,TABLE,报表统计-业务类-病案查询项目字典,15,"field_name,field_comment,table_name",False
JHEMR_VASTBASE,jhemr_vastbase_10_10_8_177,report,stat_sickroom,TABLE,报表统计-业务类-病房动态日报(CaseRoom_Stat.STDPTD2D),21,id,True
JHEMR_VASTBASE,jhemr_vastbase_10_10_8_177,report,stat_users,TABLE,北京市卫生局病案上报-业务类-编目医师信息表,12,"user_id,hospital_no",False
