system_category,source_system,source_system_cn,source_database,schema_name,table_name,table_name_cn,business_domain,table_role,row_count,column_count,include_status,pk,confidence,exclude_reason,ods_same_name_covered,note,source
ods_center,ods_his,HIS 抽取区,data_center_ods,HIS,血栓弹力图试验TEG,,,,0,31,candidate,,,,,,metadata
ods_center,ods_his,HIS 抽取区,data_center_ods,HIS,非心电图室收取常规心电图检查,,,,0,29,candidate,,,,,,metadata
ods_center,ods_his,HIS 抽取区,data_center_ods,HIS,收取机械辅助排痰费用同时收取,,,,0,30,candidate,,,,,,metadata
ods_center,ods_his,HIS 抽取区,data_center_ods,HIS,脊柱椎间融合器植入植骨融合术时,,,,0,35,candidate,,,,,,metadata
ods_center,ods_his,HIS 抽取区,data_center_ods,HIS,肺癌根治术收取肺楔形切除术,,,,0,35,candidate,,,,,,metadata
ods_center,ods_his,HIS 抽取区,data_center_ods,HIS,肠切除术费用同时收取肠粘连松解,,,,0,30,candidate,,,,,,metadata
ods_center,ods_his,HIS 抽取区,data_center_ods,HIS,开展关节置换术同时收取,,,,0,36,candidate,,,,,,metadata
ods_center,ods_his,HIS 抽取区,data_center_ods,HIS,开展断指再植术同时收取肌腱,,,,0,36,candidate,,,,,,metadata
ods_center,ods_his,HIS 抽取区,data_center_ods,HIS,收取单胎顺产接生费用同时收取宫,,,,0,31,candidate,,,,,,metadata
ods_center,ods_his,HIS 抽取区,data_center_ods,HIS,收取一次性使用麻醉穿刺包费用,,,,0,28,candidate,,,,,,metadata
ods_center,ods_his,HIS 抽取区,data_center_ods,HIS,收取一次性床垫费用住院,,,,0,29,candidate,,,,,,metadata
ods_center,ods_his,HIS 抽取区,data_center_ods,HIS,收取一次性床垫费用门诊,,,,0,24,candidate,,,,,,metadata
ods_center,ods_his,HIS 抽取区,data_center_ods,HIS,CA_STAMPSIGN_LOG,CA签名日志,,,0,7,candidate,,,,,,metadata
ods_center,ods_his,HIS 抽取区,data_center_ods,HIS,ORDER_BILLING_LOG,医嘱滚费日志表,,,0,17,candidate,,,,,,metadata
ods_center,ods_his,HIS 抽取区,data_center_ods,HIS,ORDER_BILLING_LOG_TEST,医嘱滚费日志表,,,0,17,candidate,,,,,,metadata
ods_center,ods_his,HIS 抽取区,data_center_ods,HIS,违规数据,,,,0,65,candidate,,,,,,metadata
ods_center,ods_his,HIS 抽取区,data_center_ods,HIS,ORDER_BILLING_TYPE_LOG,医嘱滚费异常日志表,,,0,8,candidate,,,,,,metadata
ods_center,ods_his,HIS 抽取区,data_center_ods,HIS,ORDER_BILLING_TYPE_LOG_TEST,医嘱滚费异常日志表,,,0,8,candidate,,,,,,metadata
ods_center,ods_his,HIS 抽取区,data_center_ods,HIS,ORDERS_COSTS_TEST,医嘱计价项目,,,0,25,candidate,,,,,,metadata
ods_center,ods_his,HIS 抽取区,data_center_ods,HIS,ORDERS_TEST,医嘱,,,0,84,candidate,,,,,,metadata
ods_center,ods_his,HIS 抽取区,data_center_ods,HIS,PATS_IN_HOSPITAL_TEST,在院病人记录,,,0,33,candidate,,,,,,metadata
ods_center,ods_his,HIS 抽取区,data_center_ods,HIS,SYS_EMPLOYEE,员工,,,2453,37,candidate,,,,,,metadata
ods_center,ods_his,HIS 抽取区,data_center_ods,HIS,EXP_DICT_1,,,,0,2,candidate,,,,,,metadata
ods_center,ods_his,HIS 抽取区,data_center_ods,HIS,EXP_DICT_Z,,,,0,4,candidate,,,,,,metadata
ods_center,ods_his,HIS 抽取区,data_center_ods,HIS,EXP_DICT_ZZ,,,,0,4,candidate,,,,,,metadata
ods_center,ods_his,HIS 抽取区,data_center_ods,HIS,EXP_DICT_ZZD,,,,10898,4,candidate,,,,,,metadata
ods_center,ods_his,HIS 抽取区,data_center_ods,HIS,FLJL,,,,2477,34,candidate,,,,,,metadata
ods_center,ods_his,HIS 抽取区,data_center_ods,HIS,CHARGE_TYPE_DICT_ZDY,,,,16,3,candidate,,,,,,metadata
ods_center,ods_his,HIS 抽取区,data_center_ods,HIS,CHARGE_TYPE_DICT_ZDY_BX,,,,16,3,candidate,,,,,,metadata
ods_center,ods_his,HIS 抽取区,data_center_ods,HIS,OPERATION_GB,,,,8880,2,candidate,,,,,,metadata
ods_center,ods_his,HIS 抽取区,data_center_ods,HIS,OPERATION_YB,,,,36791,2,candidate,,,,,,metadata
ods_center,ods_his,HIS 抽取区,data_center_ods,HIS,DIAGNOSIS_GB,,,,22916,2,candidate,,,,,,metadata
ods_center,ods_his,HIS 抽取区,data_center_ods,HIS,ZJH,,,,9200,5,candidate,,,,,,metadata
ods_center,ods_his,HIS 抽取区,data_center_ods,HIS,ORDERS00507543,,,,52,88,candidate,,,,,,metadata
ods_center,ods_his,HIS 抽取区,data_center_ods,HIS,NURSING_DEPT_REL,门诊护理单元与科室关联表,,,0,4,candidate,,,,,,metadata
ods_center,ods_his,HIS 抽取区,data_center_ods,HIS,INSUR_VSH_CENTER_ITEM_NEW_TEMP,,,,0,43,candidate,,,,,,metadata
ods_center,ods_his,HIS 抽取区,data_center_ods,HIS,REJECT_ITEM,项目互斥维护表,,,0,9,candidate,,,,,,metadata
ods_center,ods_his,HIS 抽取区,data_center_ods,HIS,DW_PROJECT_INFO_ONE,对照目录-省二,,,0,53,candidate,,,,,,metadata
ods_center,ods_his,HIS 抽取区,data_center_ods,HIS,ORDERS_EXECUTE_DETAILS_TEST,医嘱执行明细-拆分使用的测试表 勿动,,,0,30,candidate,,,,,,metadata
ods_center,ods_his,HIS 抽取区,data_center_ods,HIS,ORDER_SPLIT_LOG,医嘱拆解日志表,,,0,15,candidate,,,,,,metadata
ods_center,ods_his,HIS 抽取区,data_center_ods,HIS,ORDER_SPLIT_LOG_TEST,医嘱拆解日志表,,,0,15,candidate,,,,,,metadata
ods_center,ods_his,HIS 抽取区,data_center_ods,HIS,DW_PROJECT_INFO0401,对照目录-省二,,,0,53,candidate,,,,,,metadata
ods_center,ods_his,HIS 抽取区,data_center_ods,HIS,病种数据,,,,0,10,candidate,,,,,,metadata
ods_center,ods_his,HIS 抽取区,data_center_ods,HIS,EMPL_LEVE,,,,0,5,candidate,,,,,,metadata
ods_center,ods_his,HIS 抽取区,data_center_ods,HIS,EXAM_CLASS_DICT_NEW,,,,23,13,candidate,,,,,,metadata
ods_center,ods_his,HIS 抽取区,data_center_ods,HIS,OPS_CLINIC_DEPT_VS,,,,0,4,candidate,,,,,,metadata
ods_center,ods_his,HIS 抽取区,data_center_ods,HIS,手术标本检查与诊断单切,,,,0,69,candidate,,,,,,metadata
ods_center,ods_his,HIS 抽取区,data_center_ods,HIS,INSUR_VSH_CENTER_ITEM_NEW,,,,0,43,candidate,,,,,,metadata
ods_center,ods_his,HIS 抽取区,data_center_ods,HIS,肩外展功能重建术,,,,0,65,candidate,,,,,,metadata
ods_center,ods_his,HIS 抽取区,data_center_ods,HIS,YYXMBM,,,,0,4,candidate,,,,,,metadata
ods_center,ods_his,HIS 抽取区,data_center_ods,HIS,INSUR_VSH_CENTER_ITEM_NEW0401,,,,0,43,candidate,,,,,,metadata
ods_center,ods_his,HIS 抽取区,data_center_ods,HIS,胸腔闭式引流,,,,0,65,candidate,,,,,,metadata
ods_center,ods_his,HIS 抽取区,data_center_ods,HIS,收取临床操作的彩色多普勒,,,,0,67,candidate,,,,,,metadata
ods_center,ods_his,HIS 抽取区,data_center_ods,HIS,术中体温监测,,,,0,65,candidate,,,,,,metadata
ods_center,ods_his,HIS 抽取区,data_center_ods,HIS,DW_PROJECT_INFO,对照目录-省二,,,0,53,candidate,,,,,,metadata
ods_center,ods_his,HIS 抽取区,data_center_ods,HIS,YYXMBM0401,,,,0,4,candidate,,,,,,metadata
ods_center,ods_his,HIS 抽取区,data_center_ods,HIS,冠状动脉成像时同时收取增强扫描,,,,0,65,candidate,,,,,,metadata
ods_center,ods_his,HIS 抽取区,data_center_ods,HIS,不得重复收取气管切开护理,,,,0,65,candidate,,,,,,metadata
ods_center,ods_his,HIS 抽取区,data_center_ods,HIS,不得重复收取一般专项护理,,,,0,65,candidate,,,,,,metadata
ods_center,ods_his,HIS 抽取区,data_center_ods,HIS,收取心肺复苏术费用同时收气管,,,,0,65,candidate,,,,,,metadata
ods_center,ods_his,HIS 抽取区,data_center_ods,HIS,DW_PROJECT_DOWNLOAD_LOG0401,,,,944,9,candidate,,,,,,metadata
ods_center,ods_his,HIS 抽取区,data_center_ods,HIS,重复收取局部浸润麻醉,,,,0,65,candidate,,,,,,metadata
ods_center,ods_his,HIS 抽取区,data_center_ods,HIS,乳腺肿物切除术,,,,0,65,candidate,,,,,,metadata
ods_center,ods_his,HIS 抽取区,data_center_ods,HIS,血清总蛋白测定超1次收费,,,,0,65,candidate,,,,,,metadata
ods_center,ods_his,HIS 抽取区,data_center_ods,HIS,血清天门冬氨酸氨基转移酶测定,,,,0,65,candidate,,,,,,metadata
ods_center,ods_his,HIS 抽取区,data_center_ods,HIS,C反应蛋白,,,,0,65,candidate,,,,,,metadata
ods_center,ods_his,HIS 抽取区,data_center_ods,HIS,BNP,,,,0,65,candidate,,,,,,metadata
ods_center,ods_his,HIS 抽取区,data_center_ods,HIS,不得收取麻醉中监测费用,,,,0,65,candidate,,,,,,metadata
ods_center,ods_his,HIS 抽取区,data_center_ods,HIS,肿瘤标志物,,,,0,66,candidate,,,,,,metadata
ods_center,ods_his,HIS 抽取区,data_center_ods,HIS,日常生活能力评定,,,,0,65,candidate,,,,,,metadata
ods_center,ods_his,HIS 抽取区,data_center_ods,HIS,孕酮测定限女性,,,,0,65,candidate,,,,,,metadata
ods_center,ods_his,HIS 抽取区,data_center_ods,HIS,游离前列腺特异性抗原测定,,,,0,65,candidate,,,,,,metadata
ods_center,ods_his,HIS 抽取区,data_center_ods,HIS,BED_REC_LOG,床位状态变更记录,,,0,9,candidate,,,,,,metadata
ods_center,ods_his,HIS 抽取区,data_center_ods,HIS,TMEP1,,,,0,10,candidate,,,,,,metadata
ods_center,ods_his,HIS 抽取区,data_center_ods,HIS,水合氯醛糖浆组合包装违规记录表,,,,0,65,candidate,,,,,,metadata
ods_center,ods_his,HIS 抽取区,data_center_ods,HIS,七叶皂苷注射液,,,,0,65,candidate,,,,,,metadata
ods_center,ods_his,HIS 抽取区,data_center_ods,HIS,整蛋白型肠内营养剂,,,,0,65,candidate,,,,,,metadata
ods_center,ods_his,HIS 抽取区,data_center_ods,HIS,复方氨基酸注射液,,,,0,65,candidate,,,,,,metadata
ods_center,ods_his,HIS 抽取区,data_center_ods,HIS,单方,,,,0,65,candidate,,,,,,metadata
ods_center,ods_his,HIS 抽取区,data_center_ods,HIS,中长链脂肪乳注射液,,,,0,65,candidate,,,,,,metadata
ods_center,ods_his,HIS 抽取区,data_center_ods,HIS,妇科特殊治疗限女性,,,,0,65,candidate,,,,,,metadata
ods_center,ods_his,HIS 抽取区,data_center_ods,HIS,盐酸坦索罗辛缓释胶囊女用男药,,,,0,65,candidate,,,,,,metadata
ods_center,ods_his,HIS 抽取区,data_center_ods,HIS,黄体酮注射液限女性,,,,0,65,candidate,,,,,,metadata
ods_center,ods_his,HIS 抽取区,data_center_ods,HIS,阴囊坏死扩创术限男性,,,,0,65,candidate,,,,,,metadata
ods_center,ods_his,HIS 抽取区,data_center_ods,HIS,大关节松动训练单日计费大于1,,,,0,65,candidate,,,,,,metadata
ods_center,ods_his,HIS 抽取区,data_center_ods,HIS,乳腺肿物穿刺术计价为次,,,,0,65,candidate,,,,,,metadata
ods_center,ods_his,HIS 抽取区,data_center_ods,HIS,言语训练单日计费大于1,,,,0,65,candidate,,,,,,metadata
ods_center,ods_his,HIS 抽取区,data_center_ods,HIS,运动疗法每日支付不超过2次,,,,0,65,candidate,,,,,,metadata
ods_center,ods_his,HIS 抽取区,data_center_ods,HIS,作业疗法每日支付不超过1次,,,,0,65,candidate,,,,,,metadata
ods_center,ods_his,HIS 抽取区,data_center_ods,HIS,日常生活能力评定一个疾病过程,,,,0,65,candidate,,,,,,metadata
ods_center,ods_his,HIS 抽取区,data_center_ods,HIS,咽鼓管压力测定,,,,0,67,candidate,,,,,,metadata
ods_center,ods_his,HIS 抽取区,data_center_ods,HIS,稳态诱听,,,,0,67,candidate,,,,,,metadata
ods_center,ods_his,HIS 抽取区,data_center_ods,HIS,经同一切口进行的两种不同疾病,,,,0,65,candidate,,,,,,metadata
ods_center,ods_his,HIS 抽取区,data_center_ods,HIS,同一手术两个切口,,,,0,65,candidate,,,,,,metadata
ods_center,ods_his,HIS 抽取区,data_center_ods,HIS,PUB_DICTIONARY,数据字典,,,6318,31,candidate,,,,,,metadata
ods_center,ods_his,HIS 抽取区,data_center_ods,HIS,MR_AREA_DICT,病人来源字典,,,2990,6,candidate,,,,,,metadata
ods_center,ods_his,HIS 抽取区,data_center_ods,HIS,WAED_ADT_DAY,护理伤病员流动日统计记录,,,98291,25,candidate,,,,,,metadata
ods_center,ods_his,HIS 抽取区,data_center_ods,HIS,DEPT_ADT_DAY,科室伤病员流动日统计记录,,,433053,24,candidate,,,,,,metadata
ods_center,ods_his,HIS 抽取区,data_center_ods,HIS,INP_BILL_DETAIL,住院病人费用明细记录,住院费用,,215721688,74,core,PATIENT_ID|VISIT_ID,A,,,"巨表(约2亿行),查询必限定",curated
ods_center,ods_his,HIS 抽取区,data_center_ods,HIS,DEPT_VS_WARD,临床科室与病房（区）对照,,,184,2,candidate,,,,,,metadata
ods_center,ods_his,HIS 抽取区,data_center_ods,HIS,WARD_TRANSFER,病人在科记录,,,253805,16,candidate,,,,,,metadata
ods_center,ods_his,HIS 抽取区,data_center_ods,HIS,MR_COMM_VS_HIS_COMM,2011版病案首页国家基础数据与HIS对照字典,,,82,5,candidate,,,,,,metadata
ods_center,ods_his,HIS 抽取区,data_center_ods,HIS,ORDERS,医嘱,医嘱,,41033865,88,core,PATIENT_ID|VISIT_ID|ORDER_NO,B,,,状态1新开2执行3停止有效/4作废无效,curated
ods_center,ods_his,HIS 抽取区,data_center_ods,HIS,OUTP_MR_DIAG_DESC,门诊病历诊断记录,,,3135738,13,candidate,,,,,,metadata
ods_center,ods_his,HIS 抽取区,data_center_ods,HIS,NATION_DICT,民族字典,,,58,9,candidate,,,,,,metadata
ods_center,ods_his,HIS 抽取区,data_center_ods,HIS,EXAM_MASTER,检查主记录 ,检查,,3385322,58,core,EXAM_NO,A,,,"EXAM_CLASS 存中文(CT/磁共振),非字典内码",curated
ods_center,ods_his,HIS 抽取区,data_center_ods,HIS,OPS_TREAT_NARCOTISM,门诊手术处置麻醉信息,,,577,12,candidate,,,,,,metadata
ods_center,ods_his,HIS 抽取区,data_center_ods,HIS,NEWBORN_REC,,,,8603,75,candidate,,,,,,metadata
ods_center,ods_his,HIS 抽取区,data_center_ods,HIS,PAT_MASTER_INDEX,病人主索引,患者主数据,,1939319,113,core,PATIENT_ID,A,,,患者主索引;含 INP_NO 住院号用于关联 EMR 文书,curated
ods_center,ods_his,HIS 抽取区,data_center_ods,HIS,OPERATION,手术记录,手术,,527895,31,core,PATIENT_ID|VISIT_ID|OPERATION_NO,B,,,"OPER_ID 全为 NULL,不要用它关联手麻",curated
ods_center,ods_his,HIS 抽取区,data_center_ods,HIS,CONSULTATION_DOCTOR_DETAIL,会诊子表,,,456577,16,candidate,,,,,,metadata
ods_center,ods_his,HIS 抽取区,data_center_ods,HIS,CONSULTATION_DOCTOR_MASTER,会诊主表,,,456265,18,candidate,,,,,,metadata
ods_center,ods_his,HIS 抽取区,data_center_ods,HIS,OUTP_MR,门诊病历记录,门诊,,5684755,43,core,,B,,,与门诊就诊关联,curated
ods_center,ods_his,HIS 抽取区,data_center_ods,HIS,OUTP_ORDERS,门诊医嘱主记录,,,11768337,17,candidate,,,,,,metadata
ods_center,ods_his,HIS 抽取区,data_center_ods,HIS,DIAGNOSIS_DICT,疾病字典,,,50220,34,candidate,,,,,,metadata
ods_center,ods_his,HIS 抽取区,data_center_ods,HIS,CLINIC_VS_CHARGE,临床诊疗项目与价表项目对照表,,,23771,12,candidate,,,,,,metadata
ods_center,ods_his,HIS 抽取区,data_center_ods,HIS,STAFF_GROUP_DICT,工作组字典,,,555,7,candidate,,,,,,metadata
ods_center,ods_his,HIS 抽取区,data_center_ods,HIS,EXAM_REPORT,检查报告,检查,,1314456,14,core,EXAM_NO,A,,,"无 PATIENT_ID,必经 EXAM_NO 关联 EXAM_MASTER",curated
ods_center,ods_his,HIS 抽取区,data_center_ods,HIS,CDA_DICTIONARY,,,,39730,6,candidate,,,,,,metadata
ods_center,ods_his,HIS 抽取区,data_center_ods,HIS,PAT_MASTER_RENAME_LOG,修改姓名记录表,,,12253,9,candidate,,,,,,metadata
ods_center,ods_his,HIS 抽取区,data_center_ods,HIS,OUTP_ORDER_DESC,开单记录,,,13056770,13,candidate,,,,,,metadata
ods_center,ods_his,HIS 抽取区,data_center_ods,HIS,OUTP_TREAT_REC,检查治疗医嘱明细记录,,,10906462,37,candidate,,,,,,metadata
ods_center,ods_his,HIS 抽取区,data_center_ods,HIS,DRUG_DISPENSE_REC_MASTER,医嘱打印记录表,,,2725733,9,candidate,,,,,,metadata
ods_center,ods_his,HIS 抽取区,data_center_ods,HIS,DRUG_PRESC_DETAIL,药品处方明细记录,,,15510667,35,candidate,,,,,,metadata
ods_center,ods_his,HIS 抽取区,data_center_ods,HIS,DEPT_VS_WARD_NEW,临床科室与病房（区）对照,,,228,3,candidate,,,,,,metadata
ods_center,ods_his,HIS 抽取区,data_center_ods,HIS,RECK_ITEM_CLASS_DICT,核算项目分类字典,,,33,9,candidate,,,,,,metadata
ods_center,ods_his,HIS 抽取区,data_center_ods,HIS,DIAGNOSIS_EMR,,,,181305,12,candidate,,,,,,metadata
ods_center,ods_his,HIS 抽取区,data_center_ods,HIS,SETTLE_ZY_REC,,,,305341,33,candidate,,,,,,metadata
ods_center,ods_his,HIS 抽取区,data_center_ods,HIS,CLINIC_RETURNED_ACCT,挂号结帐主记录,,,86561,24,candidate,,,,,,metadata
ods_center,ods_his,HIS 抽取区,data_center_ods,HIS,OUTP_BILL_ITEMS,门诊病人诊疗费用项目,门诊费用,,28614987,64,core,RCPT_NO|ITEM_NO,B,,,,curated
ods_center,ods_his,HIS 抽取区,data_center_ods,HIS,STAT_WARD_MODIFYFIX,,,,39,12,candidate,,,,,,metadata
ods_center,ods_his,HIS 抽取区,data_center_ods,HIS,PATIENT_STATUS_DICT,病情状态字典,,,3,4,candidate,,,,,,metadata
ods_center,ods_his,HIS 抽取区,data_center_ods,HIS,LAB_TEST_MASTER,检验主记录,检验,,9134900,49,core,TEST_NO,A,,,检验主表;住院 VISIT_ID 或 0/NULL=门诊,curated
ods_center,ods_his,HIS 抽取区,data_center_ods,HIS,DRUG_DISPENSE_REC,摆药记录,,,47120278,30,candidate,,,,,,metadata
ods_center,ods_his,HIS 抽取区,data_center_ods,HIS,DEPT_DICT,科室字典,科室字典,,815,46,core,DEPT_CODE,A,,,含院内 DEPT_CODE/NAME;QMPT 为平台标准(如有),curated
ods_center,ods_his,HIS 抽取区,data_center_ods,HIS,PRICE_LIST,价表,,,99554,46,candidate,,,,,,metadata
ods_center,ods_his,HIS 抽取区,data_center_ods,HIS,AREA_DICT,行政区字典,,,3027,11,candidate,,,,,,metadata
ods_center,ods_his,HIS 抽取区,data_center_ods,HIS,CLINIC_ITEM_DICT,临床诊疗项目字典,,,19062,32,candidate,,,,,,metadata
ods_center,ods_his,HIS 抽取区,data_center_ods,HIS,DOCTOR_GROUP,,,,1150,7,candidate,,,,,,metadata
ods_center,ods_his,HIS 抽取区,data_center_ods,HIS,LAB_RESULT,检验结果,检验,,96312418,26,core,TEST_NO|ITEM_NO|PRINT_ORDER,A,,,"约1亿行,查询必用 TEST_NO 限定",curated
ods_center,ods_his,HIS 抽取区,data_center_ods,HIS,PAT_VISIT,病人住院主记录,就诊,,575041,268,core,PATIENT_ID|VISIT_ID,A,,,住院就诊事实主表;出院时间常用于上报范围,curated
ods_center,ods_his,HIS 抽取区,data_center_ods,HIS,MR_BASE_DICT,病案接口公共编码字典,,,573,5,candidate,,,,,,metadata
ods_center,ods_his,HIS 抽取区,data_center_ods,HIS,DRUG_PRESC_MASTER,药品处方主记录,,,6215528,60,candidate,,,,,,metadata
ods_center,ods_his,HIS 抽取区,data_center_ods,HIS,OPERATION_MASTER,手术信息,,,198941,46,candidate,,,,,,metadata
ods_center,ods_his,HIS 抽取区,data_center_ods,HIS,STAT_VS_CHARGE_TYPE,卫统5医保接口用医疗付款方式(停用，启用新表),,,16,9,candidate,,,,,,metadata
ods_center,ods_his,HIS 抽取区,data_center_ods,HIS,CLINIC_MASTER,就诊记录,门诊,,5642875,94,core,PATIENT_ID|VISIT_DATE|VISIT_NO,B,,,门诊主线,curated
ods_center,ods_his,HIS 抽取区,data_center_ods,HIS,OUTP_RCPT_MASTER,门诊医疗收据记录,门诊费用,,9819756,56,core,RCPT_NO,B,,,,curated
ods_center,ods_his,HIS 抽取区,data_center_ods,HIS,ADMINISTRATION_DICT,给药途径字典,,,108,11,candidate,,,,,,metadata
ods_center,ods_his,HIS 抽取区,data_center_ods,HIS,SPECIMAN_DICT,标本字典,,,240,12,candidate,,,,,,metadata
ods_center,ods_his,HIS 抽取区,data_center_ods,HIS,LAB_TEST_ITEMS,检验项目,检验,,9602577,16,core,TEST_NO|ITEM_NO,A,,,PK_LAB_TEST_ITEMS2=ORDER_ID+ORDER_ITEM_ID,curated
ods_center,ods_his,HIS 抽取区,data_center_ods,HIS,STAFF_DICT,工作人员字典,人员字典,,4216,30,core,EMP_NO,A,,,医师工号/姓名/身份证,curated
ods_center,ods_his,HIS 抽取区,data_center_ods,HIS,FLJL_copy1,,,,2509,34,candidate,,,,,,metadata
ods_center,ods_his,HIS 抽取区,data_center_ods,HIS,病房床位费,,,,0,14,candidate,,,,,,metadata
ods_center,ods_his,HIS 抽取区,data_center_ods,HIS,住院诊查费,,,,0,14,candidate,,,,,,metadata
ods_center,ods_his,HIS 抽取区,data_center_ods,HIS,基础护理费,,,,0,14,candidate,,,,,,metadata
ods_center,ods_his,HIS 抽取区,data_center_ods,HIS,防褥疮气垫加收费用,,,,0,15,candidate,,,,,,metadata
ods_center,ods_his,HIS 抽取区,data_center_ods,HIS,氧气吸入费用,,,,0,19,candidate,,,,,,metadata
ods_center,ods_his,HIS 抽取区,data_center_ods,HIS,血氧饱和度监测,,,,0,19,candidate,,,,,,metadata
ods_center,ods_his,HIS 抽取区,data_center_ods,HIS,心电监测费用,,,,0,19,candidate,,,,,,metadata
ods_center,ods_his,HIS 抽取区,data_center_ods,HIS,收取疾病健康教育费用,,,,0,29,candidate,,,,,,metadata
ods_center,ods_his,HIS 抽取区,data_center_ods,HIS,收取高流量湿化氧疗费用同时收取,,,,0,22,candidate,,,,,,metadata
ods_center,ods_his,HIS 抽取区,data_center_ods,HIS,收取疼痛综合评估费用,,,,0,29,candidate,,,,,,metadata
ods_center,ods_his,HIS 抽取区,data_center_ods,HIS,胃肠减压费用,,,,0,28,candidate,,,,,,metadata
ods_center,ods_his,HIS 抽取区,data_center_ods,HIS,ACT监测大于1次,,,,0,28,candidate,,,,,,metadata
ods_center,ods_his,HIS 抽取区,data_center_ods,HIS,心外科收取手术项下ACT监测费用,,,,0,32,candidate,,,,,,metadata
ods_center,ods_his,HIS 抽取区,data_center_ods,HIS,编码33手术项目中项目名称带腹腔,,,,0,31,candidate,,,,,,metadata
ods_center,ods_his,HIS 抽取区,data_center_ods,HIS,收取麻醉中监测费用同时收,,,,0,30,candidate,,,,,,metadata
ods_center,ods_his,HIS 抽取区,data_center_ods,HIS,收取冷光源治疗费用,,,,0,27,candidate,,,,,,metadata
ods_center,ods_his,HIS 抽取区,data_center_ods,HIS,收取一次性使用呼吸过滤器费用,,,,0,30,candidate,,,,,,metadata
ods_center,ods_his,HIS 抽取区,data_center_ods,HIS,收取高频电刀使用费用,,,,0,27,candidate,,,,,,metadata
ods_center,ods_his,HIS 抽取区,data_center_ods,HIS,未使用双极电凝镊收取费用住院,,,,0,29,candidate,,,,,,metadata
ods_center,ods_his,HIS 抽取区,data_center_ods,HIS,未使用双极电凝镊收取费用门诊,,,,0,24,candidate,,,,,,metadata
ods_center,ods_his,HIS 抽取区,data_center_ods,HIS,收取高频电刀使用费用同时收取双,,,,0,30,candidate,,,,,,metadata
ods_center,ods_his,HIS 抽取区,data_center_ods,HIS,收取尿常规检查加沉渣费用住院,,,,0,39,candidate,,,,,,metadata
ods_center,ods_his,HIS 抽取区,data_center_ods,HIS,收取尿常规检查加沉渣费用门诊,,,,0,33,candidate,,,,,,metadata
ods_center,ods_his,HIS 抽取区,data_center_ods,HIS,收取粪便常规费用同时收取隐血试,,,,0,32,candidate,,,,,,metadata
ods_center,ods_his,HIS 抽取区,data_center_ods,HIS,快速石蜡切片检查住院,,,,0,26,candidate,,,,,,metadata
ods_center,ods_his,HIS 抽取区,data_center_ods,HIS,快速石蜡切片检查门诊,,,,0,22,candidate,,,,,,metadata
ods_center,ods_his,HIS 抽取区,data_center_ods,HIS,收射频消融术同时收彩色多普勒超,,,,0,28,candidate,,,,,,metadata
ods_center,ods_his,HIS 抽取区,data_center_ods,HIS,纤维结肠镜检查住院,,,,0,27,candidate,,,,,,metadata
ods_center,ods_his,HIS 抽取区,data_center_ods,HIS,纤维结肠镜检查门诊,,,,0,21,candidate,,,,,,metadata
ods_center,ods_his,HIS 抽取区,data_center_ods,HIS,纤维胃十二指肠镜检查门诊,,,,0,21,candidate,,,,,,metadata
ods_center,ods_his,HIS 抽取区,data_center_ods,HIS,纤维胃十二指肠镜检查住院,,,,0,27,candidate,,,,,,metadata
ods_center,ods_his,HIS 抽取区,data_center_ods,HIS,SYS_USER_ROLE,用户角色关系维护表,,,0,3,candidate,,,,,,metadata
ods_center,ods_his,HIS 抽取区,data_center_ods,HIS,BI_INP_BILL_DAY_DOCTOR_SUM,,,,0,7,candidate,,,,,,metadata
ods_center,ods_his,HIS 抽取区,data_center_ods,HIS,zy_register_log,HIS 医保登记日志,,,0,11,candidate,,,,,,metadata
ods_center,ods_his,HIS 抽取区,data_center_ods,HIS,11111,,,,0,4,candidate,,,,,,metadata
ods_center,ods_his,HIS 抽取区,data_center_ods,HIS,DATA_EXT_TEMP,,,,0,6,candidate,,,,,,metadata
ods_center,ods_his,HIS 抽取区,data_center_ods,HIS,LIS_EXAMINE_ITEM_MAP,LIS本地检验项目与平台检验项目值域对照表,检验,,4698,10,core,,B,,,,curated
ods_center,ods_his,HIS 抽取区,data_center_ods,HIS,PUB_SKIN_TEST,皮试记录,,,0,24,candidate,,,,,,metadata
ods_center,ods_his,HIS 抽取区,data_center_ods,HIS,纤维结肠镜检查住院_新,,,,0,25,candidate,,,,,,metadata
ods_center,ods_his,HIS 抽取区,data_center_ods,HIS,纤维胃十二指肠镜检查住院_新,,,,0,25,candidate,,,,,,metadata
ods_center,ods_his,HIS 抽取区,data_center_ods,HIS,快速石蜡切片检查住院_新,,,,0,24,candidate,,,,,,metadata
ods_center,ods_his,HIS 抽取区,data_center_ods,HIS,DISPOSAL_LOG,护士站处置操作日志,,,0,11,candidate,,,,,,metadata
ods_center,ods_his,HIS 抽取区,data_center_ods,HIS,py_temp,,,,0,355,candidate,,,,,,metadata
ods_center,ods_his,HIS 抽取区,data_center_ods,HIS,INP_BILL_DETAIL20260324,,,,2835,74,candidate,,,,,,metadata
ods_center,ods_his,HIS 抽取区,data_center_ods,HIS,PH_SS,,,,0,5,candidate,,,,,,metadata
ods_center,ods_his,HIS 抽取区,data_center_ods,HIS,复杂模拟定位,,,,0,70,candidate,,,,,,metadata
ods_center,ods_his,HIS 抽取区,data_center_ods,HIS,CA_LOGIN_INFO,CA登录信息表,,,0,8,candidate,,,,,,metadata
ods_center,ods_his,HIS 抽取区,data_center_ods,HIS,SYS_ROLE,角色,,,0,10,candidate,,,,,,metadata
ods_center,ods_his,HIS 抽取区,data_center_ods,HIS,SYS_ROLE_PERMISSION,角色权限表,,,0,10,candidate,,,,,,metadata
ods_center,ods_his,HIS 抽取区,data_center_ods,HIS,EXAM_RPT_PATTERN,检查报告模版,,,1207,12,candidate,,,,,,metadata
ods_center,ods_his,HIS 抽取区,data_center_ods,HIS,OCCUPATION_DICT,职业分类字典,,,13,10,candidate,,,,,,metadata
ods_center,ods_his,HIS 抽取区,data_center_ods,HIS,STAFF_GROUP_CLASS_DICT,工作组类字典,,,15,2,candidate,,,,,,metadata
ods_center,ods_his,HIS 抽取区,data_center_ods,HIS,EXAM_CLASS_DICT,检查类别字典,,,23,13,candidate,,,,,,metadata
ods_center,ods_his,HIS 抽取区,data_center_ods,HIS,BED_REC,床位记录,,,5163,18,candidate,,,,,,metadata
ods_center,ods_his,HIS 抽取区,data_center_ods,HIS,PATS_IN_TRANSFERRING,转科病人记录,,,55,7,candidate,,,,,,metadata
ods_center,ods_his,HIS 抽取区,data_center_ods,HIS,INSUR_CATALOG_NEW,,,,6123,3,candidate,,,,,,metadata
ods_center,ods_his,HIS 抽取区,data_center_ods,HIS,MED_DICT_FACTORY,药品字典厂商,,,1618,48,candidate,,,,,,metadata
ods_center,ods_his,HIS 抽取区,data_center_ods,HIS,MED_DICT_BASEINFO,药品目录表,,,6037,102,candidate,,,,,,metadata
ods_center,ods_his,HIS 抽取区,data_center_ods,HIS,MR_BILL_COSTS,2011版病案首页住院病人费用记录,,,6742587,5,candidate,,,,,,metadata
ods_center,ods_his,HIS 抽取区,data_center_ods,HIS,INP_SETTLE_MASTER,住院病人结算主记录,住院费用,,622182,20,core,PATIENT_ID|VISIT_ID,A,,,,curated
ods_center,ods_his,HIS 抽取区,data_center_ods,HIS,DIAGNOSIS_JH,,,,176113,6,candidate,,,,,,metadata
ods_center,ods_his,HIS 抽取区,data_center_ods,HIS,MR_BILL_CLASS_DICT,2011版病案首页费用分类字典,,,31,12,candidate,,,,,,metadata
ods_center,ods_his,HIS 抽取区,data_center_ods,HIS,COUNTRY_DICT,国家及地区字典,,,41,10,candidate,,,,,,metadata
ods_center,ods_his,HIS 抽取区,data_center_ods,HIS,EXAM_SUBCLASS_DICT,检查子类字典,,,81,9,candidate,,,,,,metadata
ods_center,ods_his,HIS 抽取区,data_center_ods,HIS,PATIENT_STATUS_CHG_DICT,病人状态变化字典,,,16,4,candidate,,,,,,metadata
ods_center,ods_his,HIS 抽取区,data_center_ods,HIS,MED_DICT_PRICE,药品产地价格表,,,8486,47,candidate,,,,,,metadata
ods_center,ods_his,HIS 抽取区,data_center_ods,HIS,DIAGNOSIS,诊断记录 ,诊断,,3324186,23,core,PATIENT_ID|VISIT_ID|DIAGNOSIS_TYPE|DIAGNOSIS_NO,A,,,DIAGNOSIS_TYPE: 2入院3出院8病理7损伤1门急诊,curated
ods_center,ods_his,HIS 抽取区,data_center_ods,HIS,OUTP_PAYMENTS_MONEY,门诊病人支付方式记录,,,11295386,9,candidate,,,,,,metadata
ods_center,ods_his,HIS 抽取区,data_center_ods,HIS,BEDPATS_IN_HOSPITAL,,,,4830897,29,candidate,,,,,,metadata
ods_center,ods_his,HIS 抽取区,data_center_ods,HIS,DIAGNOSIS_TYPE_DICT,诊断类别字典,诊断字典,,12,6,core,DIAGNOSIS_TYPE_CODE,A,,,诊断类型字典,curated
ods_center,ods_his,HIS 抽取区,data_center_ods,HIS,RELATIONSHIP_DICT,社会关系字典,,,25,10,candidate,,,,,,metadata
ods_center,ods_his,HIS 抽取区,data_center_ods,HIS,DISCHARGE_DISPOSITION_DICT,出院方式字典,,,7,11,candidate,,,,,,metadata
ods_center,ods_his,HIS 抽取区,data_center_ods,HIS,SPECIAL_CONSUL_NOFEE_SETTING,,,,49,2,candidate,,,,,,metadata
ods_center,ods_his,HIS 抽取区,data_center_ods,HIS,DRUG_PRICE_LIST,药品价格,,,32190,29,candidate,,,,,,metadata
ods_center,ods_his,HIS 抽取区,data_center_ods,HIS,PATS_IN_HOSPITAL,在院病人记录,就诊,,1250,34,core,PATIENT_ID|VISIT_ID,A,,,病区/床号兜底,curated
ods_center,ods_his,HIS 抽取区,data_center_ods,HIS,PATIENT_CLASS_DICT,入院方式字典,,,4,4,candidate,,,,,,metadata
ods_center,ods_his,HIS 抽取区,data_center_ods,HIS,ORDER_STATUS_DICT,医嘱状态字典,,,8,4,candidate,,,,,,metadata
ods_center,ods_his,HIS 抽取区,data_center_ods,HIS,LAB_ITEM_CLASS_DICT,检验项目类别字典,,,16,8,candidate,,,,,,metadata
ods_center,ods_his,HIS 抽取区,data_center_ods,HIS,ANAESTHESIA_DICT,麻醉方法字典,,,35,7,candidate,,,,,,metadata
ods_center,ods_his,HIS 抽取区,data_center_ods,HIS,DEPT_CLINIC_ATTR_DICT,科室临床属性字典,,,6,4,candidate,,,,,,metadata
ods_center,ods_his,HIS 抽取区,data_center_ods,HIS,DIM_AREA_MAPPING,行政区划代码映射字典表,,,261,8,candidate,,,,,,metadata
ods_center,ods_his,HIS 抽取区,data_center_ods,HIS,LAB_TEST_ITEMS_DETAIL,,,,4045082,12,candidate,,,,,,metadata
ods_center,ods_his,HIS 抽取区,data_center_ods,HIS,TEST_ONE,,,,2747,43,candidate,,,,,,metadata
ods_center,ods_his,HIS 抽取区,data_center_ods,HIS,BLOOD_TYPE_DICT,血型字典,,,6,3,candidate,,,,,,metadata
ods_center,ods_his,HIS 抽取区,data_center_ods,HIS,MARITAL_STATUS_DICT,婚姻状况字典,,,9,10,candidate,,,,,,metadata
ods_center,ods_his,HIS 抽取区,data_center_ods,HIS,BED_TRANS_LOG,,,,1779988,9,candidate,,,,,,metadata
ods_center,ods_his,HIS 抽取区,data_center_ods,HIS,PORTAL_SYS_DICT,,,,1772,18,candidate,,,,,,metadata
ods_center,ods_his,HIS 抽取区,data_center_ods,HIS,HIS_VS_HRP_DEPT,his_hrp科室对照,,,287,4,candidate,,,,,,metadata
ods_center,ods_his,HIS 抽取区,data_center_ods,HIS,CONSULTATION_MDT_DETAIL,,,,9,14,candidate,,,,,,metadata
ods_center,ods_his,HIS 抽取区,data_center_ods,HIS,INP_SETTLE_MASTER_YB,省、市医保结算记录,,,464715,49,candidate,,,,,,metadata
ods_center,ods_his,HIS 抽取区,data_center_ods,HIS,STAFF_VS_GROUP,工作人员分组情况,,,9376,6,candidate,,,,,,metadata
ods_center,ods_his,HIS 抽取区,data_center_ods,HIS,DRUG_DICT,药品字典,,,6039,21,candidate,,,,,,metadata
ods_center,ods_his,HIS 抽取区,data_center_ods,HIS,ORDER_CLASS_DICT,医嘱类别字典,,,9,6,candidate,,,,,,metadata
ods_center,ods_his,HIS 抽取区,data_center_ods,HIS,TEMP_ORDER_FEE_DIAG_OPER,,,,28840774,32,candidate,,,,,,metadata
ods_center,ods_his,HIS 抽取区,data_center_ods,HIS,OPS_EMERGENCY_TRIAGE_INFO,急诊分诊信息,,,0,26,candidate,,,,,,metadata
ods_center,ods_his,HIS 抽取区,data_center_ods,HIS,CONSULTATION_MDT_MASTER,,,,7,14,candidate,,,,,,metadata
ods_center,ods_his,HIS 抽取区,data_center_ods,HIS,OUTP_PRESC_T,处方医嘱明细记录,,,5852899,50,candidate,,,,,,metadata
ods_center,ods_his,HIS 抽取区,data_center_ods,HIS,INP_SETTLE_MASTER_YB_0122,,,,1,49,candidate,,,,,,metadata
ods_center,ods_his,HIS 抽取区,data_center_ods,HIS,CHARGE_TYPE_DICT,费别字典,,,19,16,candidate,,,,,,metadata
ods_center,ods_his,HIS 抽取区,data_center_ods,HIS,PERFORM_FREQ_DICT,医嘱执行频率字典,,,59,6,candidate,,,,,,metadata
ods_center,ods_his,HIS 抽取区,data_center_ods,HIS,OPERATION_DICT,手术操作字典,,,16450,22,candidate,,,,,,metadata
ods_center,ods_his,HIS 抽取区,data_center_ods,HIS,EXAM_ITEMS,检查项目记录,,,4374561,12,candidate,,,,,,metadata
ods_center,ods_his,HIS 抽取区,data_center_ods,HIS,TEMP20260211,,,,917,6,candidate,,,,,,metadata
ods_center,ods_his,HIS 抽取区,data_center_ods,HIS,ADT_LOG,病人入出转及状态变化日志,,,1326775,10,candidate,,,,,,metadata
ods_center,ods_his,HIS 抽取区,data_center_ods,HIS,LAB_RESULT_MAPPING,,,,119,4,candidate,,,,,,metadata
ods_center,ods_his,HIS 抽取区,data_center_ods,HIS,DW_PROJECT_DOWNLOAD_LOG,,,,840,12,candidate,,,,,,metadata
ods_center,ods_his,HIS 抽取区,data_center_ods,HIS,LS,,,,0,9,candidate,,,,,,metadata
ods_center,ods_his,HIS 抽取区,data_center_ods,HIS,LS2,,,,0,8,candidate,,,,,,metadata
ods_center,ods_his,HIS 抽取区,data_center_ods,HIS,LS3,,,,0,8,candidate,,,,,,metadata
ods_center,ods_his,HIS 抽取区,data_center_ods,HIS,OPS_CLINIC_INFO_PROVINCE,省平台门诊病案首页,,,0,213,candidate,,,,,,metadata
ods_center,ods_his,HIS 抽取区,data_center_ods,HIS,LS4,,,,0,8,candidate,,,,,,metadata
ods_center,ods_his,HIS 抽取区,data_center_ods,HIS,LS5,,,,0,8,candidate,,,,,,metadata
ods_center,ods_his,HIS 抽取区,data_center_ods,HIS,MR_BILL_COSTS_PATIENTINF,,,,0,2,candidate,,,,,,metadata
ods_center,ods_his,HIS 抽取区,data_center_ods,HIS,异地出院,,,,0,9,candidate,,,,,,metadata
ods_center,ods_his,HIS 抽取区,data_center_ods,HIS,职工住院,,,,0,6,candidate,,,,,,metadata
ods_center,ods_his,HIS 抽取区,data_center_ods,HIS,居民住院,,,,0,6,candidate,,,,,,metadata
ods_center,ods_his,HIS 抽取区,data_center_ods,HIS,XHAAA,,,,0,1,candidate,,,,,,metadata
ods_center,ods_his,HIS 抽取区,data_center_ods,HIS,BI_OUTP_FEE_DAY_SUM,,,,0,10,candidate,,,,,,metadata
ods_center,ods_his,HIS 抽取区,data_center_ods,HIS,SPECIAL_DURG_RECORD,14天医嘱药品记录,,,0,15,candidate,,,,,,metadata
ods_center,ods_his,HIS 抽取区,data_center_ods,HIS,EMPLCODELIST,,,,0,1,candidate,,,,,,metadata
ods_center,ods_his,HIS 抽取区,data_center_ods,HIS,D07_EXAM_ITEM_MAP,D07影像诊断报告院内检查项目与省级CV04.30.009检查项目对照表,,,0,5,candidate,,,,,,metadata
ods_center,ods_emr,EMR/病历抽取区,data_center_ods,JHEMR,YDHL_202501,,,,96995,46,candidate,,,,,,metadata
ods_center,ods_emr,EMR/病历抽取区,data_center_ods,JHEMR,BCJL202603,,,,43721,15,candidate,,,,,,metadata
ods_center,ods_emr,EMR/病历抽取区,data_center_ods,JHEMR,DEPT_DICT,,,,310,36,candidate,,,,,,metadata
ods_center,ods_emr,EMR/病历抽取区,data_center_ods,JHEMR,JHMS_STAT_TEMPLET,随访管理-映射类-随访对应模板,,,128,4,candidate,,,,,,metadata
ods_center,ods_emr,EMR/病历抽取区,data_center_ods,JHEMR,MED_ROLES,,,,2,4,candidate,,,,,,metadata
ods_center,ods_emr,EMR/病历抽取区,data_center_ods,JHEMR,MED_PERMISSIONS,,,,13,5,candidate,,,,,,metadata
ods_center,ods_emr,EMR/病历抽取区,data_center_ods,JHEMR,MED_AUDIT_DIMENSION_RESULT,,,,270205,19,candidate,,,,,,metadata
ods_center,ods_emr,EMR/病历抽取区,data_center_ods,JHEMR,MED_AUDIT_CONCLUSION,,,,50735,16,candidate,,,,,,metadata
ods_center,ods_emr,EMR/病历抽取区,data_center_ods,JHEMR,MED_ROLE_PERMISSIONS,,,,16,2,candidate,,,,,,metadata
ods_center,ods_emr,EMR/病历抽取区,data_center_ods,JHEMR,MED_USERS,,,,1,10,candidate,,,,,,metadata
ods_center,ods_emr,EMR/病历抽取区,data_center_ods,JHEMR,MED_QC_FEEDBACK,,,,1338,18,candidate,,,,,,metadata
ods_center,ods_emr,EMR/病历抽取区,data_center_ods,JHEMR,MED_QC_FEEDBACK_HISTORY,,,,1338,7,candidate,,,,,,metadata
ods_center,ods_emr,EMR/病历抽取区,data_center_ods,JHEMR,JHMR_FILE_CONTENT,,,,0,2,candidate,,,,,,metadata
ods_center,ods_emr,EMR/病历抽取区,data_center_ods,JHEMR,MED_QC_ALERT_FEEDBACK,,,,9,15,candidate,,,,,,metadata
ods_center,ods_emr,EMR/病历抽取区,data_center_ods,JHEMR,MED_PUSH_LOG,,,,82427,37,candidate,,,,,,metadata
ods_center,ods_emr,EMR/病历抽取区,data_center_ods,JHEMR,MED_SCHEDULER_HISTORY,,,,265,10,candidate,,,,,,metadata
ods_center,ods_emr,EMR/病历抽取区,data_center_ods,JHEMR,MED_NOTIFY_LOG,,,,4384,8,candidate,,,,,,metadata
ods_center,ods_emr,EMR/病历抽取区,data_center_ods,JHEMR,MED_DEPARTMENTS,,,,2,5,candidate,,,,,,metadata
ods_center,ods_emr,EMR/病历抽取区,data_center_ods,JHEMR,MED_SCHEDULER_RUN_LOCK,,,,2,7,candidate,,,,,,metadata
ods_center,ods_emr,EMR/病历抽取区,data_center_ods,JHEMR,JHMR_TEMPLET_CLASS,模板维护-字典类-模板分类字典,,,123,17,candidate,,,,,,metadata
ods_center,ods_emr,EMR/病历抽取区,data_center_ods,JHEMR,PAT_DIAGNOSIS,病历诊断-业务类-诊断录入诊断,电子病历(新),,772618,51,core,PATIENT_ID|VISIT_ID,A,,,按 PATIENT_ID+VISIT_ID 挂 HIS 住院,curated
ods_center,ods_emr,EMR/病历抽取区,data_center_ods,JHEMR,JHMR_FILE_INDEX,病历文书-业务类-新版本病历文件索引,电子病历(新),,1119370,67,core,FILE_UNIQUE_ID,A,,,FILE_FLAG<>'T' 有效;TOPIC like '%手术记录%',curated
ods_center,ods_emr,EMR/病历抽取区,data_center_ods,JHEMR,JHMR_FILE_VISIT_TYPE_VS_DG,病历文书-映射类-就诊类型与提取疾病分组条目对照2012.05.24陈联忠,,,157,2,candidate,,,,,,metadata
ods_center,ods_emr,EMR/病历抽取区,data_center_ods,JHEMR,FIRST_PAGE_COSTS,病案首页-业务类-首页费用(接口同步),电子病历(新),,101225,60,core,PATIENT_ID|VISIT_ID,A,,,按 PATIENT_ID+VISIT_ID 挂 HIS 住院,curated
ods_center,ods_emr,EMR/病历抽取区,data_center_ods,JHEMR,MED_ROLE_MENUS,,,,0,3,candidate,,,,,,metadata
ods_center,ods_emr,EMR/病历抽取区,data_center_ods,JHEMR,MED_ROLE_DEPARTMENTS,,,,0,3,candidate,,,,,,metadata
ods_center,ods_emr,EMR/病历抽取区,data_center_ods,JHEMR,JHMR_FILE_CONTENT_TEXT,,电子病历(新),,1141816,2,core,FILE_UNIQUE_ID,A,,,MR_CONTENT 正文,curated
ods_center,ods_emr,EMR/病历抽取区,data_center_ods,JHEMR,JHMR_FILE_CONTENT_DG,病历内容表-业务类-文档中节点内容存放表,电子病历(新),,2836299,10,core,FILE_UNIQUE_ID,A,,,含 PATIENT_ID+VISIT_ID，可直接挂 HIS 住院,curated
ods_center,ods_emr,EMR/病历抽取区,data_center_ods,JHEMR,MED_EXPORT_AUDIT_LOG,,,,36,12,candidate,,,,,,metadata
ods_center,ods_emr,EMR/病历抽取区,data_center_ods,JHEMR,MED_QC_RECORD_ALERT_LOG,,,,1542,23,candidate,,,,,,metadata
ods_center,ods_emr,EMR/病历抽取区,data_center_ods,JHEMR,TEMP_PAT_VISIT_LIST,,,,249,5,candidate,,,,,,metadata
ods_center,ods_other,卫生统计,data_center_ods,WSCTS,T_GRADE_TYPE,,,,18,3,candidate,,,,,,metadata
ods_center,ods_other,卫生统计,data_center_ods,WSCTS,T_GRADE,,,,1148,10,candidate,,,,,,metadata
ods_center,ods_other,卫生统计,data_center_ods,WSCTS,T_GROUP,,,,0,8,candidate,,,,,,metadata
ods_center,ods_other,卫生统计,data_center_ods,WSCTS,T_HTTP_CONNECTION,,,,1,7,candidate,,,,,,metadata
ods_center,ods_other,卫生统计,data_center_ods,WSCTS,T_LOG_CONFIGURE,,,,24,8,candidate,,,,,,metadata
ods_center,ods_other,卫生统计,data_center_ods,WSCTS,T_OID_MAPPING,唯一对象映射表,,,352,8,candidate,,,,,,metadata
ods_center,ods_other,卫生统计,data_center_ods,WSCTS,T_OID_TYPE,,,,0,11,candidate,,,,,,metadata
ods_center,ods_other,卫生统计,data_center_ods,WSCTS,T_OPERATE_LOG,,,,154,5,candidate,,,,,,metadata
ods_center,ods_other,卫生统计,data_center_ods,WSCTS,T_RANGE_TYPE,,,,473,7,candidate,,,,,,metadata
ods_center,ods_other,卫生统计,data_center_ods,WSCTS,T_ROLE,,,,2,7,candidate,,,,,,metadata
ods_center,ods_other,卫生统计,data_center_ods,WSCTS,T_ROLE_FUNC,,,,28,2,candidate,,,,,,metadata
ods_center,ods_other,卫生统计,data_center_ods,WSCTS,T_STANDARD_VERSION,,,,910,7,candidate,,,,,,metadata
ods_center,ods_other,卫生统计,data_center_ods,WSCTS,T_SYSTEM_DICTIONARY,,,,1042,6,candidate,,,,,,metadata
ods_center,ods_other,卫生统计,data_center_ods,WSCTS,T_SYSTEM_VERSION,,,,0,8,candidate,,,,,,metadata
ods_center,ods_other,卫生统计,data_center_ods,WSCTS,T_TABLE_BUSINESS,,,,73,13,candidate,,,,,,metadata
ods_center,ods_other,卫生统计,data_center_ods,WSCTS,T_TABLE_TYPE,,,,26,9,candidate,,,,,,metadata
ods_center,ods_other,卫生统计,data_center_ods,WSCTS,T_TENANT,,,,1,5,candidate,,,,,,metadata
ods_center,ods_other,卫生统计,data_center_ods,WSCTS,T_TERM_RANGE_INFO,,,,44965,7,candidate,,,,,,metadata
ods_center,ods_other,卫生统计,data_center_ods,WSCTS,T_TEST_CASE,,,,428,18,candidate,,,,,,metadata
ods_center,ods_other,卫生统计,data_center_ods,WSCTS,T_USER,,,,2,16,candidate,,,,,,metadata
ods_center,ods_other,卫生统计,data_center_ods,WSCTS,T_USER_TEST,,,,0,3,candidate,,,,,,metadata
ods_center,ods_other,卫生统计,data_center_ods,WSCTS,APPLICATION,符合性测试申请表,,,3,28,candidate,,,,,,metadata
ods_center,ods_other,卫生统计,data_center_ods,WSCTS,C3P0_TEST,,,,0,1,candidate,,,,,,metadata
ods_center,ods_other,卫生统计,data_center_ods,WSCTS,MSGCATEGORY,,,,7,18,candidate,,,,,,metadata
ods_center,ods_other,卫生统计,data_center_ods,WSCTS,ORGINFO,,,,2,31,candidate,,,,,,metadata
ods_center,ods_other,卫生统计,data_center_ods,WSCTS,PROJECT,,,,1,16,candidate,,,,,,metadata
ods_center,ods_other,卫生统计,data_center_ods,WSCTS,RESULT,,,,1,14,candidate,,,,,,metadata
ods_center,ods_other,卫生统计,data_center_ods,WSCTS,STATISTICREPORTDATA,,,,0,10,candidate,,,,,,metadata
ods_center,ods_other,卫生统计,data_center_ods,WSCTS,T_ACCOUNT,,,,2,11,candidate,,,,,,metadata
ods_center,ods_other,卫生统计,data_center_ods,WSCTS,T_ACCOUNT_GROUP,,,,0,2,candidate,,,,,,metadata
ods_center,ods_other,卫生统计,data_center_ods,WSCTS,T_ACCOUNT_ROLE,,,,2,2,candidate,,,,,,metadata
ods_center,ods_other,卫生统计,data_center_ods,WSCTS,T_DATA_ELEMENT_TYPE,,,,0,5,candidate,,,,,,metadata
ods_center,ods_other,卫生统计,data_center_ods,WSCTS,T_DATA_SET_TYPE,,,,428,8,candidate,,,,,,metadata
ods_center,ods_other,卫生统计,data_center_ods,WSCTS,T_DOCUMENT_RATIO,,,,73,5,candidate,,,,,,metadata
ods_center,ods_other,卫生统计,data_center_ods,WSCTS,T_EXECUTE_PROCESS,,,,694,12,candidate,,,,,,metadata
ods_center,ods_other,卫生统计,data_center_ods,WSCTS,T_FUNC,,,,24,13,candidate,,,,,,metadata
ods_center,ods_other,卫生统计,data_center_ods,WSCTS,MSGELEMENT,,,,244,19,candidate,,,,,,metadata
ods_center,ods_other,卫生统计,data_center_ods,WSCTS,MSGSINGLE,,,,7,10,candidate,,,,,,metadata
ods_center,ods_other,卫生统计,data_center_ods,WSCTS,RESULTMSG,,,,1,17,candidate,,,,,,metadata
ods_center,ods_other,卫生统计,data_center_ods,WSCTS,SENDMSG,,,,428,13,candidate,,,,,,metadata
ods_center,ods_other,卫生统计,data_center_ods,WSCTS,STATISTICREPORT,,,,1,12,candidate,,,,,,metadata
ods_center,ods_other,卫生统计,data_center_ods,WSCTS,T_DATA_ELEMENT_INFO,,,,0,12,candidate,,,,,,metadata
ods_center,ods_other,卫生统计,data_center_ods,WSCTS,T_DATA_SET_INFO,,,,15957,15,candidate,,,,,,metadata
ods_center,ods_other,卫生统计,data_center_ods,WSCTS,T_EXCHAGE_TEMPLATE_STANDARD,,,,73,3,candidate,,,,,,metadata
ods_center,ods_other,卫生统计,data_center_ods,WSCTS,T_MSG_INSTANCE,,,,428,16,candidate,,,,,,metadata
ods_center,ods_other,卫生统计,data_center_ods,WSCTS,T_OID_INFO,,,,0,11,candidate,,,,,,metadata
ods_center,ods_cda,CDA/标准字典区,data_center_ods,CDA,TT_ESBHL_DAILY_COU_ROD,,,,278938,34,candidate,,,,,,metadata
ods_center,ods_cda,CDA/标准字典区,data_center_ods,CDA,TT_ESBHL_OUTPUT_ASS_GUIDE,,,,595880,44,candidate,,,,,,metadata
ods_center,ods_cda,CDA/标准字典区,data_center_ods,CDA,TT_ESBHL_NUR_PLAN,,,,70700,46,candidate,,,,,,metadata
ods_center,ods_cda,CDA/标准字典区,data_center_ods,CDA,TT_ESBHL_SHIFT_ROD,,,,72,53,candidate,,,,,,metadata
ods_center,ods_cda,CDA/标准字典区,data_center_ods,CDA,TT_ESBHL_VAGINAL_DEL_ROD,,,,147,113,candidate,,,,,,metadata
ods_center,ods_cda,CDA/标准字典区,data_center_ods,CDA,TT_ESBHL_BLOOD_TRANSFU_ROD,,,,86066,55,candidate,,,,,,metadata
ods_center,ods_cda,CDA/标准字典区,data_center_ods,CDA,TT_ESBHL_WESTERN_MEDI_PRES,,,,1403401,47,candidate,,,,,,metadata
ods_center,ods_cda,CDA/标准字典区,data_center_ods,CDA,TT_ESBHL_CHINESE_MEDI_PRES,,,,183136,58,candidate,,,,,,metadata
ods_center,ods_cda,CDA/标准字典区,data_center_ods,CDA,TT_ESBHL_VS_MEASURE_ROD,,,,6281102,41,candidate,,,,,,metadata
ods_center,ods_cda,CDA/标准字典区,data_center_ods,CDA,CDA_DICTIONARY,,字典,,79031,7,core,,A,,,被所有 V_EMR_* 依赖;ICD-10: 字典名称='ICD-10诊断编码' 系统标识='HIS',curated
ods_center,ods_cda,CDA/标准字典区,data_center_ods,CDA,TT_ESBHL_TRANSFER_ROD,,,,51706,61,candidate,,,,,,metadata
ods_center,ods_cda,CDA/标准字典区,data_center_ods,CDA,TT_ESBHL_RESCUE_ROD,,,,803036,48,candidate,,,,,,metadata
ods_center,ods_cda,CDA/标准字典区,data_center_ods,CDA,TT_ESBHL_CONSULTATION_ROD,,,,5228959,53,candidate,,,,,,metadata
ods_center,ods_cda,CDA/标准字典区,data_center_ods,CDA,TT_ESBHL_STAGE_SUMMARY,,,,1221,50,candidate,,,,,,metadata
ods_center,ods_cda,CDA/标准字典区,data_center_ods,CDA,TT_ESBHL_DIFC_DISCUSS_ROD,,,,117,41,candidate,,,,,,metadata
ods_center,ods_cda,CDA/标准字典区,data_center_ods,CDA,TT_ESBHL_OTHER_IFM_CENT,,,,457462,42,candidate,,,,,,metadata
ods_center,ods_cda,CDA/标准字典区,data_center_ods,CDA,TT_ESBHL_DYING_NOTICE,,,,45267,42,candidate,,,,,,metadata
ods_center,ods_cda,CDA/标准字典区,data_center_ods,CDA,TT_ESBHL_SCHECK_STREA_CENT,,,,53131,45,candidate,,,,,,metadata
ods_center,ods_cda,CDA/标准字典区,data_center_ods,CDA,TT_ESBHL_ANE_IFM_CENT,,,,126994,52,candidate,,,,,,metadata
ods_center,ods_cda,CDA/标准字典区,data_center_ods,CDA,TT_ESBHL_OPER_IFM_BOOK,,,,1994606,55,candidate,,,,,,metadata
ods_center,ods_cda,CDA/标准字典区,data_center_ods,CDA,TT_ESBHL_INPUT_OUTPUT_ROD,,,,7888766,50,candidate,,,,,,metadata
ods_center,ods_cda,CDA/标准字典区,data_center_ods,CDA,TT_ESBHL_DEATH_CASE_DIS_ROD,,,,7790,49,candidate,,,,,,metadata
ods_center,ods_cda,CDA/标准字典区,data_center_ods,CDA,TT_ESBHL_OPER_NUR_ROD,,,,417993,73,candidate,,,,,,metadata
ods_center,ods_cda,CDA/标准字典区,data_center_ods,CDA,TT_ESBHL_SUP_DOC_ROUNDS_ROD,,,,195172,34,candidate,,,,,,metadata
ods_center,ods_cda,CDA/标准字典区,data_center_ods,CDA,TT_ESBHL_OUTPUT_DOCADVICE,,,,6881593,61,candidate,,,,,,metadata
ods_center,ods_cda,CDA/标准字典区,data_center_ods,CDA,TT_ESBHL_PREO_DIS,,,,106113,56,candidate,,,,,,metadata
ods_center,ods_cda,CDA/标准字典区,data_center_ods,CDA,TT_ESBHL_TFHOUR_INOP_ROD,,,,20788,74,candidate,,,,,,metadata
ods_center,ods_cda,CDA/标准字典区,data_center_ods,CDA,TT_ESBHL_CES_SEC_ROD,,,,126,105,candidate,,,,,,metadata
ods_center,ods_cda,CDA/标准字典区,data_center_ods,CDA,TT_ESBHL_FIRST_COU_ROD,,,,97971,46,candidate,,,,,,metadata
ods_center,ods_cda,CDA/标准字典区,data_center_ods,CDA,TT_ESBHL_HIGH_VALUE_ROD,,,,9500626,36,candidate,,,,,,metadata
ods_center,ods_cda,CDA/标准字典区,data_center_ods,CDA,TT_ESBHL_TFHOUR_INDEATH_ROD,,,,7192,68,candidate,,,,,,metadata
ods_center,ods_cda,CDA/标准字典区,data_center_ods,CDA,TT_ESBHL_PREO_SUMMARY,,,,1185246,54,candidate,,,,,,metadata
ods_center,ods_cda,CDA/标准字典区,data_center_ods,CDA,TT_ESBHL_DEATH_ROD,,,,6859,43,candidate,,,,,,metadata
ods_center,ods_cda,CDA/标准字典区,data_center_ods,CDA,TT_ESBHL_OUTPUT_ROD,,,,915868,51,candidate,,,,,,metadata
ods_center,ods_cda,CDA/标准字典区,data_center_ods,CDA,TT_ESBHL_INPUT_CASE_FIRP,,,,101312,198,candidate,,,,,,metadata
ods_center,ods_cda,CDA/标准字典区,data_center_ods,CDA,TT_ESBHL_DEL_ROD,,,,2188,78,candidate,,,,,,metadata
ods_center,ods_cda,CDA/标准字典区,data_center_ods,CDA,TT_ESBHL_ANE_ROD,,,,453668,90,candidate,,,,,,metadata
ods_center,ods_cda,CDA/标准字典区,data_center_ods,CDA,TT_ESBHL_ANE_PREO_VISIT_ROD,,,,34232,66,candidate,,,,,,metadata
ods_center,ods_cda,CDA/标准字典区,data_center_ods,CDA,TT_ESBHL_CHECK_ROD,,,,369590,84,candidate,,,,,,metadata
ods_center,ods_cda,CDA/标准字典区,data_center_ods,CDA,TT_ESBHL_CHECK_ROD_XD,,,,241003,84,candidate,,,,,,metadata
ods_center,ods_cda,CDA/标准字典区,data_center_ods,CDA,TT_ESBHL_AFT_ANE_VISIT_ROD,,,,39611,50,candidate,,,,,,metadata
ods_center,ods_cda,CDA/标准字典区,data_center_ods,CDA,TT_ESBHL_OUTPUT_SUMMARY,,,,915868,81,candidate,,,,,,metadata
ods_center,ods_cda,CDA/标准字典区,data_center_ods,CDA,TT_ESBHL_TRE_ROD,,,,8210863,62,candidate,,,,,,metadata
ods_center,ods_cda,CDA/标准字典区,data_center_ods,CDA,TT_ESBHL_DYING_NUR_ROD,,,,7392484,49,candidate,,,,,,metadata
ods_center,ods_cda,CDA/标准字典区,data_center_ods,CDA,TT_ESBHL_MED_ROD_ABSTRACT,,,,477407,88,candidate,,,,,,metadata
ods_center,ods_cda,CDA/标准字典区,data_center_ods,CDA,TT_ESBHL_DOOR_EMER_MED_ROD,,,,1383489,61,candidate,,,,,,metadata
ods_center,ods_cda,CDA/标准字典区,data_center_ods,CDA,TT_ESBHL_BLOOD_TRE_CENT,,,,82276,51,candidate,,,,,,metadata
ods_center,ods_cda,CDA/标准字典区,data_center_ods,CDA,TT_ESBHL_POS_FIRST_COU_ROD,,,,345523,41,candidate,,,,,,metadata
ods_center,ods_cda,CDA/标准字典区,data_center_ods,CDA,TT_ESBHL_INSPECTION_ROD,,,,33365233,63,candidate,,,,,,metadata
ods_center,ods_cda,CDA/标准字典区,data_center_ods,CDA,TT_ESBHL_INPUT_ROD,,,,179590,117,candidate,,,,,,metadata
ods_center,ods_cda,CDA/标准字典区,data_center_ods,CDA,TT_ESBHL_CHECK_ROD_ES,,,,209117,84,candidate,,,,,,metadata
ods_center,ods_cda,CDA/标准字典区,data_center_ods,CDA,TT_PATIENT_NURSE_INFO,,,,103965,27,candidate,,,,,,metadata
ods_center,ods_cda,CDA/标准字典区,data_center_ods,CDA,TT_ESBHL_ADMISSION_ASS,,,,454426,96,candidate,,,,,,metadata
ods_center,ods_cda,CDA/标准字典区,data_center_ods,CDA,DIAG_NAME,,,,36479,7,candidate,,,,,,metadata
ods_center,ods_cda,CDA/标准字典区,data_center_ods,CDA,CDA_DICTIONARY_COPY,,,,39725,6,candidate,,,,,,metadata
ods_center,ods_cda,CDA/标准字典区,data_center_ods,CDA,TT_ESBHL_CHECK_ROD_US,,,,0,83,candidate,,,,,,metadata
ods_center,ods_cda,CDA/标准字典区,data_center_ods,CDA,TT_ESBHL_GEN_NUR_ROD,,,,3001442,68,candidate,,,,,,metadata
ods_center,ods_cda,CDA/标准字典区,data_center_ods,CDA,TT_ESBHL_OPER_ROD,,,,137013,71,candidate,,,,,,metadata
ods_center,ods_cda,CDA/标准字典区,data_center_ods,CDA,TT_ESBHL_EMER_STAY_MED_ROD,,,,1400821,76,candidate,,,,,,metadata
ods_center,ods_cda,CDA/标准字典区,data_center_ods,CDA,B,,,,275,7,candidate,,,,,,metadata
ods_center,ods_cda,CDA/标准字典区,data_center_ods,CDA,CDA_COUNT,,,,27489,5,candidate,,,,,,metadata
ods_center,ods_cda,CDA/标准字典区,data_center_ods,CDA,V1_ESBHL_ANE_PREO_VISIT_ROD,,,,394,61,candidate,,,,,,metadata
ods_center,ods_cda,CDA/标准字典区,data_center_ods,CDA,CDA_DATA_SOURCE,,,,1,9,candidate,,,,,,metadata
ods_center,ods_cda,CDA/标准字典区,data_center_ods,CDA,CDA_DATASET,,,,3409,4,candidate,,,,,,metadata
ods_center,ods_cda,CDA/标准字典区,data_center_ods,CDA,CDA_DATASET_TYPE,,,,78,8,candidate,,,,,,metadata
ods_center,ods_cda,CDA/标准字典区,data_center_ods,CDA,CDA_DATASOURCE,,,,53,5,candidate,,,,,,metadata
ods_center,ods_cda,CDA/标准字典区,data_center_ods,CDA,CDA_DESENSITIZATION,患者基本信息加密,,,4,7,candidate,,,,,,metadata
ods_center,ods_cda,CDA/标准字典区,data_center_ods,CDA,CDA_DOCUMENT,,,,0,24,candidate,,,,,,metadata
ods_center,ods_cda,CDA/标准字典区,data_center_ods,CDA,CDA_DOCUMENT_DETAILS,,,,0,3,candidate,,,,,,metadata
ods_center,ods_cda,CDA/标准字典区,data_center_ods,CDA,CDA_INCREASE_LOG,,,,0,7,candidate,,,,,,metadata
ods_center,ods_cda,CDA/标准字典区,data_center_ods,CDA,CDA_INNERELEMENT,,,,2228,15,candidate,,,,,,metadata
ods_center,ods_cda,CDA/标准字典区,data_center_ods,CDA,CDA_PATIENT_INFO,患者基本信息,,,1,22,candidate,,,,,,metadata
ods_center,ods_cda,CDA/标准字典区,data_center_ods,CDA,CDA_PATIENT_VISIT,患者就诊表,,,1,12,candidate,,,,,,metadata
ods_center,ods_cda,CDA/标准字典区,data_center_ods,CDA,CDA_RANGE_TYPE,,,,477,9,candidate,,,,,,metadata
ods_center,ods_cda,CDA/标准字典区,data_center_ods,CDA,CDA_SYS_DATA_SOURCE,,,,1,18,candidate,,,,,,metadata
ods_center,ods_cda,CDA/标准字典区,data_center_ods,CDA,CDA_VIEW,,,,53,3,candidate,,,,,,metadata
ods_center,ods_cda,CDA/标准字典区,data_center_ods,CDA,CDA_XML_DESENSITIZATION,,,,9,6,candidate,,,,,,metadata
ods_center,ods_cda,CDA/标准字典区,data_center_ods,CDA,CDA_XML_XPATH,,,,448,5,candidate,,,,,,metadata
ods_center,ods_cda,CDA/标准字典区,data_center_ods,CDA,CDA_XSL,,,,0,4,candidate,,,,,,metadata
ods_center,ods_cda,CDA/标准字典区,data_center_ods,CDA,TTT_ESBHL_TRE_ROD,,,,8210805,62,candidate,,,,,,metadata
ods_center,ods_cda,CDA/标准字典区,data_center_ods,CDA,TT_ESBHL_PREO_SUMMARY_1,,,,155714,54,candidate,,,,,,metadata
ods_center,ods_cda,CDA/标准字典区,data_center_ods,CDA,TT_ESBHL_PREO_DIS_1,,,,260934,56,candidate,,,,,,metadata
ods_center,ods_cda,CDA/标准字典区,data_center_ods,CDA,LS,,,,608,3,candidate,,,,,,metadata
ods_center,ods_cda,CDA/标准字典区,data_center_ods,CDA,V1_ESBHL_WESTERN_MEDI_PRES,,,,16923,35,candidate,,,,,,metadata
ods_center,ods_cda,CDA/标准字典区,data_center_ods,CDA,SSXX,,,,0,12,candidate,,,,,,metadata
ods_center,ods_cda,CDA/标准字典区,data_center_ods,CDA,CDR_CHECK_REPORT,检查报告,,,352494,79,candidate,,,,,,metadata
ods_center,ods_lis,LIS 抽取区,data_center_ods,LIS,LAB_RESULTALERT,,,,11445,85,candidate,,,,,,metadata
ods_center,ods_lis,LIS 抽取区,data_center_ods,LIS,SECSYSUSER,,,,4237,34,candidate,,,,,,metadata
ods_center,ods_lis,LIS 抽取区,data_center_ods,LIS,REQ_MASTER_PAT,,,,2782060,82,candidate,,,,,,metadata
ods_center,ods_lis,LIS 抽取区,data_center_ods,LIS,LAB_REPORTLOG,,,,6080869,11,candidate,,,,,,metadata
ods_center,ods_lis,LIS 抽取区,data_center_ods,LIS,DC_DEPT,,,,824,21,candidate,,,,,,metadata
ods_center,ods_lis,LIS 抽取区,data_center_ods,LIS,REQ_MASTER,,检验,,2782059,63,core,BARCODE,A,,,LIS 内部申请主表,curated
ods_center,ods_lis,LIS 抽取区,data_center_ods,LIS,LAB_REPORT,,检验,,2914665,130,core,REPORTID,A,,,REPORTID 挂 LAB_RESULT；BARCODE 与 HIS.TEST_NO 需按时间拆分,curated
ods_center,ods_lis,LIS 抽取区,data_center_ods,LIS,LAB_RESULT,,,,39951987,50,candidate,,,,,,metadata
ods_center,ods_lis,LIS 抽取区,data_center_ods,LIS,REQ_DETAIL,,检验,,3083064,39,core,BARCODE,A,,,按 BARCODE 挂 REQ_MASTER,curated
ods_center,ods_lis,LIS 抽取区,data_center_ods,LIS,VIEW_PTBH,,,,1549183,21,candidate,,,,,,metadata
ods_center,ods_lis,LIS 抽取区,data_center_ods,LIS,OGGTEST,,,,5,2,candidate,,,,,,metadata
ods_center,ods_emr,EMR/病历抽取区,data_center_ods,YBEMR,MEDICAL_API_MEDICALRECORDS,,,,1315213,39,candidate,,,,,,metadata
ods_center,ods_emr,EMR/病历抽取区,data_center_ods,YBEMR,CLINIC_API_OUTRECORDHOMEPAGE,,,,1194799,15,candidate,,,,,,metadata
ods_center,ods_emr,EMR/病历抽取区,data_center_ods,YBEMR,CLINIC_API_FIRSTOUTRECORD,,,,943371,22,candidate,,,,,,metadata
ods_center,ods_emr,EMR/病历抽取区,data_center_ods,YBEMR,CLINIC_API_REPEATEDOUTRECORD,,,,299411,21,candidate,,,,,,metadata
ods_center,ods_emr,EMR/病历抽取区,data_center_ods,YBEMR,CLINIC_API_CHINAFIRSTOUTRECORD,,,,6674,22,candidate,,,,,,metadata
ods_center,ods_emr,EMR/病历抽取区,data_center_ods,YBEMR,CLINIC_API_CHINASECOUTRECORD,,,,12496,22,candidate,,,,,,metadata
ods_center,ods_emr,EMR/病历抽取区,data_center_ods,YBEMR,CLINIC_API_FIAFIRSTOUTRECORD,,,,54350,28,candidate,,,,,,metadata
ods_center,ods_emr,EMR/病历抽取区,data_center_ods,YBEMR,CLINIC_API_FIASECOUTRECORD,,,,1922,28,candidate,,,,,,metadata
ods_center,ods_emr,EMR/病历抽取区,data_center_ods,YBEMR,CLINIC_API_OUTVIEWRECORD,,,,9,20,candidate,,,,,,metadata
ods_center,ods_emr,EMR/病历抽取区,data_center_ods,YBEMR,DATA_API_PATIENT,,,,508133,39,candidate,,,,,,metadata
ods_center,ods_emr,EMR/病历抽取区,data_center_ods,YBEMR,CLINIC_API_VISUALRECORD,,,,192,27,candidate,,,,,,metadata
ods_center,ods_emr,EMR/病历抽取区,data_center_ods,YBEMR,CLINIC_API_OBSERVERECORD,,,,1863,13,candidate,,,,,,metadata
ods_center,ods_emr,EMR/病历抽取区,data_center_ods,YBEMR,OUTPATIENTWARDROUNDRECORD,,,,16,14,candidate,,,,,,metadata
ods_center,ods_emr,EMR/病历抽取区,data_center_ods,YBEMR,OUTPATIENTSALVAGERECORD,,,,79,14,candidate,,,,,,metadata
ods_center,ods_other,ODS 视图层,data_center_ods,ODS,MCS_PATROL_INFO,,,,0,15,candidate,,,,,,metadata
ods_center,ods_other,ODS 视图层,data_center_ods,ODS,PATIENTINFO,,,,0,58,candidate,,,,,,metadata
ods_center,ods_other,ODS 视图层,data_center_ods,ODS,PACSREPORT,,,,0,70,candidate,,,,,,metadata
ods_center,ods_other,ODS 视图层,data_center_ods,ODS,预约登记,,,,0,110,candidate,,,,,,metadata
ods_center,ods_other,ODS 视图层,data_center_ods,ODS,PUB_LYYP,,,,395,5,candidate,,,,,,metadata
ods_center,ods_other,ODS 视图层,data_center_ods,ODS,MUNICIPAL_DICT,市级行政区划字典,,,3242,3,candidate,,,,,,metadata
ods_center,ods_other,ODS 视图层,data_center_ods,ODS,TITLE_DICT,职称字典表,,,60,6,candidate,,,,,,metadata
ods_center,ods_other,ODS 视图层,data_center_ods,ODS,CDR_INSPECTION_REPORT1,,,,1206566,87,candidate,,,,,,metadata
ods_center,ods_other,ODS 视图层,data_center_ods,ODS,CDR_INSPECTION_REPORT_DETALL1,,,,17502269,36,candidate,,,,,,metadata
ods_center,ods_other,ODS 视图层,data_center_ods,ODS,A,,,,37334,4,candidate,,,,,,metadata
ods_center,ods_other,ODS 视图层,data_center_ods,ODS,HIS_VS_COSTACCOUNTING,,,,418,5,candidate,,,,,,metadata
ods_center,ods_other,ODS 视图层,data_center_ods,ODS,CDR_CHECK_REPORT_XD_COPY,,,,332763,76,candidate,,,,,,metadata
ods_center,ods_other,ODS 视图层,data_center_ods,ODS,CLINIC_ITEM_MAPPING,,,,522,7,candidate,,,,,,metadata
ods_center,ods_other,ODS 视图层,data_center_ods,ODS,CLINIC_ITEM_MAPPING_U,,,,383,4,candidate,,,,,,metadata
ods_center,ods_other,ODS 视图层,data_center_ods,ODS,CDA_VALUE_DOMAIN_MAP,值域对照表,,,8147,6,candidate,,,,,,metadata
ods_center,ods_other,ODS 视图层,data_center_ods,ODS,DOC_REGISTER_EMP_MATCH,,,,1833,11,candidate,,,,,,metadata
ods_center,ods_other,ODS 视图层,data_center_ods,ODS,CDA_EXAM_ITEM_MAP,检查项目值域对照表,,,182,16,candidate,,,,,,metadata
ods_center,ods_other,ODS 视图层,data_center_ods,ODS,DRUG_STANDARD_DICT,药品标准基础数据导入表,,,3479,300,candidate,,,,,,metadata
ods_center,ods_other,ODS 视图层,data_center_ods,ODS,AI_ZK_MED_USER_DICT,人员字典表,,,2059,8,candidate,,,,,,metadata
ods_center,ods_pacs,PACS 抽取区,data_center_ods,PACS,PACSREPORT,,,,0,70,candidate,,,,,,metadata
ods_center,ods_pacs,PACS 抽取区,data_center_ods,PACS,OGG_TEST,,,,3,2,candidate,,,,,,metadata
ods_center,ods_pacs,PACS 抽取区,data_center_ods,PACS,REPORT,InnoDB free: 175104 kB,影像,,1099400,74,core,ReportID,A,,,PACS 内部报告表,curated
ods_center,ods_pacs,PACS 抽取区,data_center_ods,PACS,PATIENTINFO,,影像,,474243,59,core,PatientIntraID,A,,,PACS 内部患者表；与 HIS 检查无直接同键,curated
ods_center,ods_pacs,PACS 抽取区,data_center_ods,PACS,PROCEDUREINFO_T,,,,32,10,candidate,,,,,,metadata
ods_center,ods_pacs,PACS 抽取区,data_center_ods,PACS,MEDIAINFO_T,,,,386,7,candidate,,,,,,metadata
ods_center,ods_pacs,PACS 抽取区,data_center_ods,PACS,EXAMINFO_T,,,,884026,175,candidate,,,,,,metadata
ods_center,ods_pacs,PACS 抽取区,data_center_ods,PACS,MODALITYINFO_T,,,,19,37,candidate,,,,,,metadata
ods_center,ods_pacs,PACS 抽取区,data_center_ods,PACS,PATIENTINFO_T,,,,391578,58,candidate,,,,,,metadata
ods_center,ods_pacs,PACS 抽取区,data_center_ods,PACS,PROCEDURESTEPINFO_T,,,,560,35,candidate,,,,,,metadata
ods_center,ods_pacs,PACS 抽取区,data_center_ods,PACS,REPORT_T,,,,870412,70,candidate,,,,,,metadata
ods_center,ods_pacs,PACS 抽取区,data_center_ods,PACS,MEDIAINFO,,,,387,7,candidate,,,,,,metadata
ods_center,ods_pacs,PACS 抽取区,data_center_ods,PACS,EXAMINFO,,影像,,1218872,180,core,ExamID,A,,,PACS 内部检查主表；ReportID 挂 REPORT,curated
ods_center,ods_pacs,PACS 抽取区,data_center_ods,PACS,PROCEDURESTEPINFO,,,,1008,37,candidate,,,,,,metadata
ods_center,ods_pacs,PACS 抽取区,data_center_ods,PACS,PROCEDUREINFO,,,,33,11,candidate,,,,,,metadata
ods_center,ods_pacs,PACS 抽取区,data_center_ods,PACS,MODALITYINFO,,,,29,38,candidate,,,,,,metadata
ods_center,ods_pacs,PACS 抽取区,data_center_ods,PACS,MODALITYTYPEINFO,,,,35,6,candidate,,,,,,metadata
ods_center,ods_pacs,PACS 抽取区,data_center_ods,PACS,CRITICAL_CONTENT,,,,20,15,candidate,,,,,,metadata
ods_center,ods_other,电子病案,data_center_ods,DBZ,EMR_SHOUYE1,,,,43008,90,candidate,,,,,,metadata
ods_center,ods_other,电子病案,data_center_ods,DBZ,EMR_SHOUYE2024OLD,,,,64634,50,candidate,,,,,,metadata
ods_center,ods_other,电子病案,data_center_ods,DBZ,EMR_SHOUYE2024,,,,63600,47,candidate,,,,,,metadata
ods_center,ods_other,电子病案,data_center_ods,DBZ,EXAM_REPORT_TABLE,,,,127401,21,candidate,,,,,,metadata
ods_center,ods_other,康复治疗,data_center_ods,KZL,PATIENT_ID,,,,189362,5,candidate,,,,,,metadata
ods_center,ods_other,康复治疗,data_center_ods,KZL,EXAM_REPORT,,,,1757536,31,candidate,,,,,,metadata
ods_center,ods_other,教学系统,data_center_ods,JXXT,PL_KJKMZD,,,,1429,3,candidate,,,,,,metadata
ods_center,ods_other,教学系统,data_center_ods,JXXT,PL_GZXZD,,,,89,4,candidate,,,,,,metadata
ods_center,ods_other,教学系统,data_center_ods,JXXT,PL_ZGLB,,,,19,4,candidate,,,,,,metadata
ods_center,ods_other,教学系统,data_center_ods,JXXT,PL_GDZCFL,,,,5893,4,candidate,,,,,,metadata
ods_center,ods_other,教学系统,data_center_ods,JXXT,PL_XIAODUBAOLY_MX,,,,309717,13,candidate,,,,,,metadata
ods_center,ods_other,教学系统,data_center_ods,JXXT,PL_WZFLZD,,,,35,3,candidate,,,,,,metadata
ods_center,ods_other,教学系统,data_center_ods,JXXT,PL_WZXHMX,,,,744009,16,candidate,,,,,,metadata
ods_center,ods_other,教学系统,data_center_ods,JXXT,PL_WZZD,,,,31412,5,candidate,,,,,,metadata
ods_center,ods_other,门诊药房,data_center_ods,MDK,BHOSCHECKES,,,,113827,207,candidate,,,,,,metadata
ods_center,ods_other,门诊药房,data_center_ods,MDK,BHOSCHECKUS,,,,709705,168,candidate,,,,,,metadata
ods_center,ods_portal,门户/用户组,data_center_ods,PORTAL_USER_GROUP,KNOWLEDGE_ARTICLE,知识库-患教文章,,,0,23,candidate,,,,,,metadata
ods_center,ods_portal,门户/用户组,data_center_ods,PORTAL_USER_GROUP,ARTICLE,患教文章,,,1,26,candidate,,,,,,metadata
ods_center,ods_portal,门户/用户组,data_center_ods,PORTAL_USER_GROUP,ARTICLE_PATIENT,患教文章-发送历史,,,1,16,candidate,,,,,,metadata
ods_center,ods_portal,门户/用户组,data_center_ods,PORTAL_USER_GROUP,KNOWLEDGE_PLAN,知识库-随访计划,,,0,20,candidate,,,,,,metadata
ods_center,ods_portal,门户/用户组,data_center_ods,PORTAL_USER_GROUP,KNOWLEDGE_PLAN_DETAIL,知识库-随访计划-任务,,,0,21,candidate,,,,,,metadata
ods_center,ods_portal,门户/用户组,data_center_ods,PORTAL_USER_GROUP,KNOWLEDGE_SCHEME,知识库-治疗方案,,,0,20,candidate,,,,,,metadata
ods_center,ods_portal,门户/用户组,data_center_ods,PORTAL_USER_GROUP,KNOWLEDGE_SCHEME_COURSE,知识库-治疗方案-疗程,,,0,13,candidate,,,,,,metadata
ods_center,ods_portal,门户/用户组,data_center_ods,PORTAL_USER_GROUP,KNOWLEDGE_SCHEME_COURSE_DAY,知识库-治疗方案-疗程每天,,,0,16,candidate,,,,,,metadata
ods_center,ods_portal,门户/用户组,data_center_ods,PORTAL_USER_GROUP,KNOWLEDGE_VOTE,知识库-随访问卷,,,0,23,candidate,,,,,,metadata
ods_center,ods_portal,门户/用户组,data_center_ods,PORTAL_USER_GROUP,MASS,群发消息,,,1,16,candidate,,,,,,metadata
ods_center,ods_portal,门户/用户组,data_center_ods,PORTAL_USER_GROUP,MASS_PATIENT,群发消息患者,,,1,19,candidate,,,,,,metadata
ods_center,ods_portal,门户/用户组,data_center_ods,PORTAL_USER_GROUP,PATIENT_PEND_USER_INFO,患者管理-待管理患者,,,0,36,candidate,,,,,,metadata
ods_center,ods_portal,门户/用户组,data_center_ods,PORTAL_USER_GROUP,PATIENT_USER_GROUP,患者管理-患者分组,,,1,30,candidate,,,,,,metadata
ods_center,ods_portal,门户/用户组,data_center_ods,PORTAL_USER_GROUP,PATIENT_USER_GROUP_RELEVANCE,患者管理-患者分组关联,,,3,17,candidate,,,,,,metadata
ods_center,ods_portal,门户/用户组,data_center_ods,PORTAL_USER_GROUP,PATIENT_USER_INFO,患者管理-患者信息,,,20,36,candidate,,,,,,metadata
ods_center,ods_portal,门户/用户组,data_center_ods,PORTAL_USER_GROUP,PATIENT_USER_RELEVANCE,患者管理-患者关联,,,3,17,candidate,,,,,,metadata
ods_center,ods_portal,门户/用户组,data_center_ods,PORTAL_USER_GROUP,PLAN,随访计划,,,1,23,candidate,,,,,,metadata
ods_center,ods_portal,门户/用户组,data_center_ods,PORTAL_USER_GROUP,PLAN_DETAIL,随访计划-任务,,,2,22,candidate,,,,,,metadata
ods_center,ods_portal,门户/用户组,data_center_ods,PORTAL_USER_GROUP,PLAN_DETAIL_PATIENT,随访计划-患者任务,,,0,21,candidate,,,,,,metadata
ods_center,ods_portal,门户/用户组,data_center_ods,PORTAL_USER_GROUP,PLAN_PATIENT,随访计划-患者,,,0,18,candidate,,,,,,metadata
ods_center,ods_portal,门户/用户组,data_center_ods,PORTAL_USER_GROUP,PLAN_VOTE_SUBMIT,随访计划-问卷提交记录,,,0,16,candidate,,,,,,metadata
ods_center,ods_portal,门户/用户组,data_center_ods,PORTAL_USER_GROUP,PORTAL_APP,,,,0,28,candidate,,,,,,metadata
ods_center,ods_portal,门户/用户组,data_center_ods,PORTAL_USER_GROUP,PORTAL_APP_MENU_ITEM,,,,0,24,candidate,,,,,,metadata
ods_center,ods_portal,门户/用户组,data_center_ods,PORTAL_USER_GROUP,PORTAL_COMMON_CONFIG,,,,0,12,candidate,,,,,,metadata
ods_center,ods_portal,门户/用户组,data_center_ods,PORTAL_USER_GROUP,PORTAL_DEPT,门户-科室管理,,,0,22,candidate,,,,,,metadata
ods_center,ods_portal,门户/用户组,data_center_ods,PORTAL_USER_GROUP,PORTAL_DOCTOR,门户-医生管理,,,0,30,candidate,,,,,,metadata
ods_center,ods_portal,门户/用户组,data_center_ods,PORTAL_USER_GROUP,PORTAL_DOCTOR_DEPT,门户-医生科室关联,,,0,15,candidate,,,,,,metadata
ods_center,ods_portal,门户/用户组,data_center_ods,PORTAL_USER_GROUP,PORTAL_HOSPITAL,门户-医院管理,,,0,29,candidate,,,,,,metadata
ods_center,ods_portal,门户/用户组,data_center_ods,PORTAL_USER_GROUP,PORTAL_HOSPITAL_AREA,门户-院区管理,,,0,25,candidate,,,,,,metadata
ods_center,ods_portal,门户/用户组,data_center_ods,PORTAL_USER_GROUP,PORTAL_ROLES,角色表,,,0,11,candidate,,,,,,metadata
ods_center,ods_portal,门户/用户组,data_center_ods,PORTAL_USER_GROUP,PORTAL_ROLE_PRO_ITEM_BIND,,,,0,7,candidate,,,,,,metadata
ods_center,ods_portal,门户/用户组,data_center_ods,PORTAL_USER_GROUP,PORTAL_ROLE_USER_BIND,,,,0,7,candidate,,,,,,metadata
ods_center,ods_portal,门户/用户组,data_center_ods,PORTAL_USER_GROUP,PORTAL_STAFF_DICT,人员字典,,,0,49,candidate,,,,,,metadata
ods_center,ods_portal,门户/用户组,data_center_ods,PORTAL_USER_GROUP,PORTAL_USERS,,,,0,26,candidate,,,,,,metadata
ods_center,ods_portal,门户/用户组,data_center_ods,PORTAL_USER_GROUP,PORTAL_USER_DEPT,,,,0,12,candidate,,,,,,metadata
ods_center,ods_portal,门户/用户组,data_center_ods,PORTAL_USER_GROUP,REMINDER_NOTICE,提醒通知,,,0,13,candidate,,,,,,metadata
ods_center,ods_portal,门户/用户组,data_center_ods,PORTAL_USER_GROUP,REMINDER_PATIENT,消息提醒-发送历史,,,1,16,candidate,,,,,,metadata
ods_center,ods_portal,门户/用户组,data_center_ods,PORTAL_USER_GROUP,SCHEME,治疗方案,,,1,23,candidate,,,,,,metadata
ods_center,ods_portal,门户/用户组,data_center_ods,PORTAL_USER_GROUP,SCHEME_COURSE,治疗方案-疗程,,,2,15,candidate,,,,,,metadata
ods_center,ods_portal,门户/用户组,data_center_ods,PORTAL_USER_GROUP,SCHEME_COURSE_DAY,治疗方案-疗程每天,,,3,16,candidate,,,,,,metadata
ods_center,ods_portal,门户/用户组,data_center_ods,PORTAL_USER_GROUP,SCHEME_PATIENT,治疗方案-患者,,,0,15,candidate,,,,,,metadata
ods_center,ods_portal,门户/用户组,data_center_ods,PORTAL_USER_GROUP,SCHEME_TREATMENT,治疗方案-每天方案,,,5,18,candidate,,,,,,metadata
ods_center,ods_portal,门户/用户组,data_center_ods,PORTAL_USER_GROUP,SEND_PATIENT,发送患者确认,,,0,18,candidate,,,,,,metadata
ods_center,ods_portal,门户/用户组,data_center_ods,PORTAL_USER_GROUP,SYS_CONFIG_CATEGORY,系统管理-自定义配置分类,,,0,17,candidate,,,,,,metadata
ods_center,ods_portal,门户/用户组,data_center_ods,PORTAL_USER_GROUP,SYS_CONFIG_CONTENT,系统管理-自定义配置,,,0,20,candidate,,,,,,metadata
ods_center,ods_portal,门户/用户组,data_center_ods,PORTAL_USER_GROUP,SYS_DICT,系统管理-字典,,,498,17,candidate,,,,,,metadata
ods_center,ods_portal,门户/用户组,data_center_ods,PORTAL_USER_GROUP,SYS_DICT_CATEGORY,系统管理-字典分类,,,41,14,candidate,,,,,,metadata
ods_center,ods_portal,门户/用户组,data_center_ods,PORTAL_USER_GROUP,SYS_LOGIN_LOG,系统管理-登录日志,,,0,8,candidate,,,,,,metadata
ods_center,ods_portal,门户/用户组,data_center_ods,PORTAL_USER_GROUP,TIMED_TASK,定时任务,,,1,18,candidate,,,,,,metadata
ods_center,ods_portal,门户/用户组,data_center_ods,PORTAL_USER_GROUP,TAG_MANAGE,标签管理,,,4,18,candidate,,,,,,metadata
ods_center,ods_portal,门户/用户组,data_center_ods,PORTAL_USER_GROUP,TIMED_TASK_DETAIL,定时任务-任务明细,,,4,14,candidate,,,,,,metadata
ods_center,ods_portal,门户/用户组,data_center_ods,PORTAL_USER_GROUP,TIMED_TASK_PATIENT,定时任务-发送患者,,,4,19,candidate,,,,,,metadata
ods_center,ods_portal,门户/用户组,data_center_ods,PORTAL_USER_GROUP,VOTE,随访问卷,,,1,26,candidate,,,,,,metadata
ods_center,ods_portal,门户/用户组,data_center_ods,PORTAL_USER_GROUP,VOTE_PATIENT,随访问卷-发送历史,,,1,18,candidate,,,,,,metadata
ods_center,ods_portal,门户/用户组,data_center_ods,PORTAL_USER_GROUP,VOTE_SUBMIT,随访问卷-填写记录,,,0,15,candidate,,,,,,metadata
ods_center,ods_portal,门户/用户,data_center_ods,PORTAL_USER,CHECK_FOREIGN_SYSTEM,,,,0,15,candidate,,,,,,metadata
ods_center,ods_portal,门户/用户,data_center_ods,PORTAL_USER,CHECK_USE_SYSTEM_COPY,,,,0,15,candidate,,,,,,metadata
ods_center,ods_portal,门户/用户,data_center_ods,PORTAL_USER,COMMONS,,,,2,2,candidate,,,,,,metadata
ods_center,ods_portal,门户/用户,data_center_ods,PORTAL_USER,DEMO_PATIENT_INFO,,,,0,5,candidate,,,,,,metadata
ods_center,ods_portal,门户/用户,data_center_ods,PORTAL_USER,FANCY_LOGIN_LOG,,,,102,8,candidate,,,,,,metadata
ods_center,ods_portal,门户/用户,data_center_ods,PORTAL_USER,MED_ADJUST_PRICE_MASTER,,,,0,14,candidate,,,,,,metadata
ods_center,ods_portal,门户/用户,data_center_ods,PORTAL_USER,MESSAGE_CENTER,,,,0,7,candidate,,,,,,metadata
ods_center,ods_portal,门户/用户,data_center_ods,PORTAL_USER,NURSE_EXECUTE_TIME,各频次对应的医嘱计划执行时间,,,0,17,candidate,,,,,,metadata
ods_center,ods_portal,门户/用户,data_center_ods,PORTAL_USER,PORTAL_API_COMPANY,,,,0,6,candidate,,,,,,metadata
ods_center,ods_portal,门户/用户,data_center_ods,PORTAL_USER,PORTAL_APP,,,,45,27,candidate,,,,,,metadata
ods_center,ods_portal,门户/用户,data_center_ods,PORTAL_USER,PORTAL_APP_API,,,,2,13,candidate,,,,,,metadata
ods_center,ods_portal,门户/用户,data_center_ods,PORTAL_USER,PORTAL_APP_AUTH_RECORD,,,,52,6,candidate,,,,,,metadata
ods_center,ods_portal,门户/用户,data_center_ods,PORTAL_USER,PORTAL_APP_MENU_ITEM,,,,866,24,candidate,,,,,,metadata
ods_center,ods_portal,门户/用户,data_center_ods,PORTAL_USER,PORTAL_APP_TYPE,,,,7,4,candidate,,,,,,metadata
ods_center,ods_portal,门户/用户,data_center_ods,PORTAL_USER,PORTAL_APP_USER_VISIT,,,,152,5,candidate,,,,,,metadata
ods_center,ods_portal,门户/用户,data_center_ods,PORTAL_USER,PORTAL_COMMON,,,,0,3,candidate,,,,,,metadata
ods_center,ods_portal,门户/用户,data_center_ods,PORTAL_USER,PORTAL_COMMON_CONFIG,,,,6,12,candidate,,,,,,metadata
ods_center,ods_portal,门户/用户,data_center_ods,PORTAL_USER,PORTAL_COMPANY,,,,1,11,candidate,,,,,,metadata
ods_center,ods_portal,门户/用户,data_center_ods,PORTAL_USER,PORTAL_DEPT_DICT,,,,423,22,candidate,,,,,,metadata
ods_center,ods_portal,门户/用户,data_center_ods,PORTAL_USER,PORTAL_ENCIPHER,,,,0,12,candidate,,,,,,metadata
ods_center,ods_portal,门户/用户,data_center_ods,PORTAL_USER,PORTAL_GATEWAY_EXCLUDE_PATH,,,,0,11,candidate,,,,,,metadata
ods_center,ods_portal,门户/用户,data_center_ods,PORTAL_USER,PORTAL_HOSPITAL,,,,0,23,candidate,,,,,,metadata
ods_center,ods_portal,门户/用户,data_center_ods,PORTAL_USER,PORTAL_HOSPITAL_AREA,,,,0,21,candidate,,,,,,metadata
ods_center,ods_portal,门户/用户,data_center_ods,PORTAL_USER,PORTAL_MESSAGE_APP,,,,0,2,candidate,,,,,,metadata
ods_center,ods_portal,门户/用户,data_center_ods,PORTAL_USER,PORTAL_MSG,,,,0,11,candidate,,,,,,metadata
ods_center,ods_portal,门户/用户,data_center_ods,PORTAL_USER,PORTAL_MSG_USER_OPEN,,,,0,6,candidate,,,,,,metadata
ods_center,ods_portal,门户/用户,data_center_ods,PORTAL_USER,PORTAL_NOTICE,,,,0,13,candidate,,,,,,metadata
ods_center,ods_portal,门户/用户,data_center_ods,PORTAL_USER,PORTAL_NOTICE_BIND_APP,,,,0,6,candidate,,,,,,metadata
ods_center,ods_portal,门户/用户,data_center_ods,PORTAL_USER,PORTAL_NOTICE_FILE,,,,0,7,candidate,,,,,,metadata
ods_center,ods_portal,门户/用户,data_center_ods,PORTAL_USER,PORTAL_NOTICE_HISTORY,,,,0,14,candidate,,,,,,metadata
ods_center,ods_portal,门户/用户,data_center_ods,PORTAL_USER,PORTAL_NOTICE_USER_OPEN,,,,0,7,candidate,,,,,,metadata
ods_center,ods_portal,门户/用户,data_center_ods,PORTAL_USER,PORTAL_ROLE_PRO_ITEM_BIND,,,,208,7,candidate,,,,,,metadata
ods_center,ods_portal,门户/用户,data_center_ods,PORTAL_USER,PORTAL_ROLE_USER_BIND,,,,10,7,candidate,,,,,,metadata
ods_center,ods_portal,门户/用户,data_center_ods,PORTAL_USER,PORTAL_ROLES,,,,2,11,candidate,,,,,,metadata
ods_center,ods_portal,门户/用户,data_center_ods,PORTAL_USER,PORTAL_SENSITIVE,,,,0,15,candidate,,,,,,metadata
ods_center,ods_portal,门户/用户,data_center_ods,PORTAL_USER,PORTAL_SHORT_MESSAGE_TEMPLATE,,,,0,19,candidate,,,,,,metadata
ods_center,ods_portal,门户/用户,data_center_ods,PORTAL_USER,PORTAL_SHORT_MESSAGE_TYPE,,,,0,6,candidate,,,,,,metadata
ods_center,ods_portal,门户/用户,data_center_ods,PORTAL_USER,PORTAL_STAFF_DICT,,,,0,52,candidate,,,,,,metadata
ods_center,ods_portal,门户/用户,data_center_ods,PORTAL_USER,PORTAL_SYS_DICT,,,,1211,16,candidate,,,,,,metadata
ods_center,ods_portal,门户/用户,data_center_ods,PORTAL_USER,PORTAL_SYS_DICT_CLASS,,,,11,10,candidate,,,,,,metadata
ods_center,ods_portal,门户/用户,data_center_ods,PORTAL_USER,PORTAL_SYS_DICT_TYPE,,,,145,11,candidate,,,,,,metadata
ods_center,ods_portal,门户/用户,data_center_ods,PORTAL_USER,PORTAL_USER_DEPT,,,,233,8,candidate,,,,,,metadata
ods_center,ods_portal,门户/用户,data_center_ods,PORTAL_USER,PORTAL_USERS,,,,58,21,candidate,,,,,,metadata
ods_center,ods_portal,门户/用户,data_center_ods,PORTAL_USER,PORTAL_WORK_ORDER,,,,0,18,candidate,,,,,,metadata
ods_center,ods_portal,门户/用户,data_center_ods,PORTAL_USER,PUB_PATIENT_TYPE,患者类型,,,0,27,candidate,,,,,,metadata
ods_center,ods_portal,门户/用户,data_center_ods,PORTAL_USER,QRTZ_BLOB_TRIGGERS,,,,0,4,candidate,,,,,,metadata
ods_center,ods_portal,门户/用户,data_center_ods,PORTAL_USER,QRTZ_CALENDARS,,,,0,3,candidate,,,,,,metadata
ods_center,ods_portal,门户/用户,data_center_ods,PORTAL_USER,QRTZ_CRON_TRIGGERS,,,,0,5,candidate,,,,,,metadata
ods_center,ods_portal,门户/用户,data_center_ods,PORTAL_USER,QRTZ_FIRED_TRIGGERS,,,,0,13,candidate,,,,,,metadata
ods_center,ods_portal,门户/用户,data_center_ods,PORTAL_USER,QRTZ_JOB_DETAILS,,,,0,10,candidate,,,,,,metadata
ods_center,ods_portal,门户/用户,data_center_ods,PORTAL_USER,QRTZ_LOCKS,,,,2,2,candidate,,,,,,metadata
ods_center,ods_portal,门户/用户,data_center_ods,PORTAL_USER,QRTZ_PAUSED_TRIGGER_GRPS,,,,0,2,candidate,,,,,,metadata
ods_center,ods_portal,门户/用户,data_center_ods,PORTAL_USER,QRTZ_SCHEDULER_STATE,,,,1,4,candidate,,,,,,metadata
ods_center,ods_portal,门户/用户,data_center_ods,PORTAL_USER,QRTZ_SIMPLE_TRIGGERS,,,,0,6,candidate,,,,,,metadata
ods_center,ods_portal,门户/用户,data_center_ods,PORTAL_USER,QRTZ_SIMPROP_TRIGGERS,,,,0,14,candidate,,,,,,metadata
ods_center,ods_portal,门户/用户,data_center_ods,PORTAL_USER,QRTZ_TRIGGERS,,,,0,16,candidate,,,,,,metadata
ods_center,ods_portal,门户/用户,data_center_ods,PORTAL_USER,SYS_JOB,,,,0,17,candidate,,,,,,metadata
ods_center,ods_portal,门户/用户,data_center_ods,PORTAL_USER,SYS_JOB_LOG,,,,0,8,candidate,,,,,,metadata
ods_center,ods_portal,门户/用户,data_center_ods,PORTAL_USER,SYS_TEMP_FBT,,,,0,5,candidate,,,,,,metadata
ods_center,ods_portal,门户/用户,data_center_ods,PORTAL_USER,cc,,,,0,1,candidate,,,,,,metadata
ods_center,ods_portal,门户/患者主索引,data_center_ods,PORTAL_EMPI,SUPPLIER_SYSTEM,,,,0,2,candidate,,,,,,metadata
ods_center,ods_portal,门户/患者主索引,data_center_ods,PORTAL_EMPI,PATIENT_INFO,,患者主数据,,1684177,63,core,,B,,,跨系统患者主索引;关联键待确认,curated
ods_center,ods_portal,门户/患者主索引,data_center_ods,PORTAL_EMPI,PATIENT_INFO_EQUAL,,,,100685,61,candidate,,,,,,metadata
ods_center,ods_portal,门户/患者主索引,data_center_ods,PORTAL_EMPI,PATIENT_INFO_IRREGULAR,,,,37450,12,candidate,,,,,,metadata
ods_center,ods_portal,门户/患者主索引,data_center_ods,PORTAL_EMPI,PATIENT_INFO_OPERATE_LOG,,,,0,62,candidate,,,,,,metadata
ods_center,ods_portal,门户/患者主索引,data_center_ods,PORTAL_EMPI,PATIENT_INFO_OPERATE_LOG_GROUP,,,,0,4,candidate,,,,,,metadata
ods_center,ods_portal,门户/患者主索引,data_center_ods,PORTAL_EMPI,PATIENT_INFO_SIMILARITY,,,,0,61,candidate,,,,,,metadata
ods_center,ods_portal,门户/患者主索引,data_center_ods,PORTAL_EMPI,PATIENT_MERGE_BATCH,,,,3,8,candidate,,,,,,metadata
ods_center,ods_portal,门户/患者主索引,data_center_ods,PORTAL_EMPI,PATIENT_MATCH_RULE,,,,2,13,candidate,,,,,,metadata
ods_center,ods_portal,门户/患者主索引,data_center_ods,PORTAL_EMPI,PATIENT_MATCH_RULE_DETAIL,,,,6,12,candidate,,,,,,metadata
ods_center,ods_other,顺能,data_center_ods,SHUNNENG,APPOINTINFOVIEW,,,,1782712,13,candidate,,,,,,metadata
ods_center,ods_other,超声/设备,data_center_ods,CRBSB,SEX_DICT,性别字典,,,4,9,candidate,,,,,,metadata
ods_center,ods_other,超声/设备,data_center_ods,CRBSB,SPECIMAN_DICT,标本字典,,,240,12,candidate,,,,,,metadata
ods_center,ods_other,超声/设备,data_center_ods,CRBSB,NATION_DICT,民族字典,,,58,9,candidate,,,,,,metadata
ods_center,ods_other,超声/设备,data_center_ods,CRBSB,ID_TYPE_DICT,,,,8,5,candidate,,,,,,metadata
ods_center,ods_other,超声/设备,data_center_ods,CRBSB,MARITAL_STATUS_DICT,婚姻状况字典,,,5,8,candidate,,,,,,metadata
ods_center,ods_other,超声/设备,data_center_ods,CRBSB,DISCHARGE_DISPOSITION_DICT,出院方式字典,,,7,11,candidate,,,,,,metadata
ods_center,ods_other,超声/设备,data_center_ods,CRBSB,AREA_DICT,行政区字典,,,3019,11,candidate,,,,,,metadata
ods_center,ods_other,超声/设备,data_center_ods,CRBSB,COUNTRY_DICT,国家及地区字典,,,37,9,candidate,,,,,,metadata
ods_center,ods_other,超声/设备,data_center_ods,CRBSB,MEASURES_DICT,计量单位字典,,,160,7,candidate,,,,,,metadata
ods_center,ods_other,超声/设备,data_center_ods,CRBSB,RELATIONSHIP_DICT,社会关系字典,,,25,10,candidate,,,,,,metadata
ods_center,ods_other,超声/设备,data_center_ods,CRBSB,EXAM_CLASS_DICT,检查类别字典,,,19,13,candidate,,,,,,metadata
ods_center,ods_other,超声/设备,data_center_ods,CRBSB,EXAM_RPT_PATTERN,检查报告模版,,,942,12,candidate,,,,,,metadata
ods_center,ods_other,超声/设备,data_center_ods,CRBSB,LAB_ITEM_CLASS_DICT,检验项目类别字典,,,16,8,candidate,,,,,,metadata
ods_center,ods_other,超声/设备,data_center_ods,CRBSB,CLINIC_ITEM_DICT,临床诊疗项目字典,,,14136,29,candidate,,,,,,metadata
ods_center,ods_other,超声/设备,data_center_ods,CRBSB,DEPT_DICT,科室字典,,,710,42,candidate,,,,,,metadata
ods_center,ods_other,超声/设备,data_center_ods,CRBSB,STAT_VS_CHARGE_TYPE,卫统5医保接口用医疗付款方式,,,14,9,candidate,,,,,,metadata
ods_center,ods_other,超声/设备,data_center_ods,CRBSB,CRBSB_DICTIONARY,,,,39830,7,candidate,,,,,,metadata
ods_center,ods_hrp,HRP 抽取区,data_center_ods,HRP,SEY_WZCK,,,,16176,5,candidate,,,,,,metadata
ods_center,ods_hrp,HRP 抽取区,data_center_ods,HRP,SEY_HCCK,,,,60929,5,candidate,,,,,,metadata
ods_center,ods_hrp,HRP 抽取区,data_center_ods,HRP,BD_ADDRESS,,,,8524,15,candidate,,,,,,metadata
ods_center,ods_hrp,HRP 抽取区,data_center_ods,HRP,BD_DEFDOC,,,,22139,50,candidate,,,,,,metadata
ods_center,ods_hrp,HRP 抽取区,data_center_ods,HRP,BD_PSNDOC,,,,3271,115,candidate,,,,,,metadata
ods_center,ods_hrp,HRP 抽取区,data_center_ods,HRP,BD_COUNTRYZONE,,,,238,34,candidate,,,,,,metadata
ods_center,ods_hrp,HRP 抽取区,data_center_ods,HRP,BD_VOUCHERTYPE,,,,5,31,candidate,,,,,,metadata
ods_center,ods_hrp,HRP 抽取区,data_center_ods,HRP,GL_DETAIL,,,,1095268,87,candidate,,,,,,metadata
ods_center,ods_hrp,HRP 抽取区,data_center_ods,HRP,HI_PSNDOC_EDU,,,,4034,40,candidate,,,,,,metadata
ods_center,ods_hrp,HRP 抽取区,data_center_ods,HRP,HI_PSNDOC_CTRT,,,,0,47,candidate,,,,,,metadata
ods_center,ods_hrp,HRP 抽取区,data_center_ods,HRP,HI_PSNDOC_LANGABILITY,,,,0,19,candidate,,,,,,metadata
ods_center,ods_hrp,HRP 抽取区,data_center_ods,HRP,HI_PSNDOC_PSNCHG,,,,3279,28,candidate,,,,,,metadata
ods_center,ods_hrp,HRP 抽取区,data_center_ods,HRP,HI_PSNDOC_TITLE,,,,0,27,candidate,,,,,,metadata
ods_center,ods_hrp,HRP 抽取区,data_center_ods,HRP,HI_PSNJOB,,,,5477,73,candidate,,,,,,metadata
ods_center,ods_hrp,HRP 抽取区,data_center_ods,HRP,ORG_ADMINORG,,,,1,62,candidate,,,,,,metadata
ods_center,ods_hrp,HRP 抽取区,data_center_ods,HRP,OM_JOB,,,,326,38,candidate,,,,,,metadata
ods_center,ods_hrp,HRP 抽取区,data_center_ods,HRP,ORG_DEPT,,,,325,80,candidate,,,,,,metadata
ods_center,ods_hrp,HRP 抽取区,data_center_ods,HRP,SM_USER,,,,995,39,candidate,,,,,,metadata
ods_center,ods_hrp,HRP 抽取区,data_center_ods,HRP,HR_RYDA1,,,,2205,77,candidate,,,,,,metadata
ods_center,ods_hrp,HRP 抽取区,data_center_ods,HRP,BD_PSNCL,,,,19,22,candidate,,,,,,metadata
ods_center,ods_hrp,HRP 抽取区,data_center_ods,HRP,GL_DOCFREE1,,,,22014,34,candidate,,,,,,metadata
ods_center,ods_other,超声,data_center_ods,CS,三甲复审数据,,,,54659,26,candidate,,,,,,metadata
ods_center,ods_other,超声,data_center_ods,CS,SKBCOLLECTIONDETAIL,,,,398560,17,candidate,,,,,,metadata
ods_center,ods_other,超声,data_center_ods,CS,BHOSCHECKUS,,,,916258,178,candidate,,,,,,metadata
ods_center,ods_other,超声,data_center_ods,CS,病人来源,,,,4,4,candidate,,,,,,metadata
ods_center,ods_other,超声,data_center_ods,CS,预约登记,,,,405037,103,candidate,,,,,,metadata
ods_center,ods_other,超声,data_center_ods,CS,三甲复审2026,,,,13011,28,candidate,,,,,,metadata
ods_center,ods_other,超声,data_center_ods,CS,异地住院,,,,2257,14,candidate,,,,,,metadata
ods_center,ods_other,超声,data_center_ods,CS,济南市住院,,,,2597,11,candidate,,,,,,metadata
ods_center,ods_other,输血,data_center_ods,SX,B_T_REACTIONS,,,,27642,83,candidate,,,,,,metadata
ods_center,ods_other,输血,data_center_ods,SX,B_T_REQD,,,,35464,54,candidate,,,,,,metadata
ods_center,ods_other,输血,data_center_ods,SX,B_T_XYXXB,,,,40122,46,candidate,,,,,,metadata
ods_center,ods_other,体检,data_center_ods,TJ,KSBM1,,,,33,14,candidate,,,,,,metadata
ods_center,ods_other,体检,data_center_ods,TJ,JCSFXM1,,,,325865,38,candidate,,,,,,metadata
ods_center,ods_other,体检,data_center_ods,TJ,JCXX1,,,,6454,128,candidate,,,,,,metadata
ods_center,ods_other,体检,data_center_ods,TJ,SFXM1,,,,302,47,candidate,,,,,,metadata
ods_center,ods_other,体检,data_center_ods,TJ,SFXMTOSFWJ1,,,,1356,8,candidate,,,,,,metadata
ods_center,ods_other,体检,data_center_ods,TJ,TJ_GNJCZB1,,,,139411,18,candidate,,,,,,metadata
ods_center,ods_other,体检,data_center_ods,TJ,TJLB1,,,,4,2,candidate,,,,,,metadata
ods_center,ods_other,体检,data_center_ods,TJ,TJXM1,,,,0,35,candidate,,,,,,metadata
ods_center,ods_other,体检,data_center_ods,TJ,EBHB,,,,71627,12,candidate,,,,,,metadata
ods_center,ods_other,体检,data_center_ods,TJ,FKB,,,,45558,12,candidate,,,,,,metadata
ods_center,ods_other,体检,data_center_ods,TJ,JCSFXM,,,,482769,38,candidate,,,,,,metadata
ods_center,ods_other,体检,data_center_ods,TJ,JCXX,,,,26372,128,candidate,,,,,,metadata
ods_center,ods_other,体检,data_center_ods,TJ,KQB,,,,34411,12,candidate,,,,,,metadata
ods_center,ods_other,体检,data_center_ods,TJ,KSBM,,,,32,14,candidate,,,,,,metadata
ods_center,ods_other,体检,data_center_ods,TJ,NKB,,,,138162,11,candidate,,,,,,metadata
ods_center,ods_other,体检,data_center_ods,TJ,SFXM,,,,352,47,candidate,,,,,,metadata
ods_center,ods_other,体检,data_center_ods,TJ,SFXMTOSFWJ,,,,1452,8,candidate,,,,,,metadata
ods_center,ods_other,体检,data_center_ods,TJ,TJXM,,,,3677,35,candidate,,,,,,metadata
ods_center,ods_other,体检,data_center_ods,TJ,WKB,,,,106831,12,candidate,,,,,,metadata
ods_center,ods_other,体检,data_center_ods,TJ,YBB,,,,74158,12,candidate,,,,,,metadata
ods_center,ods_other,体检,data_center_ods,TJ,YKB,,,,23407,12,candidate,,,,,,metadata
ods_center,ods_other,体检,data_center_ods,TJ,YHXX,,,,335,18,candidate,,,,,,metadata
ods_center,ods_other,体检,data_center_ods,TJ,JCMXX,,,,509,35,candidate,,,,,,metadata
ods_center,ods_emr,EMR/病历抽取区,data_center_ods,MTL,EMRSD48,,,,41256,66,candidate,,,,,,metadata
ods_center,ods_emr,EMR/病历抽取区,data_center_ods,MTL,EMRSD35,,,,7234,69,candidate,,,,,,metadata
ods_center,ods_emr,EMR/病历抽取区,data_center_ods,MTL,EMRSD43,,,,3666,56,candidate,,,,,,metadata
ods_center,ods_emr,EMR/病历抽取区,data_center_ods,MTL,EPR_INPATIENT,住院病历段落信息表。该表存储住院病历内容信息，以DATE_VALIDATED按年度进行分区存储。,电子病历(旧),,3948751,49,core,UHID|ID,A,,,DOC_TYPE_NAME like '%出院记录%' 等,curated
ods_center,ods_emr,EMR/病历抽取区,data_center_ods,MTL,EPR_COM_DATASOURCECONFIG,,,,649,28,candidate,,,,,,metadata
ods_center,ods_emr,EMR/病历抽取区,data_center_ods,MTL,EMRSD31,,,,410988,37,candidate,,,,,,metadata
ods_center,ods_emr,EMR/病历抽取区,data_center_ods,MTL,EMRSD51,,,,1193,62,candidate,,,,,,metadata
ods_center,ods_emr,EMR/病历抽取区,data_center_ods,MTL,EPR_INPATIENT_DOCINDEX,存储住院病历索引信息，包括病历的状态,电子病历(旧),,239860,36,core,UHID,A,,,"P_INPATIENT_NO=INP_NO, P_INPATIENT_TIMES=VISIT_ID",curated
ods_center,ods_emr,EMR/病历抽取区,data_center_ods,MTL,EPR_TEMP_AUTHORITY,记录住院病历临时权限以及主动授权信息,,,985,12,candidate,,,,,,metadata
ods_center,ods_emr,EMR/病历抽取区,data_center_ods,MTL,EMRSD40,,,,545,43,candidate,,,,,,metadata
ods_center,ods_emr,EMR/病历抽取区,data_center_ods,MTL,EMRSD38,,,,704731,41,candidate,,,,,,metadata
ods_center,ods_emr,EMR/病历抽取区,data_center_ods,MTL,EMRSD29,,,,26620,44,candidate,,,,,,metadata
ods_center,ods_emr,EMR/病历抽取区,data_center_ods,MTL,EMRSD39,,,,499996,44,candidate,,,,,,metadata
ods_center,ods_emr,EMR/病历抽取区,data_center_ods,MTL,EMRSD49,,,,225811,67,candidate,,,,,,metadata
ods_center,ods_emr,EMR/病历抽取区,data_center_ods,MTL,EMRSD44,,,,5425,52,candidate,,,,,,metadata
ods_center,ods_emr,EMR/病历抽取区,data_center_ods,MTL,COM_PATIENTINFO,,,,1589979,68,candidate,,,,,,metadata
ods_center,ods_emr,EMR/病历抽取区,data_center_ods,MTL,EPR_INPATIENTTREECONFIG,,,,197,29,candidate,,,,,,metadata
ods_center,ods_emr,EMR/病历抽取区,data_center_ods,MTL,HIS_MET_COM_DIAGNOSE,患者诊断表,,,1435092,28,candidate,,,,,,metadata
ods_center,ods_emr,EMR/病历抽取区,data_center_ods,MTL,EMRSD50,,,,1088,64,candidate,,,,,,metadata
ods_center,ods_emr,EMR/病历抽取区,data_center_ods,MTL,EPR_INPATIENT_LOG,住院病历操作日志表,,,128,13,candidate,,,,,,metadata
ods_center,ods_emr,EMR/病历抽取区,data_center_ods,MTL,EMRSD_CONTENT,,电子病历(旧),,3946778,5,core,UHID|段落编号,A,,,段落内容为 CLOB;段落编号=EPR_INPATIENT.ID,curated
ods_center,ods_emr,EMR/病历抽取区,data_center_ods,MTL,EMRSD1,,,,0,87,candidate,,,,,,metadata
ods_center,ods_emr,EMR/病历抽取区,data_center_ods,MTL,EMRSD41,,,,39,51,candidate,,,,,,metadata
ods_center,ods_emr,EMR/病历抽取区,data_center_ods,MTL,EMRSD53,,,,42,75,candidate,,,,,,metadata
ods_center,ods_emr,EMR/病历抽取区,data_center_ods,MTL,EMRSD37,,,,227895,49,candidate,,,,,,metadata
ods_center,ods_emr,EMR/病历抽取区,data_center_ods,MTL,EMRSD42,,,,12841,61,candidate,,,,,,metadata
ods_center,ods_emr,EMR/病历抽取区,data_center_ods,MTL,PH_SS,,,,267,5,candidate,,,,,,metadata
ods_center,ods_emr,EMR/病历抽取区,data_center_ods,MTL,EMRSD46,,,,64543,75,candidate,,,,,,metadata
ods_center,ods_emr,EMR/病历抽取区,data_center_ods,MTL,EMRSD45,,,,22053,57,candidate,,,,,,metadata
ods_center,ods_emr,EMR/病历抽取区,data_center_ods,MTL,EMRSD36,,,,159,64,candidate,,,,,,metadata
ods_center,ods_emr,EMR/病历抽取区,data_center_ods,MTL,EMRSD16,,,,152,125,candidate,,,,,,metadata
ods_center,ods_emr,EMR/病历抽取区,data_center_ods,MTL,EMRSD47,,,,14382,52,candidate,,,,,,metadata
ods_center,ods_emr,EMR/病历抽取区,data_center_ods,MTL,EMRSD9,,,,57139,67,candidate,,,,,,metadata
ods_center,ods_emr,EMR/病历抽取区,data_center_ods,MTL,EMRSD34,,,,226223,128,candidate,,,,,,metadata
ods_center,ods_portal,门户/单点登录,data_center_ods,PORTAL,FANCY_STAFF_SCHEDUL_2,门诊医生排班表,,,17010,6,candidate,,,,,,metadata
ods_center,ods_portal,门户/单点登录,data_center_ods,PORTAL,在职人员花名册,,,,1842,13,candidate,,,,,,metadata
ods_center,ods_portal,门户/单点登录,data_center_ods,PORTAL,TEST_EMAIL_SHOU,,,,1,13,candidate,,,,,,metadata
ods_center,ods_portal,门户/单点登录,data_center_ods,PORTAL,TEST_SCHEDUL,,,,2,6,candidate,,,,,,metadata
ods_center,ods_portal,门户/单点登录,data_center_ods,PORTAL,TEST_XITONGGONGGAO1,,,,1,10,candidate,,,,,,metadata
ods_center,ods_portal,门户/单点登录,data_center_ods,PORTAL,TEST_XITONGGONGGAO,,,,1,10,candidate,,,,,,metadata
ods_center,ods_portal,门户/单点登录,data_center_ods,PORTAL,TEST_INDEX,,,,5,5,candidate,,,,,,metadata
ods_center,ods_portal,门户/单点登录,data_center_ods,PORTAL,FANCY_STAFF_SCHEDUL,,,,414269,18,candidate,,,,,,metadata
ods_center,ods_portal,门户/单点登录,data_center_ods,PORTAL,OA_INFORMATION_VIEW,,,,567,10,candidate,,,,,,metadata
ods_center,ods_portal,门户/单点登录,data_center_ods,PORTAL,TEST_ADDRESS_BOOK,,,,2,3,candidate,,,,,,metadata
ods_center,ods_portal,门户/单点登录,data_center_ods,PORTAL,TEST_TONGZHIGONGGAO,,,,2,9,candidate,,,,,,metadata
ods_center,ods_portal,门户/单点登录,data_center_ods,PORTAL,TEST_YIYUANWENJIAN,,,,2,9,candidate,,,,,,metadata
ods_center,ods_portal,门户/单点登录,data_center_ods,PORTAL,TEST_DIANZIBINGLI_TZGG,,,,1,7,candidate,,,,,,metadata
ods_center,ods_portal,门户/单点登录,data_center_ods,PORTAL,TEST_OA,,,,1,20,candidate,,,,,,metadata
ods_center,ods_other,风险检查,data_center_ods,FXJCPT,CDA_DICTIONARY,,,,69708,7,candidate,,,,,,metadata
ods_center,ods_other,病理,data_center_ods,BL,DICTIONARY_TAGLIST,,,,40,4,candidate,,,,,,metadata
ods_center,ods_other,病理,data_center_ods,BL,DICTIONARY_SPECIMENNAME1,,,,233,9,candidate,,,,,,metadata
ods_center,ods_other,病理,data_center_ods,BL,DICTIONARY_TAG1,,,,245,10,candidate,,,,,,metadata
ods_center,ods_other,病理,data_center_ods,BL,DICTIONARY_TAGLIST1,,,,36,4,candidate,,,,,,metadata
ods_center,ods_other,病理,data_center_ods,BL,MOL_PATHOLOGICAL_EXAM_RECORD1,,,,172272,44,candidate,,,,,,metadata
ods_center,ods_other,病理,data_center_ods,BL,PATHOLOGICAL_EXAM_RECORD1,,,,154125,53,candidate,,,,,,metadata
ods_center,ods_other,病理,data_center_ods,BL,PITAYA1,,,,166352,220,candidate,,,,,,metadata
ods_center,ods_other,病理,data_center_ods,BL,PITAYA_ADDITIONALREPORT1,,,,2002,14,candidate,,,,,,metadata
ods_center,ods_other,病理,data_center_ods,BL,ROLEPERMISSIONS1,,,,13975,4,candidate,,,,,,metadata
ods_center,ods_other,病理,data_center_ods,BL,ROLES1,,,,17,3,candidate,,,,,,metadata
ods_center,ods_other,病理,data_center_ods,BL,DICTIONARY_SPECIMENNAME,,,,233,9,candidate,,,,,,metadata
ods_center,ods_other,病理,data_center_ods,BL,DICTIONARY_TAG,,,,255,10,candidate,,,,,,metadata
ods_center,ods_other,病理,data_center_ods,BL,PITAYA_ADDITIONALREPORT,,,,2655,14,candidate,,,,,,metadata
ods_center,ods_other,病理,data_center_ods,BL,PITAYA_ADVICE,,,,139890,23,candidate,,,,,,metadata
ods_center,ods_other,病理,data_center_ods,BL,PITAYA_FROZENREPORT,,,,10794,24,candidate,,,,,,metadata
ods_center,ods_other,病理,data_center_ods,BL,ROLEPERMISSIONS,,,,13902,4,candidate,,,,,,metadata
ods_center,ods_other,病理,data_center_ods,BL,ROLES,,,,17,3,candidate,,,,,,metadata
ods_center,ods_other,病理,data_center_ods,BL,PITAYA_DBTYPE,,,,17,9,candidate,,,,,,metadata
ods_center,ods_other,病理,data_center_ods,BL,PITAYA,,,,207591,238,candidate,,,,,,metadata
ods_center,ods_other,病理,data_center_ods,BL,MOL_PATHOLOGICAL_EXAM_RECORD,,,,185761,44,candidate,,,,,,metadata
ods_center,ods_other,病理,data_center_ods,BL,BS25015,病理检查报告表,,,0,49,candidate,,,,,,metadata
ods_center,ods_other,内镜,data_center_ods,NJ,BHOSCHECKES,,,,80480,215,candidate,,,,,,metadata
ods_center,ods_other,内镜,data_center_ods,NJ,BHOSCHECKES_NAVRECORD,,,,8,4,candidate,,,,,,metadata
ods_center,ods_other,内镜,data_center_ods,NJ,BHOSCHECKES_PSITEMS,,,,59792,8,candidate,,,,,,metadata
ods_center,ods_other,内镜,data_center_ods,NJ,SKBCOLLECTIONDETAIL,,,,57476,20,candidate,,,,,,metadata
ods_center,ods_other,内镜,data_center_ods,NJ,预约登记,,,,56584,110,candidate,,,,,,metadata
ods_center,ods_other,内镜,data_center_ods,NJ,病人来源,,,,4,4,candidate,,,,,,metadata
ods_center,ods_other,消毒供应,data_center_ods,XD,PATIENT_CLASS_MST1,,,,5,4,candidate,,,,,,metadata
ods_center,ods_other,消毒供应,data_center_ods,XD,RACE_MST1,,,,6,6,candidate,,,,,,metadata
ods_center,ods_other,消毒供应,data_center_ods,XD,REPORT_TBL1,,,,285648,18,candidate,,,,,,metadata
ods_center,ods_other,消毒供应,data_center_ods,XD,SEX_MST1,,,,3,4,candidate,,,,,,metadata
ods_center,ods_other,消毒供应,data_center_ods,XD,STATUS_MST1,,,,7,3,candidate,,,,,,metadata
ods_center,ods_other,消毒供应,data_center_ods,XD,STUDY_CLASS_MST1,,,,3,7,candidate,,,,,,metadata
ods_center,ods_other,消毒供应,data_center_ods,XD,STUDY_TBL1,,,,373421,100,candidate,,,,,,metadata
ods_center,ods_other,消毒供应,data_center_ods,XD,PATIENT_CLASS_MST,,,,5,4,candidate,,,,,,metadata
ods_center,ods_other,消毒供应,data_center_ods,XD,RACE_MST,,,,6,6,candidate,,,,,,metadata
ods_center,ods_other,消毒供应,data_center_ods,XD,REPORT_TBL,,,,301062,18,candidate,,,,,,metadata
ods_center,ods_other,消毒供应,data_center_ods,XD,SEX_MST,,,,3,4,candidate,,,,,,metadata
ods_center,ods_other,消毒供应,data_center_ods,XD,STATUS_MST,,,,7,3,candidate,,,,,,metadata
ods_center,ods_other,消毒供应,data_center_ods,XD,STUDY_CLASS_MST,,,,3,7,candidate,,,,,,metadata
ods_center,ods_other,消毒供应,data_center_ods,XD,STUDY_TBL,,,,393643,100,candidate,,,,,,metadata
ods_center,ods_other,消毒供应,data_center_ods,XD,ORDER_TBL,,,,326955,59,candidate,,,,,,metadata
ods_center,ods_other,影医,data_center_ods,YINGYI,DIS_PROVINCE_ILL1,省疾病信息,,,429771,13,candidate,,,,,,metadata
ods_center,ods_other,影医,data_center_ods,YINGYI,DIS_PROVINCE_BASEINFO1,省患者基本信息,,,79372,170,candidate,,,,,,metadata
ods_center,ods_other,影医,data_center_ods,YINGYI,DIS_PROVINCE_OPERAITON1,,,,103104,31,candidate,,,,,,metadata
ods_center,ods_other,影医,data_center_ods,YINGYI,DIS_PROVINCE_BASEINFO,,,,164048,170,candidate,,,,,,metadata
ods_center,ods_other,影医,data_center_ods,YINGYI,DIS_PROVINCE_ILL,,,,886726,13,candidate,,,,,,metadata
ods_center,ods_other,影医,data_center_ods,YINGYI,DIS_PROVINCE_OPERAITON,,,,221546,31,candidate,,,,,,metadata
ods_center,ods_ydhl,移动护理抽取区,data_center_ods,YDHL,DEPTS,,,,229,27,candidate,,,,,,metadata
ods_center,ods_ydhl,移动护理抽取区,data_center_ods,YDHL,MCS_DOC_INOUT,出入量记录单,,,6957944,26,candidate,,,,,,metadata
ods_center,ods_ydhl,移动护理抽取区,data_center_ods,YDHL,MCS_MSYS_NURSINGLEVEL_CONF,,,,6,7,candidate,,,,,,metadata
ods_center,ods_ydhl,移动护理抽取区,data_center_ods,YDHL,INPATIENTS,,护理,,276069,134,core,,B,,,PAT_INDEX_NO=MCS_ASSESS_FORM.PATIENT_UID,curated
ods_center,ods_ydhl,移动护理抽取区,data_center_ods,YDHL,MCS_ASSESS_FORM,全息评估记录主表,护理,,2382672,18,core,,B,,,PATIENT_UID 关联 INPATIENTS;GENERATOR_TYPE='manul' IS_VALID='1',curated
ods_center,ods_ydhl,移动护理抽取区,data_center_ods,YDHL,MCS_PATROL_INFO,,,,33501843,15,candidate,,,,,,metadata
ods_center,ods_ydhl,移动护理抽取区,data_center_ods,YDHL,WARDS,,,,109,17,candidate,,,,,,metadata
ods_center,ods_ydhl,移动护理抽取区,data_center_ods,YDHL,MCS_DAILY_SETTLE_DATA,,,,700076,12,candidate,,,,,,metadata
ods_center,ods_ydhl,移动护理抽取区,data_center_ods,YDHL,MCS_PATIENT_ALLERY_HISTORY,,,,52934,20,candidate,,,,,,metadata
ods_center,ods_ydhl,移动护理抽取区,data_center_ods,YDHL,MCS_DICT_INOUT,出入量字典表,,,92,5,candidate,,,,,,metadata
ods_center,ods_ydhl,移动护理抽取区,data_center_ods,YDHL,MCS_DOC_NODES,文书模版节点,,,34822,75,candidate,,,,,,metadata
ods_center,ods_ydhl,移动护理抽取区,data_center_ods,YDHL,MCS_NURSING_RECORD_TEMPLATE,,,,11,7,candidate,,,,,,metadata
ods_center,ods_ydhl,移动护理抽取区,data_center_ods,YDHL,MCS_VITAL_ABNORMITY_INFO,,,,10,12,candidate,,,,,,metadata
ods_center,ods_ydhl,移动护理抽取区,data_center_ods,YDHL,MCS_VITAL_CUSTOM,体征自定义项维护,,,12,10,candidate,,,,,,metadata
ods_center,ods_ydhl,移动护理抽取区,data_center_ods,YDHL,MCS_ASSESS_FORM_RECORD,全息评估记录副表--明细表,护理,,38220934,14,core,ID,A,,,FORM_ID 关联 MCS_ASSESS_FORM.ID,curated
ods_center,ods_ydhl,移动护理抽取区,data_center_ods,YDHL,MCS_DOC_FORM,文书表单,护理,,11637762,40,core,ID,A,,,PATIENT_UID 关联 INPATIENTS,curated
ods_center,ods_ydhl,移动护理抽取区,data_center_ods,YDHL,MCS_NURSING_PLAN,,,,2130,6,candidate,,,,,,metadata
ods_center,ods_ydhl,移动护理抽取区,data_center_ods,YDHL,MCS_ORDER_SCHEDULE,医嘱执行计划,,,37174930,74,candidate,,,,,,metadata
ods_center,ods_ydhl,移动护理抽取区,data_center_ods,YDHL,MCS_DICT_VITALSIGN_TYPE,,,,38,7,candidate,,,,,,metadata
ods_center,ods_ydhl,移动护理抽取区,data_center_ods,YDHL,MCS_DOC_FORM_RECORDS,文书表单节点记录,,,207503590,17,candidate,,,,,,metadata
ods_center,ods_ydhl,移动护理抽取区,data_center_ods,YDHL,MCS_MY_PATIENTS_HISTORY,,,,26318,10,candidate,,,,,,metadata
ods_center,ods_ydhl,移动护理抽取区,data_center_ods,YDHL,MCS_SCAN_TURNINOUT,扫描功能_转入转出,,,454,18,candidate,,,,,,metadata
ods_center,ods_ydhl,移动护理抽取区,data_center_ods,YDHL,MCS_DAILY_SETTLE_DETAIL,,,,1855469,19,candidate,,,,,,metadata
ods_center,ods_ydhl,移动护理抽取区,data_center_ods,YDHL,MCS_MY_PATIENTS,,,,3658,9,candidate,,,,,,metadata
ods_center,ods_ydhl,移动护理抽取区,data_center_ods,YDHL,MCS_EVENT_INFO,,,,602853,16,candidate,,,,,,metadata
ods_center,ods_ydhl,移动护理抽取区,data_center_ods,YDHL,MCS_VITAL_INFO,,,,14840642,42,candidate,,,,,,metadata
ods_center,ods_ydhl,移动护理抽取区,data_center_ods,YDHL,MCS_WARD_GROUP_BEDS,,,,644,4,candidate,,,,,,metadata
ods_center,ods_ydhl,移动护理抽取区,data_center_ods,YDHL,MCS_MSYS_PATIENT_CARD,,,,5,8,candidate,,,,,,metadata
ods_center,ods_ydhl,移动护理抽取区,data_center_ods,YDHL,MCS_NURSING_PLAN_DETAILS,,,,2630,16,candidate,,,,,,metadata
ods_center,ods_ydhl,移动护理抽取区,data_center_ods,YDHL,MCS_NURSING_PLAN_TEMPLATE,,,,294,7,candidate,,,,,,metadata
ods_center,ods_ydhl,移动护理抽取区,data_center_ods,YDHL,MCS_SYS_USERS,权限系统_用户,,,3874,10,candidate,,,,,,metadata
ods_center,ods_sm,手麻抽取区,data_center_ods,SM,MED_PAT_MONITOR_DATA_EXT,,,,161007,18,candidate,,,,,,metadata
ods_center,ods_sm,手麻抽取区,data_center_ods,SM,MED_BLOOD_GAS_MASTER,,,,2816,11,candidate,,,,,,metadata
ods_center,ods_sm,手麻抽取区,data_center_ods,SM,MED_CUSTOM_DATA,,,,33090473,5,candidate,,,,,,metadata
ods_center,ods_sm,手麻抽取区,data_center_ods,SM,MED_BLOOD_GAS_DETAIL,,,,92665,6,candidate,,,,,,metadata
ods_center,ods_sm,手麻抽取区,data_center_ods,SM,MED_DEPT_DICT,,,,802,5,candidate,,,,,,metadata
ods_center,ods_sm,手麻抽取区,data_center_ods,SM,MED_DIAGNOSIS_DICT,,,,20667,11,candidate,,,,,,metadata
ods_center,ods_sm,手麻抽取区,data_center_ods,SM,MED_OPERATION_DICT,,,,18499,8,candidate,,,,,,metadata
ods_center,ods_sm,手麻抽取区,data_center_ods,SM,MED_PAT_MASTER_INDEX,,,,132943,26,candidate,,,,,,metadata
ods_center,ods_sm,手麻抽取区,data_center_ods,SM,MED_EMR_ARCHIVE_DETIAL,,,,173996,19,candidate,,,,,,metadata
ods_center,ods_sm,手麻抽取区,data_center_ods,SM,MED_ANESTHESIA_COMM_DICT,,,,99,5,candidate,,,,,,metadata
ods_center,ods_sm,手麻抽取区,data_center_ods,SM,MED_ANESTHESIA_EVENT,,,,2295510,26,candidate,,,,,,metadata
ods_center,ods_sm,手麻抽取区,data_center_ods,SM,MED_ANESTHESIA_EVENT_OPEN,,,,237,36,candidate,,,,,,metadata
ods_center,ods_sm,手麻抽取区,data_center_ods,SM,MED_ANESTHESIA_INPUT_DICT,,,,549,5,candidate,,,,,,metadata
ods_center,ods_sm,手麻抽取区,data_center_ods,SM,MED_ANESTHESIA_INQUIRY,,,,0,66,candidate,,,,,,metadata
ods_center,ods_sm,手麻抽取区,data_center_ods,SM,MED_ANESTHESIA_PLAN,,手术/麻醉,,128978,227,core,PATIENT_ID|VISIT_ID|OPER_ID,A,,,可按 PATIENT_ID+VISIT_ID+OPER_ID 挂 SM.MED_OPERATION_MASTER,curated
ods_center,ods_sm,手麻抽取区,data_center_ods,SM,MED_ANESTHESIA_SUMMARY,,,,87843,187,candidate,,,,,,metadata
ods_center,ods_sm,手麻抽取区,data_center_ods,SM,MED_ANES_DRUG_UNITS_DESC,,,,6,4,candidate,,,,,,metadata
ods_center,ods_sm,手麻抽取区,data_center_ods,SM,MED_OPERATING_ROOM,,,,65,13,candidate,,,,,,metadata
ods_center,ods_sm,手麻抽取区,data_center_ods,SM,MED_OPERATION_CANCELED,,,,9316,39,candidate,,,,,,metadata
ods_center,ods_sm,手麻抽取区,data_center_ods,SM,MED_OPERATION_MASTER,病人手术主记录,手术,,138005,147,core,PATIENT_ID|VISIT_ID|OPER_ID,A,,,手麻主表;不建议用 HIS.OPERATION.OPER_ID,curated
ods_center,ods_sm,手麻抽取区,data_center_ods,SM,MED_OPERATION_NAME,,手术,,141167,13,core,PATIENT_ID|VISIT_ID|OPER_ID|OPERATION_NO,A,,,一台手术多条操作,curated
ods_center,ods_sm,手麻抽取区,data_center_ods,SM,MED_OPERATION_NAME_CANCELED,,,,10413,12,candidate,,,,,,metadata
ods_center,ods_sm,手麻抽取区,data_center_ods,SM,MED_OPERATION_SCHEDULE,,,,192439,61,candidate,,,,,,metadata
ods_center,ods_sm,手麻抽取区,data_center_ods,SM,MED_PAT_MONITOR_DATA,,,,3145572,7,candidate,,,,,,metadata
ods_center,ods_sm,手麻抽取区,data_center_ods,SM,MED_SCHEDULED_OPERATION_NAME,,,,209342,12,candidate,,,,,,metadata
his_source,COMM,HIS COMM,ready_his,COMM,ADMINISTRATION_DICT,,字典,dimension,106,11,included,ADMINISTRATION_NAME,,,true,基础字典/维表,
his_source,COMM,HIS COMM,ready_his,COMM,ADMISSION_CAUSE_DICT,,字典,dimension,4,4,included,ADMISSION_CAUSE_NAME,,,false,基础字典/维表,
his_source,COMM,HIS COMM,ready_his,COMM,AIRCONDITION_CLASS_DICT,,字典,dimension,0,4,included,AIRCONDITION_CLASS_CODE,,,false,基础字典/维表,
his_source,COMM,HIS COMM,ready_his,COMM,ANAESTHESIA_DICT,,字典,dimension,35,7,included,ANAESTHESIA_NAME,,,true,基础字典/维表,
his_source,COMM,HIS COMM,ready_his,COMM,ANCI_EXAM_ITEM_DICT,,字典,dimension,0,4,included,DIAG_EXAM_CODE,,,false,基础字典/维表,
his_source,COMM,HIS COMM,ready_his,COMM,ANCI_TREAT_ITEM_DICT,,字典,dimension,0,4,included,DIAG_TREAT_CODE,,,false,基础字典/维表,
his_source,COMM,HIS COMM,ready_his,COMM,APPLICATIONS,,字典,dimension,99,4,included,APPLICATION,,,false,基础字典/维表,
his_source,COMM,HIS COMM,ready_his,COMM,APPLICATIONS_PARA,,字典,dimension,98,11,included,CODE,,,false,基础字典/维表,
his_source,COMM,HIS COMM,ready_his,COMM,APP_CONFIGER_BASEINFO,,字典,dimension,1505,6,included,APP_NAME+PARAMETER_NO+PARAMETER_NAME,,,false,基础字典/维表,
his_source,COMM,HIS COMM,ready_his,COMM,APP_CONFIGER_PARAMETER,,字典,dimension,30354,7,included,APP_NAME+DEPT_CODE+EMP_NO+PARAMETER_NAME,,,false,基础字典/维表,
his_source,COMM,HIS COMM,ready_his,COMM,APP_GRANTS,,字典,dimension,4841,5,included,APPLICATION+USER_ID+CAPABILITY,,,false,基础字典/维表,
his_source,COMM,HIS COMM,ready_his,COMM,APP_GRANT_DICT,,字典,dimension,0,3,included,APPLICATION+GRANT_CODE,,,false,基础字典/维表,
his_source,COMM,HIS COMM,ready_his,COMM,APP_PRINTER_PARAMETER,,字典,dimension,1,6,included,APP_NAME+DEPT_CODE+EMP_NO+PARAMETER_NAME,,,false,基础字典/维表,
his_source,COMM,HIS COMM,ready_his,COMM,APP_ROLES,,字典,dimension,0,2,included,APPLICATION+ROLE,,,false,基础字典/维表,
his_source,COMM,HIS COMM,ready_his,COMM,AREA_DICT,,字典,dimension,3018,11,included,AREA_CODE,,,true,基础字典/维表,
his_source,COMM,HIS COMM,ready_his,COMM,AREA_DICT_20201111,,字典,dimension,3709,8,included,AREA_CODE,,,false,基础字典/维表,
his_source,COMM,HIS COMM,ready_his,COMM,AREA_DICT_20201126,,字典,dimension,3675,8,included,AREA_CODE,,,false,基础字典/维表,
his_source,COMM,HIS COMM,ready_his,COMM,AREA_DICT_BAK,,字典,dimension,3841,5,included,AREA_CODE,,,false,基础字典/维表,
his_source,COMM,HIS COMM,ready_his,COMM,AREA_DICT_ZAL,,字典,dimension,0,6,included,AREA_CODE,,,false,基础字典/维表,
his_source,COMM,HIS COMM,ready_his,COMM,ARMED_SERVICES_DICT,,字典,dimension,5,4,included,ARMED_SERVICES_NAME,,,false,基础字典/维表,
his_source,COMM,HIS COMM,ready_his,COMM,AUTO_SETTING,,字典,dimension,0,11,included,ID,,,false,基础字典/维表,
his_source,COMM,HIS COMM,ready_his,COMM,AUTO_SETTING_ID,,字典,dimension,27,12,included,SERIAL_NO,,,false,基础字典/维表,
his_source,COMM,HIS COMM,ready_his,COMM,BED_APPROVED_TYPE_DICT,,字典,dimension,4,4,included,BED_APPROVED_TYPE_CODE,,,false,基础字典/维表,
his_source,COMM,HIS COMM,ready_his,COMM,BED_CLASS_DICT,,字典,dimension,24,4,included,BED_CLASS_CODE,,,false,基础字典/维表,
his_source,COMM,HIS COMM,ready_his,COMM,BED_STATUS_DICT,,字典,dimension,3,4,included,BED_STATUS_CODE,,,false,基础字典/维表,
his_source,COMM,HIS COMM,ready_his,COMM,BED_TYPE_DICT,,字典,dimension,3,4,included,BED_TYPE_CODE,,,false,基础字典/维表,
his_source,COMM,HIS COMM,ready_his,COMM,BED_VS_AIRCONDITION,,字典,dimension,0,2,included,BED_CLASS_CODE,,,false,基础字典/维表,
his_source,COMM,HIS COMM,ready_his,COMM,BILLING_GROUP_DICT,,字典,dimension,0,5,included,GROUP_NAME,,,false,基础字典/维表,
his_source,COMM,HIS COMM,ready_his,COMM,BILL_ITEM_CLASS_DICT,,字典,dimension,14,7,included,CLASS_CODE,,,false,基础字典/维表,
his_source,COMM,HIS COMM,ready_his,COMM,BILL_PATTERN_DETAIL,,字典,dimension,26965,15,included,DEPT_CODE+PATTERN_NAME+ITEM_NO,,,false,基础字典/维表,
his_source,COMM,HIS COMM,ready_his,COMM,BILL_PATTERN_MASTER,,字典,dimension,4005,12,included,DEPT_CODE+PATTERN_NAME,,,false,基础字典/维表,
his_source,COMM,HIS COMM,ready_his,COMM,BILL_PATTERN_MASTER_COPY1,,字典,excluded,3946,12,excluded,DEPT_CODE+PATTERN_NAME,,临时/备份/测试表，第一版排除,false,,
his_source,COMM,HIS COMM,ready_his,COMM,BILL_UNITS_DICT,,字典,dimension,0,4,included,BILL_UNITS_CODE,,,false,基础字典/维表,
his_source,COMM,HIS COMM,ready_his,COMM,BIRTH_RESULT_DICT,,字典,dimension,6,4,included,SERIAL_NO,,,false,基础字典/维表,
his_source,COMM,HIS COMM,ready_his,COMM,BIRTH_TYPE_DICT,,字典,dimension,8,4,included,SERIAL_NO,,,false,基础字典/维表,
his_source,COMM,HIS COMM,ready_his,COMM,BLOOD_TYPE_DICT,,字典,dimension,6,3,included,BLOOD_TYPE_NAME,,,true,基础字典/维表,
his_source,COMM,HIS COMM,ready_his,COMM,BREECH_PRESENTATION_DICT,,字典,dimension,6,4,included,SERIAL_NO,,,false,基础字典/维表,
his_source,COMM,HIS COMM,ready_his,COMM,CAT,,字典,dimension,5674,2,included,,,,false,基础字典/维表,
his_source,COMM,HIS COMM,ready_his,COMM,CDIAG_ITEM_DICT,,字典,dimension,0,3,included,,,,false,基础字典/维表,
his_source,COMM,HIS COMM,ready_his,COMM,CEQ$STAFF_DICT,,字典,dimension,0,17,included,,,,false,基础字典/维表,
his_source,COMM,HIS COMM,ready_his,COMM,CHARGE_PRICE_SCHEDULE,,字典,dimension,21,4,included,CHARGE_TYPE,,,false,基础字典/维表,
his_source,COMM,HIS COMM,ready_his,COMM,CHARGE_SPECIAL_CLINIC_DICT,,字典,dimension,0,5,included,ITEM_CODE+FLAG,,,false,基础字典/维表,
his_source,COMM,HIS COMM,ready_his,COMM,CHARGE_SPECIAL_EXCEPT_DICT,,字典,dimension,0,7,included,CHARGE_TYPE+ITEM_CLASS+ITEM_CODE+ITEM_SPEC,,,false,基础字典/维表,
his_source,COMM,HIS COMM,ready_his,COMM,CHARGE_SPECIAL_ITEM_DICT,,字典,dimension,18,11,included,CHARGE_TYPE+ITEM_CLASS+ITEM_CODE+ITEM_SPEC,,,false,基础字典/维表,
his_source,COMM,HIS COMM,ready_his,COMM,CHARGE_TYPE_CONFIGER_PARAMETER,,字典,dimension,0,3,included,CHARGE_TYPE_NAME,,,false,基础字典/维表,
his_source,COMM,HIS COMM,ready_his,COMM,CHARGE_TYPE_DICT,,字典,dimension,18,16,included,CHARGE_TYPE_NAME,,,true,基础字典/维表,
his_source,COMM,HIS COMM,ready_his,COMM,CHARGE_TYPE_VS_IDENTITY,,字典,dimension,51,3,included,CHARGE_TYPE+IDENTITY_SERIAL_NO,,,false,基础字典/维表,
his_source,COMM,HIS COMM,ready_his,COMM,CHECK_LABEL_DICT,,字典,dimension,0,4,included,CHECK_LABEL_CODE,,,false,基础字典/维表,
his_source,COMM,HIS COMM,ready_his,COMM,CLASS_CODING_CONFIG,,字典,dimension,1,10,included,ITEM,,,false,基础字典/维表,
his_source,COMM,HIS COMM,ready_his,COMM,CLASS_CODING_RULE,,字典,dimension,3,3,included,ITEM+CODE_LEVEL,,,false,基础字典/维表,
his_source,COMM,HIS COMM,ready_his,COMM,CLG$STAFF_DICT,,字典,dimension,0,3,included,,,,false,基础字典/维表,
his_source,COMM,HIS COMM,ready_his,COMM,CLIENT_INSTALLATION,,字典,dimension,720,8,included,CLIENT_NAME+LOCATION,,,false,基础字典/维表,
his_source,COMM,HIS COMM,ready_his,COMM,CLIENT_INSTALLATION_LOG,,字典,excluded,18,9,excluded,,,日志类表，用户确认第一版排除,false,,
his_source,COMM,HIS COMM,ready_his,COMM,CLINICAL_DEPT_CONFIG,,字典,dimension,1,6,included,DEPT_CODE,,,false,基础字典/维表,
his_source,COMM,HIS COMM,ready_his,COMM,CLINIC_ITEM_CLASS_DICT,,字典,dimension,11,4,included,CLASS_CODE,,,false,基础字典/维表,
his_source,COMM,HIS COMM,ready_his,COMM,CLINIC_ITEM_DICT,,字典,dimension,18916,32,included,ITEM_CLASS+ITEM_CODE,,,true,基础字典/维表,
his_source,COMM,HIS COMM,ready_his,COMM,CLINIC_ITEM_DICT_20250630,,字典,dimension,21,29,included,,,,false,基础字典/维表,
his_source,COMM,HIS COMM,ready_his,COMM,CLINIC_ITEM_DICT_20260131,,字典,dimension,16459,31,included,ITEM_CLASS+ITEM_CODE,,,false,基础字典/维表,
his_source,COMM,HIS COMM,ready_his,COMM,CLINIC_ITEM_DICT_20260331,,字典,dimension,18768,32,included,ITEM_CLASS+ITEM_CODE,,,false,基础字典/维表,
his_source,COMM,HIS COMM,ready_his,COMM,CLINIC_ITEM_MAPPING,,字典,dimension,522,7,included,,,,false,基础字典/维表,
his_source,COMM,HIS COMM,ready_his,COMM,CLINIC_ITEM_MAPPING_0509,,字典,dimension,524,7,included,,,,false,基础字典/维表,
his_source,COMM,HIS COMM,ready_his,COMM,CLINIC_ITEM_MAPPING_20260507,,字典,dimension,410,7,included,,,,false,基础字典/维表,
his_source,COMM,HIS COMM,ready_his,COMM,CLINIC_ITEM_MAPPING_20260616,,字典,dimension,526,7,included,,,,false,基础字典/维表,
his_source,COMM,HIS COMM,ready_his,COMM,CLINIC_ITEM_MAPPING_D,,字典,dimension,262,7,included,,,,false,基础字典/维表,
his_source,COMM,HIS COMM,ready_his,COMM,CLINIC_ITEM_NAME_DICT,,字典,dimension,20907,14,included,ITEM_CLASS+ITEM_NAME+ITEM_CODE,,,false,基础字典/维表,
his_source,COMM,HIS COMM,ready_his,COMM,CLINIC_ITEM_NAME_DICT_20250630,,字典,dimension,21,14,included,,,,false,基础字典/维表,
his_source,COMM,HIS COMM,ready_his,COMM,CLINIC_ITEM_NAME_DICT_20260131,,字典,dimension,18389,14,included,ITEM_CLASS+ITEM_NAME+ITEM_CODE,,,false,基础字典/维表,
his_source,COMM,HIS COMM,ready_his,COMM,CLINIC_ITEM_NAME_DICT_20260331,,字典,dimension,20759,14,included,ITEM_CLASS+ITEM_NAME+ITEM_CODE,,,false,基础字典/维表,
his_source,COMM,HIS COMM,ready_his,COMM,CLINIC_OPER_LOG,,字典,excluded,0,8,excluded,OPER_DATE+ITEM_CODE,,日志类表，用户确认第一版排除,false,,
his_source,COMM,HIS COMM,ready_his,COMM,CLINIC_TYPE_CHARGE_DICT,,字典,dimension,160,5,included,CLINIC_TYPE+REGIST_TYPE+CHARGE_ITEM,,,false,基础字典/维表,
his_source,COMM,HIS COMM,ready_his,COMM,CLINIC_TYPE_DICT,,字典,dimension,36,8,included,CLINIC_TYPE+CHARGE_ITEM,,,false,基础字典/维表,
his_source,COMM,HIS COMM,ready_his,COMM,CLINIC_TYPE_SETTING,,字典,dimension,36,7,included,,,,false,基础字典/维表,
his_source,COMM,HIS COMM,ready_his,COMM,CLINIC_VS_CHARGE,,字典,dimension,23756,12,included,CLINIC_ITEM_CLASS+CLINIC_ITEM_CODE+CHARGE_ITEM_NO,,,true,基础字典/维表,
his_source,COMM,HIS COMM,ready_his,COMM,CLINIC_VS_CHARGE_20250630,,字典,dimension,21,12,included,,,,false,基础字典/维表,
his_source,COMM,HIS COMM,ready_his,COMM,CLINIC_VS_CHARGE_20260131,,字典,dimension,21265,12,included,CLINIC_ITEM_CLASS+CLINIC_ITEM_CODE+CHARGE_ITEM_NO,,,false,基础字典/维表,
his_source,COMM,HIS COMM,ready_his,COMM,CLINIC_VS_CHARGE_20260331,,字典,dimension,23491,12,included,CLINIC_ITEM_CLASS+CLINIC_ITEM_CODE+CHARGE_ITEM_NO,,,false,基础字典/维表,
his_source,COMM,HIS COMM,ready_his,COMM,CONTAGION_DICT,,字典,dimension,0,6,included,CONTAGIONCODE,,,false,基础字典/维表,
his_source,COMM,HIS COMM,ready_his,COMM,COST_CYCLE_DICT,,字典,dimension,0,4,included,ID,,,false,基础字典/维表,
his_source,COMM,HIS COMM,ready_his,COMM,COST_DRUG_DEPT_PERCENT,,字典,dimension,0,4,included,SERIAL_NO,,,false,基础字典/维表,
his_source,COMM,HIS COMM,ready_his,COMM,COST_REPORT_EXPRESSIONS,,字典,dimension,0,6,included,SERIAL_NO,,,false,基础字典/维表,
his_source,COMM,HIS COMM,ready_his,COMM,COST_STAFF_DEDUCT_PERCENT,,字典,dimension,0,5,included,SERIAL_NO,,,false,基础字典/维表,
his_source,COMM,HIS COMM,ready_his,COMM,COST_SUBJECT_PERCENT,,字典,dimension,0,6,included,SERIAL_NO,,,false,基础字典/维表,
his_source,COMM,HIS COMM,ready_his,COMM,COUNTRY_DICT,,字典,dimension,41,10,included,COUNTRY_CODE,,,true,基础字典/维表,
his_source,COMM,HIS COMM,ready_his,COMM,COUNTRY_DICT_DRGS,,字典,dimension,240,5,included,COUNTRY_CODE,,,false,基础字典/维表,
his_source,COMM,HIS COMM,ready_his,COMM,CURE_CLASS_DICT,,字典,dimension,0,4,included,CURE_CLASS_CODE,,,false,基础字典/维表,
his_source,COMM,HIS COMM,ready_his,COMM,CVR$STAFF_DICT,,字典,dimension,0,3,included,,,,false,基础字典/维表,
his_source,COMM,HIS COMM,ready_his,COMM,DATASOURCE,,字典,dimension,174,3,included,,,,false,基础字典/维表,
his_source,COMM,HIS COMM,ready_his,COMM,DATAWINDOW_UI_CONTROL,,字典,dimension,50,9,included,APP_NAME+LAYER_NAME+DEPT_CODE+EMP_NO,,,false,基础字典/维表,
his_source,COMM,HIS COMM,ready_his,COMM,DATA_ASKALL_DICT,,字典,dimension,0,10,included,ITEM_FLAG+ITEM_CODE,,,false,基础字典/维表,
his_source,COMM,HIS COMM,ready_his,COMM,DATA_ASK_STRU,,字典,dimension,0,42,included,TAB_NAME+BRANCH_CODE+REPORT_NO+SERIAL_NO,,,false,基础字典/维表,
his_source,COMM,HIS COMM,ready_his,COMM,DATA_ASK_TABFMT,,字典,dimension,0,42,included,TAB_NAME+BRANCH_CODE+REPORT_NO+SERIAL_NO,,,false,基础字典/维表,
his_source,COMM,HIS COMM,ready_his,COMM,DATA_ASK_TABHDS,,字典,dimension,0,30,included,TAB_NAME+BRANCH_CODE+REPORT_NO,,,false,基础字典/维表,
his_source,COMM,HIS COMM,ready_his,COMM,DAY_OF_WEEK_DICT,,字典,dimension,7,3,included,DAY_NUMBER,,,false,基础字典/维表,
his_source,COMM,HIS COMM,ready_his,COMM,DEPT_CLINIC_ATTR_DICT,,字典,dimension,6,4,included,CLINIC_ATTR_CODE,,,true,基础字典/维表,
his_source,COMM,HIS COMM,ready_his,COMM,DEPT_CODE_VS_FACTID,,字典,dimension,0,2,included,DEPT_CODE,,,false,基础字典/维表,
his_source,COMM,HIS COMM,ready_his,COMM,DEPT_CORE_DICT,,字典,dimension,10,3,included,DEPT_NAME_D,,,false,基础字典/维表,
his_source,COMM,HIS COMM,ready_his,COMM,DEPT_DICT,,字典,dimension,812,46,included,DEPT_CODE,,,true,科室字典，用户确认纳入,
his_source,COMM,HIS COMM,ready_his,COMM,DEPT_DICT_ZQFY,,字典,dimension,0,6,included,,,,false,基础字典/维表,
his_source,COMM,HIS COMM,ready_his,COMM,DEPT_FACTINFO_DICT,,字典,dimension,0,2,included,DEPT_FACTID,,,false,基础字典/维表,
his_source,COMM,HIS COMM,ready_his,COMM,DEPT_IS_ATTR_DICT,,字典,dimension,4,4,included,IS_ATTR_CODE,,,false,基础字典/维表,
his_source,COMM,HIS COMM,ready_his,COMM,DEPT_OI_ATTR_DICT,,字典,dimension,4,4,included,OI_ATTR_CODE,,,false,基础字典/维表,
his_source,COMM,HIS COMM,ready_his,COMM,DEPT_QUERY_DICT,,字典,dimension,31,3,included,DEPT_CODE,,,false,基础字典/维表,
his_source,COMM,HIS COMM,ready_his,COMM,DEPT_VS_CORE_DICT,,字典,dimension,155,5,included,,,,false,基础字典/维表,
his_source,COMM,HIS COMM,ready_his,COMM,DEPT_VS_WARD,,字典,dimension,187,2,included,DEPT_CODE+WARD_CODE,,,true,基础字典/维表,
his_source,COMM,HIS COMM,ready_his,COMM,DEPT_VS_WARD_NEW,,字典,dimension,229,3,included,,,,true,基础字典/维表,
his_source,COMM,HIS COMM,ready_his,COMM,DEPT_YYDJ,,字典,dimension,134,3,included,,,,false,基础字典/维表,
his_source,COMM,HIS COMM,ready_his,COMM,DIAGNOSIS_CHRONIC,,字典,dimension,260,2,included,,,,false,基础字典/维表,
his_source,COMM,HIS COMM,ready_his,COMM,DIAGNOSIS_DICT,,字典,dimension,50220,34,included,,,,true,诊断字典，用户确认纳入,
his_source,COMM,HIS COMM,ready_his,COMM,DIAGNOSIS_DICT_BK_20210209,,字典,excluded,27599,21,excluded,,,临时/备份/测试表，第一版排除,false,,
his_source,COMM,HIS COMM,ready_his,COMM,DIAGNOSIS_DICT_BK_20210808,,字典,excluded,25924,21,excluded,,,临时/备份/测试表，第一版排除,false,,
his_source,COMM,HIS COMM,ready_his,COMM,DIAGNOSIS_DICT_BK_20220822,,字典,excluded,27546,24,excluded,,,临时/备份/测试表，第一版排除,false,,
his_source,COMM,HIS COMM,ready_his,COMM,DIAGNOSIS_DICT_CHINA,,字典,dimension,7078,24,included,,,,false,基础字典/维表,
his_source,COMM,HIS COMM,ready_his,COMM,DIAGNOSIS_DICT_TEMP,,字典,excluded,38145,33,excluded,,,临时/备份/测试表，第一版排除,false,,
his_source,COMM,HIS COMM,ready_his,COMM,DIAGNOSIS_JH,,字典,dimension,176113,6,included,,,,true,基础字典/维表,
his_source,COMM,HIS COMM,ready_his,COMM,DIAGNOSIS_TYPE1_DICT,,字典,dimension,2,1,included,,,,false,基础字典/维表,
his_source,COMM,HIS COMM,ready_his,COMM,DIAGNOSIS_TYPE_DICT,,字典,dimension,12,6,included,DIAGNOSIS_TYPE_CODE,,,true,基础字典/维表,
his_source,COMM,HIS COMM,ready_his,COMM,DIAG_COMP_GROUP_DICT,,字典,dimension,9,4,included,DIAG_COMP_GROUP_CODE,,,false,基础字典/维表,
his_source,COMM,HIS COMM,ready_his,COMM,DIAG_CORR_DICT,,字典,dimension,3,4,included,DIAG_CORR_CODE,,,false,基础字典/维表,
his_source,COMM,HIS COMM,ready_his,COMM,DICTMAINT,,字典,dimension,0,6,included,TABLE_NAME,,,false,基础字典/维表,
his_source,COMM,HIS COMM,ready_his,COMM,DICT_CXCONTENT,,字典,dimension,2,9,included,ID,,,false,基础字典/维表,
his_source,COMM,HIS COMM,ready_his,COMM,DICT_EXCEL_TEMPLATE,,字典,excluded,0,5,excluded,ID,,临时/备份/测试表，第一版排除,false,,
his_source,COMM,HIS COMM,ready_his,COMM,DIET_PROVIDER_DICT,,字典,dimension,0,2,included,SECTION_CODE,,,false,基础字典/维表,
his_source,COMM,HIS COMM,ready_his,COMM,DISCHARGE_DISPOSITION_DICT,,字典,dimension,7,11,included,DISCHARGE_DISPOSITION_CODE,,,true,基础字典/维表,
his_source,COMM,HIS COMM,ready_his,COMM,DOCTOR_EXPLAIN_DICT,,字典,dimension,12,6,included,DEPT_CODE+EXPLAIN_TEXT,,,false,基础字典/维表,
his_source,COMM,HIS COMM,ready_his,COMM,DOCTOR_GROUP,,字典,dimension,1150,7,included,DOCTOR_USER,,,true,基础字典/维表,
his_source,COMM,HIS COMM,ready_his,COMM,DOCTOR_LEVEL_VS_PRICE,,字典,dimension,30,5,included,ID,,,false,基础字典/维表,
his_source,COMM,HIS COMM,ready_his,COMM,DOCTOR_MASTER_YB,,字典,dimension,451,23,included,,,,false,基础字典/维表,
his_source,COMM,HIS COMM,ready_his,COMM,DOCTOR_TITLE_DICT,,字典,dimension,5,4,included,TITLE_NAME,,,false,基础字典/维表,
his_source,COMM,HIS COMM,ready_his,COMM,DOSAGE_UNITS_DICT,,字典,dimension,71,5,included,DOSAGE_UNITS,,,false,基础字典/维表,
his_source,COMM,HIS COMM,ready_his,COMM,DRUG_ANTIBIOSIS_DICT,,字典,dimension,84,6,included,DRUG_CODE+DRUG_NAME+DRUG_SPEC,,,false,基础字典/维表,
his_source,COMM,HIS COMM,ready_his,COMM,DRUG_CHAXUN1_FANCY,,字典,dimension,503,5,included,XH,,,false,基础字典/维表,
his_source,COMM,HIS COMM,ready_his,COMM,DRUG_CHAXUN1_FANCY1,,字典,dimension,20,5,included,XH,,,false,基础字典/维表,
his_source,COMM,HIS COMM,ready_his,COMM,DRUG_CHAXUN1_FANCY2,,字典,dimension,80,5,included,XH,,,false,基础字典/维表,
his_source,COMM,HIS COMM,ready_his,COMM,DRUG_CLASS_DICT,,字典,dimension,357,2,included,CLASS_CODE,,,false,基础字典/维表,
his_source,COMM,HIS COMM,ready_his,COMM,DRUG_CODING_RULE,,字典,dimension,5,3,included,CODE_LEVEL,,,false,基础字典/维表,
his_source,COMM,HIS COMM,ready_his,COMM,DRUG_DICT,,字典,dimension,5962,21,included,DRUG_CODE+DRUG_SPEC+DRUG_INDICATOR,,,true,基础字典/维表,
his_source,COMM,HIS COMM,ready_his,COMM,DRUG_DISP_PROPERTY_DICT,,字典,dimension,8,3,included,DISPENSING_PROPERTY,,,false,基础字典/维表,
his_source,COMM,HIS COMM,ready_his,COMM,DRUG_EXPORT_CLASS_DICT,,字典,dimension,14,7,included,EXPORT_CLASS,,,false,基础字典/维表,
his_source,COMM,HIS COMM,ready_his,COMM,DRUG_FORM_DICT,,字典,dimension,65,7,included,FORM_CODE,,,false,基础字典/维表,
his_source,COMM,HIS COMM,ready_his,COMM,DRUG_HIS_VS_HLW,,字典,dimension,504,7,included,DRUG_CODE+DRUG_SPEC+DRUG_UNITS+FIRM_ID,,,false,基础字典/维表,
his_source,COMM,HIS COMM,ready_his,COMM,DRUG_IMPORT_CLASS_DICT,,字典,dimension,11,6,included,IMPORT_CLASS,,,false,基础字典/维表,
his_source,COMM,HIS COMM,ready_his,COMM,DRUG_INCOMPATIBILITY,,字典,dimension,0,3,included,DRUG_A_CODE+DRUG_B_CODE,,,false,基础字典/维表,
his_source,COMM,HIS COMM,ready_his,COMM,DRUG_INFO,,字典,dimension,249,13,included,DRUG_CODE,,,false,基础字典/维表,
his_source,COMM,HIS COMM,ready_his,COMM,DRUG_LIMIT,,字典,dimension,32,2,included,,,,false,基础字典/维表,
his_source,COMM,HIS COMM,ready_his,COMM,DRUG_LIST,,字典,dimension,41,1,included,,,,false,基础字典/维表,
his_source,COMM,HIS COMM,ready_his,COMM,DRUG_NAME_DICT,,字典,dimension,8059,6,included,DRUG_CODE+DRUG_NAME,,,false,基础字典/维表,
his_source,COMM,HIS COMM,ready_his,COMM,DRUG_PRESC_ATTR_DICT,,字典,dimension,7,3,included,PRESC_ATTR_NAME,,,false,基础字典/维表,
his_source,COMM,HIS COMM,ready_his,COMM,DRUG_PRICE_LIST,,字典,dimension,31642,29,included,DRUG_CODE+DRUG_SPEC+FIRM_ID+START_DATE,,,true,基础字典/维表,
his_source,COMM,HIS COMM,ready_his,COMM,DRUG_PRICE_LIST_TJ,,字典,dimension,8,29,included,,,,false,基础字典/维表,
his_source,COMM,HIS COMM,ready_his,COMM,DRUG_RATIONAL_DOSAGE,,字典,dimension,0,13,included,DRUG_CODE+DRUG_SPEC,,,false,基础字典/维表,
his_source,COMM,HIS COMM,ready_his,COMM,DRUG_SUPPLIER_CATALOG,,字典,excluded,1452,34,excluded,SUPPLIER_ID,,日志类表，用户确认第一版排除,false,,
his_source,COMM,HIS COMM,ready_his,COMM,DRUG_TOXI_PROPERTY_DICT,,字典,dimension,7,4,included,TOXI_NAME,,,false,基础字典/维表,
his_source,COMM,HIS COMM,ready_his,COMM,DUTY_DICT,,字典,dimension,2,4,included,DUTY_NAME,,,false,基础字典/维表,
his_source,COMM,HIS COMM,ready_his,COMM,ELECTRONIC_HEALTH_CARD_CONFIG,,字典,dimension,1,5,included,,,,false,基础字典/维表,
his_source,COMM,HIS COMM,ready_his,COMM,EXAM_CLASS_DICT,,字典,dimension,23,13,included,EXAM_CLASS_NAME,,,true,基础字典/维表,
his_source,COMM,HIS COMM,ready_his,COMM,EXAM_DIAG_DICT,,字典,dimension,0,5,included,EXAM_CLASS+EXAM_SUB_CLASS+DIAG_CODE,,,false,基础字典/维表,
his_source,COMM,HIS COMM,ready_his,COMM,EXAM_RESULT_STATUS_DICT,,字典,dimension,6,4,included,EXAM_RESULT_STATUS_CODE,,,false,基础字典/维表,
his_source,COMM,HIS COMM,ready_his,COMM,EXAM_RPT_PATTERN,,字典,dimension,1192,12,included,EXAM_CLASS+EXAM_SUB_CLASS+DESC_ITEM+DESC_NAME,,,true,基础字典/维表,
his_source,COMM,HIS COMM,ready_his,COMM,EXAM_RPT_PATTERN_20260131,,字典,dimension,1159,12,included,EXAM_CLASS+EXAM_SUB_CLASS+DESC_ITEM+DESC_NAME,,,false,基础字典/维表,
his_source,COMM,HIS COMM,ready_his,COMM,EXAM_RPT_PATTERN_20260331,,字典,dimension,1180,12,included,EXAM_CLASS+EXAM_SUB_CLASS+DESC_ITEM+DESC_NAME,,,false,基础字典/维表,
his_source,COMM,HIS COMM,ready_his,COMM,EXAM_SUBCLASS_DICT,,字典,dimension,81,9,included,EXAM_SUBCLASS_NAME,,,true,基础字典/维表,
his_source,COMM,HIS COMM,ready_his,COMM,EXE_YB_CODE_DICT,,字典,dimension,420,2,included,,,,false,基础字典/维表,
his_source,COMM,HIS COMM,ready_his,COMM,EXP_AAAAAA,,字典,dimension,340,2,included,EXP_CODE+AAAA,,,false,基础字典/维表,
his_source,COMM,HIS COMM,ready_his,COMM,EXP_CHAXUN1,,字典,dimension,1991,10,included,ITEM_CODE+GG,,,false,基础字典/维表,
his_source,COMM,HIS COMM,ready_his,COMM,EXP_CHAXUN1_FANCY,,字典,dimension,1043,7,included,XH,,,false,基础字典/维表,
his_source,COMM,HIS COMM,ready_his,COMM,EXP_CHAXUN2,,字典,dimension,3963,10,included,ITEM_CODE+GG,,,false,基础字典/维表,
his_source,COMM,HIS COMM,ready_his,COMM,EXP_CHAXUN3,,字典,dimension,24,10,included,ITEM_CODE+GG,,,false,基础字典/维表,
his_source,COMM,HIS COMM,ready_his,COMM,EXP_CHAXUN4,,字典,dimension,66,10,included,ITEM_CODE+GG,,,false,基础字典/维表,
his_source,COMM,HIS COMM,ready_his,COMM,EXP_CHAXUN5,,字典,dimension,51,10,included,ITEM_CODE+GG,,,false,基础字典/维表,
his_source,COMM,HIS COMM,ready_his,COMM,EXP_CHAXUN6,,字典,dimension,108,10,included,ITEM_CODE+GG,,,false,基础字典/维表,
his_source,COMM,HIS COMM,ready_his,COMM,EXP_CHAXUN7,,字典,dimension,127,10,included,ITEM_CODE+GG,,,false,基础字典/维表,
his_source,COMM,HIS COMM,ready_his,COMM,EXP_CODING_RULE,,字典,dimension,1,3,included,CODE_LEVEL,,,false,基础字典/维表,
his_source,COMM,HIS COMM,ready_his,COMM,EXP_DICT,,字典,dimension,56711,19,included,EXP_CODE+EXP_SPEC+EXP_INDICATOR,,,false,基础字典/维表,
his_source,COMM,HIS COMM,ready_his,COMM,EXP_DICT_BK,,字典,excluded,37,13,excluded,,,临时/备份/测试表，第一版排除,false,,
his_source,COMM,HIS COMM,ready_his,COMM,EXP_DICT_GZ,,字典,dimension,11494,6,included,,,,false,基础字典/维表,
his_source,COMM,HIS COMM,ready_his,COMM,EXP_DICT_IMPORT,,字典,dimension,0,10,included,STORAGE_CODE+EXP_CODE,,,false,基础字典/维表,
his_source,COMM,HIS COMM,ready_his,COMM,EXP_FUND_ITEM_DICT,,字典,dimension,3,2,included,FUND_ITEM,,,false,基础字典/维表,
his_source,COMM,HIS COMM,ready_his,COMM,EXP_NAME_DICT,,字典,dimension,43714,7,included,EXP_CODE+EXP_NAME,,,false,基础字典/维表,
his_source,COMM,HIS COMM,ready_his,COMM,EXP_NAME_DICT_BK,,字典,excluded,181,7,excluded,,,临时/备份/测试表，第一版排除,false,,
his_source,COMM,HIS COMM,ready_his,COMM,EXP_PATTERN_DETAIL,,字典,dimension,0,11,included,EXP_CODE+EXP_SPEC+FIRM_ID+SERIAL_NO,,,false,基础字典/维表,
his_source,COMM,HIS COMM,ready_his,COMM,EXP_PRICE_LIST,,字典,dimension,93877,32,included,EXP_CODE+EXP_SPEC+FIRM_ID+START_DATE,,,false,基础字典/维表,
his_source,COMM,HIS COMM,ready_his,COMM,EXP_PROPERTY_DICT,,字典,dimension,2,4,included,TOXI_CODE,,,false,基础字典/维表,
his_source,COMM,HIS COMM,ready_his,COMM,EXP_SUPPLIER_CATALOG,,字典,excluded,3505,25,excluded,SUPPLIER_ID,,日志类表，用户确认第一版排除,false,,
his_source,COMM,HIS COMM,ready_his,COMM,EXTRA_COSTS_DICT,,字典,dimension,0,5,included,ORDER_CONT+EXTRA_ITEM_NO,,,false,基础字典/维表,
his_source,COMM,HIS COMM,ready_his,COMM,FUND_SOURCE_DICT,,字典,dimension,0,4,included,CODE,,,false,基础字典/维表,
his_source,COMM,HIS COMM,ready_his,COMM,GB_T_APPENDIX_DATA,,字典,dimension,0,10,included,,,,false,基础字典/维表,
his_source,COMM,HIS COMM,ready_his,COMM,GB_T_BASEDATA,,字典,dimension,0,15,included,,,,false,基础字典/维表,
his_source,COMM,HIS COMM,ready_his,COMM,GB_T_NAME,,字典,dimension,0,6,included,,,,false,基础字典/维表,
his_source,COMM,HIS COMM,ready_his,COMM,HDPART_MODULE_RESIZE,,字典,dimension,9,9,included,MNAME,,,false,基础字典/维表,
his_source,COMM,HIS COMM,ready_his,COMM,HEAL_DICT,,字典,dimension,3,4,included,HEAL_NAME,,,false,基础字典/维表,
his_source,COMM,HIS COMM,ready_his,COMM,HELP_MSG,,字典,dimension,0,4,included,APPLICATION+WINDOW_ID,,,false,基础字典/维表,
his_source,COMM,HIS COMM,ready_his,COMM,HIS_VS_BJYB_CATALOG,,字典,excluded,0,12,excluded,CODE_HIS,,日志类表，用户确认第一版排除,false,,
his_source,COMM,HIS COMM,ready_his,COMM,HLHT_DATA_DICT,,字典,dimension,32,6,included,,,,false,基础字典/维表,
his_source,COMM,HIS COMM,ready_his,COMM,HLHT_DEPT_DICT,,字典,dimension,218,4,included,HLHT_DEPT_CODE,,,false,基础字典/维表,
his_source,COMM,HIS COMM,ready_his,COMM,HLHT_VS_HIS_DEPT_DICT,,字典,dimension,574,5,included,HIS_DEPT_CODE,,,false,基础字典/维表,
his_source,COMM,HIS COMM,ready_his,COMM,HOSPITAL_CONFIG,,字典,dimension,1,13,included,HOSPITAL,,,false,基础字典/维表,
his_source,COMM,HIS COMM,ready_his,COMM,HOSPITAL_CONFIG_NEW,,字典,dimension,1,15,included,HOSPITAL,,,false,基础字典/维表,
his_source,COMM,HIS COMM,ready_his,COMM,HSTF_MID_CLINIC_INCOME,,字典,dimension,0,96,included,,,,false,基础字典/维表,
his_source,COMM,HIS COMM,ready_his,COMM,IDENTITY_DICT,,字典,dimension,18,7,included,IDENTITY_NAME,,,false,基础字典/维表,
his_source,COMM,HIS COMM,ready_his,COMM,INFECTIOUS_DIAGNOSIS_DICT,,字典,dimension,1,13,included,INFECTIOUS_UUID,,,false,基础字典/维表,
his_source,COMM,HIS COMM,ready_his,COMM,INFECT_DEPT_DICT,,字典,dimension,296,4,included,HIS_DEPT_CODE,,,false,基础字典/维表,
his_source,COMM,HIS COMM,ready_his,COMM,INFECT_DIAG_DICT,,字典,dimension,265,2,included,DIAG_CODE,,,false,基础字典/维表,
his_source,COMM,HIS COMM,ready_his,COMM,INPUT_APP_USE,,字典,dimension,26,2,included,APPLICATION+DICT_TYPE,,,false,基础字典/维表,
his_source,COMM,HIS COMM,ready_his,COMM,INPUT_CODE_DICT,,字典,dimension,6873,7,included,,,,false,基础字典/维表,
his_source,COMM,HIS COMM,ready_his,COMM,INPUT_SETTING,,字典,dimension,726,10,included,DICT_TYPE+DATA_COL,,,false,基础字典/维表,
his_source,COMM,HIS COMM,ready_his,COMM,INPUT_TYPE,,字典,dimension,4,2,included,INPUT_CODE,,,false,基础字典/维表,
his_source,COMM,HIS COMM,ready_his,COMM,INP_CANCEL_LOG,,字典,excluded,0,2,excluded,INP_NO,,日志类表，用户确认第一版排除,false,,
his_source,COMM,HIS COMM,ready_his,COMM,INP_ITEM_BATCH_DICT,,字典,dimension,11,11,included,,,,false,基础字典/维表,
his_source,COMM,HIS COMM,ready_his,COMM,INP_RCPT_FEE_DICT,,字典,dimension,22,5,included,FEE_CLASS_CODE,,,false,基础字典/维表,
his_source,COMM,HIS COMM,ready_his,COMM,JOB_CLASS_DICT,,字典,dimension,26,4,included,JOB_CLASS_NAME,,,false,基础字典/维表,
his_source,COMM,HIS COMM,ready_his,COMM,KEY_DICT,,字典,dimension,45,3,included,PRODUCT_NAME,,,false,基础字典/维表,
his_source,COMM,HIS COMM,ready_his,COMM,KFQYBBM,,字典,dimension,7922,7,included,ID,,,false,基础字典/维表,
his_source,COMM,HIS COMM,ready_his,COMM,KJYW_DEPT_MERGE,,字典,dimension,9,5,included,,,,false,基础字典/维表,
his_source,COMM,HIS COMM,ready_his,COMM,LAB_ITEM_CLASS_DICT,,字典,dimension,15,8,included,CLASS_CODE,,,true,基础字典/维表,
his_source,COMM,HIS COMM,ready_his,COMM,LAB_ITEM_VS_CLASS,,字典,dimension,241,4,included,ITEM_CODE,,,false,基础字典/维表,
his_source,COMM,HIS COMM,ready_his,COMM,LAB_LIST_RESULT_DICT,,字典,dimension,0,4,included,REPORT_ITEM_CODE+RESULT_NO,,,false,基础字典/维表,
his_source,COMM,HIS COMM,ready_his,COMM,LAB_ORDER_VS_REPORT,,字典,dimension,0,3,included,SERIAL_NO,,,false,基础字典/维表,
his_source,COMM,HIS COMM,ready_his,COMM,LAB_REPORT_ITEM_DICT,,字典,dimension,0,12,included,ITEM_CODE,,,false,基础字典/维表,
his_source,COMM,HIS COMM,ready_his,COMM,LAB_REPORT_VS_ORDER,,字典,dimension,0,6,included,DEPT_CODE+REPORT_ITEM_CODE+SPECIMEN+PRIORITY_INDICATOR+INSTRUMENT_ID,,,false,基础字典/维表,
his_source,COMM,HIS COMM,ready_his,COMM,LAB_SHEET_ITEMS,,字典,dimension,147,10,included,LAB_SHEET_ID+LAB_ITEM_CODE,,,false,基础字典/维表,
his_source,COMM,HIS COMM,ready_his,COMM,LAB_SHEET_MASTER,,字典,dimension,157,10,included,LAB_SHEET_ID,,,false,基础字典/维表,
his_source,COMM,HIS COMM,ready_his,COMM,LOCAL_ID_CLASS_DICT,,字典,dimension,0,4,included,LOCAL_ID_CLASS_CODE,,,false,基础字典/维表,
his_source,COMM,HIS COMM,ready_his,COMM,LOCATION,,字典,dimension,1257,4,included,LOCATION_CODE+STORAGE,,,false,基础字典/维表,
his_source,COMM,HIS COMM,ready_his,COMM,MARITAL_STATUS_DICT,,字典,dimension,9,10,included,MARITAL_STATUS_NAME,,,true,基础字典/维表,
his_source,COMM,HIS COMM,ready_his,COMM,MDC_DRUG_MATCH_RESULT,,字典,dimension,0,10,included,,,,false,基础字典/维表,
his_source,COMM,HIS COMM,ready_his,COMM,MDC_ROUTE_MATCH_RESULT,,字典,dimension,0,4,included,,,,false,基础字典/维表,
his_source,COMM,HIS COMM,ready_his,COMM,MEASURES_DICT,,字典,dimension,160,7,included,MEASURES_CLASS+MEASURES_NAME,,,false,基础字典/维表,
his_source,COMM,HIS COMM,ready_his,COMM,MEDCARD_PRIVILEGE_DICT,,字典,dimension,0,6,included,PRIVILEGE_ITEM_CODE,,,false,基础字典/维表,
his_source,COMM,HIS COMM,ready_his,COMM,MENU_GRANT_DICT,,字典,dimension,89,8,included,GROUP_ID+MENU_NAME+ABLED+APP_CODE+ITEM_NAME,,,false,基础字典/维表,
his_source,COMM,HIS COMM,ready_his,COMM,MENU_GRANT_GROUP_DICT,,字典,dimension,1,7,included,GROUP_ID+APP_CODE,,,false,基础字典/维表,
his_source,COMM,HIS COMM,ready_his,COMM,MENU_VS_USER_GRANT,,字典,dimension,1,4,included,DB_USER+GROUP_ID+APP_CODE,,,false,基础字典/维表,
his_source,COMM,HIS COMM,ready_his,COMM,MESSAGES,,字典,dimension,0,9,included,MSGID,,,false,基础字典/维表,
his_source,COMM,HIS COMM,ready_his,COMM,METADICT,,字典,dimension,109,2,included,TABLE_NAME,,,false,基础字典/维表,
his_source,COMM,HIS COMM,ready_his,COMM,META_DATA,,字典,dimension,19,6,included,TABLE_NAME+CODEID,,,false,基础字典/维表,
his_source,COMM,HIS COMM,ready_his,COMM,MONEY_DICT,,字典,dimension,0,4,included,CODE,,,false,基础字典/维表,
his_source,COMM,HIS COMM,ready_his,COMM,MR_ADD_FEE_CLASS_DICT,,字典,dimension,30,5,included,ADD_FEE_CLASS_CODE,,,false,基础字典/维表,
his_source,COMM,HIS COMM,ready_his,COMM,MR_BILL_CLASS_DICT,,字典,dimension,31,12,included,MR_BILL_CLASS_CODE,,,true,基础字典/维表,
his_source,COMM,HIS COMM,ready_his,COMM,MR_CLASS_DICT,,字典,dimension,2,5,included,MR_CLASS_CODE,,,false,基础字典/维表,
his_source,COMM,HIS COMM,ready_his,COMM,MR_COMP_CLASS_DICT,,字典,dimension,3,4,included,COMP_CLASS,,,false,基础字典/维表,
his_source,COMM,HIS COMM,ready_his,COMM,MR_COMP_CLASS_DICT_BAK,,字典,dimension,11,4,included,,,,false,基础字典/维表,
his_source,COMM,HIS COMM,ready_his,COMM,MR_FEE_CLASS_DICT,,字典,dimension,19,5,included,MR_FEE_CLASS_CODE,,,false,基础字典/维表,
his_source,COMM,HIS COMM,ready_his,COMM,MR_QUALITY_DICT,,字典,dimension,3,4,included,MR_QUALITY_NAME,,,false,基础字典/维表,
his_source,COMM,HIS COMM,ready_his,COMM,MR_REPORT_PRTST,,字典,dimension,31,12,included,,,,false,基础字典/维表,
his_source,COMM,HIS COMM,ready_his,COMM,MR_REPORT_SYNTAX,,字典,dimension,6,5,included,,,,false,基础字典/维表,
his_source,COMM,HIS COMM,ready_his,COMM,MR_STATUS_DICT,,字典,dimension,3,4,included,MR_STATUS_CODE,,,false,基础字典/维表,
his_source,COMM,HIS COMM,ready_his,COMM,MR_VALUE_DICT,,字典,dimension,3,4,included,MR_VALUE_NAME,,,false,基础字典/维表,
his_source,COMM,HIS COMM,ready_his,COMM,NATION_DICT,,字典,dimension,57,9,included,NATION_NAME,,,true,基础字典/维表,
his_source,COMM,HIS COMM,ready_his,COMM,NATURE_CLASS_DICT,,字典,dimension,7,2,included,,,,false,基础字典/维表,
his_source,COMM,HIS COMM,ready_his,COMM,NURSE_TEMPERATURE_CLASS_DICT,,字典,excluded,0,3,excluded,CLASS_CODE,,临时/备份/测试表，第一版排除,false,,
his_source,COMM,HIS COMM,ready_his,COMM,NURSE_TEMPERATURE_ITEM_DICT,,字典,excluded,1,5,excluded,CLASS_CODE+VITAL_CODE+DEPT_CODE,,临时/备份/测试表，第一版排除,false,,
his_source,COMM,HIS COMM,ready_his,COMM,NURSING_CLASS_DICT,,字典,dimension,7,6,included,NURSING_CLASS_CODE,,,false,基础字典/维表,
his_source,COMM,HIS COMM,ready_his,COMM,OCCUPATION_DICT,,字典,dimension,13,10,included,OCCUPATION_CODE,,,true,基础字典/维表,
his_source,COMM,HIS COMM,ready_his,COMM,OFFICIAL_DRUG_CATALOG,,字典,excluded,0,12,excluded,CHARGE_TYPE+ITEM_CLASS+DRUG_CODE+DRUG_SPEC,,日志类表，用户确认第一版排除,false,,
his_source,COMM,HIS COMM,ready_his,COMM,OFFICIAL_DRUG_CATALOG_CLASS,,字典,excluded,0,3,excluded,CLASS_CODE,,日志类表，用户确认第一版排除,false,,
his_source,COMM,HIS COMM,ready_his,COMM,OPERATING_POSITION,,字典,dimension,51,3,included,,,,false,基础字典/维表,
his_source,COMM,HIS COMM,ready_his,COMM,OPERATION_DICT,,字典,dimension,16444,22,included,,,,true,基础字典/维表,
his_source,COMM,HIS COMM,ready_his,COMM,OPERATION_DICT1204,,字典,dimension,14652,22,included,,,,false,基础字典/维表,
his_source,COMM,HIS COMM,ready_his,COMM,OPERATION_DICT_BK_20210219,,字典,excluded,15594,15,excluded,,,临时/备份/测试表，第一版排除,false,,
his_source,COMM,HIS COMM,ready_his,COMM,OPERATION_DICT_BK_20210808,,字典,excluded,13617,15,excluded,,,临时/备份/测试表，第一版排除,false,,
his_source,COMM,HIS COMM,ready_his,COMM,OPERATION_DICT_NEW,,字典,dimension,11,14,included,OPERATION_NAME+DOCOTR_USER,,,false,基础字典/维表,
his_source,COMM,HIS COMM,ready_his,COMM,OPERATION_LOG,,字典,excluded,57407694,7,excluded,,,操作日志，用户确认排除,false,,
his_source,COMM,HIS COMM,ready_his,COMM,OPERATION_SCALE_DICT,,字典,dimension,4,4,included,OPERATION_SCALE_CODE,,,false,基础字典/维表,
his_source,COMM,HIS COMM,ready_his,COMM,ORDER_CLASS_DICT,,字典,dimension,9,6,included,ORDER_CLASS_CODE,,,true,基础字典/维表,
his_source,COMM,HIS COMM,ready_his,COMM,ORDER_STATUS_DICT,,字典,dimension,8,4,included,ORDER_STATUS_CODE,,,true,基础字典/维表,
his_source,COMM,HIS COMM,ready_his,COMM,OUTER_APP_USE,,字典,dimension,3,2,included,APPLICATION+DICT_FILE_NAME,,,false,基础字典/维表,
his_source,COMM,HIS COMM,ready_his,COMM,OUTER_CODE_DICT,,字典,dimension,8937,5,included,TOPIC+CODING_SCHM+ITEM_NAME,,,false,基础字典/维表,
his_source,COMM,HIS COMM,ready_his,COMM,OUTER_CODING_CONFIG,,字典,dimension,67,8,included,TOPIC+CODING_SCHM,,,false,基础字典/维表,
his_source,COMM,HIS COMM,ready_his,COMM,OUTER_GENERATION,,字典,dimension,60,9,included,DICT_FILE_NAME,,,false,基础字典/维表,
his_source,COMM,HIS COMM,ready_his,COMM,OUTER_PHONE_DICT,,字典,dimension,0,2,included,LETTER,,,false,基础字典/维表,
his_source,COMM,HIS COMM,ready_his,COMM,OUTP_MR_BL_DIAG_DICT,,字典,dimension,38145,6,included,XH,,,false,基础字典/维表,
his_source,COMM,HIS COMM,ready_his,COMM,OUTP_MR_DIAG_DICT,,字典,dimension,38145,13,included,XH,,,false,基础字典/维表,
his_source,COMM,HIS COMM,ready_his,COMM,OUTP_MR_DICT,,字典,dimension,90,6,included,,,,false,基础字典/维表,
his_source,COMM,HIS COMM,ready_his,COMM,OUTP_MR_OPERATION_DICT,,字典,dimension,14646,13,included,XH,,,false,基础字典/维表,
his_source,COMM,HIS COMM,ready_his,COMM,OUTP_MR_WBSS_DIAG_DICT,,字典,dimension,842,4,included,XH,,,false,基础字典/维表,
his_source,COMM,HIS COMM,ready_his,COMM,OUTP_RCPT_FEE_DICT,,字典,dimension,23,8,included,FEE_CLASS_CODE,,,false,基础字典/维表,
his_source,COMM,HIS COMM,ready_his,COMM,OUTP_RCPT_FEE_FACTDICT,,字典,dimension,0,2,included,FEE_FACTCODE,,,false,基础字典/维表,
his_source,COMM,HIS COMM,ready_his,COMM,OUTP_RCPT_FEE_VS_FACTCODE,,字典,dimension,0,2,included,FEE_CLASS_CODE,,,false,基础字典/维表,
his_source,COMM,HIS COMM,ready_his,COMM,PATIENT_CLASS_DICT,,字典,dimension,4,4,included,PATIENT_CLASS_CODE,,,true,基础字典/维表,
his_source,COMM,HIS COMM,ready_his,COMM,PATIENT_FROM_DICT,,字典,dimension,0,5,included,PATIENT_FROM_CODE,,,false,基础字典/维表,
his_source,COMM,HIS COMM,ready_his,COMM,PATIENT_ID_REF,,字典,dimension,38,5,included,TABLE_NAME+COLUMN_NAME,,,false,基础字典/维表,
his_source,COMM,HIS COMM,ready_his,COMM,PATIENT_SOURCE_DICT,,字典,dimension,3,4,included,PATIENT_SOURCE_CODE,,,false,基础字典/维表,
his_source,COMM,HIS COMM,ready_his,COMM,PATIENT_STATUS_CHG_DICT,,字典,dimension,16,4,included,PATIENT_STATUS_CHG_CODE,,,true,基础字典/维表,
his_source,COMM,HIS COMM,ready_his,COMM,PATIENT_STATUS_DICT,,字典,dimension,3,4,included,PATIENT_STATUS_CODE,,,true,基础字典/维表,
his_source,COMM,HIS COMM,ready_his,COMM,PAT_ADM_CONDITION_DICT,,字典,dimension,3,4,included,PAT_CONDITION_CODE,,,false,基础字典/维表,
his_source,COMM,HIS COMM,ready_his,COMM,PAY_WAY_DICT,,字典,dimension,37,12,included,PAY_WAY_CODE,,,false,基础字典/维表,
his_source,COMM,HIS COMM,ready_his,COMM,PERFORM_DEFAULT_SCHEDULE,,字典,dimension,242,4,included,,,,false,基础字典/维表,
his_source,COMM,HIS COMM,ready_his,COMM,PERFORM_DEPT,,字典,dimension,2277,5,included,ITEM_CLASS+ITEM_CODE+PERFORMED_BY,,,false,基础字典/维表,
his_source,COMM,HIS COMM,ready_his,COMM,PERFORM_FREQ_DICT,,字典,dimension,57,6,included,FREQ_DESC,,,true,基础字典/维表,
his_source,COMM,HIS COMM,ready_his,COMM,PREPAYMENT_VS_DIAGNOSIS,,字典,dimension,6980,7,included,,,,false,基础字典/维表,
his_source,COMM,HIS COMM,ready_his,COMM,PREPAY_TRANS_TYPE_DICT,,字典,dimension,4,4,included,TRANSACT_TYPE_CODE,,,false,基础字典/维表,
his_source,COMM,HIS COMM,ready_his,COMM,PRESC_CLASS,,字典,dimension,10,1,included,,,,false,基础字典/维表,
his_source,COMM,HIS COMM,ready_his,COMM,PRICE_ITEM_NAME_DICT,,字典,dimension,45622,12,included,ITEM_CLASS+ITEM_NAME+ITEM_CODE,,,false,基础字典/维表,
his_source,COMM,HIS COMM,ready_his,COMM,PRICE_ITEM_NAME_DICT2,,字典,dimension,176,12,included,ITEM_CLASS+ITEM_NAME+ITEM_CODE,,,false,基础字典/维表,
his_source,COMM,HIS COMM,ready_his,COMM,PRICE_ITEM_NAME_DICT_20250630,,字典,dimension,24,12,included,,,,false,基础字典/维表,
his_source,COMM,HIS COMM,ready_his,COMM,PRICE_LIST,,字典,dimension,100018,46,included,ITEM_CLASS+ITEM_CODE+ITEM_SPEC+UNITS+START_DATE,,,true,价格/收费字典，用户确认纳入,
his_source,COMM,HIS COMM,ready_his,COMM,PRICE_LIST_20250630,,字典,dimension,24,46,included,,,,false,基础字典/维表,
his_source,COMM,HIS COMM,ready_his,COMM,PRICE_LIST_20260121,,字典,dimension,95764,46,included,,,,false,基础字典/维表,
his_source,COMM,HIS COMM,ready_his,COMM,PRICE_LIST_LOG,,字典,excluded,98,45,excluded,ITEM_CLASS+ITEM_CODE+ITEM_SPEC+UNITS+START_DATE+ENTER_DATE,,日志类表，用户确认第一版排除,false,,
his_source,COMM,HIS COMM,ready_his,COMM,PRICE_LIST_STOP_20210520,,字典,dimension,134,4,included,,,,false,基础字典/维表,
his_source,COMM,HIS COMM,ready_his,COMM,PRICE_LIST_X,,字典,dimension,0,30,included,,,,false,基础字典/维表,
his_source,COMM,HIS COMM,ready_his,COMM,PRICE_LIST_X1,,字典,dimension,0,30,included,,,,false,基础字典/维表,
his_source,COMM,HIS COMM,ready_his,COMM,QA_EVENT_TYPE_DICT,,字典,dimension,5,3,included,QA_EVENT_TYPE,,,false,基础字典/维表,
his_source,COMM,HIS COMM,ready_his,COMM,QC_MSG_DICT,,字典,dimension,5,8,included,QC_MSG_CODE+SCORE_TYPE,,,false,基础字典/维表,
his_source,COMM,HIS COMM,ready_his,COMM,QUEUE_SEAT_DICT,,字典,dimension,0,6,included,ID,,,false,基础字典/维表,
his_source,COMM,HIS COMM,ready_his,COMM,QY_POPEDOM,,字典,dimension,0,6,included,,,,false,基础字典/维表,
his_source,COMM,HIS COMM,ready_his,COMM,RECK_ITEM_CLASS_DICT,,字典,dimension,31,9,included,CLASS_CODE,,,true,基础字典/维表,
his_source,COMM,HIS COMM,ready_his,COMM,REGIST_MODE_DICT,,字典,dimension,0,2,included,MODE_CODE,,,false,基础字典/维表,
his_source,COMM,HIS COMM,ready_his,COMM,REGIST_PAY_DICT,,字典,dimension,3,3,included,CARD_CODE,,,false,基础字典/维表,
his_source,COMM,HIS COMM,ready_his,COMM,RELATIONSHIP_DICT,,字典,dimension,25,10,included,RELATIONSHIP_CODE,,,true,基础字典/维表,
his_source,COMM,HIS COMM,ready_his,COMM,RELATIONSHIP_DICT_NEW,,字典,dimension,25,4,included,,,,false,基础字典/维表,
his_source,COMM,HIS COMM,ready_his,COMM,RESPON_DEPT_DICT,,字典,dimension,117,8,included,,,,false,基础字典/维表,
his_source,COMM,HIS COMM,ready_his,COMM,RESPON_JOB_CLASS_DICT,,字典,dimension,8,2,included,JOB_CLASS,,,false,基础字典/维表,
his_source,COMM,HIS COMM,ready_his,COMM,RESPON_VS_HIS_DEPT,,字典,dimension,59,9,included,RESPON_DEPT_CODE+HIS_DEPT_CODE,,,false,基础字典/维表,
his_source,COMM,HIS COMM,ready_his,COMM,ROOM_DICT,,字典,dimension,3,5,included,ROOM_CODE,,,false,基础字典/维表,
his_source,COMM,HIS COMM,ready_his,COMM,SECURITY_APPS,,字典,dimension,0,2,included,APPLICATION,,,false,基础字典/维表,
his_source,COMM,HIS COMM,ready_his,COMM,SECURITY_GROUPINGS,,字典,dimension,145,3,included,GROUP_NAME+APPLICATION,,,false,基础字典/维表,
his_source,COMM,HIS COMM,ready_his,COMM,SECURITY_INFO,,字典,dimension,4955,5,included,APPLICATION+WINDOW+CONTROL+GROUP_NAME,,,false,基础字典/维表,
his_source,COMM,HIS COMM,ready_his,COMM,SECURITY_INFO_PRG,,字典,dimension,0,4,included,APPLICATION+GROUP_NAME+RIGHT,,,false,基础字典/维表,
his_source,COMM,HIS COMM,ready_his,COMM,SECURITY_RIGHT_DESCRIPTION,,字典,dimension,0,4,included,APPLICATION+RIGHT,,,false,基础字典/维表,
his_source,COMM,HIS COMM,ready_his,COMM,SECURITY_TEMPLATE,,字典,excluded,3662,8,excluded,APPLICATION+WINDOW+CONTROL+ITEM_NO,,临时/备份/测试表，第一版排除,false,,
his_source,COMM,HIS COMM,ready_his,COMM,SECURITY_USERS,,字典,dimension,5025,6,included,,,,false,基础字典/维表,
his_source,COMM,HIS COMM,ready_his,COMM,SETTLE_TRANS_TYPE_DICT,,字典,dimension,3,4,included,TRANSACT_TYPE_CODE,,,false,基础字典/维表,
his_source,COMM,HIS COMM,ready_his,COMM,SEX_DICT,,字典,dimension,4,9,included,SEX_NAME,,,false,基础字典/维表,
his_source,COMM,HIS COMM,ready_his,COMM,SPARE_MEDICINES_DICT,,字典,dimension,32,20,included,,,,false,基础字典/维表,
his_source,COMM,HIS COMM,ready_his,COMM,SPECIAL_CLINIC_DICT,,字典,dimension,0,4,included,SPECIAL_CLINIC_NAME,,,false,基础字典/维表,
his_source,COMM,HIS COMM,ready_his,COMM,SPECIAL_CLINIC_PRICE,,字典,dimension,0,2,included,CLINIC_TYPE,,,false,基础字典/维表,
his_source,COMM,HIS COMM,ready_his,COMM,SPECIMAN_DICT,,字典,dimension,240,12,included,SPECIMAN_CODE,,,true,基础字典/维表,
his_source,COMM,HIS COMM,ready_his,COMM,STAFF_DICT,,字典,dimension,4196,30,included,,,,true,人员字典，用户确认纳入,
his_source,COMM,HIS COMM,ready_his,COMM,STAFF_DICT_20231206,,字典,dimension,3776,29,included,,,,false,基础字典/维表,
his_source,COMM,HIS COMM,ready_his,COMM,STAFF_DICT_BAK,,字典,dimension,0,11,included,,,,false,基础字典/维表,
his_source,COMM,HIS COMM,ready_his,COMM,STAFF_DICT_BAK_2,,字典,dimension,0,11,included,,,,false,基础字典/维表,
his_source,COMM,HIS COMM,ready_his,COMM,STAFF_DICT_TITLE,,字典,dimension,106,3,included,,,,false,基础字典/维表,
his_source,COMM,HIS COMM,ready_his,COMM,STAFF_GROUP_CLASS_DICT,,字典,dimension,15,2,included,GROUP_CLASS,,,true,基础字典/维表,
his_source,COMM,HIS COMM,ready_his,COMM,STAFF_GROUP_DICT,,字典,dimension,558,7,included,GROUP_CLASS+GROUP_CODE,,,true,基础字典/维表,
his_source,COMM,HIS COMM,ready_his,COMM,STAFF_IN_CONTRACT,,字典,dimension,0,3,included,UNIT_CODE+IDENTITY,,,false,基础字典/维表,
his_source,COMM,HIS COMM,ready_his,COMM,STAFF_RESPON_GROUP,,字典,dimension,153,15,included,,,,false,基础字典/维表,
his_source,COMM,HIS COMM,ready_his,COMM,STAFF_VS_CARD,,字典,dimension,500,1,included,CARD_NO,,,false,基础字典/维表,
his_source,COMM,HIS COMM,ready_his,COMM,STAFF_VS_GROUP,,字典,dimension,9376,6,included,GROUP_CLASS+GROUP_CODE+EMP_NO,,,true,基础字典/维表,
his_source,COMM,HIS COMM,ready_his,COMM,SUPPLIER_CLASS_DICT,,字典,dimension,6,3,included,,,,false,基础字典/维表,
his_source,COMM,HIS COMM,ready_his,COMM,SYS_CODE,,字典,dimension,0,5,included,TYPEID+CODEID,,,false,基础字典/维表,
his_source,COMM,HIS COMM,ready_his,COMM,SYS_PASS,,字典,dimension,1,2,included,DB_USER,,,false,基础字典/维表,
his_source,COMM,HIS COMM,ready_his,COMM,TABLE_COLUMNS_SET,,字典,dimension,0,9,included,OWNER+TABLE_NAME+COLUMN_NAME,,,false,基础字典/维表,
his_source,COMM,HIS COMM,ready_his,COMM,TABLE_ROLE_SET,,字典,dimension,0,4,included,ROLE+OWNER+TABLE_NAME+PRIVILEGE,,,false,基础字典/维表,
his_source,COMM,HIS COMM,ready_his,COMM,TABLE_SYNONYM_SET,,字典,dimension,0,4,included,SYNAME+CREATER+TNAME+TABTYPE,,,false,基础字典/维表,
his_source,COMM,HIS COMM,ready_his,COMM,TALLY_SUBJECT_DICT,,字典,dimension,22,5,included,SUBJ_CODE,,,false,基础字典/维表,
his_source,COMM,HIS COMM,ready_his,COMM,TENDER_DRUG_DICT,,字典,dimension,0,11,included,ORDER_BATCH+TENDER_NO+DRUG_CODE+PACK_SPEC+FIRM_ID,,,false,基础字典/维表,
his_source,COMM,HIS COMM,ready_his,COMM,TENDER_PRICE_CLASS,,字典,dimension,3,3,included,PRICE_CLASS_CODE,,,false,基础字典/维表,
his_source,COMM,HIS COMM,ready_his,COMM,TIME_INTERVAL_DICT,,字典,dimension,7,4,included,TIME_INTERVAL_NAME,,,false,基础字典/维表,
his_source,COMM,HIS COMM,ready_his,COMM,TIME_UNITS_DICT,,字典,dimension,8,4,included,TIME_UNITS_NAME,,,false,基础字典/维表,
his_source,COMM,HIS COMM,ready_his,COMM,TITLE_DICT,,字典,dimension,60,6,included,TITLE_CODE,,,false,基础字典/维表,
his_source,COMM,HIS COMM,ready_his,COMM,TJHIS_MESSAGE_DEPT_RECEIVE,,字典,dimension,0,7,included,,,,false,基础字典/维表,
his_source,COMM,HIS COMM,ready_his,COMM,TJ_ERROR_LOG,,字典,excluded,0,10,excluded,ERROR_DATE,,日志类表，用户确认第一版排除,false,,
his_source,COMM,HIS COMM,ready_his,COMM,TJ_ERROR_MESSAGE,,字典,dimension,0,6,included,ERROR_PRG_NAME+ERROR_CODE,,,false,基础字典/维表,
his_source,COMM,HIS COMM,ready_his,COMM,TJ_LOG_MESSAGE,,字典,excluded,0,7,excluded,LOG_DATE,,日志类表，用户确认第一版排除,false,,
his_source,COMM,HIS COMM,ready_his,COMM,TJ_PRG_FUNCTION_CONTROL,,字典,dimension,0,10,included,DB_USER+PRG_NAME+WINDOW_NAME+CONTROL_NAME,,,false,基础字典/维表,
his_source,COMM,HIS COMM,ready_his,COMM,TJ_PRG_FUNCTION_NAME,,字典,dimension,0,7,included,PRG_NAME+WINDOW_NAME+CONTROL_NAME,,,false,基础字典/维表,
his_source,COMM,HIS COMM,ready_his,COMM,TJ_REPORT_COLUMN_CONTROL,,字典,dimension,0,12,included,DB_USER+PRG_NAME+WINDOW_NAME+DATAWINDOW_NAME+COLUMN_NAME,,,false,基础字典/维表,
his_source,COMM,HIS COMM,ready_his,COMM,TJ_REPORT_COLUMN_NAME,,字典,dimension,0,9,included,PRG_NAME+WINDOW_NAME+DATAWINDOW_NAME+COLUMN_NAME,,,false,基础字典/维表,
his_source,COMM,HIS COMM,ready_his,COMM,TOP_UNIT_DICT,,字典,dimension,0,3,included,TOP_UNIT_CODE,,,false,基础字典/维表,
his_source,COMM,HIS COMM,ready_his,COMM,TREATING_RESULT_DICT,,字典,dimension,6,6,included,TREATING_RESULT_NAME,,,false,基础字典/维表,
his_source,COMM,HIS COMM,ready_his,COMM,TUMOR_DICT,,字典,dimension,4,2,included,,,,false,基础字典/维表,
his_source,COMM,HIS COMM,ready_his,COMM,T_JIXIAO_PROJECT,,字典,dimension,0,3,included,TYPE+ITEM_CODE,,,false,基础字典/维表,
his_source,COMM,HIS COMM,ready_his,COMM,T_WX_ZFB,,字典,dimension,208,12,included,,,,false,基础字典/维表,
his_source,COMM,HIS COMM,ready_his,COMM,T_ZHIKONG_DATA,,字典,dimension,4591,17,included,,,,false,基础字典/维表,
his_source,COMM,HIS COMM,ready_his,COMM,UNIT_IN_CONTRACT,,字典,dimension,1,11,included,UNIT_CODE,,,false,基础字典/维表,
his_source,COMM,HIS COMM,ready_his,COMM,UNIT_TYPE_DICT,,字典,dimension,7,4,included,UNIT_TYPE_CODE,,,false,基础字典/维表,
his_source,COMM,HIS COMM,ready_his,COMM,UPDATE_LOG,,字典,excluded,9184838,7,excluded,,,日志类表，用户确认第一版排除,false,,
his_source,COMM,HIS COMM,ready_his,COMM,UPDATE_PARA,,字典,dimension,6,4,included,CODE,,,false,基础字典/维表,
his_source,COMM,HIS COMM,ready_his,COMM,USERS_BACK,,字典,dimension,0,7,included,,,,false,基础字典/维表,
his_source,COMM,HIS COMM,ready_his,COMM,USERS_BAK,,字典,dimension,0,7,included,,,,false,基础字典/维表,
his_source,COMM,HIS COMM,ready_his,COMM,USER_PERMISSION,,字典,dimension,46,6,included,CODE,,,false,基础字典/维表,
his_source,COMM,HIS COMM,ready_his,COMM,V_EXECUTE_DATA,,字典,dimension,0,4,included,,,,false,基础字典/维表,
his_source,COMM,HIS COMM,ready_his,COMM,WARD_DICT,,字典,dimension,0,6,included,,,,false,基础字典/维表,
his_source,COMM,HIS COMM,ready_his,COMM,WOUND_GRADE_DICT,,字典,dimension,3,4,included,WOUND_GRADE_CODE,,,false,基础字典/维表,
his_source,COMM,HIS COMM,ready_his,COMM,YFRYLB_DICT,,字典,dimension,3,2,included,,,,false,基础字典/维表,
his_source,COMM,HIS COMM,ready_his,COMM,YIBAO,,字典,dimension,0,5,included,,,,false,基础字典/维表,
his_source,COMM,HIS COMM,ready_his,COMM,YINYI_MACHINE_OPERATOR,,字典,dimension,0,5,included,OPERATOR_ID,,,false,基础字典/维表,
his_source,COMM,HIS COMM,ready_his,COMM,ZZ_DRUG_DICT,,字典,dimension,9184,27,included,,,,false,基础字典/维表,
his_source,COMM,HIS COMM,ready_his,COMM,ZZ_DRUG_DICT_NEW,,字典,dimension,11828,18,included,,,,false,基础字典/维表,
his_source,COMM,HIS COMM,ready_his,COMM,ZZ_EXP_DICT,,字典,dimension,2348,14,included,,,,false,基础字典/维表,
his_source,COMM,HIS COMM,ready_his,COMM,ZZ_PRICE_LIST,,字典,dimension,6672,16,included,,,,false,基础字典/维表,
his_source,COMM,HIS COMM,ready_his,COMM,ZZ_PRICE_LIST_S,,字典,dimension,1744,16,included,,,,false,基础字典/维表,
his_source,DRUG_USER,HIS DRUG_USER,ready_his,DRUG_USER,2025-07-17MED_DICT_PRICE,,药品,candidate,7589,46,candidate,DRUG_PRI,,,false,非核心表，保留候选,
his_source,DRUG_USER,HIS DRUG_USER,ready_his,DRUG_USER,20260325MED_DICT_BASEINFO,,药品,candidate,5949,99,candidate,DRUG_CODE,,,false,药品相关扩展表，待药品闭环二次确认,
his_source,DRUG_USER,HIS DRUG_USER,ready_his,DRUG_USER,6.30MED_DICT_BASEINFO,,药品,candidate,5565,97,candidate,DRUG_CODE,,,false,药品相关扩展表，待药品闭环二次确认,
his_source,DRUG_USER,HIS DRUG_USER,ready_his,DRUG_USER,6.30MED_DICT_PRICE,,药品,candidate,7361,46,candidate,DRUG_PRI,,,false,非核心表，保留候选,
his_source,DRUG_USER,HIS DRUG_USER,ready_his,DRUG_USER,7月出院患者,,药品,candidate,5361,9,candidate,,,,false,药品相关扩展表，待药品闭环二次确认,
his_source,DRUG_USER,HIS DRUG_USER,ready_his,DRUG_USER,CS_SECTION,,药品,candidate,226,2,candidate,,,,false,药品相关扩展表，待药品闭环二次确认,
his_source,DRUG_USER,HIS DRUG_USER,ready_his,DRUG_USER,DATAPRESCRIPTIONDETAIL_DATA,,药品,candidate,0,15,candidate,,,,false,药品相关扩展表，待药品闭环二次确认,
his_source,DRUG_USER,HIS DRUG_USER,ready_his,DRUG_USER,DATAPRESCRIPTION_DATA,,药品,candidate,0,35,candidate,,,,false,药品相关扩展表，待药品闭环二次确认,
his_source,DRUG_USER,HIS DRUG_USER,ready_his,DRUG_USER,DOCK_CALL_LOG,,药品,excluded,3198052,32,excluded,LOG_ID,,日志类表，用户确认第一版排除,false,,
his_source,DRUG_USER,HIS DRUG_USER,ready_his,DRUG_USER,DOCUMENT_UPLOAD_RECORD,,药品,excluded,0,7,excluded,ID,,接口中间表，第一版排除,false,,
his_source,DRUG_USER,HIS DRUG_USER,ready_his,DRUG_USER,DRUG_EXPORT_DETAIL,,药品,candidate,427342,22,candidate,DOCUMENT_NO+ITEM_NO,,,false,药品相关扩展表，待药品闭环二次确认,
his_source,DRUG_USER,HIS DRUG_USER,ready_his,DRUG_USER,DRUG_EXPORT_MASTER,,药品,candidate,92763,18,candidate,DOCUMENT_NO,,,false,药品相关扩展表，待药品闭环二次确认,
his_source,DRUG_USER,HIS DRUG_USER,ready_his,DRUG_USER,DRUG_IMPORT_DETAIL,,药品,candidate,522665,34,candidate,DOCUMENT_NO+ITEM_NO,,,false,药品相关扩展表，待药品闭环二次确认,
his_source,DRUG_USER,HIS DRUG_USER,ready_his,DRUG_USER,DRUG_IMPORT_MASTER,,药品,candidate,172382,21,candidate,DOCUMENT_NO,,,false,药品相关扩展表，待药品闭环二次确认,
his_source,DRUG_USER,HIS DRUG_USER,ready_his,DRUG_USER,DRUG_OTHER_INFO,,药品,candidate,2494,36,candidate,,,,false,药品相关扩展表，待药品闭环二次确认,
his_source,DRUG_USER,HIS DRUG_USER,ready_his,DRUG_USER,DRUG_SUPPLY_GUARANTEE,,药品,candidate,0,27,candidate,ID,,,false,药品相关扩展表，待药品闭环二次确认,
his_source,DRUG_USER,HIS DRUG_USER,ready_his,DRUG_USER,DRUG_YPID,,药品,candidate,1411,6,candidate,,,,false,药品相关扩展表，待药品闭环二次确认,
his_source,DRUG_USER,HIS DRUG_USER,ready_his,DRUG_USER,DS_EXCLOUD_DRUG,,药品,candidate,303,1,candidate,,,,false,药品相关扩展表，待药品闭环二次确认,
his_source,DRUG_USER,HIS DRUG_USER,ready_his,DRUG_USER,GJZXBZDW,,药品,candidate,3485,4,candidate,,,,false,药品相关扩展表，待药品闭环二次确认,
his_source,DRUG_USER,HIS DRUG_USER,ready_his,DRUG_USER,INIT_ACCOUNT_LOG,,药品,excluded,13,13,excluded,ID,,日志类表，用户确认第一版排除,false,,
his_source,DRUG_USER,HIS DRUG_USER,ready_his,DRUG_USER,INP_ORDER_EXECDATA,,药品,execution_fact,53550000,39,included,,,,false,住院用药/医嘱执行事实，已样本验证,
his_source,DRUG_USER,HIS DRUG_USER,ready_his,DRUG_USER,INP_PATIENT_LOG,,药品,excluded,157701,15,excluded,,,日志类表，用户确认第一版排除,false,,
his_source,DRUG_USER,HIS DRUG_USER,ready_his,DRUG_USER,MED_ADJUST_PRICE_DETAIL,,药品,candidate,784,22,candidate,RECORD_ID,,,false,非核心表，保留候选,
his_source,DRUG_USER,HIS DRUG_USER,ready_his,DRUG_USER,MED_ADJUST_PRICE_LIST,,药品,candidate,1693,27,candidate,RECORD_NO,,,false,非核心表，保留候选,
his_source,DRUG_USER,HIS DRUG_USER,ready_his,DRUG_USER,MED_ADJUST_PRICE_MASTER,,药品,candidate,442,21,candidate,ADJUST_BILLNO,,,false,非核心表，保留候选,
his_source,DRUG_USER,HIS DRUG_USER,ready_his,DRUG_USER,MED_CARE_DETAIL,,药品,candidate,0,18,candidate,RECORD_NO,,,false,药品相关扩展表，待药品闭环二次确认,
his_source,DRUG_USER,HIS DRUG_USER,ready_his,DRUG_USER,MED_CARE_MASTER,,药品,candidate,0,9,candidate,,,,false,药品相关扩展表，待药品闭环二次确认,
his_source,DRUG_USER,HIS DRUG_USER,ready_his,DRUG_USER,MED_CHECK_DETAIL,,药品,candidate,28540,36,candidate,,,,false,药品相关扩展表，待药品闭环二次确认,
his_source,DRUG_USER,HIS DRUG_USER,ready_his,DRUG_USER,MED_CHECK_DETAIL_2025-9-1,,药品,candidate,5274,37,candidate,,,,false,药品相关扩展表，待药品闭环二次确认,
his_source,DRUG_USER,HIS DRUG_USER,ready_his,DRUG_USER,MED_CHECK_DETAIL_COPY1,,药品,excluded,5274,36,excluded,,,临时/备份/测试表，第一版排除,false,,
his_source,DRUG_USER,HIS DRUG_USER,ready_his,DRUG_USER,MED_CHECK_MASTER,,药品,candidate,37,24,candidate,CHECK_NO,,,false,药品相关扩展表，待药品闭环二次确认,
his_source,DRUG_USER,HIS DRUG_USER,ready_his,DRUG_USER,MED_CODE_GENERATE_RULE,,药品,candidate,0,19,candidate,ID,,,false,药品相关扩展表，待药品闭环二次确认,
his_source,DRUG_USER,HIS DRUG_USER,ready_his,DRUG_USER,MED_CODE_MASTER,,药品,candidate,0,15,candidate,ID,,,false,药品相关扩展表，待药品闭环二次确认,
his_source,DRUG_USER,HIS DRUG_USER,ready_his,DRUG_USER,MED_DETAIL_STORAGE,,药品,candidate,96569,25,candidate,,,,false,药品相关扩展表，待药品闭环二次确认,
his_source,DRUG_USER,HIS DRUG_USER,ready_his,DRUG_USER,MED_DICT_BASEINFO,,药品,candidate,6040,102,candidate,DRUG_CODE,,,true,药品相关扩展表，待药品闭环二次确认,
his_source,DRUG_USER,HIS DRUG_USER,ready_his,DRUG_USER,MED_DICT_BASEINFO_RECORD,,药品,candidate,1484,17,candidate,,,,false,药品相关扩展表，待药品闭环二次确认,
his_source,DRUG_USER,HIS DRUG_USER,ready_his,DRUG_USER,MED_DICT_DEPT,,药品,candidate,20,21,candidate,,,,false,药品相关扩展表，待药品闭环二次确认,
his_source,DRUG_USER,HIS DRUG_USER,ready_his,DRUG_USER,MED_DICT_FACTORY,,药品,candidate,1569,48,candidate,FACTORY_ID,,,true,药品相关扩展表，待药品闭环二次确认,
his_source,DRUG_USER,HIS DRUG_USER,ready_his,DRUG_USER,MED_DICT_FACTORY_COPY1,,药品,excluded,1562,48,excluded,FACTORY_ID,,临时/备份/测试表，第一版排除,false,,
his_source,DRUG_USER,HIS DRUG_USER,ready_his,DRUG_USER,MED_DICT_INTYPE,,药品,candidate,17,18,candidate,IN_KIND,,,false,药品相关扩展表，待药品闭环二次确认,
his_source,DRUG_USER,HIS DRUG_USER,ready_his,DRUG_USER,MED_DICT_LOC,,药品,candidate,1500,13,candidate,ORG_CODE+STORE_CODE+LOC_CODE,,,false,药品相关扩展表，待药品闭环二次确认,
his_source,DRUG_USER,HIS DRUG_USER,ready_his,DRUG_USER,MED_DICT_LOCRULE,,药品,candidate,20,5,candidate,SORT_NO+ORG_CODE+STORE_CODE,,,false,药品相关扩展表，待药品闭环二次确认,
his_source,DRUG_USER,HIS DRUG_USER,ready_his,DRUG_USER,MED_DICT_OUTTYPE,,药品,candidate,21,20,candidate,OUT_TYPE_ID,,,false,药品相关扩展表，待药品闭环二次确认,
his_source,DRUG_USER,HIS DRUG_USER,ready_his,DRUG_USER,MED_DICT_PRICE,,药品,candidate,8488,47,candidate,DRUG_PRI,,,true,非核心表，保留候选,
his_source,DRUG_USER,HIS DRUG_USER,ready_his,DRUG_USER,MED_DICT_PRICE_20250822,,药品,candidate,7623,46,candidate,DRUG_PRI,,,false,非核心表，保留候选,
his_source,DRUG_USER,HIS DRUG_USER,ready_his,DRUG_USER,MED_DICT_PRICE_20250826,,药品,candidate,7626,46,candidate,DRUG_PRI,,,false,非核心表，保留候选,
his_source,DRUG_USER,HIS DRUG_USER,ready_his,DRUG_USER,MED_DICT_PRICE_20260616,,药品,candidate,8488,47,candidate,DRUG_PRI,,,false,非核心表，保留候选,
his_source,DRUG_USER,HIS DRUG_USER,ready_his,DRUG_USER,MED_DICT_PRICE_RECORD,,药品,candidate,119,6,candidate,UPDATE_PRICE_ID,,,false,非核心表，保留候选,
his_source,DRUG_USER,HIS DRUG_USER,ready_his,DRUG_USER,MED_DICT_SUPPLIER,,药品,candidate,70,48,candidate,SUPPLIER_ID,,,false,药品相关扩展表，待药品闭环二次确认,
his_source,DRUG_USER,HIS DRUG_USER,ready_his,DRUG_USER,MED_DRUG_LOC,,药品,candidate,8506,7,candidate,BIND_ID,,,false,药品相关扩展表，待药品闭环二次确认,
his_source,DRUG_USER,HIS DRUG_USER,ready_his,DRUG_USER,MED_DRUG_LOC_2025-10-30,,药品,candidate,12364,7,candidate,BIND_ID,,,false,药品相关扩展表，待药品闭环二次确认,
his_source,DRUG_USER,HIS DRUG_USER,ready_his,DRUG_USER,MED_DRUG_LOC_COPY1,,药品,excluded,17691,7,excluded,BIND_ID,,临时/备份/测试表，第一版排除,false,,
his_source,DRUG_USER,HIS DRUG_USER,ready_his,DRUG_USER,MED_FIN_DAYDETAIL,,药品,candidate,0,13,candidate,RECORD_NO,,,false,药品相关扩展表，待药品闭环二次确认,
his_source,DRUG_USER,HIS DRUG_USER,ready_his,DRUG_USER,MED_FIN_DAYSETTLE,,药品,candidate,0,7,candidate,FIN_ID,,,false,非核心表，保留候选,
his_source,DRUG_USER,HIS DRUG_USER,ready_his,DRUG_USER,MED_FIN_MONTHDETAIL,,药品,candidate,890,23,candidate,RECORD_NO,,,false,药品相关扩展表，待药品闭环二次确认,
his_source,DRUG_USER,HIS DRUG_USER,ready_his,DRUG_USER,MED_FIN_MONTHSETTLE,,药品,candidate,2,19,candidate,FIN_ID,,,false,非核心表，保留候选,
his_source,DRUG_USER,HIS DRUG_USER,ready_his,DRUG_USER,MED_INIT_ACCOUNT,,药品,candidate,1222,35,candidate,ID,,,false,药品相关扩展表，待药品闭环二次确认,
his_source,DRUG_USER,HIS DRUG_USER,ready_his,DRUG_USER,MED_IN_DETAIL,,药品,candidate,116288,40,candidate,SORT_NO,,,false,药品相关扩展表，待药品闭环二次确认,
his_source,DRUG_USER,HIS DRUG_USER,ready_his,DRUG_USER,MED_IN_DETAIL_2025-9-1,,药品,candidate,18717,40,candidate,SORT_NO,,,false,药品相关扩展表，待药品闭环二次确认,
his_source,DRUG_USER,HIS DRUG_USER,ready_his,DRUG_USER,MED_IN_MASTER,,药品,candidate,42788,39,candidate,IN_BILLNO,,,false,药品相关扩展表，待药品闭环二次确认,
his_source,DRUG_USER,HIS DRUG_USER,ready_his,DRUG_USER,MED_IN_PAY,,药品,candidate,0,21,candidate,ORG_CODE+ORDER_NO,,,false,非核心表，保留候选,
his_source,DRUG_USER,HIS DRUG_USER,ready_his,DRUG_USER,MED_IN_PAYDETAIL,,药品,candidate,0,19,candidate,ID,,,false,非核心表，保留候选,
his_source,DRUG_USER,HIS DRUG_USER,ready_his,DRUG_USER,MED_IN_PLAN,,药品,candidate,36,36,candidate,ORG_CODE+PLAN_BILLNO,,,false,药品相关扩展表，待药品闭环二次确认,
his_source,DRUG_USER,HIS DRUG_USER,ready_his,DRUG_USER,MED_IN_PLAN_DETAIL,,药品,candidate,40031,21,candidate,,,,false,药品相关扩展表，待药品闭环二次确认,
his_source,DRUG_USER,HIS DRUG_USER,ready_his,DRUG_USER,MED_OUT_DETAIL,,药品,candidate,133386,33,candidate,RECORD_NO,,,false,药品相关扩展表，待药品闭环二次确认,
his_source,DRUG_USER,HIS DRUG_USER,ready_his,DRUG_USER,MED_OUT_MASTER,,药品,candidate,25856,37,candidate,OUT_BILLNO,,,false,药品相关扩展表，待药品闭环二次确认,
his_source,DRUG_USER,HIS DRUG_USER,ready_his,DRUG_USER,MED_PHARMACY,,药品,candidate,0,4,candidate,ID,,,false,药品相关扩展表，待药品闭环二次确认,
his_source,DRUG_USER,HIS DRUG_USER,ready_his,DRUG_USER,MED_STORAGE,,药品,candidate,13797,29,candidate,RECORD_NO,,,false,药品相关扩展表，待药品闭环二次确认,
his_source,DRUG_USER,HIS DRUG_USER,ready_his,DRUG_USER,MED_STORAGE_DAY,,药品,excluded,2620393,32,excluded,ID,,统计日/月汇总表，第一版排除,false,,
his_source,DRUG_USER,HIS DRUG_USER,ready_his,DRUG_USER,MED_SUPPLIER_INFO,,药品,candidate,0,17,candidate,ID,,,false,药品相关扩展表，待药品闭环二次确认,
his_source,DRUG_USER,HIS DRUG_USER,ready_his,DRUG_USER,MED_TRACE_RECORD,,药品,candidate,6267417,30,candidate,RECORD_ID,,,false,药品相关扩展表，待药品闭环二次确认,
his_source,DRUG_USER,HIS DRUG_USER,ready_his,DRUG_USER,MED_TRACE_RECORD_COPY1,,药品,excluded,30,27,excluded,RECORD_ID,,临时/备份/测试表，第一版排除,false,,
his_source,DRUG_USER,HIS DRUG_USER,ready_his,DRUG_USER,MED_TRACE_STORGE,,药品,candidate,4591694,24,candidate,RECORD_ID,,,false,药品相关扩展表，待药品闭环二次确认,
his_source,DRUG_USER,HIS DRUG_USER,ready_his,DRUG_USER,MED_TRACE_STORGE_COPY1,,药品,excluded,30,22,excluded,RECORD_ID,,临时/备份/测试表，第一版排除,false,,
his_source,DRUG_USER,HIS DRUG_USER,ready_his,DRUG_USER,MESSAGE_CENTER,,药品,candidate,0,7,candidate,,,,false,药品相关扩展表，待药品闭环二次确认,
his_source,DRUG_USER,HIS DRUG_USER,ready_his,DRUG_USER,OPS_PRESC_DATA,,药品,candidate,4569270,42,candidate,,,,false,药品相关扩展表，待药品闭环二次确认,
his_source,DRUG_USER,HIS DRUG_USER,ready_his,DRUG_USER,PHA_ALLOCAT_MASTER,,药品,candidate,10439,26,candidate,REQUEST_NO,,,false,药品相关扩展表，待药品闭环二次确认,
his_source,DRUG_USER,HIS DRUG_USER,ready_his,DRUG_USER,PHA_ALOOCAT_DETAIL,,药品,candidate,13970,28,candidate,RECORD_NO,,,false,药品相关扩展表，待药品闭环二次确认,
his_source,DRUG_USER,HIS DRUG_USER,ready_his,DRUG_USER,PHA_BALANCE,,药品,candidate,652,31,candidate,RECORD_NO,,,false,药品相关扩展表，待药品闭环二次确认,
his_source,DRUG_USER,HIS DRUG_USER,ready_his,DRUG_USER,PHA_CHECK_DETAIL,,药品,candidate,154531,37,candidate,,,,false,药品相关扩展表，待药品闭环二次确认,
his_source,DRUG_USER,HIS DRUG_USER,ready_his,DRUG_USER,PHA_CHECK_DETAIL_COPY1,,药品,excluded,36531,37,excluded,,,临时/备份/测试表，第一版排除,false,,
his_source,DRUG_USER,HIS DRUG_USER,ready_his,DRUG_USER,PHA_CHECK_MASTER,,药品,candidate,391,25,candidate,ID,,,false,药品相关扩展表，待药品闭环二次确认,
his_source,DRUG_USER,HIS DRUG_USER,ready_his,DRUG_USER,PHA_CLI_REQUEST_DRUG,,药品,core_fact,2044542,127,included,ID,,,false,核心业务事实/主线表,
his_source,DRUG_USER,HIS DRUG_USER,ready_his,DRUG_USER,PHA_DETAIL_STORAGE,,药品,candidate,6790589,25,candidate,DETAIL_ID,,,false,药品相关扩展表，待药品闭环二次确认,
his_source,DRUG_USER,HIS DRUG_USER,ready_his,DRUG_USER,PHA_DICT_MEDINFO,,药品,candidate,165860,29,candidate,ORG_CODE+PHA_CODE+DRUG_PRI,,,false,药品相关扩展表，待药品闭环二次确认,
his_source,DRUG_USER,HIS DRUG_USER,ready_his,DRUG_USER,PHA_FALSE_STORAGE,,药品,candidate,0,9,candidate,ID,,,false,药品相关扩展表，待药品闭环二次确认,
his_source,DRUG_USER,HIS DRUG_USER,ready_his,DRUG_USER,PHA_FIN_DAYDETAIL,,药品,candidate,0,13,candidate,RECORD_NO,,,false,药品相关扩展表，待药品闭环二次确认,
his_source,DRUG_USER,HIS DRUG_USER,ready_his,DRUG_USER,PHA_FIN_DAYSETTLE,,药品,candidate,0,9,candidate,FIN_ID,,,false,非核心表，保留候选,
his_source,DRUG_USER,HIS DRUG_USER,ready_his,DRUG_USER,PHA_FIN_MONTHDETAIL,,药品,candidate,4200,24,candidate,RECORD_NO,,,false,药品相关扩展表，待药品闭环二次确认,
his_source,DRUG_USER,HIS DRUG_USER,ready_his,DRUG_USER,PHA_FIN_MONTHDETAIL_COPY1,,药品,excluded,3262,24,excluded,RECORD_NO,,临时/备份/测试表，第一版排除,false,,
his_source,DRUG_USER,HIS DRUG_USER,ready_his,DRUG_USER,PHA_FIN_MONTHSETTLE,,药品,candidate,10,20,candidate,FIN_ID,,,false,非核心表，保留候选,
his_source,DRUG_USER,HIS DRUG_USER,ready_his,DRUG_USER,PHA_FIN_MONTHSETTLE_COPY1,,药品,excluded,7,20,excluded,FIN_ID,,临时/备份/测试表，第一版排除,false,,
his_source,DRUG_USER,HIS DRUG_USER,ready_his,DRUG_USER,PHA_INIT_ACCOUNT,,药品,candidate,3880,35,candidate,ID,,,false,药品相关扩展表，待药品闭环二次确认,
his_source,DRUG_USER,HIS DRUG_USER,ready_his,DRUG_USER,PHA_INIT_ACCOUNT_COPY1,,药品,excluded,3308,35,excluded,ID,,临时/备份/测试表，第一版排除,false,,
his_source,DRUG_USER,HIS DRUG_USER,ready_his,DRUG_USER,PHA_INP_DISPDETAIL,,药品,core_fact,4729145,55,included,ORG_CODE+RECORD_NO,,,false,核心业务事实/主线表,
his_source,DRUG_USER,HIS DRUG_USER,ready_his,DRUG_USER,PHA_INP_DISPMASTER,,药品,candidate,336816,22,candidate,DIS_RECORDNO,,,false,药品相关扩展表，待药品闭环二次确认,
his_source,DRUG_USER,HIS DRUG_USER,ready_his,DRUG_USER,PHA_INP_REQUEST_DRUG,,药品,core_fact,4916617,105,included,,,,false,核心业务事实/主线表,
his_source,DRUG_USER,HIS DRUG_USER,ready_his,DRUG_USER,PHA_INP_REQUEST_DRUG_DISPDATE,,药品,candidate,1587680,11,candidate,PATIENT_ID+VISIT_ID+ORDER_NO+ORDER_SUB_NO+PREFORM_DATETIME_LIST+DISP_EXECUTE_TIME+REQUEST_NO,,,false,药品相关扩展表，待药品闭环二次确认,
his_source,DRUG_USER,HIS DRUG_USER,ready_his,DRUG_USER,PHA_MEDICAL_ADVICE_REVIEW,,药品,candidate,3564,85,candidate,,,,false,药品相关扩展表，待药品闭环二次确认,
his_source,DRUG_USER,HIS DRUG_USER,ready_his,DRUG_USER,PHA_SPECIAL_DRUG_REVIEW,,药品,candidate,44380,44,candidate,ID,,,false,药品相关扩展表，待药品闭环二次确认,
his_source,DRUG_USER,HIS DRUG_USER,ready_his,DRUG_USER,PHA_STORAGE,,药品,candidate,35240,29,candidate,RECORD_NO,,,false,药品相关扩展表，待药品闭环二次确认,
his_source,DRUG_USER,HIS DRUG_USER,ready_his,DRUG_USER,PHA_STORAGE_DAY,,药品,excluded,7081114,32,excluded,ID,,统计日/月汇总表，第一版排除,false,,
his_source,DRUG_USER,HIS DRUG_USER,ready_his,DRUG_USER,PHA_STORAGE_COPY1,,药品,excluded,3308,29,excluded,RECORD_NO,,临时/备份/测试表，第一版排除,false,,
his_source,DRUG_USER,HIS DRUG_USER,ready_his,DRUG_USER,PHA_STORAGE_COPY2,,药品,excluded,4512,29,excluded,RECORD_NO,,临时/备份/测试表，第一版排除,false,,
his_source,DRUG_USER,HIS DRUG_USER,ready_his,DRUG_USER,PHA_VISIT_DISPDETAIL,,药品,candidate,2095101,43,candidate,RECORD_NO,,,false,药品相关扩展表，待药品闭环二次确认,
his_source,DRUG_USER,HIS DRUG_USER,ready_his,DRUG_USER,PHA_VISIT_DISPMASTER,,药品,candidate,0,14,candidate,ORG_CODE+PHA_CODE+PRESC_NO,,,false,药品相关扩展表，待药品闭环二次确认,
his_source,DRUG_USER,HIS DRUG_USER,ready_his,DRUG_USER,PRINT_DEBUG_LOG,,药品,excluded,42842,6,excluded,,,日志类表，用户确认第一版排除,false,,
his_source,DRUG_USER,HIS DRUG_USER,ready_his,DRUG_USER,PUB_CONFIG,,药品,candidate,15,23,candidate,ID,,,false,药品相关扩展表，待药品闭环二次确认,
his_source,DRUG_USER,HIS DRUG_USER,ready_his,DRUG_USER,PUB_CONFIG_SET,,药品,candidate,0,15,candidate,ID,,,false,药品相关扩展表，待药品闭环二次确认,
his_source,DRUG_USER,HIS DRUG_USER,ready_his,DRUG_USER,SUPPLIER_IN_DETAIL,,药品,candidate,0,26,candidate,,,,false,药品相关扩展表，待药品闭环二次确认,
his_source,DRUG_USER,HIS DRUG_USER,ready_his,DRUG_USER,SUPPLIER_IN_MASTER,,药品,candidate,0,18,candidate,IN_BILLNO,,,false,药品相关扩展表，待药品闭环二次确认,
his_source,DRUG_USER,HIS DRUG_USER,ready_his,DRUG_USER,SYSTEM_CONFIG,,药品,candidate,3,7,candidate,,,,false,药品相关扩展表，待药品闭环二次确认,
his_source,DRUG_USER,HIS DRUG_USER,ready_his,DRUG_USER,SYSTEM_ORDER_GENER,,药品,candidate,52881,3,candidate,KIND_CODE+DATE_CODE+SEQUENCE_NO,,,false,非核心表，保留候选,
his_source,DRUG_USER,HIS DRUG_USER,ready_his,DRUG_USER,SHEET1,,药品,candidate,1994,4,candidate,,,,false,药品相关扩展表，待药品闭环二次确认,
his_source,DRUG_USER,HIS DRUG_USER,ready_his,DRUG_USER,TEMP_DRUG_INFO,,药品,excluded,-1,4,excluded,,,临时/备份/测试表，第一版排除,false,,
his_source,DRUG_USER,HIS DRUG_USER,ready_his,DRUG_USER,TEMP_REQ_INFO,,药品,excluded,-1,1,excluded,,,临时/备份/测试表，第一版排除,false,,
his_source,DRUG_USER,HIS DRUG_USER,ready_his,DRUG_USER,TMP_PREV_YEAR_STAT,,药品,excluded,-1,7,excluded,,,临时/备份/测试表，第一版排除,false,,
his_source,DRUG_USER,HIS DRUG_USER,ready_his,DRUG_USER,TRACE_UPLOAD_TIME_LOG,,药品,excluded,1916,12,excluded,LOG_ID,,日志类表，用户确认第一版排除,false,,
his_source,DRUG_USER,HIS DRUG_USER,ready_his,DRUG_USER,VIEW_DEBUG_LOG,,药品,excluded,64818,5,excluded,,,日志类表，用户确认第一版排除,false,,
his_source,DRUG_USER,HIS DRUG_USER,ready_his,DRUG_USER,VIEW_SHOWDATA,,药品,candidate,493280,4,candidate,BUSINESS_NO+PREVIEW_NO+BUSINESS_NO2,,,false,药品相关扩展表，待药品闭环二次确认,
his_source,DRUG_USER,HIS DRUG_USER,ready_his,DRUG_USER,SHEET_DRUG,,药品,candidate,3478,4,candidate,,,,false,药品相关扩展表，待药品闭环二次确认,
his_source,DRUG_USER,HIS DRUG_USER,ready_his,DRUG_USER,ZSM,,药品,candidate,1200,1,candidate,,,,false,药品相关扩展表，待药品闭环二次确认,
his_source,DRUG_USER,HIS DRUG_USER,ready_his,DRUG_USER,更改厂家,,药品,candidate,347,5,candidate,,,,false,药品相关扩展表，待药品闭环二次确认,
his_source,EXAM,HIS EXAM,ready_his,EXAM,BACKUP_PATIENT,,检查,excluded,0,4,excluded,PID,,临时/备份/测试表，第一版排除,false,,
his_source,EXAM,HIS EXAM,ready_his,EXAM,BACKUP_STUDY,,检查,excluded,0,10,excluded,SUID,,临时/备份/测试表，第一版排除,false,,
his_source,EXAM,HIS EXAM,ready_his,EXAM,EMP_DICT,,检查,dimension,0,5,included,EMP_ID,,,false,基础字典/维表,
his_source,EXAM,HIS EXAM,ready_his,EXAM,EXAM_AGREE_DICT,,检查,dimension,11,3,included,AGREE_NAME+SERIAL_NO,,,false,基础字典/维表,
his_source,EXAM,HIS EXAM,ready_his,EXAM,EXAM_APPOINTS,,检查,candidate,1559327,50,candidate,EXAM_NO,,,false,非核心表，保留候选,
his_source,EXAM,HIS EXAM,ready_his,EXAM,EXAM_BILL_ITEMS,,检查,core_fact,5731257,19,included,EXAM_NO+EXAM_ITEM_NO+CHARGE_ITEM_NO,,,false,核心业务事实/主线表,
his_source,EXAM,HIS EXAM,ready_his,EXAM,EXAM_EXP_LIST,,检查,candidate,455,7,candidate,EXAM_CLASS+CLASS_NO+ITEM_CODE+FIRM_ID,,,false,非核心表，保留候选,
his_source,EXAM,HIS EXAM,ready_his,EXAM,EXAM_EXP_LIST_CLASS_NO,,检查,candidate,18,4,candidate,EXAM_CLASS+CLASS_NO,,,false,非核心表，保留候选,
his_source,EXAM,HIS EXAM,ready_his,EXAM,EXAM_GROUP_DICT,,检查,dimension,0,2,included,EXAM_GROUP+EXAM_CLASS,,,false,基础字典/维表,
his_source,EXAM,HIS EXAM,ready_his,EXAM,EXAM_IMAGE_INDEX,,检查,candidate,0,6,candidate,FILE_NAME,,,false,非核心表，保留候选,
his_source,EXAM,HIS EXAM,ready_his,EXAM,EXAM_INQUIRY,,检查,candidate,0,14,candidate,EXAM_NO,,,false,非核心表，保留候选,
his_source,EXAM,HIS EXAM,ready_his,EXAM,EXAM_INTERVAL,,检查,candidate,0,4,candidate,EXAM_CLASS+EXAM_GROUP,,,false,非核心表，保留候选,
his_source,EXAM,HIS EXAM,ready_his,EXAM,EXAM_ITEMS,,检查,core_fact,4246116,12,included,EXAM_NO+EXAM_ITEM_NO,,,true,核心业务事实/主线表,
his_source,EXAM,HIS EXAM,ready_his,EXAM,EXAM_MASTER,,检查,core_fact,3401210,58,included,EXAM_NO,,,true,核心业务事实/主线表,
his_source,EXAM,HIS EXAM,ready_his,EXAM,EXAM_MASTER_NEWPACS,,检查,candidate,0,4,candidate,,,,false,非核心表，保留候选,
his_source,EXAM,HIS EXAM,ready_his,EXAM,EXAM_PAT_MI,,检查,candidate,1060526,13,candidate,LOCAL_ID_CLASS+PATIENT_LOCAL_ID,,,false,非核心表，保留候选,
his_source,EXAM,HIS EXAM,ready_his,EXAM,EXAM_REPORT,,检查,core_fact,1336968,14,included,EXAM_NO,,,true,核心业务事实/主线表,
his_source,EXAM,HIS EXAM,ready_his,EXAM,EXAM_SCHEDULE,,检查,candidate,0,6,candidate,SERIAL_NO,,,false,非核心表，保留候选,
his_source,EXAM,HIS EXAM,ready_his,EXAM,EXAM_SHARINGCENTER_DETAIL,,检查,candidate,8842,14,candidate,ID,,,false,非核心表，保留候选,
his_source,EXAM,HIS EXAM,ready_his,EXAM,EXAM_SHARINGCENTER_MASTER,,检查,candidate,8894,19,candidate,ID,,,false,非核心表，保留候选,
his_source,EXAM,HIS EXAM,ready_his,EXAM,EXAM_SUBDEPT_DICT,,检查,dimension,0,2,included,SUBDEPT,,,false,基础字典/维表,
his_source,EXAM,HIS EXAM,ready_his,EXAM,EXAM_USER,,检查,candidate,0,7,candidate,USER_ID,,,false,非核心表，保留候选,
his_source,EXAM,HIS EXAM,ready_his,EXAM,EXAM_WORKING_PLAN,,检查,candidate,0,7,candidate,EXAM_CLASS+EXAM_GROUP+DAY_OF_THE_WEEK,,,false,非核心表，保留候选,
his_source,EXAM,HIS EXAM,ready_his,EXAM,GAOXIANG,,检查,candidate,0,2,candidate,,,,false,非核心表，保留候选,
his_source,EXAM,HIS EXAM,ready_his,EXAM,MODALITY_VS_LOCAL_ID_CLASS,,检查,candidate,0,2,candidate,MODALITY,,,false,非核心表，保留候选,
his_source,EXAM,HIS EXAM,ready_his,EXAM,PACSPATIENT,,检查,candidate,0,5,candidate,PID,,,false,非核心表，保留候选,
his_source,EXAM,HIS EXAM,ready_his,EXAM,PACSSTUDY,,检查,candidate,0,16,candidate,SUID+HOSTCODE,,,false,非核心表，保留候选,
his_source,EXAM,HIS EXAM,ready_his,EXAM,PACSUPDATE,,检查,candidate,0,1,candidate,SUID,,,false,非核心表，保留候选,
his_source,EXAM,HIS EXAM,ready_his,EXAM,PBCATCOL,,检查,candidate,0,20,candidate,,,,false,非核心表，保留候选,
his_source,EXAM,HIS EXAM,ready_his,EXAM,PBCATEDT,,检查,candidate,0,7,candidate,,,,false,非核心表，保留候选,
his_source,EXAM,HIS EXAM,ready_his,EXAM,PBCATFMT,,检查,candidate,0,4,candidate,,,,false,非核心表，保留候选,
his_source,EXAM,HIS EXAM,ready_his,EXAM,PBCATTBL,,检查,candidate,0,25,candidate,,,,false,非核心表，保留候选,
his_source,EXAM,HIS EXAM,ready_his,EXAM,PBCATVLD,,检查,candidate,0,5,candidate,,,,false,非核心表，保留候选,
his_source,EXAM,HIS EXAM,ready_his,EXAM,SQLEXPERT_PLAN1,,检查,candidate,0,23,candidate,,,,false,非核心表，保留候选,
his_source,EXAM,HIS EXAM,ready_his,EXAM,STOREUID,,检查,candidate,0,2,candidate,STUDY_UID,,,false,非核心表，保留候选,
his_source,EXAM,HIS EXAM,ready_his,EXAM,SUBSERVER_VS_DEPT,,检查,candidate,0,2,candidate,DEPT_CODE,,,false,非核心表，保留候选,
his_source,EXAM,HIS EXAM,ready_his,EXAM,TREAT_APPOINT,,检查,candidate,0,48,candidate,TREAT_NO,,,false,非核心表，保留候选,
his_source,EXAM,HIS EXAM,ready_his,EXAM,TREAT_ITEMS,,检查,candidate,0,6,candidate,EXAM_NO+EXAM_ITEM_NO,,,false,非核心表，保留候选,
his_source,EXAM,HIS EXAM,ready_his,EXAM,TSMARCHIVE,,检查,candidate,0,4,candidate,HL_NAME+LL_NAME,,,false,非核心表，保留候选,
his_source,INPADM,HIS INPADM,ready_his,INPADM,ADT_LOG,,住院管理,excluded,1233592,10,excluded,WARD_CODE+PATIENT_ID+VISIT_ID+LOG_DATE_TIME+ACTION,,日志类表，用户确认第一版排除,true,,
his_source,INPADM,HIS INPADM,ready_his,INPADM,ADT_LOG_BACKUP2025,,住院管理,excluded,13,10,excluded,,,日志类表，用户确认第一版排除,false,,
his_source,INPADM,HIS INPADM,ready_his,INPADM,ADT_LOG_C0525325,,住院管理,excluded,7,10,excluded,,,日志类表，用户确认第一版排除,false,,
his_source,INPADM,HIS INPADM,ready_his,INPADM,BED_REC,,住院管理,dimension,5163,18,included,WARD_CODE+BED_NO,,,true,基础字典/维表,
his_source,INPADM,HIS INPADM,ready_his,INPADM,BED_TRANS_LOG,,住院管理,excluded,1774570,9,excluded,WARD_CODE+BED_NO+LOG_DATE_TIME+ACTION,,日志类表，用户确认第一版排除,true,,
his_source,INPADM,HIS INPADM,ready_his,INPADM,BED_TRANS_LOG_BACKUP2025,,住院管理,excluded,18,9,excluded,,,日志类表，用户确认第一版排除,false,,
his_source,INPADM,HIS INPADM,ready_his,INPADM,BED_TRANS_LOG_C0525325,,住院管理,excluded,7,9,excluded,,,日志类表，用户确认第一版排除,false,,
his_source,INPADM,HIS INPADM,ready_his,INPADM,CEQ$PATS_IN_HOSPITAL,,住院管理,candidate,0,32,candidate,,,,false,非核心表，保留候选,
his_source,INPADM,HIS INPADM,ready_his,INPADM,CLG$PATS_IN_HOSPITAL,,住院管理,candidate,0,3,candidate,,,,false,非核心表，保留候选,
his_source,INPADM,HIS INPADM,ready_his,INPADM,CVR$PATS_IN_HOSPITAL,,住院管理,candidate,0,3,candidate,,,,false,非核心表，保留候选,
his_source,INPADM,HIS INPADM,ready_his,INPADM,ERROR_LOG,,住院管理,excluded,0,7,excluded,,,日志类表，用户确认第一版排除,false,,
his_source,INPADM,HIS INPADM,ready_his,INPADM,LEND_BED_LOG,,住院管理,excluded,194332,8,excluded,WARD_CODE+PATIENT_ID+VISIT_ID+LEND_START_DATE,,日志类表，用户确认第一版排除,false,,
his_source,INPADM,HIS INPADM,ready_his,INPADM,MEDICAL_QC_LOG,,住院管理,excluded,0,6,excluded,PATIENT_ID+VISIT_ID+CHECK_DATE,,日志类表，用户确认第一版排除,false,,
his_source,INPADM,HIS INPADM,ready_his,INPADM,MEDICAL_QC_MSG,,住院管理,candidate,430946,14,candidate,PATIENT_ID+VISIT_ID+QC_MSG_CODE+ISSUED_DATE_TIME,,,false,非核心表，保留候选,
his_source,INPADM,HIS INPADM,ready_his,INPADM,ORDERS_GROUP_REC,,住院管理,candidate,1209,9,candidate,PATIENT_ID+VISIT_ID,,,false,非核心表，保留候选,
his_source,INPADM,HIS INPADM,ready_his,INPADM,PATS_IN_HOSPITAL,,住院管理,core_fact,1228,34,included,PATIENT_ID,,,true,核心业务事实/主线表,
his_source,INPADM,HIS INPADM,ready_his,INPADM,PATS_IN_HOSPITAL_BACKUP2025,,住院管理,excluded,0,34,excluded,,,临时/备份/测试表，第一版排除,false,,
his_source,INPADM,HIS INPADM,ready_his,INPADM,PATS_IN_HOSPITAL_BK,,住院管理,excluded,99,30,excluded,,,临时/备份/测试表，第一版排除,false,,
his_source,INPADM,HIS INPADM,ready_his,INPADM,PATS_IN_HOSPITAL_C0525325,,住院管理,candidate,1,34,candidate,,,,false,非核心表，保留候选,
his_source,INPADM,HIS INPADM,ready_his,INPADM,PATS_IN_HOSPITAL_TEST,,住院管理,candidate,0,33,candidate,PATIENT_ID,,,true,非核心表，保留候选,
his_source,INPADM,HIS INPADM,ready_his,INPADM,PATS_IN_TRANSFERRING,,住院管理,candidate,51,7,candidate,PATIENT_ID,,,true,非核心表，保留候选,
his_source,INPADM,HIS INPADM,ready_his,INPADM,PAT_VISIT_BACKUP2025,,住院管理,excluded,3,267,excluded,,,临时/备份/测试表，第一版排除,false,,
his_source,INPADM,HIS INPADM,ready_his,INPADM,PRE_DISCHGED_PATS,,住院管理,candidate,126,9,candidate,PATIENT_ID+VISIT_ID,,,false,非核心表，保留候选,
his_source,INPADM,HIS INPADM,ready_his,INPADM,PRE_TRANSFERRING_PATS,,住院管理,candidate,3558,6,candidate,PATIENT_ID+VISIT_ID+TRANSFER_DATE_TIME,,,false,非核心表，保留候选,
his_source,INPADM,HIS INPADM,ready_his,INPADM,WAIT_BED_PATS,,住院管理,dimension,0,23,included,WAIT_NO,,,false,基础字典/维表,
his_source,INPADM,HIS INPADM,ready_his,INPADM,WAIT_BED_PATS_NEW,,住院管理,dimension,335150,50,included,WAIT_NO+PATIENT_ID,,,false,基础字典/维表,
his_source,INPBILL,HIS INPBILL,ready_his,INPBILL,ACCT_STAFF_GROUP,,住院费用,candidate,0,3,candidate,LOCAL_NO+DEPT_CODE,,,false,非核心表，保留候选,
his_source,INPBILL,HIS INPBILL,ready_his,INPBILL,BANK_TRANS_LISTS,,住院费用,candidate,414177,17,candidate,,,,false,非核心表，保留候选,
his_source,INPBILL,HIS INPBILL,ready_his,INPBILL,BILL_DEPT_CONFIG,,住院费用,candidate,0,1,candidate,DEPT_CODE,,,false,非核心表，保留候选,
his_source,INPBILL,HIS INPBILL,ready_his,INPBILL,BILL_MISC_ITEM,,住院费用,candidate,0,4,candidate,ITEM_CLASS+ITEM_CODE+ITEM_SPEC,,,false,非核心表，保留候选,
his_source,INPBILL,HIS INPBILL,ready_his,INPBILL,BILL_MISC_ITEM_PATCH,,住院费用,candidate,315,10,candidate,DEPT_CODE+ITEM_CLASS+ITEM_CODE+ITEM_SPEC+PATIENT_ID+VISIT_ID,,,false,非核心表，保留候选,
his_source,INPBILL,HIS INPBILL,ready_his,INPBILL,CASHER_NO_REC,,住院费用,candidate,308,7,candidate,LOCAL_NO,,,false,非核心表，保留候选,
his_source,INPBILL,HIS INPBILL,ready_his,INPBILL,CASHER_WORKING_LOG,,住院费用,excluded,221765,4,excluded,OPER_NO+OPER_DATE_TIME,,日志类表，用户确认第一版排除,false,,
his_source,INPBILL,HIS INPBILL,ready_his,INPBILL,DISPENSE_MEDICINE_APPLICATION,,住院费用,candidate,4558,11,candidate,ID+PATIENT_ID+VISIT_ID,,,false,非核心表，保留候选,
his_source,INPBILL,HIS INPBILL,ready_his,INPBILL,DOWNLOAD_LIST,,住院费用,excluded,0,10,excluded,JYCKH+JYSJ,,接口中间表，第一版排除,false,,
his_source,INPBILL,HIS INPBILL,ready_his,INPBILL,INPBILL_ITEMPRICE_CHANGES_LOG,,住院费用,excluded,54918,10,excluded,PATIENT_ID+VISIT_ID+ITEM_NO,,日志类表，用户确认第一版排除,false,,
his_source,INPBILL,HIS INPBILL,ready_his,INPBILL,INP_ACCT_DETAIL,,住院费用,candidate,796187,4,candidate,ACCT_NO+SUBJ_CODE,,,false,非核心表，保留候选,
his_source,INPBILL,HIS INPBILL,ready_his,INPBILL,INP_ACCT_MASTER,,住院费用,candidate,65337,12,candidate,ACCT_NO,,,false,非核心表，保留候选,
his_source,INPBILL,HIS INPBILL,ready_his,INPBILL,INP_ACCT_MONEY,,住院费用,candidate,348899,4,candidate,ACCT_NO+MONEY_TYPE,,,false,非核心表，保留候选,
his_source,INPBILL,HIS INPBILL,ready_his,INPBILL,INP_BILL_DETAIL,,住院费用,core_fact,218921398,74,included,PATIENT_ID+VISIT_ID+ITEM_NO,,,true,核心业务事实/主线表,
his_source,INPBILL,HIS INPBILL,ready_his,INPBILL,INP_BILL_DETAILQ,,住院费用,candidate,1167169,58,candidate,PATIENT_ID+VISIT_ID+ITEM_NO,,,false,非核心表，保留候选,
his_source,INPBILL,HIS INPBILL,ready_his,INPBILL,INP_BILL_DETAIL_1123,,住院费用,candidate,173,72,candidate,PATIENT_ID+VISIT_ID+ITEM_NO,,,false,非核心表，保留候选,
his_source,INPBILL,HIS INPBILL,ready_his,INPBILL,INP_BILL_DETAIL_112302,,住院费用,candidate,55,72,candidate,PATIENT_ID+VISIT_ID+ITEM_NO,,,false,非核心表，保留候选,
his_source,INPBILL,HIS INPBILL,ready_his,INPBILL,INP_BILL_DETAIL_20241231,,住院费用,candidate,10810,62,candidate,,,,false,非核心表，保留候选,
his_source,INPBILL,HIS INPBILL,ready_his,INPBILL,INP_BILL_DETAIL_B,,住院费用,candidate,68,45,candidate,PATIENT_ID+VISIT_ID+ITEM_NO,,,false,非核心表，保留候选,
his_source,INPBILL,HIS INPBILL,ready_his,INPBILL,INP_BILL_DETAIL_BACK,,住院费用,candidate,0,18,candidate,,,,false,非核心表，保留候选,
his_source,INPBILL,HIS INPBILL,ready_his,INPBILL,INP_BILL_DETAIL_BACKUP0105,,住院费用,excluded,2,74,excluded,,,临时/备份/测试表，第一版排除,false,,
his_source,INPBILL,HIS INPBILL,ready_his,INPBILL,INP_BILL_DETAIL_BACKUP2025,,住院费用,excluded,128,74,excluded,,,临时/备份/测试表，第一版排除,false,,
his_source,INPBILL,HIS INPBILL,ready_his,INPBILL,INP_BILL_DETAIL_BK,,住院费用,excluded,527,50,excluded,,,临时/备份/测试表，第一版排除,false,,
his_source,INPBILL,HIS INPBILL,ready_his,INPBILL,INP_BILL_DETAIL_C0525325,,住院费用,candidate,21,74,candidate,,,,false,非核心表，保留候选,
his_source,INPBILL,HIS INPBILL,ready_his,INPBILL,INP_BILL_DETAIL_CANCEL,,住院费用,candidate,5557,18,candidate,,,,false,非核心表，保留候选,
his_source,INPBILL,HIS INPBILL,ready_his,INPBILL,INP_BILL_DETAIL_HRP,,住院费用,candidate,362053,4,candidate,,,,false,非核心表，保留候选,
his_source,INPBILL,HIS INPBILL,ready_his,INPBILL,INP_BILL_DETAIL_JZ,,住院费用,candidate,140,38,candidate,PATIENT_ID+VISIT_ID+ITEM_NO,,,false,非核心表，保留候选,
his_source,INPBILL,HIS INPBILL,ready_his,INPBILL,INP_BILL_DETAIL_SETTLE_BK,,住院费用,excluded,213831,4,excluded,,,临时/备份/测试表，第一版排除,false,,
his_source,INPBILL,HIS INPBILL,ready_his,INPBILL,INP_BILL_DETAIL_TEST,,住院费用,candidate,843626,74,candidate,PATIENT_ID+VISIT_ID+ITEM_NO,,,false,非核心表，保留候选,
his_source,INPBILL,HIS INPBILL,ready_his,INPBILL,INP_BILL_DETAIL_COPY1,,住院费用,excluded,0,74,excluded,PATIENT_ID+VISIT_ID+ITEM_NO,,临时/备份/测试表，第一版排除,false,,
his_source,INPBILL,HIS INPBILL,ready_his,INPBILL,INP_BILL_DETAIL_COPY2,,住院费用,excluded,0,74,excluded,PATIENT_ID+VISIT_ID+ITEM_NO,,临时/备份/测试表，第一版排除,false,,
his_source,INPBILL,HIS INPBILL,ready_his,INPBILL,INP_BILL_DETAIL_COPY3,,住院费用,excluded,0,74,excluded,PATIENT_ID+VISIT_ID+ITEM_NO,,临时/备份/测试表，第一版排除,false,,
his_source,INPBILL,HIS INPBILL,ready_his,INPBILL,INP_BILL_DETAIL_COPY4,,住院费用,excluded,0,74,excluded,PATIENT_ID+VISIT_ID+ITEM_NO,,临时/备份/测试表，第一版排除,false,,
his_source,INPBILL,HIS INPBILL,ready_his,INPBILL,INP_CASH_SJG,,住院费用,candidate,1,10,candidate,ACCT_DATE,,,false,非核心表，保留候选,
his_source,INPBILL,HIS INPBILL,ready_his,INPBILL,INP_DIET_COSTS,,住院费用,candidate,0,8,candidate,PATIENT_ID+VISIT_ID+ITEM_NO,,,false,非核心表，保留候选,
his_source,INPBILL,HIS INPBILL,ready_his,INPBILL,INP_OVERDRAFT_REG_DETAIL,,住院费用,candidate,2129962,13,candidate,PATIENT_ID+VISIT_ID+REG_SUB_NO,,,false,非核心表，保留候选,
his_source,INPBILL,HIS INPBILL,ready_his,INPBILL,INP_OVERDRAFT_REG_MASTER,,住院费用,candidate,468218,9,candidate,PATIENT_ID+VISIT_ID+CHARGE_TYPE+DEPT_CODE,,,false,非核心表，保留候选,
his_source,INPBILL,HIS INPBILL,ready_his,INPBILL,INP_PAYMENTS_MONEY,,住院费用,candidate,2466520,5,candidate,RCPT_NO+MONEY_TYPE,,,false,非核心表，保留候选,
his_source,INPBILL,HIS INPBILL,ready_his,INPBILL,INP_PAYMENTS_MONEY_BACKUP2025,,住院费用,excluded,0,5,excluded,,,临时/备份/测试表，第一版排除,false,,
his_source,INPBILL,HIS INPBILL,ready_his,INPBILL,INP_SETTLE_DETAIL,,住院费用,candidate,5779211,4,candidate,RCPT_NO+FEE_CLASS_NAME,,,false,非核心表，保留候选,
his_source,INPBILL,HIS INPBILL,ready_his,INPBILL,INP_SETTLE_DETAIL_BACKUP2025,,住院费用,excluded,6,4,excluded,,,临时/备份/测试表，第一版排除,false,,
his_source,INPBILL,HIS INPBILL,ready_his,INPBILL,INP_SETTLE_INVOICE,,住院费用,candidate,0,5,candidate,,,,false,非核心表，保留候选,
his_source,INPBILL,HIS INPBILL,ready_his,INPBILL,INP_SETTLE_MASTER,,住院费用,core_fact,603455,20,included,RCPT_NO,,,true,核心业务事实/主线表,
his_source,INPBILL,HIS INPBILL,ready_his,INPBILL,INP_SETTLE_MASTER_BACKUP2025,,住院费用,excluded,1,18,excluded,,,临时/备份/测试表，第一版排除,false,,
his_source,INPBILL,HIS INPBILL,ready_his,INPBILL,INP_SETTLE_MASTER_BK,,住院费用,excluded,1,16,excluded,,,临时/备份/测试表，第一版排除,false,,
his_source,INPBILL,HIS INPBILL,ready_his,INPBILL,INP_SETTLE_MASTER_C0525325,,住院费用,candidate,1,18,candidate,,,,false,非核心表，保留候选,
his_source,INPBILL,HIS INPBILL,ready_his,INPBILL,INP_SETTLE_MASTER_YB,,住院费用,candidate,436516,49,candidate,BRJSH,,,true,非核心表，保留候选,
his_source,INPBILL,HIS INPBILL,ready_his,INPBILL,INP_SETTLE_MASTER_YB_0122,,住院费用,candidate,1,49,candidate,,,,true,非核心表，保留候选,
his_source,INPBILL,HIS INPBILL,ready_his,INPBILL,INP_SETTLE_MASTER_YD,,住院费用,candidate,4971,8,candidate,,,,false,非核心表，保留候选,
his_source,INPBILL,HIS INPBILL,ready_his,INPBILL,INP_SETTLE_MASTER_COPY1,,住院费用,excluded,0,18,excluded,RCPT_NO,,临时/备份/测试表，第一版排除,false,,
his_source,INPBILL,HIS INPBILL,ready_his,INPBILL,LIVE_BILL_DETAIL,,住院费用,candidate,0,36,candidate,PATIENT_ID+VISIT_ID+ITEM_NO,,,false,非核心表，保留候选,
his_source,INPBILL,HIS INPBILL,ready_his,INPBILL,NEED_BILLING_PATS,,住院费用,candidate,0,4,candidate,PATIENT_ID,,,false,非核心表，保留候选,
his_source,INPBILL,HIS INPBILL,ready_his,INPBILL,PREPAYMENT_RCPT,,住院费用,payment_fact,26745115,39,included,RCPT_NO,,,false,患者预交金/缴费事实，用户确认纳入,
his_source,INPBILL,HIS INPBILL,ready_his,INPBILL,PREPAYMENT_RCPT_ADD,,住院费用,candidate,4520603,15,candidate,,,,false,非核心表，保留候选,
his_source,INPBILL,HIS INPBILL,ready_his,INPBILL,PREPAYMENT_RCPT_ADD_BACKUP2025,,住院费用,excluded,122,14,excluded,,,临时/备份/测试表，第一版排除,false,,
his_source,INPBILL,HIS INPBILL,ready_his,INPBILL,PREPAYMENT_RCPT_ADD_C0525325,,住院费用,candidate,1,14,candidate,,,,false,非核心表，保留候选,
his_source,INPBILL,HIS INPBILL,ready_his,INPBILL,PREPAYMENT_RCPT_BACKUP2025,,住院费用,excluded,40,39,excluded,,,临时/备份/测试表，第一版排除,false,,
his_source,INPBILL,HIS INPBILL,ready_his,INPBILL,PREPAYMENT_RCPT_BK,,住院费用,excluded,94,38,excluded,,,临时/备份/测试表，第一版排除,false,,
his_source,INPBILL,HIS INPBILL,ready_his,INPBILL,PREPAYMENT_RCPT_C0525325,,住院费用,candidate,12,39,candidate,,,,false,非核心表，保留候选,
his_source,INPBILL,HIS INPBILL,ready_his,INPBILL,PREPAYMENT_RCPT_COPY1,,住院费用,excluded,20,38,excluded,RCPT_NO,,临时/备份/测试表，第一版排除,false,,
his_source,INPBILL,HIS INPBILL,ready_his,INPBILL,PREPAY_ACCT,,住院费用,candidate,190868,16,candidate,ACCT_NO,,,false,非核心表，保留候选,
his_source,INPBILL,HIS INPBILL,ready_his,INPBILL,PREPAY_ACCT_BK,,住院费用,excluded,2,16,excluded,,,临时/备份/测试表，第一版排除,false,,
his_source,INPBILL,HIS INPBILL,ready_his,INPBILL,PREPAY_ACCT_MONEY,,住院费用,candidate,400480,4,candidate,ACCT_NO+MONEY_TYPE,,,false,非核心表，保留候选,
his_source,INPBILL,HIS INPBILL,ready_his,INPBILL,PREPAY_ACCT_MONEY_BK,,住院费用,excluded,2,4,excluded,,,临时/备份/测试表，第一版排除,false,,
his_source,INPBILL,HIS INPBILL,ready_his,INPBILL,RELIEF_ACCOUNTS,,住院费用,candidate,0,9,candidate,SERIAL_NO,,,false,非核心表，保留候选,
his_source,INPBILL,HIS INPBILL,ready_his,INPBILL,TMP_030418BILL_DETAIL202605,,住院费用,excluded,11171,74,excluded,,,临时/备份/测试表，第一版排除,false,,
his_source,INPBILL,HIS INPBILL,ready_his,INPBILL,UNSETTLE_REC,,住院费用,candidate,0,16,candidate,PATIENT_ID+VISIT_ID,,,false,非核心表，保留候选,
his_source,LAB,HIS LAB,ready_his,LAB,ABNORMAL_NIGHT_WORK,,检验,candidate,0,4,candidate,DAY,,,false,非核心表，保留候选,
his_source,LAB,HIS LAB,ready_his,LAB,ANR1999,,检验,candidate,0,10,candidate,,,,false,非核心表，保留候选,
his_source,LAB,HIS LAB,ready_his,LAB,ANTIBIO,,检验,candidate,0,17,candidate,ANTI_ENAME+ANTI_ID,,,false,非核心表，保留候选,
his_source,LAB,HIS LAB,ready_his,LAB,ANTI_QC,,检验,candidate,0,14,candidate,ATCC_ID+ATCC_AID,,,false,非核心表，保留候选,
his_source,LAB,HIS LAB,ready_his,LAB,AN_RLT1,,检验,candidate,0,11,candidate,,,,false,非核心表，保留候选,
his_source,LAB,HIS LAB,ready_his,LAB,AN_RLT2,,检验,candidate,0,15,candidate,ANR_ID+ANR_BARNAME+ANR_ANTINAME,,,false,非核心表，保留候选,
his_source,LAB,HIS LAB,ready_his,LAB,AN_RLTS,,检验,candidate,0,10,candidate,,,,false,非核心表，保留候选,
his_source,LAB,HIS LAB,ready_his,LAB,AN_SSTD,,检验,candidate,0,14,candidate,SS_STID+SS_AID+SS_CNAME,,,false,非核心表，保留候选,
his_source,LAB,HIS LAB,ready_his,LAB,AN_STYPE,,检验,candidate,0,2,candidate,ST_ID,,,false,非核心表，保留候选,
his_source,LAB,HIS LAB,ready_his,LAB,ARB1999,,检验,candidate,214,15,candidate,,,,false,非核心表，保留候选,
his_source,LAB,HIS LAB,ready_his,LAB,ATTEN_REC,,检验,candidate,0,4,candidate,ATT_NAME+ATT_TO_WORK,,,false,非核心表，保留候选,
his_source,LAB,HIS LAB,ready_his,LAB,BACTERI,,检验,candidate,0,10,candidate,BAC_ID+BAC_CNAME,,,false,非核心表，保留候选,
his_source,LAB,HIS LAB,ready_his,LAB,BAR1999,,检验,candidate,0,7,candidate,,,,false,非核心表，保留候选,
his_source,LAB,HIS LAB,ready_his,LAB,BA_RLTS,,检验,candidate,0,7,candidate,,,,false,非核心表，保留候选,
his_source,LAB,HIS LAB,ready_his,LAB,BA_SCR,,检验,candidate,0,8,candidate,,,,false,非核心表，保留候选,
his_source,LAB,HIS LAB,ready_his,LAB,BD_DONOR,,检验,candidate,0,11,candidate,BD_ID+BD_NO,,,false,非核心表，保留候选,
his_source,LAB,HIS LAB,ready_his,LAB,BD_LIB,,检验,candidate,0,14,candidate,BL_NO,,,false,非核心表，保留候选,
his_source,LAB,HIS LAB,ready_his,LAB,BD_PRIS,,检验,candidate,0,5,candidate,BP_ID,,,false,非核心表，保留候选,
his_source,LAB,HIS LAB,ready_his,LAB,BD_RECIP,,检验,candidate,0,40,candidate,BR_ID,,,false,非核心表，保留候选,
his_source,LAB,HIS LAB,ready_his,LAB,BSC1999,,检验,candidate,0,5,candidate,,,,false,非核心表，保留候选,
his_source,LAB,HIS LAB,ready_his,LAB,BSCRIPE,,检验,candidate,0,6,candidate,BR_ID,,,false,非核心表，保留候选,
his_source,LAB,HIS LAB,ready_his,LAB,BSR1999,,检验,candidate,0,6,candidate,,,,false,非核心表，保留候选,
his_source,LAB,HIS LAB,ready_his,LAB,BS_RLTS,,检验,candidate,0,6,candidate,BSR_ID+BSR_MID+BSR_DATE+BSR_CNAME,,,false,非核心表，保留候选,
his_source,LAB,HIS LAB,ready_his,LAB,BTYPE,,检验,candidate,0,5,candidate,BT_ID,,,false,非核心表，保留候选,
his_source,LAB,HIS LAB,ready_his,LAB,CDSS_LAB_DETAIL,,检验,candidate,20,9,candidate,,,,false,非核心表，保留候选,
his_source,LAB,HIS LAB,ready_his,LAB,CDSS_LAB_MASTER,,检验,candidate,83,4,candidate,,,,false,非核心表，保留候选,
his_source,LAB,HIS LAB,ready_his,LAB,CHECKB,,检验,candidate,0,5,candidate,CHK_ID,,,false,非核心表，保留候选,
his_source,LAB,HIS LAB,ready_his,LAB,CH_TYPE,,检验,candidate,0,5,candidate,CTY_ID,,,false,非核心表，保留候选,
his_source,LAB,HIS LAB,ready_his,LAB,CL_ITEM,,检验,candidate,0,19,candidate,CAL_ID,,,false,非核心表，保留候选,
his_source,LAB,HIS LAB,ready_his,LAB,COMBINE,,检验,candidate,0,46,candidate,COM_ID,,,false,非核心表，保留候选,
his_source,LAB,HIS LAB,ready_his,LAB,COM_CHG,,检验,candidate,0,7,candidate,,,,false,非核心表，保留候选,
his_source,LAB,HIS LAB,ready_his,LAB,CSR1999,,检验,candidate,0,6,candidate,,,,false,非核心表，保留候选,
his_source,LAB,HIS LAB,ready_his,LAB,CS_RLTS,,检验,candidate,0,6,candidate,BSR_ID,,,false,非核心表，保留候选,
his_source,LAB,HIS LAB,ready_his,LAB,CUR1999,,检验,candidate,0,8,candidate,,,,false,非核心表，保留候选,
his_source,LAB,HIS LAB,ready_his,LAB,CVR1999,,检验,candidate,0,5,candidate,,,,false,非核心表，保留候选,
his_source,LAB,HIS LAB,ready_his,LAB,CV_RLTS,,检验,candidate,0,5,candidate,RES_ID,,,false,非核心表，保留候选,
his_source,LAB,HIS LAB,ready_his,LAB,DEPART,,检验,candidate,0,10,candidate,DEP_ID,,,false,非核心表，保留候选,
his_source,LAB,HIS LAB,ready_his,LAB,DIAGNOS,,检验,candidate,0,4,candidate,DIAG_ID,,,false,非核心表，保留候选,
his_source,LAB,HIS LAB,ready_his,LAB,DIARY,,检验,candidate,0,8,candidate,,,,false,非核心表，保留候选,
his_source,LAB,HIS LAB,ready_his,LAB,DOCTOR,,检验,candidate,0,5,candidate,DOC_ID,,,false,非核心表，保留候选,
his_source,LAB,HIS LAB,ready_his,LAB,DYR1999,,检验,candidate,0,9,candidate,,,,false,非核心表，保留候选,
his_source,LAB,HIS LAB,ready_his,LAB,EXAM,,检验,candidate,0,11,candidate,SERIAL_NO,,,false,非核心表，保留候选,
his_source,LAB,HIS LAB,ready_his,LAB,FORMULAR_DICT,,检验,dimension,0,8,included,COMPUTED_CODE,,,false,基础字典/维表,
his_source,LAB,HIS LAB,ready_his,LAB,HOLI_REC,,检验,candidate,0,8,candidate,,,,false,非核心表，保留候选,
his_source,LAB,HIS LAB,ready_his,LAB,IMM1999,,检验,candidate,0,14,candidate,,,,false,非核心表，保留候选,
his_source,LAB,HIS LAB,ready_his,LAB,IMM_CAL,,检验,candidate,0,13,candidate,IMC_ID,,,false,非核心表，保留候选,
his_source,LAB,HIS LAB,ready_his,LAB,IMM_DEF,,检验,candidate,0,103,candidate,,,,false,非核心表，保留候选,
his_source,LAB,HIS LAB,ready_his,LAB,IMM_DEF1,,检验,candidate,0,3,candidate,IMD_ID+IMD_ZB+IMD_DEF,,,false,非核心表，保留候选,
his_source,LAB,HIS LAB,ready_his,LAB,IMM_DEF2,,检验,candidate,0,1,candidate,IMD_ID,,,false,非核心表，保留候选,
his_source,LAB,HIS LAB,ready_his,LAB,IMM_ECD,,检验,candidate,0,4,candidate,IME_ID,,,false,非核心表，保留候选,
his_source,LAB,HIS LAB,ready_his,LAB,IMM_ITM,,检验,candidate,0,10,candidate,IMI_ID,,,false,非核心表，保留候选,
his_source,LAB,HIS LAB,ready_his,LAB,IMM_JUDGE,,检验,candidate,0,13,candidate,IMJ_ID,,,false,非核心表，保留候选,
his_source,LAB,HIS LAB,ready_his,LAB,IMM_MED,,检验,candidate,0,12,candidate,IMM_ID,,,false,非核心表，保留候选,
his_source,LAB,HIS LAB,ready_his,LAB,IMM_MOD,,检验,candidate,0,10,candidate,MOD_ID,,,false,非核心表，保留候选,
his_source,LAB,HIS LAB,ready_his,LAB,IMM_PLACE,,检验,candidate,0,3,candidate,IMP_ID+IMP_ZB,,,false,非核心表，保留候选,
his_source,LAB,HIS LAB,ready_his,LAB,IMM_PLACE1,,检验,candidate,0,1,candidate,IMP_ID,,,false,非核心表，保留候选,
his_source,LAB,HIS LAB,ready_his,LAB,IMM_RESULTS,,检验,candidate,0,14,candidate,IMR_ID+IMR_IT_ECD+IMR_DATE,,,false,非核心表，保留候选,
his_source,LAB,HIS LAB,ready_his,LAB,IMM_R_MOD,,检验,candidate,0,8,candidate,IMR_ID,,,false,非核心表，保留候选,
his_source,LAB,HIS LAB,ready_his,LAB,INSPECT,,检验,candidate,0,11,candidate,INS_ID,,,false,非核心表，保留候选,
his_source,LAB,HIS LAB,ready_his,LAB,INSTRMT,,检验,candidate,0,26,candidate,ITR_MID+ITR_CLIENT,,,false,非核心表，保留候选,
his_source,LAB,HIS LAB,ready_his,LAB,INSTRUMENT_CONFIG,,检验,candidate,0,4,candidate,INSTRUMENT_ID+INSTRUMENT_ITEM_CODE,,,false,非核心表，保留候选,
his_source,LAB,HIS LAB,ready_his,LAB,INSTRUMENT_DICT,,检验,dimension,0,31,included,INST_ID,,,false,基础字典/维表,
his_source,LAB,HIS LAB,ready_his,LAB,INTERFACE,,检验,excluded,0,13,excluded,CNT_TYPE,,接口中间表，第一版排除,false,,
his_source,LAB,HIS LAB,ready_his,LAB,ITEM,,检验,candidate,0,37,candidate,ITM_ID,,,false,非核心表，保留候选,
his_source,LAB,HIS LAB,ready_his,LAB,ITEM_PROP,,检验,candidate,0,5,candidate,ITM_ID,,,false,非核心表，保留候选,
his_source,LAB,HIS LAB,ready_his,LAB,ITEM_TYPE_DICT,,检验,dimension,0,2,included,SERIAL_NO+ITEM_CLASS_NAME,,,false,基础字典/维表,
his_source,LAB,HIS LAB,ready_his,LAB,ITEM_UGR,,检验,candidate,0,5,candidate,ITM_ID,,,false,非核心表，保留候选,
his_source,LAB,HIS LAB,ready_his,LAB,LAB_BILL_ITEMS,,检验,candidate,0,8,candidate,,,,false,非核心表，保留候选,
his_source,LAB,HIS LAB,ready_his,LAB,LAB_DEPT_TEST_DAY,,检验,excluded,0,7,excluded,ST_DATE+ORDERING_DEPT_CODE+ASSAY_DEPT_CODE+ITEM_CODE,,统计日/月汇总表，第一版排除,false,,
his_source,LAB,HIS LAB,ready_his,LAB,LAB_DEPT_TEST_MONTH,,检验,excluded,0,7,excluded,ST_MONTH+ORDERING_DEPT_CODE+ASSAY_DEPT_CODE+ITEM_CODE,,统计日/月汇总表，第一版排除,false,,
his_source,LAB,HIS LAB,ready_his,LAB,LAB_DEVICE,,检验,candidate,0,22,candidate,DEV_ID,,,false,非核心表，保留候选,
his_source,LAB,HIS LAB,ready_his,LAB,LAB_ITEM_VS_RULES,,检验,candidate,0,2,candidate,ITEM_CODE,,,false,非核心表，保留候选,
his_source,LAB,HIS LAB,ready_his,LAB,LAB_REJECT_ITEM,,检验,candidate,21,6,candidate,ITEM_CODE1+ITEM_CODE2,,,false,非核心表，保留候选,
his_source,LAB,HIS LAB,ready_his,LAB,LAB_REPORT_RULES,,检验,candidate,0,2,candidate,RULENO,,,false,非核心表，保留候选,
his_source,LAB,HIS LAB,ready_his,LAB,LAB_REPORT_RULES_DETAIL,,检验,candidate,0,8,candidate,RULENO+SEQNO,,,false,非核心表，保留候选,
his_source,LAB,HIS LAB,ready_his,LAB,LAB_RESULT,,检验,core_fact,93669749,26,included,TEST_NO+ITEM_NO+PRINT_ORDER,,,true,核心业务事实/主线表,
his_source,LAB,HIS LAB,ready_his,LAB,LAB_RESULT_ITEM,,检验,candidate,5252,4,candidate,,,,false,非核心表，保留候选,
his_source,LAB,HIS LAB,ready_his,LAB,LAB_RESULT_MAPPING,,检验,candidate,119,4,candidate,,,,true,非核心表，保留候选,
his_source,LAB,HIS LAB,ready_his,LAB,LAB_RESULT_TEMP,,检验,excluded,0,10,excluded,WORKING_ID+ITEM_NO+RESULT_DATE_TIME,,临时/备份/测试表，第一版排除,false,,
his_source,LAB,HIS LAB,ready_his,LAB,LAB_RESULT_TYPE_VS_VALUES,,检验,candidate,0,4,candidate,SERIAL_NO,,,false,非核心表，保留候选,
his_source,LAB,HIS LAB,ready_his,LAB,LAB_SHARINGCENTER_DETAIL,,检验,candidate,213221,12,candidate,,,,false,非核心表，保留候选,
his_source,LAB,HIS LAB,ready_his,LAB,LAB_SHARINGCENTER_MASTER,,检验,candidate,24675,19,candidate,ID,,,false,非核心表，保留候选,
his_source,LAB,HIS LAB,ready_his,LAB,LAB_TEST_BATCH_MASTER,,检验,candidate,429317,18,candidate,BATCH_TEST_NO+TEST_NO,,,false,非核心表，保留候选,
his_source,LAB,HIS LAB,ready_his,LAB,LAB_TEST_ITEMS,,检验,core_fact,9336684,16,included,TEST_NO+ITEM_NO,,,true,核心业务事实/主线表,
his_source,LAB,HIS LAB,ready_his,LAB,LAB_TEST_ITEMS_DETAIL,,检验,core_fact,4158544,12,included,ID,,,true,核心业务事实/主线表,
his_source,LAB,HIS LAB,ready_his,LAB,LAB_TEST_MASTER,,检验,core_fact,9137516,49,included,TEST_NO,,,true,核心业务事实/主线表,
his_source,LAB,HIS LAB,ready_his,LAB,LOGINS,,检验,excluded,0,6,excluded,,,日志类表，用户确认第一版排除,false,,
his_source,LAB,HIS LAB,ready_his,LAB,METHOD,,检验,candidate,0,6,candidate,MD_AID,,,false,非核心表，保留候选,
his_source,LAB,HIS LAB,ready_his,LAB,METHOD_RLTS,,检验,candidate,0,7,candidate,,,,false,非核心表，保留候选,
his_source,LAB,HIS LAB,ready_his,LAB,MITM_NO,,检验,candidate,0,8,candidate,MIT_MID+MIT_ID,,,false,非核心表，保留候选,
his_source,LAB,HIS LAB,ready_his,LAB,NIGHTWORK_DEF,,检验,candidate,0,6,candidate,DAY,,,false,非核心表，保留候选,
his_source,LAB,HIS LAB,ready_his,LAB,NOBACT,,检验,candidate,0,9,candidate,NOB_ID,,,false,非核心表，保留候选,
his_source,LAB,HIS LAB,ready_his,LAB,NORMAL_NIGHT_WORK,,检验,candidate,0,3,candidate,DAYOFWEEK,,,false,非核心表，保留候选,
his_source,LAB,HIS LAB,ready_his,LAB,ONLINE_DATA,,检验,candidate,0,9,candidate,SERIAL_NO,,,false,非核心表，保留候选,
his_source,LAB,HIS LAB,ready_his,LAB,PAT1999,,检验,candidate,0,38,candidate,,,,false,非核心表，保留候选,
his_source,LAB,HIS LAB,ready_his,LAB,PATIENTS,,检验,candidate,0,41,candidate,PAT_ID,,,false,非核心表，保留候选,
his_source,LAB,HIS LAB,ready_his,LAB,QC_MEA,,检验,candidate,0,8,candidate,QCM_MID+QCM_ITM+QCM_DATE+QCM_FLG,,,false,非核心表，保留候选,
his_source,LAB,HIS LAB,ready_his,LAB,QC_REF,,检验,candidate,0,27,candidate,QCR_MID+QCR_ITM+QCR_SDATE,,,false,非核心表，保留候选,
his_source,LAB,HIS LAB,ready_his,LAB,QC_SAM,,检验,candidate,0,8,candidate,QCM_MID+QCM_ITM+QCM_DATE,,,false,非核心表，保留候选,
his_source,LAB,HIS LAB,ready_his,LAB,QUALITY_CON_LIST,,检验,candidate,0,5,candidate,ITEM_CODE+QC_DATE+CONTROL_NO,,,false,非核心表，保留候选,
his_source,LAB,HIS LAB,ready_his,LAB,QUALITY_CON_PARAMETER_LIST,,检验,candidate,0,18,candidate,ITEM_CODE+QC_YEAR+QC_MONTH,,,false,非核心表，保留候选,
his_source,LAB,HIS LAB,ready_his,LAB,REAGDICT,,检验,candidate,0,28,candidate,RGD_ID,,,false,非核心表，保留候选,
his_source,LAB,HIS LAB,ready_his,LAB,REAGENT,,检验,candidate,0,24,candidate,REAG_ID,,,false,非核心表，保留候选,
his_source,LAB,HIS LAB,ready_his,LAB,REAGENT_OUT,,检验,candidate,0,16,candidate,REAG_ID,,,false,非核心表，保留候选,
his_source,LAB,HIS LAB,ready_his,LAB,REAGOUT,,检验,candidate,0,9,candidate,,,,false,非核心表，保留候选,
his_source,LAB,HIS LAB,ready_his,LAB,REAGPITM,,检验,candidate,0,7,candidate,RGP_ID,,,false,非核心表，保留候选,
his_source,LAB,HIS LAB,ready_his,LAB,REAGPLAN,,检验,candidate,0,13,candidate,PLAN_ID,,,false,非核心表，保留候选,
his_source,LAB,HIS LAB,ready_his,LAB,RED_ITM,,检验,candidate,0,7,candidate,,,,false,非核心表，保留候选,
his_source,LAB,HIS LAB,ready_his,LAB,RED_ITMS,,检验,candidate,0,12,candidate,RED_ID,,,false,非核心表，保留候选,
his_source,LAB,HIS LAB,ready_his,LAB,REP_DIARY,,检验,candidate,0,15,candidate,REP_MID,,,false,非核心表，保留候选,
his_source,LAB,HIS LAB,ready_his,LAB,RESULTO,,检验,candidate,0,9,candidate,RES_ID+RES_IT_ECD+RES_DATE,,,false,非核心表，保留候选,
his_source,LAB,HIS LAB,ready_his,LAB,RESULTS,,检验,candidate,0,6,candidate,RES_MID+RES_SID+RES_IT_ECD+RES_DATE,,,false,非核心表，保留候选,
his_source,LAB,HIS LAB,ready_his,LAB,RES_CURO,,检验,candidate,0,8,candidate,RES_ID+RES_DATE,,,false,非核心表，保留候选,
his_source,LAB,HIS LAB,ready_his,LAB,RES_CURS,,检验,candidate,0,7,candidate,RES_ID+RES_MID+RES_DATE+RES_SID,,,false,非核心表，保留候选,
his_source,LAB,HIS LAB,ready_his,LAB,RES_DYY,,检验,candidate,0,9,candidate,RES_ID+RES_MID+RES_SID+RES_DATE+RES_CUR1,,,false,非核心表，保留候选,
his_source,LAB,HIS LAB,ready_his,LAB,RES_PICTURE,,检验,candidate,0,3,candidate,,,,false,非核心表，保留候选,
his_source,LAB,HIS LAB,ready_his,LAB,RLT1999,,检验,candidate,0,9,candidate,,,,false,非核心表，保留候选,
his_source,LAB,HIS LAB,ready_his,LAB,RUIMEI_INSERT_DATA_WZ,,检验,excluded,22062711,25,excluded,,,接口中间表，第一版排除,false,,
his_source,LAB,HIS LAB,ready_his,LAB,SAMPLE,,检验,candidate,0,5,candidate,SAM_ID,,,false,非核心表，保留候选,
his_source,LAB,HIS LAB,ready_his,LAB,STAFF,,检验,candidate,0,21,candidate,STA_NO,,,false,非核心表，保留候选,
his_source,LAB,HIS LAB,ready_his,LAB,STAFF_ATTEND_IN,,检验,candidate,0,7,candidate,ATT_NO,,,false,非核心表，保留候选,
his_source,LAB,HIS LAB,ready_his,LAB,STAFF_AWARD,,检验,candidate,0,7,candidate,AWD_NO,,,false,非核心表，保留候选,
his_source,LAB,HIS LAB,ready_his,LAB,STAFF_EDUCATE,,检验,candidate,0,8,candidate,EDU_NO,,,false,非核心表，保留候选,
his_source,LAB,HIS LAB,ready_his,LAB,STAFF_PAPER,,检验,candidate,0,8,candidate,PAP_NO,,,false,非核心表，保留候选,
his_source,LAB,HIS LAB,ready_his,LAB,STAFF_POST,,检验,candidate,0,6,candidate,PST_NO,,,false,非核心表，保留候选,
his_source,LAB,HIS LAB,ready_his,LAB,STATIST,,检验,candidate,0,10,candidate,,,,false,非核心表，保留候选,
his_source,LAB,HIS LAB,ready_his,LAB,STATIST_T,,检验,candidate,0,3,candidate,ST_ID+ST_DATE,,,false,非核心表，保留候选,
his_source,LAB,HIS LAB,ready_his,LAB,STATIST_TCOM,,检验,candidate,0,4,candidate,ST_ID+ST_CNAME+ST_DATE,,,false,非核心表，保留候选,
his_source,LAB,HIS LAB,ready_his,LAB,SYMBOL_DICT,,检验,dimension,0,5,included,ITEM_CODE,,,false,基础字典/维表,
his_source,LAB,HIS LAB,ready_his,LAB,S_STATE,,检验,candidate,0,4,candidate,ST_ID,,,false,非核心表，保留候选,
his_source,LAB,HIS LAB,ready_his,LAB,UGR1999,,检验,candidate,0,8,candidate,,,,false,非核心表，保留候选,
his_source,LAB,HIS LAB,ready_his,LAB,UG_RLTS,,检验,candidate,0,8,candidate,RES_ID,,,false,非核心表，保留候选,
his_source,LAB,HIS LAB,ready_his,LAB,WEEKTAB,,检验,candidate,0,60,candidate,W_WEEK_NO,,,false,非核心表，保留候选,
his_source,LAB,HIS LAB,ready_his,LAB,WEEKTABS,,检验,candidate,0,12,candidate,W_WEEK_NO,,,false,非核心表，保留候选,
his_source,LAB,HIS LAB,ready_his,LAB,WEEKTAB_GROUP,,检验,candidate,0,101,candidate,,,,false,非核心表，保留候选,
his_source,LAB,HIS LAB,ready_his,LAB,WORKTAB,,检验,candidate,0,4,candidate,,,,false,非核心表，保留候选,
his_source,LAB,HIS LAB,ready_his,LAB,ZM_TABLEDEF,,检验,candidate,0,6,candidate,,,,false,非核心表，保留候选,
his_source,MEDADM,HIS MEDADM,ready_his,MEDADM,ACCIDENT_REC,,住院管理,candidate,0,13,candidate,SERIAL_NO,,,false,MEDADM 非统计管理表，需二次裁剪,
his_source,MEDADM,HIS MEDADM,ready_his,MEDADM,ACCI_CLASS_DICT,,住院管理,dimension,3,3,included,ACCI_CLASS_CODE,,,false,基础字典/维表,
his_source,MEDADM,HIS MEDADM,ready_his,MEDADM,ACCI_REASON_DICT,,住院管理,dimension,2,2,included,SERIAL_NO,,,false,基础字典/维表,
his_source,MEDADM,HIS MEDADM,ready_his,MEDADM,ACCI_RESULTED_DICT,,住院管理,dimension,3,2,included,SERIAL_NO,,,false,基础字典/维表,
his_source,MEDADM,HIS MEDADM,ready_his,MEDADM,ACCI_TYPE_DICT,,住院管理,dimension,2,3,included,ACCIDENT_CODE,,,false,基础字典/维表,
his_source,MEDADM,HIS MEDADM,ready_his,MEDADM,ASST_PLAN_INDEX,,住院管理,candidate,0,4,candidate,YEAR_MONTH+DEPT_CODE+PLAN_CODE,,,false,MEDADM 非统计管理表，需二次裁剪,
his_source,MEDADM,HIS MEDADM,ready_his,MEDADM,BEDPATS_IN_HOSPITAL,,住院管理,inpatient_management_fact,4597524,29,included,PATIENT_ID+VISIT_ID+STAT_DATE_TIME,,,true,在院/床位日快照，用户确认纳入,
his_source,MEDADM,HIS MEDADM,ready_his,MEDADM,BEDPATS_IN_HOSPITAL_BACKUP2025,,住院管理,excluded,31,29,excluded,,,临时/备份/测试表，第一版排除,false,,
his_source,MEDADM,HIS MEDADM,ready_his,MEDADM,BEDPATS_IN_HOSPITAL_C0525325,,住院管理,candidate,5,29,candidate,,,,false,MEDADM 非统计管理表，需二次裁剪,
his_source,MEDADM,HIS MEDADM,ready_his,MEDADM,CANCEL_DISCHARGE_PAT,,住院管理,candidate,1487,5,candidate,,,,false,MEDADM 非统计管理表，需二次裁剪,
his_source,MEDADM,HIS MEDADM,ready_his,MEDADM,DEPT_ADT_DAY,,住院管理,excluded,438316,24,excluded,ST_DATE+DEPT_CODE+IDENTITY,,统计日/月汇总表，第一版排除,true,,
his_source,MEDADM,HIS MEDADM,ready_his,MEDADM,DEPT_ASST_DAY,,住院管理,excluded,0,4,excluded,ST_DATE+DEPT_CODE+ITEM_CODE,,统计日/月汇总表，第一版排除,false,,
his_source,MEDADM,HIS MEDADM,ready_his,MEDADM,DEPT_EMPTY_BED,,住院管理,dimension,458460,5,included,ST_DATE+DEPT_CODE,,,false,基础字典/维表,
his_source,MEDADM,HIS MEDADM,ready_his,MEDADM,DEPT_EXAM_DAY,,住院管理,excluded,3622,7,excluded,ST_DATE+DEPT_CODE+EXAM_CLASS+EXAM_SUB_CLASS,,统计日/月汇总表，第一版排除,false,,
his_source,MEDADM,HIS MEDADM,ready_his,MEDADM,DEPT_EXAM_DAY_NEW,,住院管理,candidate,873608,10,candidate,ST_DATE+PERFORMED_BY+ORDERED_BY+EXAM_CLASS+EXAM_SUB_CLASS+ITEM_CODE+ITEM_NAME,,,false,MEDADM 非统计管理表，需二次裁剪,
his_source,MEDADM,HIS MEDADM,ready_his,MEDADM,DEPT_LOAD_DAY,,住院管理,excluded,458833,8,excluded,ST_DATE+DEPT_CODE,,统计日/月汇总表，第一版排除,false,,
his_source,MEDADM,HIS MEDADM,ready_his,MEDADM,DEPT_NURSE_DAY,,住院管理,excluded,417888,9,excluded,ST_DATE+DEPT_CODE+ITEM_CODE+ITEM_NAME+ITEM_SPEC+UNITS,,统计日/月汇总表，第一版排除,false,,
his_source,MEDADM,HIS MEDADM,ready_his,MEDADM,DEPT_OPERATION_DAY,,住院管理,excluded,38342,12,excluded,ST_DATE+DEPT_CODE+OUTP_OR_INP,,统计日/月汇总表，第一版排除,false,,
his_source,MEDADM,HIS MEDADM,ready_his,MEDADM,DEPT_OUTP_NUM_DAY,,住院管理,excluded,107758,11,excluded,,,统计日/月汇总表，第一版排除,false,,
his_source,MEDADM,HIS MEDADM,ready_his,MEDADM,DEPT_TEST_DAY,,住院管理,excluded,205166,6,excluded,ST_DATE+DEPT_CODE+ITEM_CLASS+ITEM_CODE,,统计日/月汇总表，第一版排除,false,,
his_source,MEDADM,HIS MEDADM,ready_his,MEDADM,DEPT_TEST_DAY_NEW,,住院管理,candidate,403745,8,candidate,ST_DATE+PERFORMED_BY+ORDERED_BY+SPECIMEN+SUBJECT,,,false,MEDADM 非统计管理表，需二次裁剪,
his_source,MEDADM,HIS MEDADM,ready_his,MEDADM,DEPT_TREATE_DAY,,住院管理,excluded,2682672,9,excluded,ST_DATE+DEPT_CODE+ITEM_CODE+ITEM_NAME+ITEM_SPEC+UNITS,,统计日/月汇总表，第一版排除,false,,
his_source,MEDADM,HIS MEDADM,ready_his,MEDADM,DISE_CLASS_STAT_DICT,,住院管理,dimension,0,5,included,STAT_CODE,,,false,基础字典/维表,
his_source,MEDADM,HIS MEDADM,ready_his,MEDADM,DISE_QUERY_CONDITION,,住院管理,candidate,0,2,candidate,STAT_CODE,,,false,MEDADM 非统计管理表，需二次裁剪,
his_source,MEDADM,HIS MEDADM,ready_his,MEDADM,EMER120_DAY,,住院管理,excluded,0,8,excluded,ST_DATE,,统计日/月汇总表，第一版排除,false,,
his_source,MEDADM,HIS MEDADM,ready_his,MEDADM,EMERGENCY_DAY,,住院管理,excluded,4606,16,excluded,ST_DATE+DEPT_CODE+IDENTITY,,统计日/月汇总表，第一版排除,false,,
his_source,MEDADM,HIS MEDADM,ready_his,MEDADM,HOLIDAY_DICT,,住院管理,dimension,0,1,included,HOLIDAY_DATE,,,false,基础字典/维表,
his_source,MEDADM,HIS MEDADM,ready_his,MEDADM,HOLIDAY_DICT_NEW,,住院管理,dimension,0,1,included,HOLIDAY_DATE,,,false,基础字典/维表,
his_source,MEDADM,HIS MEDADM,ready_his,MEDADM,PLAN_INDEX,,住院管理,candidate,0,4,candidate,YEAR_MONTH+DEPT_CODE+PLAN_CODE,,,false,MEDADM 非统计管理表，需二次裁剪,
his_source,MEDADM,HIS MEDADM,ready_his,MEDADM,PLAN_NAME_DICT,,住院管理,dimension,0,2,included,PLAN_CODE,,,false,基础字典/维表,
his_source,MEDADM,HIS MEDADM,ready_his,MEDADM,QUALITY_INDEX_STANDARD,,住院管理,candidate,0,3,candidate,INDEX_CODE,,,false,MEDADM 非统计管理表，需二次裁剪,
his_source,MEDADM,HIS MEDADM,ready_his,MEDADM,QU_ACCOUNT_INDEP,,住院管理,candidate,0,4,candidate,YEAR_MONTH+ACCOUNT_DEPT,,,false,MEDADM 非统计管理表，需二次裁剪,
his_source,MEDADM,HIS MEDADM,ready_his,MEDADM,QU_ACCOUNT_ITEM,,住院管理,candidate,0,6,candidate,,,,false,MEDADM 非统计管理表，需二次裁剪,
his_source,MEDADM,HIS MEDADM,ready_his,MEDADM,QU_ASST_TREAT_DEPT,,住院管理,dimension,0,5,included,YEAR_MONTH+DEPT_CODE+ITEM_CODE,,,false,基础字典/维表,
his_source,MEDADM,HIS MEDADM,ready_his,MEDADM,QU_DEPT_BED_REC,,住院管理,dimension,0,4,included,YEAR_MONTH+DEPT_CODE,,,false,基础字典/维表,
his_source,MEDADM,HIS MEDADM,ready_his,MEDADM,QU_EFFCIENCY_DEPT,,住院管理,dimension,87,18,included,YEAR_MONTH+DEPT_CODE+IDENTITY,,,false,基础字典/维表,
his_source,MEDADM,HIS MEDADM,ready_his,MEDADM,QU_EMERGENCY_NUM,,住院管理,candidate,0,13,candidate,YEAR_MONTH+DEPT_CODE+IDENTITY,,,false,MEDADM 非统计管理表，需二次裁剪,
his_source,MEDADM,HIS MEDADM,ready_his,MEDADM,QU_EXAM_DEPT,,住院管理,candidate,0,6,candidate,YEAR_MONTH+DEPT_CODE+EXAM_CLASS+EXAM_SUBCLASS,,,false,MEDADM 非统计管理表，需二次裁剪,
his_source,MEDADM,HIS MEDADM,ready_his,MEDADM,QU_LOAD_DEPT,,住院管理,dimension,0,5,included,YEAR_MONTH+DEPT_CODE,,,false,基础字典/维表,
his_source,MEDADM,HIS MEDADM,ready_his,MEDADM,QU_MANAGE_QLTY_DEPT,,住院管理,dimension,0,6,included,YEAR_MONTH+DEPT_CODE,,,false,基础字典/维表,
his_source,MEDADM,HIS MEDADM,ready_his,MEDADM,QU_OPERATION_DEPT,,住院管理,candidate,0,15,candidate,YEAR_MONTH+DEPT_CODE,,,false,MEDADM 非统计管理表，需二次裁剪,
his_source,MEDADM,HIS MEDADM,ready_his,MEDADM,QU_OUTP_CLINIC_NUM,,住院管理,candidate,0,9,candidate,YEAR_MONTH+DEPT_CODE+CLINIC_TYPE+IDENTITY,,,false,MEDADM 非统计管理表，需二次裁剪,
his_source,MEDADM,HIS MEDADM,ready_his,MEDADM,QU_OUTP_SYNTHESIZE,,住院管理,candidate,0,6,candidate,YEAR_MONTH,,,false,MEDADM 非统计管理表，需二次裁剪,
his_source,MEDADM,HIS MEDADM,ready_his,MEDADM,QU_PLAN_COMPLETED,,住院管理,candidate,1,3,candidate,YEAR_MONTH+PLAN_CODE,,,false,MEDADM 非统计管理表，需二次裁剪,
his_source,MEDADM,HIS MEDADM,ready_his,MEDADM,QU_QUALITY_COMPLETED,,住院管理,candidate,0,3,candidate,YEAR_MONTH+INDEX_CODE,,,false,MEDADM 非统计管理表，需二次裁剪,
his_source,MEDADM,HIS MEDADM,ready_his,MEDADM,QU_TEST_DEPT,,住院管理,candidate,0,6,candidate,YEAR_MONTH+DEPT_CODE+ITEM_CLASS+ITEM_CODE,,,false,MEDADM 非统计管理表，需二次裁剪,
his_source,MEDADM,HIS MEDADM,ready_his,MEDADM,QU_THERAPY_QLTY_DEPT,,住院管理,dimension,0,12,included,YEAR_MONTH+DEPT_CODE+IDENTITY,,,false,基础字典/维表,
his_source,MEDADM,HIS MEDADM,ready_his,MEDADM,SINGLE_DIAG_OPER_FIRST,,住院管理,candidate,0,5,candidate,,,,false,MEDADM 非统计管理表，需二次裁剪,
his_source,MEDADM,HIS MEDADM,ready_his,MEDADM,SINGLE_DIAG_OPER_SECOND,,住院管理,candidate,0,5,candidate,,,,false,MEDADM 非统计管理表，需二次裁剪,
his_source,MEDADM,HIS MEDADM,ready_his,MEDADM,SINGLE_DIAG_OPER_THIRD,,住院管理,candidate,0,5,candidate,,,,false,MEDADM 非统计管理表，需二次裁剪,
his_source,MEDADM,HIS MEDADM,ready_his,MEDADM,SPECIAL_DISE_DICT,,住院管理,dimension,0,8,included,SERIAL_NO,,,false,基础字典/维表,
his_source,MEDADM,HIS MEDADM,ready_his,MEDADM,SPT_SHARINGCENTER_STATISTICS,,住院管理,excluded,162948,9,excluded,,,统计日/月汇总表，第一版排除,false,,
his_source,MEDADM,HIS MEDADM,ready_his,MEDADM,STAT_CONFIG,,住院管理,candidate,0,4,candidate,SERIAL_NO,,,false,MEDADM 非统计管理表，需二次裁剪,
his_source,MEDADM,HIS MEDADM,ready_his,MEDADM,STAT_DEPT_MODIFYFIX,,住院管理,dimension,147,12,included,STAT_DEPTCODE,,,false,基础字典/维表,
his_source,MEDADM,HIS MEDADM,ready_his,MEDADM,STAT_OPERCLASS_CONDITION,,住院管理,candidate,0,3,candidate,STAT_CODE,,,false,MEDADM 非统计管理表，需二次裁剪,
his_source,MEDADM,HIS MEDADM,ready_his,MEDADM,STAT_VS_FEE_CLASS,,住院管理,dimension,0,5,included,STAT_CODE+FEE_CODE,,,false,基础字典/维表,
his_source,MEDADM,HIS MEDADM,ready_his,MEDADM,STAT_WARD_MODIFYFIX,,住院管理,dimension,39,12,included,STAT_DEPTCODE,,,true,基础字典/维表,
his_source,MEDADM,HIS MEDADM,ready_his,MEDADM,ST_DEPT_TECH,,住院管理,excluded,0,5,excluded,,,ST_* 统计汇总表，用户确认第一版排除,false,,
his_source,MEDADM,HIS MEDADM,ready_his,MEDADM,ST_DEPT_TECH_DATA,,住院管理,excluded,0,7,excluded,,,ST_* 统计汇总表，用户确认第一版排除,false,,
his_source,MEDADM,HIS MEDADM,ready_his,MEDADM,ST_DEPT_TECH_PROJ,,住院管理,excluded,0,5,excluded,,,ST_* 统计汇总表，用户确认第一版排除,false,,
his_source,MEDADM,HIS MEDADM,ready_his,MEDADM,ST_DISPENSE,,住院管理,excluded,1052,6,excluded,ST_DATE+DEPT_CODE,,ST_* 统计汇总表，用户确认第一版排除,false,,
his_source,MEDADM,HIS MEDADM,ready_his,MEDADM,ST_EXAM,,住院管理,excluded,6360,6,excluded,ST_DATE+DEPT_CODE+EXAM_CLASS+EXAM_SUB_CLASS,,ST_* 统计汇总表，用户确认第一版排除,false,,
his_source,MEDADM,HIS MEDADM,ready_his,MEDADM,ST_IND_BILL_DAY,,住院管理,excluded,22407553,12,excluded,ST_DATE+ORDERED_BY+PERFORMED_BY+CHARGE_TYPE+PAT_IDENTITY+ITEM_CLASS+CLASS_ON_INP_RCPT+CLASS_ON_RECKONING+SUBJ_CODE+CLASS_ON_MR,,ST_* 统计汇总表，用户确认第一版排除,false,,
his_source,MEDADM,HIS MEDADM,ready_his,MEDADM,ST_INP_ED_DOCTOR_DAY,,住院管理,excluded,14426714,11,excluded,ST_DATE+PERFORM_DOCTOR+PERFORMED_BY+ITEM_CLASS+ITEM_NAME+ITEM_CODE+ITEM_SPEC+UNITS,,ST_* 统计汇总表，用户确认第一版排除,false,,
his_source,MEDADM,HIS MEDADM,ready_his,MEDADM,ST_INP_OD_DOCTOR_DAY,,住院管理,excluded,35737999,11,excluded,ST_DATE+ORDER_DOCTOR+ORDERED_BY+ITEM_CLASS+ITEM_NAME+ITEM_CODE+ITEM_SPEC+UNITS,,ST_* 统计汇总表，用户确认第一版排除,false,,
his_source,MEDADM,HIS MEDADM,ready_his,MEDADM,ST_INSUR_FEE_DAY,,住院管理,excluded,13443,7,excluded,ST_DATE+CHARGE_TYPE,,ST_* 统计汇总表，用户确认第一版排除,false,,
his_source,MEDADM,HIS MEDADM,ready_his,MEDADM,ST_LAB,,住院管理,excluded,1813,4,excluded,ST_DATE+DEPT_CODE+LAB_CLASS,,ST_* 统计汇总表，用户确认第一版排除,false,,
his_source,MEDADM,HIS MEDADM,ready_his,MEDADM,ST_OUTD_BILL_DAY,,住院管理,excluded,1600378,11,excluded,ST_DATE+ORDERED_BY+PERFORMED_BY+CHARGE_TYPE+PAT_IDENTITY+ITEM_CLASS+CLASS_ON_OUTP_RCPT+CLASS_ON_RECKONING+SUBJ_CODE,,ST_* 统计汇总表，用户确认第一版排除,false,,
his_source,MEDADM,HIS MEDADM,ready_his,MEDADM,ST_OUTP_ED_DOCTOR_DAY,,住院管理,excluded,2291720,11,excluded,ST_DATE+PERFORM_DOCTOR+PERFORMED_BY+ITEM_CLASS+ITEM_NAME+ITEM_CODE+ITEM_SPEC+UNITS,,ST_* 统计汇总表，用户确认第一版排除,false,,
his_source,MEDADM,HIS MEDADM,ready_his,MEDADM,ST_OUTP_OD_DOCTOR_DAY,,住院管理,excluded,6278010,11,excluded,ST_DATE+ORDER_DOCTOR+ORDERED_BY+ITEM_CLASS+ITEM_NAME+ITEM_CODE+ITEM_SPEC+UNITS,,ST_* 统计汇总表，用户确认第一版排除,false,,
his_source,MEDADM,HIS MEDADM,ready_his,MEDADM,ST_OUTSYS_DATA,,住院管理,excluded,0,5,excluded,,,ST_* 统计汇总表，用户确认第一版排除,false,,
his_source,MEDADM,HIS MEDADM,ready_his,MEDADM,ST_OUTSYS_PROJ,,住院管理,excluded,0,4,excluded,,,ST_* 统计汇总表，用户确认第一版排除,false,,
his_source,MEDADM,HIS MEDADM,ready_his,MEDADM,WAED_ADT_DAY,,住院管理,excluded,100617,25,excluded,,,统计日/月汇总表，第一版排除,true,,
his_source,MEDREC,HIS MEDREC,ready_his,MEDREC,ADDRESS_DETAILED_DICT,,患者主数据,dimension,0,5,included,DETAILED_ADDRESS_NAME,,,false,基础字典/维表,
his_source,MEDREC,HIS MEDREC,ready_his,MEDREC,ALERGY_DRUGS_DICT,,患者主数据,dimension,1,4,included,ALERGY_DRUGS_NAME,,,false,基础字典/维表,
his_source,MEDREC,HIS MEDREC,ready_his,MEDREC,ALTER_TYPE_DICT,,患者主数据,dimension,0,2,included,,,,false,基础字典/维表,
his_source,MEDREC,HIS MEDREC,ready_his,MEDREC,AUTH_LOG,,患者主数据,excluded,0,9,excluded,SERIAL_NO,,日志类表，用户确认第一版排除,false,,
his_source,MEDREC,HIS MEDREC,ready_his,MEDREC,A_JBYINGSHE,,患者主数据,candidate,2956,4,candidate,,,,false,非核心表，保留候选,
his_source,MEDREC,HIS MEDREC,ready_his,MEDREC,A_SSYINGSHE,,患者主数据,candidate,3005,4,candidate,,,,false,非核心表，保留候选,
his_source,MEDREC,HIS MEDREC,ready_his,MEDREC,A_SSYINGSHE2,,患者主数据,candidate,3012,4,candidate,,,,false,非核心表，保留候选,
his_source,MEDREC,HIS MEDREC,ready_his,MEDREC,A_ZDYINGSHE,,患者主数据,candidate,2956,4,candidate,,,,false,非核心表，保留候选,
his_source,MEDREC,HIS MEDREC,ready_his,MEDREC,BLOOD_TRANSFUSION,,患者主数据,candidate,476684,11,candidate,PATIENT_ID+VISIT_ID,,,false,非核心表，保留候选,
his_source,MEDREC,HIS MEDREC,ready_his,MEDREC,CARD_ALTER_INFO,,患者主数据,candidate,0,9,candidate,CARD_NO+ALTER_TYPE+ALTER_DATE,,,false,非核心表，保留候选,
his_source,MEDREC,HIS MEDREC,ready_his,MEDREC,CARD_STATUS_DICT,,患者主数据,dimension,0,2,included,,,,false,基础字典/维表,
his_source,MEDREC,HIS MEDREC,ready_his,MEDREC,CARD_TYPE_DICT,,患者主数据,dimension,0,6,included,CARD_TYPE_NO,,,false,基础字典/维表,
his_source,MEDREC,HIS MEDREC,ready_his,MEDREC,CARE_UNIT_DICT,,患者主数据,dimension,0,4,included,,,,false,基础字典/维表,
his_source,MEDREC,HIS MEDREC,ready_his,MEDREC,CARE_UNIT_USAGE,,患者主数据,candidate,0,5,candidate,,,,false,非核心表，保留候选,
his_source,MEDREC,HIS MEDREC,ready_his,MEDREC,CEQ$FAMILY_DICT,,患者主数据,dimension,0,22,included,,,,false,基础字典/维表,
his_source,MEDREC,HIS MEDREC,ready_his,MEDREC,CLG$FAMILY_DICT,,患者主数据,dimension,0,4,included,,,,false,基础字典/维表,
his_source,MEDREC,HIS MEDREC,ready_his,MEDREC,CVR$FAMILY_DICT,,患者主数据,dimension,0,4,included,,,,false,基础字典/维表,
his_source,MEDREC,HIS MEDREC,ready_his,MEDREC,DEPT_OUTP_HUBEI,,患者主数据,dimension,0,15,included,ST_DATE+GROUP_CODE+EXAM_CLASS_CODE,,,false,基础字典/维表,
his_source,MEDREC,HIS MEDREC,ready_his,MEDREC,DEPT_STAFF_MANAGER_DICT,,患者主数据,dimension,0,5,included,DEPT_CODE,,,false,基础字典/维表,
his_source,MEDREC,HIS MEDREC,ready_his,MEDREC,DEPT_STAT_VS_HIS_DEPT,,患者主数据,dimension,0,5,included,,,,false,基础字典/维表,
his_source,MEDREC,HIS MEDREC,ready_his,MEDREC,DEPT_TECH_HUBEI,,患者主数据,dimension,0,9,included,ST_DATE+GROUP_CODE+EXAM_CLASS_CODE,,,false,基础字典/维表,
his_source,MEDREC,HIS MEDREC,ready_his,MEDREC,DIAGNOSIS,,患者主数据,core_fact,3298728,23,included,PATIENT_ID+VISIT_ID+DIAGNOSIS_TYPE+DIAGNOSIS_NO,,,true,核心业务事实/主线表,
his_source,MEDREC,HIS MEDREC,ready_his,MEDREC,DIAGNOSIS_BACKUP2025,,患者主数据,excluded,6,21,excluded,,,临时/备份/测试表，第一版排除,false,,
his_source,MEDREC,HIS MEDREC,ready_his,MEDREC,DIAGNOSIS_BK,,患者主数据,excluded,2009348,18,excluded,,,临时/备份/测试表，第一版排除,false,,
his_source,MEDREC,HIS MEDREC,ready_his,MEDREC,DIAGNOSIS_C0525325,,患者主数据,candidate,5,22,candidate,,,,false,非核心表，保留候选,
his_source,MEDREC,HIS MEDREC,ready_his,MEDREC,DIAGNOSIS_EMR,,患者主数据,candidate,1599,11,candidate,,,,true,非核心表，保留候选,
his_source,MEDREC,HIS MEDREC,ready_his,MEDREC,DIAGNOSTIC_CATEGORY,,患者主数据,candidate,0,6,candidate,PATIENT_ID+VISIT_ID+DIAGNOSIS_TYPE+DIAGNOSIS_NO+DIAGNOSIS_CODE,,,false,非核心表，保留候选,
his_source,MEDREC,HIS MEDREC,ready_his,MEDREC,DIAG_COMPARING,,患者主数据,candidate,1366478,4,candidate,PATIENT_ID+VISIT_ID+DIAG_COMPARE_GROUP,,,false,非核心表，保留候选,
his_source,MEDREC,HIS MEDREC,ready_his,MEDREC,DISEASE_SOURCE_REC,,患者主数据,candidate,0,27,candidate,SERIAL_NO,,,false,非核心表，保留候选,
his_source,MEDREC,HIS MEDREC,ready_his,MEDREC,DISEASE_TYPE_DICT,,患者主数据,dimension,0,2,included,SERIAL_NO,,,false,基础字典/维表,
his_source,MEDREC,HIS MEDREC,ready_his,MEDREC,EVAL_ITEM_DICT,,患者主数据,dimension,0,3,included,EVAL_ITEM,,,false,基础字典/维表,
his_source,MEDREC,HIS MEDREC,ready_his,MEDREC,FAMILY_DICT,,患者主数据,dimension,0,17,included,PATIENT_ID+IDENTITY,,,false,基础字典/维表,
his_source,MEDREC,HIS MEDREC,ready_his,MEDREC,GJFXJC,,患者主数据,candidate,64442,69,candidate,,,,false,非核心表，保留候选,
his_source,MEDREC,HIS MEDREC,ready_his,MEDREC,ID_TYPE_DICT,,患者主数据,dimension,8,5,included,,,,false,基础字典/维表,
his_source,MEDREC,HIS MEDREC,ready_his,MEDREC,INNER_ICD_VS_PUB_ICD,,患者主数据,candidate,0,4,candidate,,,,false,非核心表，保留候选,
his_source,MEDREC,HIS MEDREC,ready_his,MEDREC,INPNO_MODIFY_LOG,,患者主数据,excluded,3,4,excluded,OLD_INP_NO+NEW_INP_NO+MODIFY_DATE,,日志类表，用户确认第一版排除,false,,
his_source,MEDREC,HIS MEDREC,ready_his,MEDREC,INP_DISCHARGED_ARREAR_REC,,患者主数据,candidate,0,7,candidate,SETTLED_RCPT_NO,,,false,非核心表，保留候选,
his_source,MEDREC,HIS MEDREC,ready_his,MEDREC,INP_MR_REC,,患者主数据,candidate,0,6,candidate,PATIENT_ID+MR_CREATE_DATE,,,false,非核心表，保留候选,
his_source,MEDREC,HIS MEDREC,ready_his,MEDREC,INSUR_DISCHARGE_DISP_DICT,,患者主数据,dimension,0,5,included,,,,false,基础字典/维表,
his_source,MEDREC,HIS MEDREC,ready_his,MEDREC,INSUR_MR_FEE_CLASS_DICT,,患者主数据,dimension,0,4,included,,,,false,基础字典/维表,
his_source,MEDREC,HIS MEDREC,ready_his,MEDREC,JH_OPERATION,,患者主数据,candidate,6626,27,candidate,PATIENT_ID+VISIT_ID+OPERATION_NO,,,false,非核心表，保留候选,
his_source,MEDREC,HIS MEDREC,ready_his,MEDREC,MDC_CASE_RECORD,,患者主数据,candidate,0,12,candidate,SERIAL_NO,,,false,非核心表，保留候选,
his_source,MEDREC,HIS MEDREC,ready_his,MEDREC,MDC_CLASS_DICT,,患者主数据,dimension,0,6,included,SERIAL_NO,,,false,基础字典/维表,
his_source,MEDREC,HIS MEDREC,ready_his,MEDREC,MEDCARD_ADDRESS_REC,,患者主数据,candidate,0,3,candidate,ITEM_NAME,,,false,非核心表，保留候选,
his_source,MEDREC,HIS MEDREC,ready_his,MEDREC,MEDCARD_CONFIG,,患者主数据,candidate,1,7,candidate,HOSPITAL_CODE,,,false,非核心表，保留候选,
his_source,MEDREC,HIS MEDREC,ready_his,MEDREC,MEDICALSYS_FIRST_DIAGNOSE,,患者主数据,candidate,0,32,candidate,SERIAL_NO,,,false,非核心表，保留候选,
his_source,MEDREC,HIS MEDREC,ready_his,MEDREC,MEDICAL_ADDITION_COSTS,,患者主数据,candidate,0,5,candidate,PATIENT_ID+VISIT_ID+ADD_FEE_CLASS_CODE,,,false,非核心表，保留候选,
his_source,MEDREC,HIS MEDREC,ready_his,MEDREC,MEDICAL_CARD_EHEALTH,,患者主数据,candidate,94292,10,candidate,,,,false,非核心表，保留候选,
his_source,MEDREC,HIS MEDREC,ready_his,MEDREC,MEDICAL_CARD_LOG,,患者主数据,excluded,1957919,5,excluded,CARD_NO+CHANGE_DATE,,日志类表，用户确认第一版排除,false,,
his_source,MEDREC,HIS MEDREC,ready_his,MEDREC,MEDICAL_CARD_MEMO,,患者主数据,candidate,1988498,21,candidate,CARD_NO,,,false,非核心表，保留候选,
his_source,MEDREC,HIS MEDREC,ready_his,MEDREC,MEDICAL_CARD_MEMO_BARCODE,,患者主数据,dimension,0,2,included,CARD_NO,,,false,基础字典/维表,
his_source,MEDREC,HIS MEDREC,ready_his,MEDREC,MEDICAL_CARD_NUM_RECORD,,患者主数据,candidate,360895,6,candidate,,,,false,非核心表，保留候选,
his_source,MEDREC,HIS MEDREC,ready_his,MEDREC,MEDICAL_CARD_TYPE_DICT,,患者主数据,dimension,5,9,included,TYPE_NAME,,,false,基础字典/维表,
his_source,MEDREC,HIS MEDREC,ready_his,MEDREC,MEDICAL_CARD_VS_IDNO,,患者主数据,candidate,1104607,10,candidate,ID_NO+PATIENT_ID+ID_TYPE,,,false,非核心表，保留候选,
his_source,MEDREC,HIS MEDREC,ready_his,MEDREC,MEDICAL_CARD_VS_IDNO_DEL_BK,,患者主数据,excluded,1271,10,excluded,,,临时/备份/测试表，第一版排除,false,,
his_source,MEDREC,HIS MEDREC,ready_his,MEDREC,MEDICAL_COSTS,,患者主数据,candidate,6040776,5,candidate,PATIENT_ID+VISIT_ID+FEE_TYPE,,,false,非核心表，保留候选,
his_source,MEDREC,HIS MEDREC,ready_his,MEDREC,MEDICAL_RECORD_REVIEW_TABLE,,患者主数据,candidate,285494,10,candidate,PATIENT_ID+VISIT_ID,,,false,非核心表，保留候选,
his_source,MEDREC,HIS MEDREC,ready_his,MEDREC,MED_ICU_DICT,,患者主数据,dimension,9,5,included,,,,false,基础字典/维表,
his_source,MEDREC,HIS MEDREC,ready_his,MEDREC,MODEL_ITEMS,,患者主数据,candidate,10953,10,candidate,FLAG+ITEM_PROJECT+SUB_ITEM_PROJECT+OPERATOR_NO+DEPT_CODE+ITEM_PROJECT_CONTENT,,,false,非核心表，保留候选,
his_source,MEDREC,HIS MEDREC,ready_his,MEDREC,MODEL_ITEMS_SELECT,,患者主数据,candidate,36466,7,candidate,,,,false,非核心表，保留候选,
his_source,MEDREC,HIS MEDREC,ready_his,MEDREC,MODEL_PROJECT_DICT,,患者主数据,dimension,14,5,included,SERIAL_NO,,,false,基础字典/维表,
his_source,MEDREC,HIS MEDREC,ready_his,MEDREC,MR_AREA_DICT,,患者主数据,dimension,2990,6,included,AREA_CODE,,,true,基础字典/维表,
his_source,MEDREC,HIS MEDREC,ready_his,MEDREC,MR_AREA_DICT_20201126,,患者主数据,dimension,3514,6,included,AREA_CODE,,,false,基础字典/维表,
his_source,MEDREC,HIS MEDREC,ready_his,MEDREC,MR_AREA_DICT_SY,,患者主数据,dimension,3517,6,included,,,,false,基础字典/维表,
his_source,MEDREC,HIS MEDREC,ready_his,MEDREC,MR_BASE_DICT,,患者主数据,dimension,573,5,included,SUPER_CODE+ITEM_CODE,,,true,基础字典/维表,
his_source,MEDREC,HIS MEDREC,ready_his,MEDREC,MR_BILL_COSTS,,患者主数据,candidate,6777511,5,candidate,PATIENT_ID+VISIT_ID+MR_BILL_CLASS,,,true,非核心表，保留候选,
his_source,MEDREC,HIS MEDREC,ready_his,MEDREC,MR_BILL_COSTS1,,患者主数据,candidate,901644,5,candidate,PATIENT_ID+VISIT_ID+MR_BILL_CLASS,,,false,非核心表，保留候选,
his_source,MEDREC,HIS MEDREC,ready_his,MEDREC,MR_BILL_COSTSAA,,患者主数据,candidate,112933,5,candidate,,,,false,非核心表，保留候选,
his_source,MEDREC,HIS MEDREC,ready_his,MEDREC,MR_BILL_COSTS_PATIENTINF,,患者主数据,candidate,4917,2,candidate,,,,true,非核心表，保留候选,
his_source,MEDREC,HIS MEDREC,ready_his,MEDREC,MR_CATALOGER_VS_DEPT,,患者主数据,excluded,668,2,excluded,,,日志类表，用户确认第一版排除,false,,
his_source,MEDREC,HIS MEDREC,ready_his,MEDREC,MR_COMM_VS_HIS_COMM,,患者主数据,candidate,81,5,candidate,CLASS_CODE+HIS_CODE+MR_CODE,,,true,非核心表，保留候选,
his_source,MEDREC,HIS MEDREC,ready_his,MEDREC,MR_COPY_REC,,患者主数据,excluded,0,11,excluded,MR_CLASS+MR_NO+COPY_DATE,,临时/备份/测试表，第一版排除,false,,
his_source,MEDREC,HIS MEDREC,ready_his,MEDREC,MR_DIAGNOSIS,,患者主数据,candidate,0,13,candidate,PATIENT_ID+VISIT_ID+DIAGNOSIS_TYPE+DIAGNOSIS_NO,,,false,非核心表，保留候选,
his_source,MEDREC,HIS MEDREC,ready_his,MEDREC,MR_DIAG_COMPARING,,患者主数据,candidate,0,4,candidate,PATIENT_ID+VISIT_ID+DIAG_COMPARE_GROUP,,,false,非核心表，保留候选,
his_source,MEDREC,HIS MEDREC,ready_his,MEDREC,MR_FILE_INDEX,,患者主数据,candidate,0,29,candidate,PATIENT_ID+VISIT_ID+FILE_NO,,,false,非核心表，保留候选,
his_source,MEDREC,HIS MEDREC,ready_his,MEDREC,MR_HOSPITAL_OPN_RECORD,,患者主数据,candidate,0,9,candidate,MR_DATE+MR_DEPT,,,false,非核心表，保留候选,
his_source,MEDREC,HIS MEDREC,ready_his,MEDREC,MR_INDEX,,患者主数据,candidate,530030,10,candidate,PATIENT_ID+VISIT_ID,,,false,非核心表，保留候选,
his_source,MEDREC,HIS MEDREC,ready_his,MEDREC,MR_LOCATION_DICT,,患者主数据,dimension,0,3,included,MR_CLASS+MR_LOCATION_NAME,,,false,基础字典/维表,
his_source,MEDREC,HIS MEDREC,ready_his,MEDREC,MR_ON_LINE,,患者主数据,candidate,47534,11,candidate,REQUEST_DOCTOR_ID+PATIENT_ID+VISIT_ID,,,false,非核心表，保留候选,
his_source,MEDREC,HIS MEDREC,ready_his,MEDREC,MR_OPERATION,,患者主数据,candidate,0,18,candidate,PATIENT_ID+VISIT_ID+OPERATION_NO,,,false,非核心表，保留候选,
his_source,MEDREC,HIS MEDREC,ready_his,MEDREC,MR_PAPER_DESC,,患者主数据,candidate,1,9,candidate,PAPER_SIZE+BIND_POSITION,,,false,非核心表，保留候选,
his_source,MEDREC,HIS MEDREC,ready_his,MEDREC,MR_PAT_VISIT,,患者主数据,candidate,0,157,candidate,PATIENT_ID+VISIT_ID,,,false,非核心表，保留候选,
his_source,MEDREC,HIS MEDREC,ready_his,MEDREC,MR_QUERY_CONDITION,,患者主数据,candidate,0,2,candidate,,,,false,非核心表，保留候选,
his_source,MEDREC,HIS MEDREC,ready_his,MEDREC,MR_RCD_BABY,,患者主数据,candidate,0,10,candidate,,,,false,非核心表，保留候选,
his_source,MEDREC,HIS MEDREC,ready_his,MEDREC,MR_RCD_MOM,,患者主数据,candidate,0,9,candidate,,,,false,非核心表，保留候选,
his_source,MEDREC,HIS MEDREC,ready_his,MEDREC,MR_READ_LOG,,患者主数据,excluded,0,10,excluded,PATIENT_ID+VISIT_ID+REQUISITION_DATE+REQUISITION_DEPT,,日志类表，用户确认第一版排除,false,,
his_source,MEDREC,HIS MEDREC,ready_his,MEDREC,MR_REC,,患者主数据,candidate,0,11,candidate,MR_CLASS+MR_NO,,,false,非核心表，保留候选,
his_source,MEDREC,HIS MEDREC,ready_his,MEDREC,MR_REPORT_BJ01,,患者主数据,candidate,0,21,candidate,,,,false,非核心表，保留候选,
his_source,MEDREC,HIS MEDREC,ready_his,MEDREC,MR_REPORT_BJ02,,患者主数据,candidate,0,28,candidate,,,,false,非核心表，保留候选,
his_source,MEDREC,HIS MEDREC,ready_his,MEDREC,MR_REPORT_BJ03,,患者主数据,candidate,0,41,candidate,,,,false,非核心表，保留候选,
his_source,MEDREC,HIS MEDREC,ready_his,MEDREC,MR_REPORT_BJ04,,患者主数据,candidate,0,36,candidate,,,,false,非核心表，保留候选,
his_source,MEDREC,HIS MEDREC,ready_his,MEDREC,MR_REPORT_BJ05,,患者主数据,candidate,0,28,candidate,,,,false,非核心表，保留候选,
his_source,MEDREC,HIS MEDREC,ready_his,MEDREC,MR_REPORT_BJ10,,患者主数据,candidate,0,70,candidate,,,,false,非核心表，保留候选,
his_source,MEDREC,HIS MEDREC,ready_his,MEDREC,MR_REPORT_DATA,,患者主数据,candidate,0,37,candidate,,,,false,非核心表，保留候选,
his_source,MEDREC,HIS MEDREC,ready_his,MEDREC,MR_REPORT_DEPT,,患者主数据,candidate,50,9,candidate,,,,false,非核心表，保留候选,
his_source,MEDREC,HIS MEDREC,ready_his,MEDREC,MR_REPORT_DIAG,,患者主数据,candidate,276,9,candidate,,,,false,非核心表，保留候选,
his_source,MEDREC,HIS MEDREC,ready_his,MEDREC,MR_REPORT_ITEM,,患者主数据,candidate,0,9,candidate,,,,false,非核心表，保留候选,
his_source,MEDREC,HIS MEDREC,ready_his,MEDREC,MR_REPORT_PRTST,,患者主数据,candidate,60,12,candidate,,,,false,非核心表，保留候选,
his_source,MEDREC,HIS MEDREC,ready_his,MEDREC,MR_REPORT_SORTSET,,患者主数据,candidate,0,10,candidate,,,,false,非核心表，保留候选,
his_source,MEDREC,HIS MEDREC,ready_his,MEDREC,MR_REPORT_SQL,,患者主数据,candidate,0,9,candidate,,,,false,非核心表，保留候选,
his_source,MEDREC,HIS MEDREC,ready_his,MEDREC,MR_REPORT_SYNTAX,,患者主数据,candidate,2,5,candidate,,,,false,非核心表，保留候选,
his_source,MEDREC,HIS MEDREC,ready_his,MEDREC,MR_RETURN_TERM,,患者主数据,candidate,15,2,candidate,TERM_BEGIN,,,false,非核心表，保留候选,
his_source,MEDREC,HIS MEDREC,ready_his,MEDREC,MR_SYSPARM,,患者主数据,candidate,0,4,candidate,,,,false,非核心表，保留候选,
his_source,MEDREC,HIS MEDREC,ready_his,MEDREC,MR_TEMPLET_INDEX,,患者主数据,excluded,0,9,excluded,TEMPLET_ID,,临时/备份/测试表，第一版排除,false,,
his_source,MEDREC,HIS MEDREC,ready_his,MEDREC,MR_TEMPLET_SELECTION,,患者主数据,excluded,0,2,excluded,USER_NAME+TEMPLET_ID,,临时/备份/测试表，第一版排除,false,,
his_source,MEDREC,HIS MEDREC,ready_his,MEDREC,MR_TRACE_LOG,,患者主数据,excluded,0,10,excluded,MR_CLASS+MR_NO+RELEASED_DATE_TIME,,日志类表，用户确认第一版排除,false,,
his_source,MEDREC,HIS MEDREC,ready_his,MEDREC,MR_TRANSFER,,患者主数据,candidate,609234,8,candidate,PATIENT_ID+VISIT_ID+ADMISSION_DATE_TIME,,,false,非核心表，保留候选,
his_source,MEDREC,HIS MEDREC,ready_his,MEDREC,MR_WORK_PATH,,患者主数据,candidate,1,5,candidate,MR_PATH,,,false,非核心表，保留候选,
his_source,MEDREC,HIS MEDREC,ready_his,MEDREC,MR_WT2_INTERFACE,,患者主数据,excluded,0,30,excluded,USERNAME+ZFZJLB+SFZHM,,接口中间表，第一版排除,false,,
his_source,MEDREC,HIS MEDREC,ready_his,MEDREC,MR_WT3_INTERFACE,,患者主数据,excluded,0,13,excluded,SBDH,,接口中间表，第一版排除,false,,
his_source,MEDREC,HIS MEDREC,ready_his,MEDREC,MR_WT4_1_INTERFACE,,患者主数据,excluded,0,232,excluded,BAH+ZYCS,,接口中间表，第一版排除,false,,
his_source,MEDREC,HIS MEDREC,ready_his,MEDREC,MR_WT4_2_INTERFACE,,患者主数据,excluded,0,242,excluded,BAH+ZYCS,,接口中间表，第一版排除,false,,
his_source,MEDREC,HIS MEDREC,ready_his,MEDREC,MR_WT4_INTERFACE,,患者主数据,excluded,0,39,excluded,BAH+ZYCS+RYRQ,,接口中间表，第一版排除,false,,
his_source,MEDREC,HIS MEDREC,ready_his,MEDREC,MR_WT5_INTERFACE,,患者主数据,excluded,0,146,excluded,S0103+S0102,,接口中间表，第一版排除,false,,
his_source,MEDREC,HIS MEDREC,ready_his,MEDREC,MR_WT_TWO_THREE,,患者主数据,candidate,0,18,candidate,MR_DATE,,,false,非核心表，保留候选,
his_source,MEDREC,HIS MEDREC,ready_his,MEDREC,NEWBORN_EVAL,,患者主数据,candidate,0,9,candidate,PATIENT_ID+EVAL_DATE+EVAL_ITEM,,,false,非核心表，保留候选,
his_source,MEDREC,HIS MEDREC,ready_his,MEDREC,NEWBORN_REC,,患者主数据,candidate,8520,75,candidate,PATIENT_ID,,,true,非核心表，保留候选,
his_source,MEDREC,HIS MEDREC,ready_his,MEDREC,ONLY_ID,,患者主数据,candidate,5068,4,candidate,,,,false,非核心表，保留候选,
his_source,MEDREC,HIS MEDREC,ready_his,MEDREC,OPERATION,,患者主数据,core_fact,527828,31,included,PATIENT_ID+VISIT_ID+OPERATION_NO,,,true,核心业务事实/主线表,
his_source,MEDREC,HIS MEDREC,ready_his,MEDREC,OPERATION_1,,患者主数据,candidate,161744,20,candidate,PATIENT_ID+VISIT_ID+OPERATION_NO,,,false,非核心表，保留候选,
his_source,MEDREC,HIS MEDREC,ready_his,MEDREC,OPERATION_BK,,患者主数据,excluded,444936,21,excluded,,,临时/备份/测试表，第一版排除,false,,
his_source,MEDREC,HIS MEDREC,ready_his,MEDREC,OPER_SETTLE_CARD,,患者主数据,candidate,0,18,candidate,OPERATOR+START_DATE+END_DATE,,,false,非核心表，保留候选,
his_source,MEDREC,HIS MEDREC,ready_his,MEDREC,PATIENT_CARD_INFO,,患者主数据,candidate,0,13,candidate,CARD_NO,,,false,非核心表，保留候选,
his_source,MEDREC,HIS MEDREC,ready_his,MEDREC,PAT_ICU_RECORD,,患者主数据,candidate,4539,7,candidate,,,,false,非核心表，保留候选,
his_source,MEDREC,HIS MEDREC,ready_his,MEDREC,PAT_MASTER_INDEX,,患者主数据,core_fact,1905243,113,included,PATIENT_ID,,,true,核心业务事实/主线表,
his_source,MEDREC,HIS MEDREC,ready_his,MEDREC,PAT_MASTER_INDEX_COPY1,,患者主数据,excluded,0,113,excluded,PATIENT_ID,,临时/备份/测试表，第一版排除,false,,
his_source,MEDREC,HIS MEDREC,ready_his,MEDREC,PAT_MASTER_RENAME_LOG,,患者主数据,excluded,11535,9,excluded,ENTER_DATE+PATIENT_ID,,日志类表，用户确认第一版排除,true,,
his_source,MEDREC,HIS MEDREC,ready_his,MEDREC,PAT_VISIT,,患者主数据,core_fact,574677,268,included,PATIENT_ID+VISIT_ID,,,true,核心业务事实/主线表,
his_source,MEDREC,HIS MEDREC,ready_his,MEDREC,PAT_VISIT_ATTACHED,,患者主数据,candidate,0,6,candidate,,,,false,非核心表，保留候选,
his_source,MEDREC,HIS MEDREC,ready_his,MEDREC,PAT_VISIT_BACKUP2025,,患者主数据,excluded,3,267,excluded,,,临时/备份/测试表，第一版排除,false,,
his_source,MEDREC,HIS MEDREC,ready_his,MEDREC,PAT_VISIT_BACKUP2026_0114,,患者主数据,excluded,2,269,excluded,,,临时/备份/测试表，第一版排除,false,,
his_source,MEDREC,HIS MEDREC,ready_his,MEDREC,PAT_VISIT_BIS,,患者主数据,candidate,5378,8,candidate,PATIENT_ID+VISIT_ID,,,false,非核心表，保留候选,
his_source,MEDREC,HIS MEDREC,ready_his,MEDREC,PAT_VISIT_CANCEL,,患者主数据,candidate,3922,7,candidate,,,,false,非核心表，保留候选,
his_source,MEDREC,HIS MEDREC,ready_his,MEDREC,PAT_VISIT_EXTEND,,患者主数据,candidate,28608,9,candidate,,,,false,非核心表，保留候选,
his_source,MEDREC,HIS MEDREC,ready_his,MEDREC,PAT_VISIT_INSURE,,患者主数据,candidate,1,5,candidate,PATIENT_ID+VISIT_ID,,,false,非核心表，保留候选,
his_source,MEDREC,HIS MEDREC,ready_his,MEDREC,PAT_VISIT_NEW,,患者主数据,candidate,214217,12,candidate,PATIENT_ID+VISIT_ID,,,false,非核心表，保留候选,
his_source,MEDREC,HIS MEDREC,ready_his,MEDREC,PAT_VISIT_NEW_BACKUP2026_0114,,患者主数据,excluded,2,12,excluded,,,临时/备份/测试表，第一版排除,false,,
his_source,MEDREC,HIS MEDREC,ready_his,MEDREC,PAT_VISIT_PDF,,患者主数据,candidate,0,9,candidate,PATIENT_ID+VISIT_ID,,,false,非核心表，保留候选,
his_source,MEDREC,HIS MEDREC,ready_his,MEDREC,PAT_VISIT_PDF_DETAIL,,患者主数据,candidate,5,13,candidate,PATIENT_ID+VISIT_ID+PDF_FILE+CREATE_DATE,,,false,非核心表，保留候选,
his_source,MEDREC,HIS MEDREC,ready_his,MEDREC,PAT_VISIT_TEMP,,患者主数据,excluded,5268,10,excluded,,,临时/备份/测试表，第一版排除,false,,
his_source,MEDREC,HIS MEDREC,ready_his,MEDREC,PERSON,,患者主数据,candidate,0,3,candidate,ID,,,false,非核心表，保留候选,
his_source,MEDREC,HIS MEDREC,ready_his,MEDREC,PMI_MERGED_LOG,,患者主数据,excluded,5,4,excluded,PID_MERGED+PID_RETAINED+MERGED_DATE,,日志类表，用户确认第一版排除,false,,
his_source,MEDREC,HIS MEDREC,ready_his,MEDREC,STAT_DEPT_DICT,,患者主数据,dimension,166,5,included,STAT_DEPT_CODE,,,false,基础字典/维表,
his_source,MEDREC,HIS MEDREC,ready_his,MEDREC,STAT_DEPT_VS_HIS_DEPT,,患者主数据,dimension,0,3,included,STAT_DEPT_CODE+DEPT_CODE,,,false,基础字典/维表,
his_source,MEDREC,HIS MEDREC,ready_his,MEDREC,STAT_ICU_VS_HIS_ICU,,患者主数据,candidate,0,2,candidate,STAT_DEPT_CODE+DEPT_CODE,,,false,非核心表，保留候选,
his_source,MEDREC,HIS MEDREC,ready_his,MEDREC,STAT_OCCUPATION_DICT,,患者主数据,dimension,71,5,included,,,,false,基础字典/维表,
his_source,MEDREC,HIS MEDREC,ready_his,MEDREC,STAT_SINGLE_DIAGNOSIS,,患者主数据,candidate,0,2,candidate,DIAGNOSIS_CODE,,,false,非核心表，保留候选,
his_source,MEDREC,HIS MEDREC,ready_his,MEDREC,STAT_VS_CHARGE_TYPE,,患者主数据,candidate,16,9,candidate,STAT_CODE+CHARGE_CODE,,,true,非核心表，保留候选,
his_source,MEDREC,HIS MEDREC,ready_his,MEDREC,STAT_VS_CHARGE_TYPE_NEW,,患者主数据,candidate,20,5,candidate,STAT_CODE+CHARGE_CODE,,,false,非核心表，保留候选,
his_source,MEDREC,HIS MEDREC,ready_his,MEDREC,STAT_VS_HIS_ANAESTHESIA,,患者主数据,candidate,0,2,candidate,STAT_CODE+ANAESTHESIA_CODE,,,false,非核心表，保留候选,
his_source,MEDREC,HIS MEDREC,ready_his,MEDREC,STAT_VS_HIS_DISCHARGE,,患者主数据,candidate,0,2,candidate,STAT_CODE+DISCHARGE_CODE,,,false,非核心表，保留候选,
his_source,MEDREC,HIS MEDREC,ready_his,MEDREC,STAT_VS_HIS_RELATION,,患者主数据,candidate,0,2,candidate,STAT_CODE+RELATION_CODE,,,false,非核心表，保留候选,
his_source,MEDREC,HIS MEDREC,ready_his,MEDREC,TONGREN_PAT_VISIT,,患者主数据,candidate,0,3,candidate,INP_NO+VISIT_ID,,,false,非核心表，保留候选,
his_source,MEDREC,HIS MEDREC,ready_his,MEDREC,TRANSFER,,患者主数据,candidate,612266,13,candidate,PATIENT_ID+VISIT_ID+ADMISSION_DATE_TIME,,,false,非核心表，保留候选,
his_source,MEDREC,HIS MEDREC,ready_his,MEDREC,TRANSFER_BACKUP2025,,患者主数据,excluded,7,13,excluded,,,临时/备份/测试表，第一版排除,false,,
his_source,MEDREC,HIS MEDREC,ready_his,MEDREC,TRANSFER_C0525325,,患者主数据,candidate,6,13,candidate,,,,false,非核心表，保留候选,
his_source,MEDREC,HIS MEDREC,ready_his,MEDREC,TRANSFER_VS_HLHT,,患者主数据,candidate,40172,6,candidate,PATIENT_ID+VISIT_ID+DISCHARGE_DATE_TIME,,,false,非核心表，保留候选,
his_source,MEDREC,HIS MEDREC,ready_his,MEDREC,USER_COOKIE,,患者主数据,dimension,0,4,included,ID,,,false,基础字典/维表,
his_source,MEDREC,HIS MEDREC,ready_his,MEDREC,WARDBED_TRANS,,患者主数据,dimension,19511,14,included,,,,false,基础字典/维表,
his_source,MEDREC,HIS MEDREC,ready_his,MEDREC,WARD_TRANSFER,,患者主数据,dimension,249276,16,included,PATIENT_ID+VISIT_ID+ADMISSION_DATE_TIME+WARD_STAYED+BED_NO,,,true,基础字典/维表,
his_source,MEDREC,HIS MEDREC,ready_his,MEDREC,ZLKM_VS_HIS,,患者主数据,candidate,0,3,candidate,ZLKM_CODE+HIS_CODE,,,false,非核心表，保留候选,
his_source,MEDREC,HIS MEDREC,ready_his,MEDREC,ZY_VS_HIS,,患者主数据,candidate,0,6,candidate,HIS_CODE+ZY_CODE,,,false,非核心表，保留候选,
his_source,MEDREC,HIS MEDREC,ready_his,MEDREC,结果,,患者主数据,candidate,43682,10,candidate,,,,false,非核心表，保留候选,
his_source,ORDADM,HIS ORDADM,ready_his,ORDADM,CEQ$ORDERS,,医嘱,candidate,0,58,candidate,,,,false,非核心表，保留候选,
his_source,ORDADM,HIS ORDADM,ready_his,ORDADM,CLG$ORDERS,,医嘱,candidate,0,6,candidate,,,,false,非核心表，保留候选,
his_source,ORDADM,HIS ORDADM,ready_his,ORDADM,CONSULTATION_DOCTOR_DETAIL,,医嘱,dimension,459770,16,included,CONSULTATION_ID+SUB_ID,,,true,基础字典/维表,
his_source,ORDADM,HIS ORDADM,ready_his,ORDADM,CONSULTATION_DOCTOR_MASTER,,医嘱,dimension,460510,18,included,CONSULTATION_ID,,,true,基础字典/维表,
his_source,ORDADM,HIS ORDADM,ready_his,ORDADM,CONSULTATION_DOCTOR_RECORD,,医嘱,dimension,191,10,included,ID,,,false,基础字典/维表,
his_source,ORDADM,HIS ORDADM,ready_his,ORDADM,CONSULTATION_MDT_DETAIL,,医嘱,candidate,9,14,candidate,MASTER_ID+SUB_ID,,,true,非核心表，保留候选,
his_source,ORDADM,HIS ORDADM,ready_his,ORDADM,CONSULTATION_MDT_MASTER,,医嘱,candidate,7,14,candidate,ID,,,true,非核心表，保留候选,
his_source,ORDADM,HIS ORDADM,ready_his,ORDADM,CURE_APPOINTS,,医嘱,candidate,0,14,candidate,APPOINTS_ID,,,false,非核心表，保留候选,
his_source,ORDADM,HIS ORDADM,ready_his,ORDADM,CURE_PROJECT,,医嘱,candidate,0,8,candidate,CURE_ID,,,false,非核心表，保留候选,
his_source,ORDADM,HIS ORDADM,ready_his,ORDADM,CURE_REPORT,,医嘱,candidate,0,8,candidate,CURE_ID,,,false,非核心表，保留候选,
his_source,ORDADM,HIS ORDADM,ready_his,ORDADM,CVR$ORDERS,,医嘱,candidate,0,6,candidate,,,,false,非核心表，保留候选,
his_source,ORDADM,HIS ORDADM,ready_his,ORDADM,DOCTOR_ORDERS,,医嘱,candidate,0,33,candidate,PATIENT_ID+VISIT_ID+ORDER_NO+ORDER_SUB_NO,,,false,非核心表，保留候选,
his_source,ORDADM,HIS ORDADM,ready_his,ORDADM,GROUP_ORDER_ITEMS,,医嘱,candidate,78033,22,candidate,GROUP_ORDER_ID+ITEM_NO+ITEM_SUB_NO,,,false,非核心表，保留候选,
his_source,ORDADM,HIS ORDADM,ready_his,ORDADM,GROUP_ORDER_MASTER,,医嘱,candidate,11191,10,candidate,GROUP_ORDER_ID,,,false,非核心表，保留候选,
his_source,ORDADM,HIS ORDADM,ready_his,ORDADM,GROUP_ORDER_MASTER_COPY1,,医嘱,excluded,7041,10,excluded,GROUP_ORDER_ID,,临时/备份/测试表，第一版排除,false,,
his_source,ORDADM,HIS ORDADM,ready_his,ORDADM,GROUP_ORDER_SELECTION,,医嘱,candidate,3255,2,candidate,USER_NAME+GROUP_ORDER_ID,,,false,非核心表，保留候选,
his_source,ORDADM,HIS ORDADM,ready_his,ORDADM,ORDERS,,医嘱,core_fact,41033928,88,included,,,,true,核心业务事实/主线表,
his_source,ORDADM,HIS ORDADM,ready_his,ORDADM,ORDERS_ANTI_DRUG,,医嘱,candidate,561709,37,candidate,PATIENT_ID+VISIT_ID+ORDER_NO+ORDER_SUB_NO,,,false,非核心表，保留候选,
his_source,ORDADM,HIS ORDADM,ready_his,ORDADM,ORDERS_ANTI_GERM_DICT,,医嘱,dimension,97,4,included,,,,false,基础字典/维表,
his_source,ORDADM,HIS ORDADM,ready_his,ORDADM,ORDERS_ANTI_USE_DESC_DICT,,医嘱,dimension,129,4,included,,,,false,基础字典/维表,
his_source,ORDADM,HIS ORDADM,ready_his,ORDADM,ORDERS_BACKUP2025,,医嘱,excluded,65,85,excluded,,,临时/备份/测试表，第一版排除,false,,
his_source,ORDADM,HIS ORDADM,ready_his,ORDADM,ORDERS_BK,,医嘱,excluded,0,63,excluded,,,临时/备份/测试表，第一版排除,false,,
his_source,ORDADM,HIS ORDADM,ready_his,ORDADM,ORDERS_BK_PT,,医嘱,excluded,3789,69,excluded,PATIENT_ID+VISIT_ID+ORDER_NO+ORDER_SUB_NO,,临时/备份/测试表，第一版排除,false,,
his_source,ORDADM,HIS ORDADM,ready_his,ORDADM,ORDERS_C0525325,,医嘱,candidate,16,85,candidate,,,,false,非核心表，保留候选,
his_source,ORDADM,HIS ORDADM,ready_his,ORDADM,ORDERS_CANCEL,,医嘱,candidate,7361,63,candidate,,,,false,非核心表，保留候选,
his_source,ORDADM,HIS ORDADM,ready_his,ORDADM,ORDERS_CHANGE_LOG,,医嘱,excluded,104,7,excluded,,,日志类表，用户确认第一版排除,false,,
his_source,ORDADM,HIS ORDADM,ready_his,ORDADM,ORDERS_COSTS,,医嘱,core_fact,50050341,26,included,PATIENT_ID+VISIT_ID+ORDER_NO+ITEM_NO,,,false,核心业务事实/主线表,
his_source,ORDADM,HIS ORDADM,ready_his,ORDADM,ORDERS_COSTS_BACKUP2025,,医嘱,excluded,49,26,excluded,,,临时/备份/测试表，第一版排除,false,,
his_source,ORDADM,HIS ORDADM,ready_his,ORDADM,ORDERS_COSTS_BK,,医嘱,excluded,77,18,excluded,,,临时/备份/测试表，第一版排除,false,,
his_source,ORDADM,HIS ORDADM,ready_his,ORDADM,ORDERS_COSTS_C0525325,,医嘱,candidate,0,26,candidate,,,,false,非核心表，保留候选,
his_source,ORDADM,HIS ORDADM,ready_his,ORDADM,ORDERS_COSTS_CANCEL,,医嘱,candidate,3205,21,candidate,PATIENT_ID+VISIT_ID+ORDER_NO+ITEM_NO,,,false,非核心表，保留候选,
his_source,ORDADM,HIS ORDADM,ready_his,ORDADM,ORDERS_COSTS_TEST,,医嘱,candidate,0,25,candidate,PATIENT_ID+VISIT_ID+ORDER_NO+ITEM_NO,,,true,非核心表，保留候选,
his_source,ORDADM,HIS ORDADM,ready_his,ORDADM,ORDERS_EXECUTE,,医嘱,candidate,722,31,candidate,CONVERSION_DATE_TIME+PATIENT_ID+VISIT_ID+ORDER_NO+ORDER_SUB_NO+ORDERS_PERFORM_SCHEDULE,,,false,非核心表，保留候选,
his_source,ORDADM,HIS ORDADM,ready_his,ORDADM,ORDERS_EXECUTE_DETAILS,,医嘱,execution_fact,42747067,30,included,PATIENT_ID+VISIT_ID+ORDER_NO+ORDER_SUB_NO+EXEC_DATE_TIME,,,false,医嘱执行事实，已样本验证,
his_source,ORDADM,HIS ORDADM,ready_his,ORDADM,ORDERS_EXECUTE_DETAILSC0525325,,医嘱,candidate,3,30,candidate,,,,false,非核心表，保留候选,
his_source,ORDADM,HIS ORDADM,ready_his,ORDADM,ORDERS_EXECUTE_DETAILS_TEST,,医嘱,candidate,1380064,30,candidate,,,,true,非核心表，保留候选,
his_source,ORDADM,HIS ORDADM,ready_his,ORDADM,ORDERS_LIMIT_OPER_DRUGLIST,,医嘱,candidate,17,2,candidate,INCISION+ALLOWDRUGNAME,,,false,非核心表，保留候选,
his_source,ORDADM,HIS ORDADM,ready_his,ORDADM,ORDERS_SHEET_IMAGE,,医嘱,candidate,39997399,10,candidate,PATIENT_ID+VISIT_ID+ORDER_SHEET_TYPE+PAGE_NO+LINE_NO,,,false,非核心表，保留候选,
his_source,ORDADM,HIS ORDADM,ready_his,ORDADM,ORDERS_SPECIAL_ANTI_REQUEST,,医嘱,candidate,21,2,candidate,,,,false,非核心表，保留候选,
his_source,ORDADM,HIS ORDADM,ready_his,ORDADM,ORDERS_TEST,,医嘱,candidate,0,84,candidate,PATIENT_ID+VISIT_ID+ORDER_NO+ORDER_SUB_NO,,,true,非核心表，保留候选,
his_source,ORDADM,HIS ORDADM,ready_his,ORDADM,ORDER_BILLING_LOG,,医嘱,excluded,0,17,excluded,ID,,日志类表，用户确认第一版排除,true,,
his_source,ORDADM,HIS ORDADM,ready_his,ORDADM,ORDER_BILLING_LOG_TEST,,医嘱,excluded,1790818,17,excluded,ID,,日志类表，用户确认第一版排除,true,,
his_source,ORDADM,HIS ORDADM,ready_his,ORDADM,ORDER_BILLING_TYPE_LOG,,医嘱,excluded,0,8,excluded,ID,,日志类表，用户确认第一版排除,true,,
his_source,ORDADM,HIS ORDADM,ready_his,ORDADM,ORDER_BILLING_TYPE_LOG_TEST,,医嘱,excluded,31778,8,excluded,ID,,日志类表，用户确认第一版排除,true,,
his_source,ORDADM,HIS ORDADM,ready_his,ORDADM,ORDER_ERROR_LOG,,医嘱,excluded,0,8,excluded,,,日志类表，用户确认第一版排除,false,,
his_source,ORDADM,HIS ORDADM,ready_his,ORDADM,ORDER_SPLIT_LOG,,医嘱,excluded,0,15,excluded,ID,,日志类表，用户确认第一版排除,true,,
his_source,ORDADM,HIS ORDADM,ready_his,ORDADM,ORDER_SPLIT_LOG_TEST,,医嘱,excluded,174661612,15,excluded,ID,,日志类表，用户确认第一版排除,true,,
his_source,ORDADM,HIS ORDADM,ready_his,ORDADM,PUB_IPM_BILL,,医嘱,candidate,2835,16,candidate,ID,,,false,非核心表，保留候选,
his_source,ORDADM,HIS ORDADM,ready_his,ORDADM,PUB_IPM_BILLDETAIL,,医嘱,candidate,28264,17,candidate,ID,,,false,非核心表，保留候选,
his_source,ORDADM,HIS ORDADM,ready_his,ORDADM,PUB_IPM_BILL_POWER,,医嘱,candidate,0,13,candidate,ID,,,false,非核心表，保留候选,
his_source,ORDADM,HIS ORDADM,ready_his,ORDADM,SPECIALTIES_CURE_DETAIL,,医嘱,candidate,0,11,candidate,TREAT_ID,,,false,非核心表，保留候选,
his_source,ORDADM,HIS ORDADM,ready_his,ORDADM,SPECIALTIES_CURE_MASTER,,医嘱,candidate,0,10,candidate,CURE_ID,,,false,非核心表，保留候选,
his_source,ORDADM,HIS ORDADM,ready_his,ORDADM,TJJKHLYY_XML,,医嘱,candidate,1146497,5,candidate,,,,false,非核心表，保留候选,
his_source,ORDADM,HIS ORDADM,ready_his,ORDADM,VITAL_SIGNS_REC,,医嘱,candidate,0,12,candidate,PATIENT_ID+VISIT_ID+RECORDING_DATE+TIME_POINT+CLASS_CODE+VITAL_CODE,,,false,非核心表，保留候选,
his_source,ORDADM,HIS ORDADM,ready_his,ORDADM,HP_APPOINTMENT,,医嘱,candidate,1439387,57,candidate,APPOINT_ID,,,false,非核心表，保留候选,
his_source,OUTPADM,HIS OUTPADM,ready_his,OUTPADM,APPOINTINFOVIEW,,门诊管理,candidate,0,13,candidate,,,,false,非核心表，保留候选,
his_source,OUTPADM,HIS OUTPADM,ready_his,OUTPADM,CLINIC_APPOINTS,,门诊管理,candidate,0,28,candidate,VISIT_DATE_APPTED+CLINIC_LABEL+VISIT_TIME_APPTED+SERIAL_NO,,,false,非核心表，保留候选,
his_source,OUTPADM,HIS OUTPADM,ready_his,OUTPADM,CLINIC_APPOINTS_SIGN,,门诊管理,candidate,12383,15,candidate,VISIT_DATE+VISIT_NO,,,false,非核心表，保留候选,
his_source,OUTPADM,HIS OUTPADM,ready_his,OUTPADM,CLINIC_BILL_ITEMS,,门诊管理,candidate,872700,14,candidate,PATIENT_ID+VISIT_DATE+VISIT_NO+ITEM_NO,,,false,非核心表，保留候选,
his_source,OUTPADM,HIS OUTPADM,ready_his,OUTPADM,CLINIC_FOR_REGIST,,门诊管理,candidate,7329870,9,candidate,CLINIC_DATE+CLINIC_LABEL+TIME_DESC,,,false,非核心表，保留候选,
his_source,OUTPADM,HIS OUTPADM,ready_his,OUTPADM,CLINIC_INDEX,,门诊管理,candidate,917,9,candidate,CLINIC_LABEL,,,false,非核心表，保留候选,
his_source,OUTPADM,HIS OUTPADM,ready_his,OUTPADM,CLINIC_INDEX_HSJC,,门诊管理,candidate,1,9,candidate,,,,false,非核心表，保留候选,
his_source,OUTPADM,HIS OUTPADM,ready_his,OUTPADM,CLINIC_MASTER,,门诊管理,core_fact,5642159,94,included,VISIT_DATE+VISIT_NO,,,true,核心业务事实/主线表,
his_source,OUTPADM,HIS OUTPADM,ready_his,OUTPADM,CLINIC_MASTER_BK,,门诊管理,excluded,30,69,excluded,,,临时/备份/测试表，第一版排除,false,,
his_source,OUTPADM,HIS OUTPADM,ready_his,OUTPADM,CLINIC_MASTER_DAYNUMBER_TEMP,,门诊管理,excluded,710,9,excluded,VISIT_DATE+VISIT_NO,,临时/备份/测试表，第一版排除,false,,
his_source,OUTPADM,HIS OUTPADM,ready_his,OUTPADM,CLINIC_MASTER_REFERRAL,,门诊管理,candidate,36,15,candidate,ID,,,false,非核心表，保留候选,
his_source,OUTPADM,HIS OUTPADM,ready_his,OUTPADM,CLINIC_PAYMENTS_MONEY,,门诊管理,candidate,2979693,10,candidate,VISIT_DATE+VISIT_NO+MONEY_TYPE,,,false,非核心表，保留候选,
his_source,OUTPADM,HIS OUTPADM,ready_his,OUTPADM,CLINIC_PRICE,,门诊管理,candidate,0,2,candidate,CHARGE_TYPE,,,false,非核心表，保留候选,
his_source,OUTPADM,HIS OUTPADM,ready_his,OUTPADM,CLINIC_RETURNED_ACCT,,门诊管理,candidate,88177,24,candidate,VISIT_NO+VISIT_DATE,,,true,非核心表，保留候选,
his_source,OUTPADM,HIS OUTPADM,ready_his,OUTPADM,CLINIC_RETURNED_ACCT_BK,,门诊管理,excluded,1,22,excluded,,,临时/备份/测试表，第一版排除,false,,
his_source,OUTPADM,HIS OUTPADM,ready_his,OUTPADM,CLINIC_RETURN_RECORD,,门诊管理,candidate,4,4,candidate,INVOICE_NO+RETURN_DATE,,,false,非核心表，保留候选,
his_source,OUTPADM,HIS OUTPADM,ready_his,OUTPADM,CLINIC_SCHEDULE,,门诊管理,candidate,6888,7,candidate,CLINIC_LABEL+DAY_OF_WEEK+TIME_DESC,,,false,非核心表，保留候选,
his_source,OUTPADM,HIS OUTPADM,ready_his,OUTPADM,FEVER_STATE,,门诊管理,candidate,5779,5,candidate,,,,false,非核心表，保留候选,
his_source,OUTPADM,HIS OUTPADM,ready_his,OUTPADM,MR_REQUEST_QUEUE,,门诊管理,candidate,3,7,candidate,PATIENT_ID,,,false,非核心表，保留候选,
his_source,OUTPADM,HIS OUTPADM,ready_his,OUTPADM,MR_REQUEST_QUEUE_BACKUP,,门诊管理,excluded,0,7,excluded,PATIENT_ID+REGISTRATION_DATE,,临时/备份/测试表，第一版排除,false,,
his_source,OUTPADM,HIS OUTPADM,ready_his,OUTPADM,OUTP_COUNSELED_CLIPAT,,门诊管理,candidate,0,21,candidate,VISIT_DATE+VISIT_NO,,,false,非核心表，保留候选,
his_source,OUTPADM,HIS OUTPADM,ready_his,OUTPADM,OUTP_COUNSELED_EXAMPAT,,门诊管理,candidate,0,15,candidate,EXAM_NO,,,false,非核心表，保留候选,
his_source,OUTPADM,HIS OUTPADM,ready_his,OUTPADM,OUTP_COUNSEL_DEPT,,门诊管理,dimension,0,3,included,COUNSEL_NO+DEPT_CODE,,,false,基础字典/维表,
his_source,OUTPADM,HIS OUTPADM,ready_his,OUTPADM,OUTP_COUNSEL_DOCTOR,,门诊管理,dimension,0,4,included,COUNSEL_NO+DOCTOR_NO,,,false,基础字典/维表,
his_source,OUTPADM,HIS OUTPADM,ready_his,OUTPADM,OUTP_COUNSEL_NODE_DICT,,门诊管理,dimension,0,6,included,COUNSEL_NO,,,false,基础字典/维表,
his_source,OUTPADM,HIS OUTPADM,ready_his,OUTPADM,OUTP_COUNSEL_PATIENT_SOURCE,,门诊管理,candidate,5462694,12,candidate,VISIT_DATE+VISIT_NO,,,false,非核心表，保留候选,
his_source,OUTPADM,HIS OUTPADM,ready_his,OUTPADM,OUTP_COUNSEL_PRIORITY,,门诊管理,candidate,0,2,candidate,SERIAL_NO,,,false,非核心表，保留候选,
his_source,OUTPADM,HIS OUTPADM,ready_his,OUTPADM,OUTP_COUNSEL_QUEUE,,门诊管理,candidate,0,4,candidate,COUNSEL_NO+QUEUE_NAME+CLINIC_LABEL,,,false,非核心表，保留候选,
his_source,OUTPADM,HIS OUTPADM,ready_his,OUTPADM,OUTP_COUNSEL_REQUEST_INFO,,门诊管理,candidate,0,8,candidate,SERIAL_NO,,,false,非核心表，保留候选,
his_source,OUTPADM,HIS OUTPADM,ready_his,OUTPADM,OUTP_QUEUE_DICT,,门诊管理,dimension,0,5,included,COUNSEL_NO+QUEUE_NAME,,,false,基础字典/维表,
his_source,OUTPADM,HIS OUTPADM,ready_his,OUTPADM,OUTP_QUEUE_SEQUENCE,,门诊管理,candidate,0,4,candidate,QUEUE_CODE+COUNSEL_DATE+COUNSEL_SEQUENCE,,,false,非核心表，保留候选,
his_source,OUTPADM,HIS OUTPADM,ready_his,OUTPADM,REGIST_ACCT_DETAIL,,门诊管理,candidate,76553,4,candidate,ACCT_NO+TALLY_FEE_CLASS,,,false,非核心表，保留候选,
his_source,OUTPADM,HIS OUTPADM,ready_his,OUTPADM,REGIST_ACCT_MASTER,,门诊管理,candidate,74243,10,candidate,ACCT_NO+ACCT_DATE,,,false,非核心表，保留候选,
his_source,OUTPADM,HIS OUTPADM,ready_his,OUTPADM,REGIST_ACCT_MONEY,,门诊管理,candidate,230655,6,candidate,ACCT_NO+MONEY_TYPE,,,false,非核心表，保留候选,
his_source,OUTPADM,HIS OUTPADM,ready_his,OUTPADM,REGIST_REPRINT_LOG,,门诊管理,excluded,0,11,excluded,REPRINT_OPERATOR+REPRINT_DATETIME+VISIT_DATE+VISIT_NO,,日志类表，用户确认第一版排除,false,,
his_source,OUTPADM,HIS OUTPADM,ready_his,OUTPADM,SPECIAL_REGIST_PRICE,,门诊管理,candidate,0,3,candidate,CLINIC_TYPE+CHARGE_TYPE,,,false,非核心表，保留候选,
his_source,OUTPBILL,HIS OUTPBILL,ready_his,OUTPBILL,CHARGE_REDUCE_DETAIL,,门诊费用,candidate,0,4,candidate,SERIAL_NO+ITEM_NO,,,false,非核心表，保留候选,
his_source,OUTPBILL,HIS OUTPBILL,ready_his,OUTPBILL,CHARGE_REDUCE_MASTER,,门诊费用,candidate,0,16,candidate,SERIAL_NO,,,false,非核心表，保留候选,
his_source,OUTPBILL,HIS OUTPBILL,ready_his,OUTPBILL,EINV_COMM_DATA,,门诊费用,candidate,221,7,candidate,TYPE_CODE+ITEM_NO,,,false,非核心表，保留候选,
his_source,OUTPBILL,HIS OUTPBILL,ready_his,OUTPBILL,EINV_RCPT_MASTER,,门诊费用,candidate,5554372,20,candidate,PATIENT_ID+VISIT_ID+RCPT_NO+TRANSACT_TYPE,,,false,非核心表，保留候选,
his_source,OUTPBILL,HIS OUTPBILL,ready_his,OUTPBILL,OPERATOR_CHECK_USE,,门诊费用,candidate,0,6,candidate,OPERATOR_NO+CHECK_START,,,false,非核心表，保留候选,
his_source,OUTPBILL,HIS OUTPBILL,ready_his,OUTPBILL,OUTP_ACCT_DETAIL,,门诊费用,candidate,442774,4,candidate,ACCT_NO+TALLY_FEE_CLASS,,,false,非核心表，保留候选,
his_source,OUTPBILL,HIS OUTPBILL,ready_his,OUTPBILL,OUTP_ACCT_MASTER,,门诊费用,candidate,93561,12,candidate,ACCT_NO,,,false,非核心表，保留候选,
his_source,OUTPBILL,HIS OUTPBILL,ready_his,OUTPBILL,OUTP_ACCT_MONEY,,门诊费用,candidate,327292,4,candidate,ACCT_NO+MONEY_TYPE,,,false,非核心表，保留候选,
his_source,OUTPBILL,HIS OUTPBILL,ready_his,OUTPBILL,OUTP_BILL_ITEMS,,门诊费用,core_fact,30509143,64,included,VISIT_DATE+VISIT_NO+ITEM_NO,,,true,核心业务事实/主线表,
his_source,OUTPBILL,HIS OUTPBILL,ready_his,OUTPBILL,OUTP_BILL_ITEMS_BACK,,门诊费用,candidate,0,19,candidate,VISIT_DATE+VISIT_NO+ITEM_NO,,,false,非核心表，保留候选,
his_source,OUTPBILL,HIS OUTPBILL,ready_his,OUTPBILL,OUTP_BILL_ITEMS_BK,,门诊费用,excluded,58,59,excluded,,,临时/备份/测试表，第一版排除,false,,
his_source,OUTPBILL,HIS OUTPBILL,ready_his,OUTPBILL,OUTP_BILL_ITEMS_HRP,,门诊费用,candidate,1,3,candidate,BARCODE,,,false,非核心表，保留候选,
his_source,OUTPBILL,HIS OUTPBILL,ready_his,OUTPBILL,OUTP_BILL_ITEMS_TEMP,,门诊费用,excluded,1046,20,excluded,VISIT_DATE+VISIT_NO+ITEM_NO,,临时/备份/测试表，第一版排除,false,,
his_source,OUTPBILL,HIS OUTPBILL,ready_his,OUTPBILL,OUTP_CARD_RCPT_MASTER,,门诊费用,candidate,5316243,30,candidate,RCPT_NO,,,false,非核心表，保留候选,
his_source,OUTPBILL,HIS OUTPBILL,ready_his,OUTPBILL,OUTP_ORDER_DESC,,门诊费用,candidate,13035231,13,candidate,VISIT_DATE+VISIT_NO,,,true,非核心表，保留候选,
his_source,OUTPBILL,HIS OUTPBILL,ready_his,OUTPBILL,OUTP_ORDER_DESC_BACK,,门诊费用,candidate,0,6,candidate,VISIT_DATE+VISIT_NO,,,false,非核心表，保留候选,
his_source,OUTPBILL,HIS OUTPBILL,ready_his,OUTPBILL,OUTP_ORDER_DESC_TEMP,,门诊费用,excluded,104,14,excluded,VISIT_DATE+VISIT_NO,,临时/备份/测试表，第一版排除,false,,
his_source,OUTPBILL,HIS OUTPBILL,ready_his,OUTPBILL,OUTP_PAYMENTS_MONEY,,门诊费用,candidate,11080146,9,candidate,RCPT_NO+MONEY_TYPE,,,true,非核心表，保留候选,
his_source,OUTPBILL,HIS OUTPBILL,ready_his,OUTPBILL,OUTP_PAYMENTS_MONEY_BACK,,门诊费用,candidate,0,6,candidate,RCPT_NO+MONEY_TYPE,,,false,非核心表，保留候选,
his_source,OUTPBILL,HIS OUTPBILL,ready_his,OUTPBILL,OUTP_PAYMENTS_MONEY_BK,,门诊费用,excluded,42,6,excluded,,,临时/备份/测试表，第一版排除,false,,
his_source,OUTPBILL,HIS OUTPBILL,ready_his,OUTPBILL,OUTP_PAYMENTS_MONEY_COPY1,,门诊费用,excluded,3,9,excluded,RCPT_NO+MONEY_TYPE,,临时/备份/测试表，第一版排除,false,,
his_source,OUTPBILL,HIS OUTPBILL,ready_his,OUTPBILL,OUTP_RCPT_MASTER,,门诊费用,core_fact,9802063,56,included,RCPT_NO,,,true,核心业务事实/主线表,
his_source,OUTPBILL,HIS OUTPBILL,ready_his,OUTPBILL,OUTP_RCPT_MASTER_BACK,,门诊费用,candidate,0,18,candidate,RCPT_NO,,,false,非核心表，保留候选,
his_source,OUTPBILL,HIS OUTPBILL,ready_his,OUTPBILL,OUTP_RCPT_MASTER_BK,,门诊费用,excluded,42,43,excluded,,,临时/备份/测试表，第一版排除,false,,
his_source,OUTPBILL,HIS OUTPBILL,ready_his,OUTPBILL,OUTP_RCPT_MASTER_YD,,门诊费用,candidate,95224,6,candidate,,,,false,非核心表，保留候选,
his_source,OUTPBILL,HIS OUTPBILL,ready_his,OUTPBILL,OUTP_RCPT_MASTER_YD_RE,,门诊费用,candidate,16,14,candidate,,,,false,非核心表，保留候选,
his_source,OUTPBILL,HIS OUTPBILL,ready_his,OUTPBILL,OUTP_REFUND_INVOICE,,门诊费用,candidate,0,6,candidate,REFUND_DATE+INVOICE_NO,,,false,非核心表，保留候选,
his_source,OUTPBILL,HIS OUTPBILL,ready_his,OUTPBILL,PREPAYMENT_RCPT_20210418,,门诊费用,candidate,12,38,candidate,,,,false,非核心表，保留候选,
his_source,OUTPBILL,HIS OUTPBILL,ready_his,OUTPBILL,RCPT_VS_CHECK,,门诊费用,candidate,0,9,candidate,SERIAL_NO+RCPT_NO,,,false,非核心表，保留候选,
his_source,OUTPBILL,HIS OUTPBILL,ready_his,OUTPBILL,TEMP_ACCT_DETAIL,,门诊费用,excluded,12468,10,excluded,,,临时/备份/测试表，第一版排除,false,,
his_source,OUTPBILL,HIS OUTPBILL,ready_his,OUTPBILL,ZPW_TEMP_ACCT_DETAIL,,门诊费用,excluded,0,11,excluded,,,临时/备份/测试表，第一版排除,false,,
his_source,PHARMACY,HIS PHARMACY,ready_his,PHARMACY,BINDING_PRESC_DETAIL,,药品,candidate,1932,12,candidate,PRESC_ID+ITEM_NO,,,false,药品相关扩展表，待药品闭环二次确认,
his_source,PHARMACY,HIS PHARMACY,ready_his,PHARMACY,BINDING_PRESC_MASTER,,药品,candidate,232,11,candidate,PRESC_ID,,,false,药品相关扩展表，待药品闭环二次确认,
his_source,PHARMACY,HIS PHARMACY,ready_his,PHARMACY,BINDING_PRESC_SELECTION,,药品,candidate,700,2,candidate,USER_NAME+PRESC_ID,,,false,药品相关扩展表，待药品闭环二次确认,
his_source,PHARMACY,HIS PHARMACY,ready_his,PHARMACY,BUY_DRUG_PLAN,,药品,candidate,14332,31,candidate,BUY_ID+BUY_NO,,,false,药品相关扩展表，待药品闭环二次确认,
his_source,PHARMACY,HIS PHARMACY,ready_his,PHARMACY,DATAPRESCRIPTIONDETAIL_DATA,,药品,candidate,357343,15,candidate,,,,false,药品相关扩展表，待药品闭环二次确认,
his_source,PHARMACY,HIS PHARMACY,ready_his,PHARMACY,DATAPRESCRIPTION_DATA,,药品,candidate,26191,35,candidate,,,,false,药品相关扩展表，待药品闭环二次确认,
his_source,PHARMACY,HIS PHARMACY,ready_his,PHARMACY,DOCT_DRUG_PRESC_DETAIL,,药品,candidate,3812640,33,candidate,PRESC_DATE+PRESC_NO+ITEM_NO,,,false,药品相关扩展表，待药品闭环二次确认,
his_source,PHARMACY,HIS PHARMACY,ready_his,PHARMACY,DOCT_DRUG_PRESC_MASTER,,药品,candidate,1940743,52,candidate,PRESC_DATE+PRESC_NO,,,false,药品相关扩展表，待药品闭环二次确认,
his_source,PHARMACY,HIS PHARMACY,ready_his,PHARMACY,DOSAGE_DESCRIPTION_DICT,,药品,dimension,6,2,included,,,,false,基础字典/维表,
his_source,PHARMACY,HIS PHARMACY,ready_his,PHARMACY,DRUG_APPLICATION_LIST_DETAIL,,药品,candidate,0,16,candidate,LIST_NO+ITEM_NO,,,false,药品相关扩展表，待药品闭环二次确认,
his_source,PHARMACY,HIS PHARMACY,ready_his,PHARMACY,DRUG_APPLICATION_LIST_MASTER,,药品,candidate,0,8,candidate,LIST_NO,,,false,药品相关扩展表，待药品闭环二次确认,
his_source,PHARMACY,HIS PHARMACY,ready_his,PHARMACY,DRUG_BETCH_PROVIDER_NO,,药品,candidate,1,1,candidate,BETCH_PROVIDER_NO,,,false,药品相关扩展表，待药品闭环二次确认,
his_source,PHARMACY,HIS PHARMACY,ready_his,PHARMACY,DRUG_DISPENSE_DICT,,药品,dimension,4,2,included,,,,false,基础字典/维表,
his_source,PHARMACY,HIS PHARMACY,ready_his,PHARMACY,DRUG_DISPENSE_LABLE,,药品,candidate,706,18,candidate,,,,false,非核心表，保留候选,
his_source,PHARMACY,HIS PHARMACY,ready_his,PHARMACY,DRUG_DISPENSE_LABLE_COUNT,,药品,candidate,2,9,candidate,,,,false,非核心表，保留候选,
his_source,PHARMACY,HIS PHARMACY,ready_his,PHARMACY,DRUG_DISPENSE_PRE,,药品,candidate,387141,38,candidate,OPER_BATCH_NO+OPER_ITEM_NO,,,false,药品相关扩展表，待药品闭环二次确认,
his_source,PHARMACY,HIS PHARMACY,ready_his,PHARMACY,DRUG_DISPENSE_PRE_BACKUP2025,,药品,excluded,5,37,excluded,,,临时/备份/测试表，第一版排除,false,,
his_source,PHARMACY,HIS PHARMACY,ready_his,PHARMACY,DRUG_DISPENSE_PRE_BK,,药品,excluded,468,31,excluded,,,临时/备份/测试表，第一版排除,false,,
his_source,PHARMACY,HIS PHARMACY,ready_his,PHARMACY,DRUG_DISPENSE_PRE_COPY1,,药品,excluded,65535,37,excluded,OPER_BATCH_NO+OPER_ITEM_NO,,临时/备份/测试表，第一版排除,false,,
his_source,PHARMACY,HIS PHARMACY,ready_his,PHARMACY,DRUG_DISPENSE_REC,,药品,core_fact,45392994,30,included,DISPENSING_DATE_TIME+PATIENT_ID+VISIT_ID+ORDER_NO+ORDER_SUB_NO,,,true,核心业务事实/主线表,
his_source,PHARMACY,HIS PHARMACY,ready_his,PHARMACY,DRUG_DISPENSE_REC_BK,,药品,excluded,457,30,excluded,,,临时/备份/测试表，第一版排除,false,,
his_source,PHARMACY,HIS PHARMACY,ready_his,PHARMACY,DRUG_DISPENSE_REC_DISPDATE,,药品,candidate,47120278,10,candidate,PATIENT_ID+VISIT_ID+ORDER_NO+ORDER_SUB_NO+PREFORM_DATETIME_LIST+DISPENSING_DATE_TIME,,,false,药品相关扩展表，待药品闭环二次确认,
his_source,PHARMACY,HIS PHARMACY,ready_his,PHARMACY,DRUG_DISPENSE_REC_MASTER,,药品,candidate,2624202,9,candidate,DISPENSING_DATE_TIME+DISPENSARY+WARD_CODE,,,true,药品相关扩展表，待药品闭环二次确认,
his_source,PHARMACY,HIS PHARMACY,ready_his,PHARMACY,DRUG_DISPENSE_REC_COPY1,,药品,excluded,0,30,excluded,DISPENSING_DATE_TIME+PATIENT_ID+VISIT_ID+ORDER_NO+ORDER_SUB_NO,,临时/备份/测试表，第一版排除,false,,
his_source,PHARMACY,HIS PHARMACY,ready_his,PHARMACY,DRUG_DISPENSE_REQ,,药品,candidate,29320,16,candidate,WARD+DISPENSARY+POST_DATE_TIME+OPER_BATCH_NO+ITEM_NO,,,false,药品相关扩展表，待药品闭环二次确认,
his_source,PHARMACY,HIS PHARMACY,ready_his,PHARMACY,DRUG_DISPENSE_REQ_BACKUP2025,,药品,excluded,5,16,excluded,,,临时/备份/测试表，第一版排除,false,,
his_source,PHARMACY,HIS PHARMACY,ready_his,PHARMACY,DRUG_DISPENSE_REQ_COPY1,,药品,excluded,0,15,excluded,WARD+DISPENSARY+ITEM_NO+POST_DATE_TIME,,临时/备份/测试表，第一版排除,false,,
his_source,PHARMACY,HIS PHARMACY,ready_his,PHARMACY,DRUG_DISPENS_PROPERTY,,药品,candidate,13188,7,candidate,DISPENSARY+DRUG_CODE+DRUG_SPEC,,,false,药品相关扩展表，待药品闭环二次确认,
his_source,PHARMACY,HIS PHARMACY,ready_his,PHARMACY,DRUG_EXPORT_DETAIL,,药品,candidate,714949,22,candidate,DOCUMENT_NO+ITEM_NO,,,false,药品相关扩展表，待药品闭环二次确认,
his_source,PHARMACY,HIS PHARMACY,ready_his,PHARMACY,DRUG_EXPORT_DETAIL_LOG_NEW,,药品,excluded,86262,23,excluded,,,日志类表，用户确认第一版排除,false,,
his_source,PHARMACY,HIS PHARMACY,ready_his,PHARMACY,DRUG_EXPORT_MASTER,,药品,candidate,158652,18,candidate,DOCUMENT_NO,,,false,药品相关扩展表，待药品闭环二次确认,
his_source,PHARMACY,HIS PHARMACY,ready_his,PHARMACY,DRUG_EXPORT_MASTER_LOG_NEW,,药品,excluded,20191,19,excluded,,,日志类表，用户确认第一版排除,false,,
his_source,PHARMACY,HIS PHARMACY,ready_his,PHARMACY,DRUG_IMPORT_DETAIL,,药品,candidate,849427,34,candidate,DOCUMENT_NO+ITEM_NO,,,false,药品相关扩展表，待药品闭环二次确认,
his_source,PHARMACY,HIS PHARMACY,ready_his,PHARMACY,DRUG_IMPORT_DETAIL_DEL20170523,,药品,candidate,12,32,candidate,,,,false,药品相关扩展表，待药品闭环二次确认,
his_source,PHARMACY,HIS PHARMACY,ready_his,PHARMACY,DRUG_IMPORT_DETAIL_LOG_NEW,,药品,excluded,107874,34,excluded,,,日志类表，用户确认第一版排除,false,,
his_source,PHARMACY,HIS PHARMACY,ready_his,PHARMACY,DRUG_IMPORT_EXPORT_TRACE_CODE,,药品,candidate,1129521,21,candidate,DOCUMENT_NO+ITEM_NO+DRUG_CODE+DRUG_SPEC+ITEM_NO2,,,false,药品相关扩展表，待药品闭环二次确认,
his_source,PHARMACY,HIS PHARMACY,ready_his,PHARMACY,DRUG_IMPORT_MASTER,,药品,candidate,279037,21,candidate,DOCUMENT_NO,,,false,药品相关扩展表，待药品闭环二次确认,
his_source,PHARMACY,HIS PHARMACY,ready_his,PHARMACY,DRUG_IMPORT_MASTER_DEL20170523,,药品,candidate,3,19,candidate,,,,false,药品相关扩展表，待药品闭环二次确认,
his_source,PHARMACY,HIS PHARMACY,ready_his,PHARMACY,DRUG_IMPORT_MASTER_LOG_NEW,,药品,excluded,37912,21,excluded,,,日志类表，用户确认第一版排除,false,,
his_source,PHARMACY,HIS PHARMACY,ready_his,PHARMACY,DRUG_INVENTORY_BALANCE,,药品,candidate,0,24,candidate,STORAGE+YEAR_MONTH+DRUG_CODE+DRUG_SPEC+FIRM_ID+PACKAGE_SPEC,,,false,药品相关扩展表，待药品闭环二次确认,
his_source,PHARMACY,HIS PHARMACY,ready_his,PHARMACY,DRUG_INVENTORY_CHECK,,药品,candidate,6810666,18,candidate,,,,false,药品相关扩展表，待药品闭环二次确认,
his_source,PHARMACY,HIS PHARMACY,ready_his,PHARMACY,DRUG_INVENTORY_CHECK_BACK,,药品,candidate,7128,16,candidate,,,,false,药品相关扩展表，待药品闭环二次确认,
his_source,PHARMACY,HIS PHARMACY,ready_his,PHARMACY,DRUG_LEDGER,,药品,candidate,13384,9,candidate,STORAGE+ACCT_DATE+VOUCHER_NO+SUB_STORAGE,,,false,药品相关扩展表，待药品闭环二次确认,
his_source,PHARMACY,HIS PHARMACY,ready_his,PHARMACY,DRUG_PACKAGES,,药品,candidate,0,9,candidate,DISPENSARY+DRUG_CODE+PACKAGE_SPEC+FIRM_ID,,,false,药品相关扩展表，待药品闭环二次确认,
his_source,PHARMACY,HIS PHARMACY,ready_his,PHARMACY,DRUG_PRESC_DETAIL,,药品,core_fact,16531160,35,included,PRESC_DATE+PRESC_NO+ITEM_NO,,,true,核心业务事实/主线表,
his_source,PHARMACY,HIS PHARMACY,ready_his,PHARMACY,DRUG_PRESC_DETAIL_BACKUP2025,,药品,excluded,0,35,excluded,,,临时/备份/测试表，第一版排除,false,,
his_source,PHARMACY,HIS PHARMACY,ready_his,PHARMACY,DRUG_PRESC_DETAIL_TEMP,,药品,excluded,67638,33,excluded,PRESC_DATE+PRESC_NO+ITEM_NO,,临时/备份/测试表，第一版排除,false,,
his_source,PHARMACY,HIS PHARMACY,ready_his,PHARMACY,DRUG_PRESC_DETAIL_TEMP_REFUND,,药品,excluded,3284,33,excluded,PRESC_DATE+PRESC_NO+ITEM_NO,,临时/备份/测试表，第一版排除,false,,
his_source,PHARMACY,HIS PHARMACY,ready_his,PHARMACY,DRUG_PRESC_MASTER,,药品,core_fact,6686034,60,included,PRESC_DATE+PRESC_NO,,,true,核心业务事实/主线表,
his_source,PHARMACY,HIS PHARMACY,ready_his,PHARMACY,DRUG_PRESC_MASTER_BACKUP2025,,药品,excluded,72,60,excluded,,,临时/备份/测试表，第一版排除,false,,
his_source,PHARMACY,HIS PHARMACY,ready_his,PHARMACY,DRUG_PRESC_MASTER_TEMP,,药品,excluded,12374,61,excluded,PRESC_DATE+PRESC_NO,,临时/备份/测试表，第一版排除,false,,
his_source,PHARMACY,HIS PHARMACY,ready_his,PHARMACY,DRUG_PRESC_MASTER_TEMP_REFUND,,药品,excluded,1230,58,excluded,PRESC_DATE+PRESC_NO,,临时/备份/测试表，第一版排除,false,,
his_source,PHARMACY,HIS PHARMACY,ready_his,PHARMACY,DRUG_PRESC_QUEUE,,药品,candidate,0,13,candidate,ID,,,false,药品相关扩展表，待药品闭环二次确认,
his_source,PHARMACY,HIS PHARMACY,ready_his,PHARMACY,DRUG_PRESC_QUEUE_LABEL,,药品,candidate,1,6,candidate,PRESC_DATE+PRESC_NO+STORAGE,,,false,非核心表，保留候选,
his_source,PHARMACY,HIS PHARMACY,ready_his,PHARMACY,DRUG_PRESC_TRACE_CODE,,药品,candidate,338480,20,candidate,PRESC_DATE+PRESC_NO+ITEM_NO+TRACE_CODE+ITEM_NO2,,,false,药品相关扩展表，待药品闭环二次确认,
his_source,PHARMACY,HIS PHARMACY,ready_his,PHARMACY,DRUG_PRICE_MODIFY,,药品,candidate,10660,14,candidate,DRUG_CODE+DRUG_SPEC+FIRM_ID+NOTICE_EFFICIENT_DATE,,,false,非核心表，保留候选,
his_source,PHARMACY,HIS PHARMACY,ready_his,PHARMACY,DRUG_PRICE_MODIFY_PROFIT,,药品,candidate,17099,20,candidate,STORAGE+DRUG_CODE+DRUG_SPEC+FIRM_ID+ACTUAL_EFFICIENT_DATE+PROFIT_ITEM_NO,,,false,非核心表，保留候选,
his_source,PHARMACY,HIS PHARMACY,ready_his,PHARMACY,DRUG_PRICE_PROFIT,,药品,candidate,0,10,candidate,STORAGE+DRUG_CODE+DRUG_SPEC+PACKAGE_SPEC,,,false,非核心表，保留候选,
his_source,PHARMACY,HIS PHARMACY,ready_his,PHARMACY,DRUG_PROVIDE_APPLICATION,,药品,candidate,1231,15,candidate,APPLICANT_STORAGE+ITEM_NO,,,false,药品相关扩展表，待药品闭环二次确认,
his_source,PHARMACY,HIS PHARMACY,ready_his,PHARMACY,DRUG_PROVIDE_NOTICE,,药品,candidate,186,5,candidate,PROVIDE_STORAGE+DOCUMENT_NO,,,false,药品相关扩展表，待药品闭环二次确认,
his_source,PHARMACY,HIS PHARMACY,ready_his,PHARMACY,DRUG_PROVIDE_NOTICE_NEW,,药品,candidate,3028,6,candidate,,,,false,药品相关扩展表，待药品闭环二次确认,
his_source,PHARMACY,HIS PHARMACY,ready_his,PHARMACY,DRUG_PURCHASE,,药品,candidate,0,14,candidate,STORAGE+PLAN_DATE+DRUG_CODE+DRUG_SPEC+FIRM_ID+PACKAGE_SPEC,,,false,药品相关扩展表，待药品闭环二次确认,
his_source,PHARMACY,HIS PHARMACY,ready_his,PHARMACY,DRUG_STOCK,,药品,candidate,122601,23,candidate,DRUG_CODE+DRUG_SPEC+FIRM_ID+PACKAGE_SPEC+BATCH_NO+STORAGE,,,false,药品相关扩展表，待药品闭环二次确认,
his_source,PHARMACY,HIS PHARMACY,ready_his,PHARMACY,DRUG_STOCK_0930,,药品,candidate,99196,23,candidate,,,,false,药品相关扩展表，待药品闭环二次确认,
his_source,PHARMACY,HIS PHARMACY,ready_his,PHARMACY,DRUG_STOCK_BALANCE,,药品,candidate,262740,34,candidate,YEAR_MONTH+STORAGE+DRUG_CODE+DRUG_SPEC+FIRM_ID+PACKAGE_SPEC,,,false,药品相关扩展表，待药品闭环二次确认,
his_source,PHARMACY,HIS PHARMACY,ready_his,PHARMACY,DRUG_STOCK_BALANCE_COMPARE,,药品,candidate,0,34,candidate,YEAR_MONTH+STORAGE+DRUG_CODE+DRUG_SPEC+FIRM_ID+PACKAGE_SPEC,,,false,药品相关扩展表，待药品闭环二次确认,
his_source,PHARMACY,HIS PHARMACY,ready_his,PHARMACY,DRUG_STOCK_BEGINNING,,药品,candidate,0,24,candidate,DRUG_CODE+DRUG_SPEC+FIRM_ID+PACKAGE_SPEC+BATCH_NO+STORAGE+PURCHASE_PRICE+ENTER_DATE,,,false,药品相关扩展表，待药品闭环二次确认,
his_source,PHARMACY,HIS PHARMACY,ready_his,PHARMACY,DRUG_STOCK_DETAIL,,药品,candidate,0,4,candidate,DRUG_STOCK_ID,,,false,药品相关扩展表，待药品闭环二次确认,
his_source,PHARMACY,HIS PHARMACY,ready_his,PHARMACY,DRUG_STOCK_LOCATION,,药品,candidate,5812,28,candidate,STORAGE+DRUG_CODE+DRUG_SPEC+BATCH_NO+FIRM_ID+PACKAGE_SPEC+CHECK_LOCATION+ACCOUNT_PER_OTHERPACK,,,false,药品相关扩展表，待药品闭环二次确认,
his_source,PHARMACY,HIS PHARMACY,ready_his,PHARMACY,DRUG_STOCK_LOG,,药品,excluded,6444719,25,excluded,,,日志类表，用户确认第一版排除,false,,
his_source,PHARMACY,HIS PHARMACY,ready_his,PHARMACY,DRUG_STOCK_LOG_CHS,,药品,excluded,69288363,25,excluded,,,日志类表，用户确认第一版排除,false,,
his_source,PHARMACY,HIS PHARMACY,ready_his,PHARMACY,DRUG_STOCK_LOG_NEW,,药品,excluded,5685585,25,excluded,,,日志类表，用户确认第一版排除,false,,
his_source,PHARMACY,HIS PHARMACY,ready_his,PHARMACY,DRUG_STOCK_SUPPLYINDICATORLOG,,药品,excluded,195623,13,excluded,,,日志类表，用户确认第一版排除,false,,
his_source,PHARMACY,HIS PHARMACY,ready_his,PHARMACY,DRUG_STOP_LOG,,药品,excluded,18,5,excluded,DRUG_CODE+CHANGE_DATE,,日志类表，用户确认第一版排除,false,,
his_source,PHARMACY,HIS PHARMACY,ready_his,PHARMACY,DRUG_STORAGE_DEPT,,药品,candidate,20,10,candidate,STORAGE_CODE,,,false,药品相关扩展表，待药品闭环二次确认,
his_source,PHARMACY,HIS PHARMACY,ready_his,PHARMACY,DRUG_STORAGE_PROFILE,,药品,candidate,24570,13,candidate,,,,false,药品相关扩展表，待药品闭环二次确认,
his_source,PHARMACY,HIS PHARMACY,ready_his,PHARMACY,DRUG_SUB_STORAGE_DICT,,药品,dimension,20,6,included,STORAGE_CODE+SUB_STORAGE,,,false,基础字典/维表,
his_source,PHARMACY,HIS PHARMACY,ready_his,PHARMACY,DRUG_TEMP_DETAIL,,药品,excluded,0,15,excluded,PRESC_DATE+PRESC_NO+ITEM_NO,,临时/备份/测试表，第一版排除,false,,
his_source,PHARMACY,HIS PHARMACY,ready_his,PHARMACY,DRUG_TEMP_MASTER,,药品,excluded,0,42,excluded,PRESC_DATE+PRESC_NO,,临时/备份/测试表，第一版排除,false,,
his_source,PHARMACY,HIS PHARMACY,ready_his,PHARMACY,DRUG_YPID,,药品,candidate,1842,2,candidate,DRUG_CODE,,,false,药品相关扩展表，待药品闭环二次确认,
his_source,PHARMACY,HIS PHARMACY,ready_his,PHARMACY,INP_BILL_DETAIL_BK,,药品,excluded,251,48,excluded,,,临时/备份/测试表，第一版排除,false,,
his_source,PHARMACY,HIS PHARMACY,ready_his,PHARMACY,MANAGED_DRUG_CATALOG,,药品,excluded,0,5,excluded,STORAGE+MANAGED_CLASS+DRUG_CODE+DRUG_SPEC+FIRM_ID,,日志类表，用户确认第一版排除,false,,
his_source,PHARMACY,HIS PHARMACY,ready_his,PHARMACY,MANAGED_DRUG_CLASS_DICT,,药品,dimension,0,2,included,MANAGED_CLASS,,,false,基础字典/维表,
his_source,PHARMACY,HIS PHARMACY,ready_his,PHARMACY,NEW_DRUG_MESSAGE,,药品,candidate,1,7,candidate,DRUG_CODE,,,false,药品相关扩展表，待药品闭环二次确认,
his_source,PHARMACY,HIS PHARMACY,ready_his,PHARMACY,PACKAGE_MATERIAL_DICT,,药品,dimension,0,6,included,MATERIAL_CODE+MATERIAL_SPEC,,,false,基础字典/维表,
his_source,PHARMACY,HIS PHARMACY,ready_his,PHARMACY,PREPARATION_ADMIN_DICT,,药品,dimension,0,4,included,ADMINISTRATION_CODE,,,false,基础字典/维表,
his_source,PHARMACY,HIS PHARMACY,ready_his,PHARMACY,PREPARATION_COST,,药品,candidate,0,9,candidate,PREPARATION_CODE+PREPARATION_SPEC+ITEM_NO,,,false,非核心表，保留候选,
his_source,PHARMACY,HIS PHARMACY,ready_his,PHARMACY,PREPARATION_COST_CLASS_DICT,,药品,dimension,0,4,included,COST_CLASS_CODE,,,false,基础字典/维表,
his_source,PHARMACY,HIS PHARMACY,ready_his,PHARMACY,PREPARATION_COST_ITEM_DICT,,药品,dimension,0,4,included,COST_ITEM_NAME,,,false,基础字典/维表,
his_source,PHARMACY,HIS PHARMACY,ready_his,PHARMACY,PREPARATION_DEPT_DESC,,药品,candidate,0,6,candidate,DEPT_CODE,,,false,药品相关扩展表，待药品闭环二次确认,
his_source,PHARMACY,HIS PHARMACY,ready_his,PHARMACY,PREPARATION_DICT,,药品,dimension,0,15,included,PREPARATION_CODE,,,false,基础字典/维表,
his_source,PHARMACY,HIS PHARMACY,ready_his,PHARMACY,PREPARATION_MASTER,,药品,candidate,0,11,candidate,PREPARATION_CODE+PREPARATION_SPEC+BATCH_NO,,,false,药品相关扩展表，待药品闭环二次确认,
his_source,PHARMACY,HIS PHARMACY,ready_his,PHARMACY,PREPARATION_OPERATING_RULE,,药品,candidate,0,10,candidate,PREPARATION_CODE+PREPARATION_SPEC,,,false,药品相关扩展表，待药品闭环二次确认,
his_source,PHARMACY,HIS PHARMACY,ready_his,PHARMACY,PREPARATION_PRESC,,药品,candidate,0,7,candidate,PREPARATION_CODE+PREPARATION_SPEC+RAW_MATERIAL_CODE,,,false,药品相关扩展表，待药品闭环二次确认,
his_source,PHARMACY,HIS PHARMACY,ready_his,PHARMACY,PREPARATION_PRICE_LIST,,药品,candidate,0,7,candidate,PREPARATION_CODE+PREPARATION_SPEC+START_DATE,,,false,非核心表，保留候选,
his_source,PHARMACY,HIS PHARMACY,ready_his,PHARMACY,PREPARATION_PROBLEM,,药品,candidate,0,9,candidate,PREPARATION_CODE+PREPARATION_SPEC+BATCH_NO+PROBLEM_NO,,,false,药品相关扩展表，待药品闭环二次确认,
his_source,PHARMACY,HIS PHARMACY,ready_his,PHARMACY,PREPARATION_RAW_MATERIAL,,药品,candidate,0,8,candidate,PREPARATION_CODE+PREPARATION_SPEC+BATCH_NO+RAW_MATERIAL_CODE,,,false,药品相关扩展表，待药品闭环二次确认,
his_source,PHARMACY,HIS PHARMACY,ready_his,PHARMACY,PREPARATION_TEST,,药品,candidate,0,7,candidate,PREPARATION_CODE+PREPARATION_SPEC+BATCH_NO+GROUP_NO,,,false,非核心表，保留候选,
his_source,PHARMACY,HIS PHARMACY,ready_his,PHARMACY,PRESC_CLASS_DICT,,药品,dimension,0,4,included,CLASS_CODE,,,false,基础字典/维表,
his_source,PHARMACY,HIS PHARMACY,ready_his,PHARMACY,PRESC_STANDARD_DICT,,药品,dimension,0,4,included,STANDARD_CODE,,,false,基础字典/维表,
his_source,PHARMACY,HIS PHARMACY,ready_his,PHARMACY,RAW_MATERIAL_DICT,,药品,dimension,0,6,included,MATERIAL_CODE+MATERIAL_SPEC,,,false,基础字典/维表,
his_source,PHARMACY,HIS PHARMACY,ready_his,PHARMACY,VOUCHER_NO_CREATE_DICT,,药品,dimension,4,6,included,STORAGE+SUB_STORAGE,,,false,基础字典/维表,
