id,domain,from_table,from_columns,to_table,to_columns,join_condition,cardinality,confidence,validation_level,validation_status,validation_metrics,note,validation_note
1,就诊,HIS.PAT_VISIT,PATIENT_ID,HIS.PAT_MASTER_INDEX,PATIENT_ID,PAT_VISIT.PATIENT_ID=PAT_MASTER_INDEX.PATIENT_ID,many-to-one,A,A+,verified,total=575487; orphan=3; orphan_rate=0.0005%,患者基本信息,数据库全量验证：患者主索引关系成立
2,诊断,HIS.PAT_VISIT,PATIENT_ID|VISIT_ID,HIS.DIAGNOSIS,PATIENT_ID|VISIT_ID,PAT_VISIT.PATIENT_ID=DIAGNOSIS.PATIENT_ID AND PAT_VISIT.VISIT_ID=DIAGNOSIS.VISIT_ID,one-to-many,A,A+,verified,total=3330051; orphan=210; orphan_rate=0.0063%,,数据库全量验证：诊断挂住院关系成立
3,就诊,HIS.PAT_VISIT,DEPT_ADMISSION_TO,HIS.DEPT_DICT,DEPT_CODE,PAT_VISIT.DEPT_ADMISSION_TO=DEPT_DICT.DEPT_CODE,many-to-one,A,A+,verified,total=575487; orphan=1,入院科室,数据库全量验证：入院科室关系成立
4,就诊,HIS.PAT_VISIT,DEPT_DISCHARGE_FROM,HIS.DEPT_DICT,DEPT_CODE,PAT_VISIT.DEPT_DISCHARGE_FROM=DEPT_DICT.DEPT_CODE,many-to-one,A,A+,verified,total=575487; orphan=0,出院科室,数据库全量验证：出院科室关系成立
5,就诊,HIS.PAT_VISIT,DOCTOR_IN_CHARGE,HIS.STAFF_DICT,EMP_NO,PAT_VISIT.DOCTOR_IN_CHARGE=STAFF_DICT.EMP_NO,many-to-one,A,A,verified,total=575487; orphan=3193; orphan_rate=0.55%,主管医师,主管医师可关联 STAFF_DICT，存在少量历史/离职/编码孤儿
6,就诊,HIS.PAT_VISIT,PATIENT_ID|VISIT_ID,HIS.PATS_IN_HOSPITAL,PATIENT_ID|VISIT_ID,PATIENT_ID+VISIT_ID,one-to-one,A,A+,verified,total=1216; orphan=3,病区床号兜底,床位兜底关系成立
7,住院费用,HIS.PAT_VISIT,PATIENT_ID|VISIT_ID,HIS.INP_SETTLE_MASTER,PATIENT_ID|VISIT_ID,PATIENT_ID+VISIT_ID,one-to-many,A,A+,verified,total=622182; orphan=52; orphan_rate=0.0084%,,住院结算关系成立
8,住院费用,HIS.INP_SETTLE_MASTER,PATIENT_ID|VISIT_ID,HIS.INP_BILL_DETAIL,PATIENT_ID|VISIT_ID,PATIENT_ID+VISIT_ID,one-to-many,A,B,verified,detail_rows=768942; matched_visit_keys=1996/2000,,INP_BILL_DETAIL 巨表；用 2000 个住院键限定验证，键关系可用，禁止全表扫描 2026-08-14 用户确认按就诊键升正式（费用明细更细键仍可用 RCPT_NO）。
9,医嘱,HIS.PAT_VISIT,PATIENT_ID|VISIT_ID,HIS.ORDERS,PATIENT_ID|VISIT_ID,PATIENT_ID+VISIT_ID,one-to-many,B,B,verified,order_rows=130734; matched_visit_keys=1999/2000,,ORDERS 巨表；用 2000 个住院键限定验证，键关系可用 2026-08-14 按 10 号限定验证与源端 formal 453 升正式。
10,门诊费用,HIS.CLINIC_MASTER,RCPT_NO,HIS.OUTP_RCPT_MASTER,RCPT_NO,CLINIC_MASTER->OUTP_RCPT_MASTER,one-to-many,B,rejected,rejected,,门诊主线,HIS.CLINIC_MASTER 无 RCPT_NO 字段（ALL_TAB_COLUMNS=0）。门诊收据应改走 CLINIC_NO 或 OUTP_ORDER_DESC。
11,门诊费用,HIS.OUTP_RCPT_MASTER,RCPT_NO,HIS.OUTP_BILL_ITEMS,RCPT_NO,OUTP_RCPT_MASTER.RCPT_NO=OUTP_BILL_ITEMS.RCPT_NO,one-to-many,A,B,sample_verified,ods_sample=50000; orphan=0,,2026-08-14 ODS 5万样本0孤儿；视图 V_EMR_OUT_FEE_INFO_* 同键；源端 formal 473 已验证。
12,手术,HIS.PAT_VISIT,PATIENT_ID|VISIT_ID,SM.MED_OPERATION_MASTER,PATIENT_ID|VISIT_ID,PATIENT_ID+VISIT_ID,one-to-many,A,A,verified,total=138551; orphan=406; orphan_rate=0.29%,手麻主表,手麻主记录可挂住院，少量历史孤儿
13,手术,SM.MED_OPERATION_MASTER,PATIENT_ID|VISIT_ID|OPER_ID,SM.MED_OPERATION_NAME,PATIENT_ID|VISIT_ID|OPER_ID,PATIENT_ID+VISIT_ID+OPER_ID,one-to-many,A,A,verified,total=144894; orphan=96; orphan_rate=0.066%,一台手术多条操作,手术主从关系成立
14,检查,HIS.PAT_VISIT,PATIENT_ID|VISIT_ID,HIS.EXAM_MASTER,PATIENT_ID|VISIT_ID,PATIENT_ID+VISIT_ID,one-to-many,A,C,needs_split,total=3415127; orphan=1402517; orphan_rate=41.1%, 20260814已拆分,已拆分：住院子集 rel_id=553；门诊/体检子集按 RCPT_NO 见 rel_id=554。本条不再当全量住院检查使用。
15,检查,HIS.EXAM_MASTER,EXAM_NO,HIS.EXAM_REPORT,EXAM_NO,EXAM_MASTER.EXAM_NO=EXAM_REPORT.EXAM_NO,one-to-one,A,A+,verified,total=1336893; orphan=55; EXAM_REPORT.PATIENT_ID column=0,报告无PATIENT_ID,检查报告必须经 EXAM_NO 关联 EXAM_MASTER
16,检验,HIS.PAT_VISIT,PATIENT_ID,HIS.LAB_TEST_MASTER,PATIENT_ID|TEST_NO,PAT_VISIT.PATIENT_ID=LAB_TEST_MASTER.PATIENT_ID AND (VISIT_ID 相同 OR 0/NULL 按门诊),one-to-many,A,C,needs_split,total=9142446; visit_null_or_zero=3339952; exact_visit_match=5800092; nonzero_visit_unmatched=2402,住院+同患者门诊检验 20260814已拆分,已拆分：住院子集 rel_id=555；门诊/其他按 VISIT_ID=0/NULL + RCPT_NO 见 rel_id=556。
17,检验,HIS.LAB_TEST_MASTER,TEST_NO,HIS.LAB_TEST_ITEMS,TEST_NO,TEST_NO,one-to-many,A,A,verified,total=9610054; orphan=1710; orphan_rate=0.018%,,LAB_TEST_ITEMS 按 TEST_NO 挂 LAB_TEST_MASTER 成立
18,检验,HIS.LAB_TEST_ITEMS,TEST_NO|ITEM_NO,HIS.LAB_RESULT,TEST_NO|ITEM_NO,TEST_NO+ITEM_NO,one-to-many,A,B,verified,result_rows=22721; matched_test_no=1367/2000,,LAB_RESULT 巨表；用 2000 个 TEST_NO 限定验证，TEST_NO 关系可用，禁止全表扫描 2026-08-14 用户确认保留 TEST_NO+ITEM_NO 复合键并升正式。
19,检验,HIS.LAB_TEST_MASTER,TEST_NO,HIS.LAB_RESULT,TEST_NO,TEST_NO,one-to-many,A,B,verified,result_rows=22721; matched_test_no=1367/2000,,LAB_RESULT 巨表；用 2000 个 TEST_NO 限定验证，TEST_NO 关系可用，禁止全表扫描 2026-08-14 按 10 号限定验证与源端 formal 460 升正式。
20,诊断,HIS.DIAGNOSIS,DIAGNOSIS_CODE,CDA.CDA_DICTIONARY,院标编码,CDA_DICTIONARY.字典名称='ICD-10诊断编码' AND 系统标识='HIS' AND 院标编码=DIAGNOSIS.DIAGNOSIS_CODE,many-to-one,B,B,sample_verified,sample_rows=50000; mapped_rows=47091; map_rate=94.18%,ICD-10 标准化;关联前按院标编码聚合防爆行,ICD-10 映射可用，但需保留未命中回退 HIS 原始编码/名称 2026-08-14 升正式；未映射须回退 HIS 原始编码。
21,诊断,HIS.DIAGNOSIS,DIAGNOSIS_TYPE,HIS.DIAGNOSIS_TYPE_DICT,DIAGNOSIS_TYPE_CODE,DIAGNOSIS.DIAGNOSIS_TYPE=DIAGNOSIS_TYPE_DICT.DIAGNOSIS_TYPE_CODE,many-to-one,A,A,sample_verified,ods_sample=50000; orphan=0,,2026-08-14 ODS 5万样本0孤儿，诊断类别字典关系成立。
22,电子病历(旧),HIS.PAT_MASTER_INDEX,INP_NO,MTL.EPR_INPATIENT_DOCINDEX,P_INPATIENT_NO|P_INPATIENT_TIMES,PAT_MASTER_INDEX.INP_NO=EPR_INPATIENT_DOCINDEX.P_INPATIENT_NO AND PAT_VISIT.VISIT_ID=P_INPATIENT_TIMES,one-to-many,A,A,verified,total=239863; orphan=817; orphan_rate=0.34%,,旧 EMR 文书索引可通过住院号挂患者
23,电子病历(旧),MTL.EPR_INPATIENT_DOCINDEX,UHID,MTL.EPR_INPATIENT,UHID,UHID,one-to-many,A,A+,verified,sample_rows=50000; orphan=0,,旧 EMR 文书主表按 UHID 可挂 DOCINDEX 2026-08-14 按 10 号样本证据升正式。
24,电子病历(旧),MTL.EPR_INPATIENT,UHID|ID,MTL.EMRSD_CONTENT,UHID|段落编号,UHID AND EPR_INPATIENT.ID=EMRSD_CONTENT.段落编号,one-to-many,A,A,verified,sample_rows=50000; orphan=29; orphan_rate=0.058%,,旧 EMR 段落内容按 UHID+段落编号可挂文书主表 2026-08-14 按 10 号样本证据升正式。
25,电子病历(新),JHEMR.JHMR_FILE_INDEX,FILE_UNIQUE_ID,JHEMR.JHMR_FILE_CONTENT_TEXT,FILE_UNIQUE_ID,FILE_UNIQUE_ID,one-to-one,A,A,verified,total=1149248; orphan=1051; orphan_rate=0.092%,,新 EMR 内部文书索引与正文关系成立
26,电子病历(新),JHEMR.JHMR_FILE_INDEX,DEPT_CODE,HIS.DEPT_DICT,DEPT_CODE,DEPT_CODE,many-to-one,A,A,sample_verified,ods_sample=50000; orphan=0,,2026-08-14 ODS 5万样本0孤儿。嘉和文书科室编码可挂 HIS 科室字典。
27,就诊,HIS.PAT_VISIT,DOCTOR_IN_CHARGE,HIS.DOC_REGISTER_EMP_MATCH,EMP_NO,EMP_NO,many-to-one,A,external,missing_in_8216,,医师执业证书号,HIS.DOC_REGISTER_EMP_MATCH 在 8.216 缺失，仅 HIS 生产库，待接入生产库验证
28,护理,YDHL.MCS_ASSESS_FORM,PATIENT_UID,YDHL.INPATIENTS,PAT_INDEX_NO,MCS_ASSESS_FORM.PATIENT_UID=INPATIENTS.PAT_INDEX_NO,many-to-one,A,B,sample_verified,sample_rows=200000; orphan=0, 与 formal 45 同键，不重复升正式。,移动护理评估按 PATIENT_UID=PAT_INDEX_NO 抽样成立
29,电子病历(旧),MTL.EPR_INPATIENT_DOCINDEX,P_CLINIC_ID|P_INPATIENT_TIMES,HIS.PAT_VISIT,PATIENT_ID|VISIT_ID,EPR_INPATIENT_DOCINDEX.P_CLINIC_ID=PAT_VISIT.PATIENT_ID AND TO_CHAR(P_INPATIENT_TIMES)=TO_CHAR(VISIT_ID),many-to-one,A,A,verified,total=239863; orphan=2876; orphan_rate=1.20%,候选关系验证后提升,旧 EMR 文书索引可按 P_CLINIC_ID+P_INPATIENT_TIMES 直连住院，少量历史孤儿
30,电子病历(旧),MTL.EMRSD_CONTENT,UHID,MTL.EPR_INPATIENT_DOCINDEX,UHID,UHID,many-to-one,A,A+,verified,sample_rows=100000; orphan=1,段落内容可直接追溯文书索引,旧 EMR 段落内容可按 UHID 直接追溯文书索引 2026-08-14 按 10 号样本证据升正式。
31,手术/麻醉,SM.MED_ANESTHESIA_PLAN,PATIENT_ID|VISIT_ID|OPER_ID,SM.MED_OPERATION_MASTER,PATIENT_ID|VISIT_ID|OPER_ID,PATIENT_ID+VISIT_ID+OPER_ID,many-to-one,A,A,verified,total=132818; orphan=1052; orphan_rate=0.79%,麻醉计划挂手术主记录,麻醉计划可按 PATIENT_ID+VISIT_ID+OPER_ID 挂手术主记录
32,电子病历(旧),MTL.EPR_INPATIENT_DOCINDEX,P_DEPT_CODE,HIS.DEPT_DICT,DEPT_CODE,EPR_INPATIENT_DOCINDEX.P_DEPT_CODE=DEPT_DICT.DEPT_CODE,many-to-one,A,A+,verified,total=239863; orphan=0,旧 EMR 文书科室,旧 EMR 文书科室可直接挂 HIS 科室字典
33,手术,HIS.OPERATION,PATIENT_ID|VISIT_ID,HIS.PAT_VISIT,PATIENT_ID|VISIT_ID,PATIENT_ID+VISIT_ID,many-to-one,A,A+,verified,total=528729; orphan=16,HIS 侧手术可挂住院，但不可与 SM 手术一一对应,HIS 侧手术可按 PATIENT_ID+VISIT_ID 挂住院；但不可与 SM 手术一一对应
34,门诊,HIS.CLINIC_MASTER,VISIT_DEPT,HIS.DEPT_DICT,DEPT_CODE,CLINIC_MASTER.VISIT_DEPT=DEPT_DICT.DEPT_CODE,many-to-one,A,A+,verified,total=5704241; orphan=0,门诊就诊科室,门诊就诊科室强关系
35,手术,SM.MED_OPERATION_MASTER,PATIENT_ID,HIS.PAT_MASTER_INDEX,PATIENT_ID,MED_OPERATION_MASTER.PATIENT_ID=PAT_MASTER_INDEX.PATIENT_ID,many-to-one,A,A,verified,total=138551; orphan=267; orphan_rate=0.19%,手麻患者主索引,手麻手术主记录可挂 HIS 患者主索引
36,电子病历(新),JHEMR.JHMR_FILE_INDEX,PATIENT_ID|VISIT_ID,HIS.PAT_VISIT,PATIENT_ID|VISIT_ID,JHMR_FILE_INDEX.PATIENT_ID=PAT_VISIT.PATIENT_ID AND TO_CHAR(JHMR_FILE_INDEX.VISIT_ID)=TO_CHAR(PAT_VISIT.VISIT_ID),many-to-one,A,A+,verified,total=1140268; matched=1139718; orphan=550; orphan_rate=0.048%,新 EMR 文书索引挂 HIS 住院,新 EMR 文书索引按 PATIENT_ID+VISIT_ID 可挂 HIS 住院
37,电子病历(新),JHEMR.JHMR_FILE_CONTENT_DG,PATIENT_ID|VISIT_ID,HIS.PAT_VISIT,PATIENT_ID|VISIT_ID,JHMR_FILE_CONTENT_DG.PATIENT_ID=PAT_VISIT.PATIENT_ID AND TO_CHAR(JHMR_FILE_CONTENT_DG.VISIT_ID)=TO_CHAR(PAT_VISIT.VISIT_ID),many-to-one,A,A+,verified,total=2902663; matched=2900782; orphan=1881; orphan_rate=0.065%,新 EMR 文书打散内容挂 HIS 住院,新 EMR 文书打散内容按 PATIENT_ID+VISIT_ID 可挂 HIS 住院
38,电子病历(新),JHEMR.PAT_DIAGNOSIS,PATIENT_ID|VISIT_ID,HIS.PAT_VISIT,PATIENT_ID|VISIT_ID,PAT_DIAGNOSIS.PATIENT_ID=PAT_VISIT.PATIENT_ID AND TO_CHAR(PAT_DIAGNOSIS.VISIT_ID)=TO_CHAR(PAT_VISIT.VISIT_ID),many-to-one,A,A+,verified,total=787965; matched=787694; orphan=271; orphan_rate=0.034%,新 EMR 诊断挂 HIS 住院,新 EMR 诊断按 PATIENT_ID+VISIT_ID 可挂 HIS 住院
39,电子病历(新),JHEMR.FIRST_PAGE_COSTS,PATIENT_ID|VISIT_ID,HIS.PAT_VISIT,PATIENT_ID|VISIT_ID,FIRST_PAGE_COSTS.PATIENT_ID=PAT_VISIT.PATIENT_ID AND TO_CHAR(FIRST_PAGE_COSTS.VISIT_ID)=TO_CHAR(PAT_VISIT.VISIT_ID),many-to-one,A,A+,verified,total=103318; matched=103287; orphan=31; orphan_rate=0.030%,病案首页费用挂 HIS 住院,病案首页费用按 PATIENT_ID+VISIT_ID 可挂 HIS 住院
40,影像,PACS.EXAMINFO,PatientIntraID,PACS.PATIENTINFO,PatientIntraID,EXAMINFO.PatientIntraID=PATIENTINFO.PatientIntraID,many-to-one,A,A+,verified,total=1219575; matched=1219575; orphan=0,PACS 内部患者-检查关系；注意 Oracle 大小写引号列,PACS 内部患者-检查关系成立
41,影像,PACS.EXAMINFO,ReportID,PACS.REPORT,ReportID,EXAMINFO.ReportID=REPORT.ReportID,many-to-one,A,B,verified,total=1219575; matched=1149006; orphan=70569; orphan_rate=5.79%,PACS 内部检查-报告关系，少量缺报告孤儿,PACS 内部检查-报告关系可用，但存在较多无报告/历史孤儿
42,检验,LIS.REQ_DETAIL,BARCODE,LIS.REQ_MASTER,BARCODE,REQ_DETAIL.BARCODE=REQ_MASTER.BARCODE,many-to-one,A,A+,verified,total=3085565; matched=3085562; orphan=3,LIS 内部申请明细挂申请主表,LIS 申请明细按 BARCODE 挂申请主表成立
43,检验,LIS.REQ_MASTER,REPORT_ID,LIS.LAB_REPORT,REPORTID,REQ_MASTER.REPORT_ID=LAB_REPORT.REPORTID,many-to-one,A,A+,verified,total=2784257; key_nonnull=2113642; matched=2113467; orphan=175,LIS 申请主表挂报告主表,LIS 申请主表按 REPORT_ID 挂报告主表成立；未出报告记录 REPORT_ID 为空
44,护理,YDHL.INPATIENTS,MRN|SERIES,HIS.PAT_VISIT,PATIENT_ID|VISIT_ID,INPATIENTS.MRN=PAT_MASTER_INDEX.INP_NO AND INPATIENTS.SERIES=PAT_VISIT.VISIT_ID,many-to-one,A,A,verified,total=276199; matched=274279; orphan=1920; orphan_rate=0.70%,经 HIS.PAT_MASTER_INDEX.INP_NO 桥接 HIS 住院；不要用 YDHL.PATIENT_ID,移动护理住院患者通过 MRN=HIS.INP_NO + SERIES=VISIT_ID 挂 HIS 住院；YDHL.PATIENT_ID 不是 HIS.PATIENT_ID
45,护理,YDHL.MCS_ASSESS_FORM,PATIENT_UID,YDHL.INPATIENTS,PAT_INDEX_NO,MCS_ASSESS_FORM.PATIENT_UID=INPATIENTS.PAT_INDEX_NO,many-to-one,A,A+,verified,total=2550149; matched=2550139; orphan=10,护理评估主表挂移动护理住院患者,移动护理评估主表按 PATIENT_UID 挂 INPATIENTS 成立
46,护理,YDHL.MCS_DOC_FORM,PATIENT_UID,YDHL.INPATIENTS,PAT_INDEX_NO,MCS_DOC_FORM.PATIENT_UID=INPATIENTS.PAT_INDEX_NO,many-to-one,A,A+,verified,total=11987629; matched=11987601; orphan=28,护理文书主表挂移动护理住院患者,移动护理文书主表按 PATIENT_UID 挂 INPATIENTS 成立
47,护理,YDHL.MCS_ASSESS_FORM_RECORD,FORM_ID,YDHL.MCS_ASSESS_FORM,ID,MCS_ASSESS_FORM_RECORD.FORM_ID=MCS_ASSESS_FORM.ID,many-to-one,A,A+,verified,total=41832099; matched=41832099; orphan=0,护理评估明细挂评估主表,移动护理评估明细按 FORM_ID 挂评估主表成立
49,JHEMR_VASTBASE,jhemr.pat_visit,,jhemr.ba_manbing,,,,B,static_view_sql,rejected,,Vastbase pg_views definition; source database read-only metadata,
50,JHEMR_VASTBASE,jhemr.pat_master_index,,jhemr.ba_manbing,,,,B,static_view_sql,rejected,,Vastbase pg_views definition; source database read-only metadata,
51,JHEMR_VASTBASE,jhemr.diagnosis,,jhemr.ba_manbing,,,,B,static_view_sql,candidate,,Vastbase pg_views definition; source database read-only metadata,
52,JHEMR_VASTBASE,jhemr.jhmr_file_index,,jhemr.ba_manbing,,,,B,static_view_sql,candidate,,Vastbase pg_views definition; source database read-only metadata,
53,JHEMR_VASTBASE,jhemr.dept_dict,,jhemr.ba_manbing,,,,B,static_view_sql,candidate,,Vastbase pg_views definition; source database read-only metadata,
54,JHEMR_VASTBASE,jhfile.jhmr_file_content_dg,,jhemr.ba_manbing,,,,B,static_view_sql,candidate,,Vastbase pg_views definition; source database read-only metadata,
55,JHEMR_VASTBASE,jhemr.pat_visit,,jhemr.emr_medical_record_info,,,,B,static_view_sql,candidate,,Vastbase pg_views definition; source database read-only metadata,
56,JHEMR_VASTBASE,jhfile.jhmr_file_content_text,,jhemr.emr_medical_record_info,,,,B,static_view_sql,candidate,,Vastbase pg_views definition; source database read-only metadata,
57,JHEMR_VASTBASE,jhemr.jhmr_file_index,,jhemr.emr_medical_record_info,,,,B,static_view_sql,candidate,,Vastbase pg_views definition; source database read-only metadata,
58,JHEMR_VASTBASE,jhemr.emr_first_page_item_dict,,jhemr.dbz_icuxx,,,,B,static_view_sql,candidate,,Vastbase pg_views definition; source database read-only metadata,
59,JHEMR_VASTBASE,report.r_grave_ward_detail,,jhemr.dbz_icuxx,,,,B,static_view_sql,candidate,,Vastbase pg_views definition; source database read-only metadata,
60,JHEMR_VASTBASE,jhemr.pat_visit1,,jhemr.dbz_jbxx,,,,B,static_view_sql,candidate,,Vastbase pg_views definition; source database read-only metadata,
61,JHEMR_VASTBASE,jhemr.pat_visit,,jhemr.dbz_jbxx,,,,B,static_view_sql,candidate,,Vastbase pg_views definition; source database read-only metadata,
62,JHEMR_VASTBASE,jhemr.pat_master_index,,jhemr.dbz_jbxx,,,,B,static_view_sql,candidate,,Vastbase pg_views definition; source database read-only metadata,
63,JHEMR_VASTBASE,jhemr.emr_first_page_item_dict,,jhemr.dbz_jbxx,,,,B,static_view_sql,candidate,,Vastbase pg_views definition; source database read-only metadata,
64,JHEMR_VASTBASE,jhemr.diagnosis,,jhemr.dbz_jbxx,,,,B,static_view_sql,candidate,,Vastbase pg_views definition; source database read-only metadata,
65,JHEMR_VASTBASE,jhemr.dept_dict,,jhemr.dbz_jbxx,,,,B,static_view_sql,candidate,,Vastbase pg_views definition; source database read-only metadata,
66,JHEMR_VASTBASE,jhemr.first_page_costs,,jhemr.dbz_jbxx,,,,B,static_view_sql,candidate,,Vastbase pg_views definition; source database read-only metadata,
67,JHEMR_VASTBASE,jhemr.pat_visit1,,jhemr.dbz_jbxx0327,,,,B,static_view_sql,candidate,,Vastbase pg_views definition; source database read-only metadata,
68,JHEMR_VASTBASE,jhemr.pat_visit,,jhemr.dbz_jbxx0327,,,,B,static_view_sql,candidate,,Vastbase pg_views definition; source database read-only metadata,
69,JHEMR_VASTBASE,jhemr.pat_master_index,,jhemr.dbz_jbxx0327,,,,B,static_view_sql,candidate,,Vastbase pg_views definition; source database read-only metadata,
70,JHEMR_VASTBASE,jhemr.emr_first_page_item_dict,,jhemr.dbz_jbxx0327,,,,B,static_view_sql,candidate,,Vastbase pg_views definition; source database read-only metadata,
71,JHEMR_VASTBASE,jhemr.diagnosis,,jhemr.dbz_jbxx0327,,,,B,static_view_sql,candidate,,Vastbase pg_views definition; source database read-only metadata,
72,JHEMR_VASTBASE,jhemr.dept_dict,,jhemr.dbz_jbxx0327,,,,B,static_view_sql,candidate,,Vastbase pg_views definition; source database read-only metadata,
73,JHEMR_VASTBASE,jhemr.first_page_costs,,jhemr.dbz_jbxx0327,,,,B,static_view_sql,candidate,,Vastbase pg_views definition; source database read-only metadata,
74,JHEMR_VASTBASE,jhemr.emr_first_page_item_dict,,jhemr.dbz_ssxx,,,,B,static_view_sql,candidate,,Vastbase pg_views definition; source database read-only metadata,
75,JHEMR_VASTBASE,jhemr.operation,,jhemr.dbz_ssxx,,,,B,static_view_sql,candidate,,Vastbase pg_views definition; source database read-only metadata,
76,JHEMR_VASTBASE,jhemr.pat_visit,,jhemr.dbz_ssxx,,,,B,static_view_sql,candidate,,Vastbase pg_views definition; source database read-only metadata,
77,JHEMR_VASTBASE,jhemr.pat_visit,,jhemr.dbz_zdxx,,,,B,static_view_sql,candidate,,Vastbase pg_views definition; source database read-only metadata,
78,JHEMR_VASTBASE,jhemr.diagnosis,,jhemr.dbz_zdxx,,,,B,static_view_sql,candidate,,Vastbase pg_views definition; source database read-only metadata,
79,JHEMR_VASTBASE,jhemr.diagnosis_type_dict,,jhemr.dbz_zdxx,,,,B,static_view_sql,candidate,,Vastbase pg_views definition; source database read-only metadata,
80,JHEMR_VASTBASE,jhemr.pat_visit,,jhemr.discharge_summary,,,,B,static_view_sql,candidate,,Vastbase pg_views definition; source database read-only metadata,
81,JHEMR_VASTBASE,jhemr.pat_master_index,,jhemr.discharge_summary,,,,B,static_view_sql,candidate,,Vastbase pg_views definition; source database read-only metadata,
82,JHEMR_VASTBASE,jhemr.jhmr_file_index,,jhemr.discharge_summary,,,,B,static_view_sql,candidate,,Vastbase pg_views definition; source database read-only metadata,
83,JHEMR_VASTBASE,jhemr.dept_dict,,jhemr.discharge_summary,,,,B,static_view_sql,candidate,,Vastbase pg_views definition; source database read-only metadata,
84,JHEMR_VASTBASE,jhfile.jhmr_file_content_dg,,jhemr.discharge_summary,,,,B,static_view_sql,candidate,,Vastbase pg_views definition; source database read-only metadata,
85,JHEMR_VASTBASE,jhfile.jhmr_file_content_text,,jhemr.emr_bcjl,,,,B,static_view_sql,candidate,,Vastbase pg_views definition; source database read-only metadata,
86,JHEMR_VASTBASE,jhemr.jhmr_file_index,PATIENT_ID|VISIT_ID,jhemr.emr_bcjl,PATIENT_ID|VISIT_ID,,,B,static_view_sql,rejected,,Vastbase pg_views definition; source database read-only metadata 复核：按两端共有 PATIENT_ID+VISIT_ID 补关联字段，仍为候选，未升正式。 20260814用户确认：表无用，不纳入正式关系范围。,20260814用户确认：表无用，不纳入正式关系范围。
87,JHEMR_VASTBASE,jhemr.pat_diagnosis,PATIENT_ID|VISIT_ID,jhemr.emr_phms,PATIENT_ID|VISIT_ID,,,B,static_view_sql,rejected,,Vastbase pg_views definition; source database read-only metadata 复核：按两端共有 PATIENT_ID+VISIT_ID 补关联字段，仍为候选，未升正式。 20260814用户确认：表无用，不纳入正式关系范围。,20260814用户确认：表无用，不纳入正式关系范围。
88,JHEMR_VASTBASE,jhemr.pat_visit,PATIENT_ID|VISIT_ID,jhemr.emr_phms,PATIENT_ID|VISIT_ID,,,B,static_view_sql,rejected,,Vastbase pg_views definition; source database read-only metadata 复核：按两端共有 PATIENT_ID+VISIT_ID 补关联字段，仍为候选，未升正式。 20260814用户确认：表无用，不纳入正式关系范围。,20260814用户确认：表无用，不纳入正式关系范围。
89,JHEMR_VASTBASE,jhemr.diagnosis,PATIENT_ID|VISIT_ID,jhemr.final_chief_diagnosis,PATIENT_ID|VISIT_ID,PATIENT_ID+VISIT_ID,one-to-many,A,A,sample_verified,n=79925; orphan=0; diagnosis_visits=20000; no_chief=2,Vastbase pg_views definition; source database read-only metadata 复核：按两端共有 PATIENT_ID+VISIT_ID 补关联字段，仍为候选，未升正式。 20260814嘉和源库验证：PATIENT_ID+VISIT_ID。jhemr.final_chief_diagnosis 全表 79925；抽样 JOIN diagnosis 0 孤儿。诊断 1:N。,20260814嘉和源库验证：PATIENT_ID+VISIT_ID。jhemr.final_chief_diagnosis 全表 79925；抽样 JOIN diagnosis 0 孤儿。诊断 1:N。
90,JHEMR_VASTBASE,jhemr.pat_visit,PATIENT_ID|VISIT_ID,jhemr.his_sybccx,PATIENT_ID|VISIT_ID,PATIENT_ID+VISIT_ID,one-to-many,A,A,sample_verified,n=1281; orphan=0,Vastbase pg_views definition; source database read-only metadata 复核：按两端共有 PATIENT_ID+VISIT_ID 补关联字段，仍为候选，未升正式。 20260814嘉和源库验证：PATIENT_ID+VISIT_ID。jhemr.his_sybccx 全表 1281，挂 pat_visit 0 孤儿。,20260814嘉和源库验证：PATIENT_ID+VISIT_ID。jhemr.his_sybccx 全表 1281，挂 pat_visit 0 孤儿。
91,JHEMR_VASTBASE,jhemr.jhmr_file_index,PATIENT_ID|VISIT_ID,jhemr.jhmr_file_index_jc,PATIENT_ID|VISIT_ID,PATIENT_ID+VISIT_ID,one-to-many,A,A,sample_verified,n=307723; orphan=0; jc_rows=1245220,Vastbase pg_views definition; source database read-only metadata 复核：按两端共有 PATIENT_ID+VISIT_ID 补关联字段，仍为候选，未升正式。 20260814嘉和源库验证：PATIENT_ID+VISIT_ID。jhmr_file_index_jc 抽样挂 jhmr_file_index 0 孤儿。,20260814嘉和源库验证：PATIENT_ID+VISIT_ID。jhmr_file_index_jc 抽样挂 jhmr_file_index 0 孤儿。
92,JHEMR_VASTBASE,jhnis.jhnis_inpat_vital_signs,,jhemr.jhnis_vital_signs_rec,,,,B,static_view_sql,candidate,,Vastbase pg_views definition; source database read-only metadata,
93,JHEMR_VASTBASE,jhnis.jhnism_nurse_info,,jhemr.jhnism_v_staff_info,,,,B,static_view_sql,candidate,,Vastbase pg_views definition; source database read-only metadata,
94,JHEMR_VASTBASE,jhnis.jhnism_staff_basic_info,,jhemr.jhnism_v_staff_info,,,,B,static_view_sql,candidate,,Vastbase pg_views definition; source database read-only metadata,
95,JHEMR_VASTBASE,jhnis.jhnism_staff_rank_info,,jhemr.jhnism_v_staff_info,,,,B,static_view_sql,candidate,,Vastbase pg_views definition; source database read-only metadata,
96,JHEMR_VASTBASE,jhnis.jhnism_staff_language_ability,,jhemr.jhnism_v_staff_info,,,,B,static_view_sql,candidate,,Vastbase pg_views definition; source database read-only metadata,
97,JHEMR_VASTBASE,jhemr.pat_visit,,jhemr.mt_medical_record_first_disease,,,,B,static_view_sql,candidate,,Vastbase pg_views definition; source database read-only metadata,
98,JHEMR_VASTBASE,jhemr.users,,jhemr.mt_medical_record_first_disease,,,,B,static_view_sql,candidate,,Vastbase pg_views definition; source database read-only metadata,
99,JHEMR_VASTBASE,jhemr.diagnosis,,jhemr.mt_medical_record_first_disease,,,,B,static_view_sql,candidate,,Vastbase pg_views definition; source database read-only metadata,
100,JHEMR_VASTBASE,jhemr.disease_type,,jhemr.mt_medical_record_first_disease,,,,B,static_view_sql,candidate,,Vastbase pg_views definition; source database read-only metadata,
101,JHEMR_VASTBASE,jhemr.pat_visit,,jhemr.mt_medical_record_first_disease_d,,,,B,static_view_sql,candidate,,Vastbase pg_views definition; source database read-only metadata,
102,JHEMR_VASTBASE,jhemr.users,,jhemr.mt_medical_record_first_disease_d,,,,B,static_view_sql,candidate,,Vastbase pg_views definition; source database read-only metadata,
103,JHEMR_VASTBASE,jhemr.diagnosis,,jhemr.mt_medical_record_first_disease_d,,,,B,static_view_sql,candidate,,Vastbase pg_views definition; source database read-only metadata,
104,JHEMR_VASTBASE,jhemr.disease_type,,jhemr.mt_medical_record_first_disease_d,,,,B,static_view_sql,candidate,,Vastbase pg_views definition; source database read-only metadata,
105,JHEMR_VASTBASE,jhemr.pat_visit,,jhemr.mt_medical_record_first_fee,,,,B,static_view_sql,candidate,,Vastbase pg_views definition; source database read-only metadata,
106,JHEMR_VASTBASE,jhemr.first_page_costs,,jhemr.mt_medical_record_first_fee,,,,B,static_view_sql,candidate,,Vastbase pg_views definition; source database read-only metadata,
107,JHEMR_VASTBASE,jhemr.pat_visit,,jhemr.mt_medical_record_first_fee_d,,,,B,static_view_sql,candidate,,Vastbase pg_views definition; source database read-only metadata,
108,JHEMR_VASTBASE,jhemr.first_page_costs,,jhemr.mt_medical_record_first_fee_d,,,,B,static_view_sql,candidate,,Vastbase pg_views definition; source database read-only metadata,
109,JHEMR_VASTBASE,jhemr.emr_first_page_item_dict,,jhemr.mt_medical_record_first_operation,,,,B,static_view_sql,candidate,,Vastbase pg_views definition; source database read-only metadata,
110,JHEMR_VASTBASE,jhemr.operation,,jhemr.mt_medical_record_first_operation,,,,B,static_view_sql,candidate,,Vastbase pg_views definition; source database read-only metadata,
111,JHEMR_VASTBASE,jhemr.pat_visit,,jhemr.mt_medical_record_first_operation,,,,B,static_view_sql,candidate,,Vastbase pg_views definition; source database read-only metadata,
112,JHEMR_VASTBASE,jhemr.emr_first_page_item_dict,,jhemr.mt_medical_record_first_operation_d,,,,B,static_view_sql,candidate,,Vastbase pg_views definition; source database read-only metadata,
113,JHEMR_VASTBASE,jhemr.operation,,jhemr.mt_medical_record_first_operation_d,,,,B,static_view_sql,candidate,,Vastbase pg_views definition; source database read-only metadata,
114,JHEMR_VASTBASE,jhemr.pat_visit,,jhemr.mt_medical_record_first_operation_d,,,,B,static_view_sql,candidate,,Vastbase pg_views definition; source database read-only metadata,
115,JHEMR_VASTBASE,jhemr.emr_first_page_item_dict,,jhemr.mt_medical_record_first_other,,,,B,static_view_sql,candidate,,Vastbase pg_views definition; source database read-only metadata,
116,JHEMR_VASTBASE,jhemr.pat_visit,,jhemr.mt_medical_record_first_other,,,,B,static_view_sql,candidate,,Vastbase pg_views definition; source database read-only metadata,
117,JHEMR_VASTBASE,jhemr.diagnosis,,jhemr.mt_medical_record_first_other,,,,B,static_view_sql,candidate,,Vastbase pg_views definition; source database read-only metadata,
118,JHEMR_VASTBASE,jhemr.pat_visit1,,jhemr.mt_medical_record_first_other,,,,B,static_view_sql,candidate,,Vastbase pg_views definition; source database read-only metadata,
119,JHEMR_VASTBASE,jhemr.emr_first_page_item_dict,,jhemr.mt_medical_record_first_other_d,,,,B,static_view_sql,candidate,,Vastbase pg_views definition; source database read-only metadata,
120,JHEMR_VASTBASE,jhemr.pat_visit,,jhemr.mt_medical_record_first_other_d,,,,B,static_view_sql,candidate,,Vastbase pg_views definition; source database read-only metadata,
121,JHEMR_VASTBASE,jhemr.diagnosis,,jhemr.mt_medical_record_first_other_d,,,,B,static_view_sql,candidate,,Vastbase pg_views definition; source database read-only metadata,
122,JHEMR_VASTBASE,jhemr.pat_visit1,,jhemr.mt_medical_record_first_other_d,,,,B,static_view_sql,candidate,,Vastbase pg_views definition; source database read-only metadata,
123,JHEMR_VASTBASE,jhemr.pat_visit1,,jhemr.mt_medical_record_first_patient,,,,B,static_view_sql,candidate,,Vastbase pg_views definition; source database read-only metadata,
124,JHEMR_VASTBASE,jhemr.pat_visit,,jhemr.mt_medical_record_first_patient,,,,B,static_view_sql,candidate,,Vastbase pg_views definition; source database read-only metadata,
125,JHEMR_VASTBASE,jhemr.pat_master_index,,jhemr.mt_medical_record_first_patient,,,,B,static_view_sql,candidate,,Vastbase pg_views definition; source database read-only metadata,
126,JHEMR_VASTBASE,jhemr.emr_first_page_item_dict,,jhemr.mt_medical_record_first_patient,,,,B,static_view_sql,candidate,,Vastbase pg_views definition; source database read-only metadata,
127,JHEMR_VASTBASE,jhemr.diagnosis,,jhemr.mt_medical_record_first_patient,,,,B,static_view_sql,candidate,,Vastbase pg_views definition; source database read-only metadata,
128,JHEMR_VASTBASE,jhemr.dept_dict,,jhemr.mt_medical_record_first_patient,,,,B,static_view_sql,candidate,,Vastbase pg_views definition; source database read-only metadata,
129,JHEMR_VASTBASE,jhemr.pat_visit1,,jhemr.mt_medical_record_first_patient_d,,,,B,static_view_sql,candidate,,Vastbase pg_views definition; source database read-only metadata,
130,JHEMR_VASTBASE,jhemr.pat_visit,,jhemr.mt_medical_record_first_patient_d,,,,B,static_view_sql,candidate,,Vastbase pg_views definition; source database read-only metadata,
131,JHEMR_VASTBASE,jhemr.pat_master_index,,jhemr.mt_medical_record_first_patient_d,,,,B,static_view_sql,candidate,,Vastbase pg_views definition; source database read-only metadata,
132,JHEMR_VASTBASE,jhemr.emr_first_page_item_dict,,jhemr.mt_medical_record_first_patient_d,,,,B,static_view_sql,candidate,,Vastbase pg_views definition; source database read-only metadata,
133,JHEMR_VASTBASE,jhemr.diagnosis,,jhemr.mt_medical_record_first_patient_d,,,,B,static_view_sql,candidate,,Vastbase pg_views definition; source database read-only metadata,
134,JHEMR_VASTBASE,jhemr.dept_dict,,jhemr.mt_medical_record_first_patient_d,,,,B,static_view_sql,candidate,,Vastbase pg_views definition; source database read-only metadata,
135,JHEMR_VASTBASE,jhemr.pat_visit,,jhemr.mt_patient_progress,,,,B,static_view_sql,candidate,,Vastbase pg_views definition; source database read-only metadata,
136,JHEMR_VASTBASE,jhfile.jhmr_file_content_text,,jhemr.mt_patient_progress,,,,B,static_view_sql,candidate,,Vastbase pg_views definition; source database read-only metadata,
137,JHEMR_VASTBASE,jhemr.jhmr_file_index,,jhemr.mt_patient_progress,,,,B,static_view_sql,candidate,,Vastbase pg_views definition; source database read-only metadata,
138,JHEMR_VASTBASE,jhemr.jhmr_templet_class,,jhemr.mt_patient_progress,,,,B,static_view_sql,candidate,,Vastbase pg_views definition; source database read-only metadata,
139,JHEMR_VASTBASE,jhemr.dept_dict,,jhemr.r_dept_level_dict,,,,B,static_view_sql,candidate,,Vastbase pg_views definition; source database read-only metadata,
140,JHEMR_VASTBASE,jhemr.emr_first_page_item_dict,,jhemr.v_hisshouye1,,,,B,static_view_sql,candidate,,Vastbase pg_views definition; source database read-only metadata,
141,JHEMR_VASTBASE,jhemr.pat_diagnosis,PATIENT_ID|VISIT_ID,jhemr.v_hisshouye1,PATIENT_ID|VISIT_ID,,,B,static_view_sql,candidate,,Vastbase pg_views definition; source database read-only metadata 复核：按两端共有 PATIENT_ID+VISIT_ID 补关联字段，仍为候选，未升正式。,Vastbase pg_views definition; source database read-only metadata 复核：按两端共有 PATIENT_ID+VISIT_ID 补关联字段，仍为候选，未升正式。
142,JHEMR_VASTBASE,jhemr.pat_visit,PATIENT_ID|VISIT_ID,jhemr.v_hisshouye1,PATIENT_ID|VISIT_ID,,,B,static_view_sql,candidate,,Vastbase pg_views definition; source database read-only metadata 复核：按两端共有 PATIENT_ID+VISIT_ID 补关联字段，仍为候选，未升正式。,Vastbase pg_views definition; source database read-only metadata 复核：按两端共有 PATIENT_ID+VISIT_ID 补关联字段，仍为候选，未升正式。
143,JHEMR_VASTBASE,jhemr.pat_visit1,PATIENT_ID|VISIT_ID,jhemr.v_hisshouye1,PATIENT_ID|VISIT_ID,,,B,static_view_sql,candidate,,Vastbase pg_views definition; source database read-only metadata 复核：按两端共有 PATIENT_ID+VISIT_ID 补关联字段，仍为候选，未升正式。,Vastbase pg_views definition; source database read-only metadata 复核：按两端共有 PATIENT_ID+VISIT_ID 补关联字段，仍为候选，未升正式。
144,JHEMR_VASTBASE,jhemr.pat_visit,,jhemr.v_admission_note,,,,B,static_view_sql,candidate,,Vastbase pg_views definition; source database read-only metadata,
145,JHEMR_VASTBASE,jhfile.jhcdr_emr_data_element,,jhemr.v_admission_note,,,,B,static_view_sql,candidate,,Vastbase pg_views definition; source database read-only metadata,
146,JHEMR_VASTBASE,jhemr.pat_master_index,,jhemr.v_admission_note,,,,B,static_view_sql,candidate,,Vastbase pg_views definition; source database read-only metadata,
147,JHEMR_VASTBASE,jhemr.pat_diagnosis,,jhemr.v_admission_note,,,,B,static_view_sql,candidate,,Vastbase pg_views definition; source database read-only metadata,
148,JHEMR_VASTBASE,jhemr.jhmr_file_index,,jhemr.v_admission_note,,,,B,static_view_sql,candidate,,Vastbase pg_views definition; source database read-only metadata,
149,JHEMR_VASTBASE,jhfile.jhmr_file_content_dg,,jhemr.v_admission_note,,,,B,static_view_sql,candidate,,Vastbase pg_views definition; source database read-only metadata,
150,JHEMR_VASTBASE,jhemr.pat_visit,PATIENT_ID|VISIT_ID,jhemr.v_birth_list,PATIENT_ID|VISIT_ID,,,B,static_view_sql,candidate,,Vastbase pg_views definition; source database read-only metadata 复核：按两端共有 PATIENT_ID+VISIT_ID 补关联字段，仍为候选，未升正式。,Vastbase pg_views definition; source database read-only metadata 复核：按两端共有 PATIENT_ID+VISIT_ID 补关联字段，仍为候选，未升正式。
151,JHEMR_VASTBASE,jhemr.jhmr_file_index,PATIENT_ID|VISIT_ID,jhemr.v_birth_list,PATIENT_ID|VISIT_ID,,,B,static_view_sql,candidate,,Vastbase pg_views definition; source database read-only metadata 复核：按两端共有 PATIENT_ID+VISIT_ID 补关联字段，仍为候选，未升正式。,Vastbase pg_views definition; source database read-only metadata 复核：按两端共有 PATIENT_ID+VISIT_ID 补关联字段，仍为候选，未升正式。
152,JHEMR_VASTBASE,jhfile.jhmr_file_content_dg,PATIENT_ID|VISIT_ID,jhemr.v_birth_list,PATIENT_ID|VISIT_ID,,,B,static_view_sql,candidate,,Vastbase pg_views definition; source database read-only metadata 复核：按两端共有 PATIENT_ID+VISIT_ID 补关联字段，仍为候选，未升正式。,Vastbase pg_views definition; source database read-only metadata 复核：按两端共有 PATIENT_ID+VISIT_ID 补关联字段，仍为候选，未升正式。
153,JHEMR_VASTBASE,jhemr.pat_visit,PATIENT_ID|VISIT_ID,jhemr.v_blws,PATIENT_ID|VISIT_ID,,,B,static_view_sql,candidate,,Vastbase pg_views definition; source database read-only metadata 复核：按两端共有 PATIENT_ID+VISIT_ID 补关联字段，仍为候选，未升正式。,Vastbase pg_views definition; source database read-only metadata 复核：按两端共有 PATIENT_ID+VISIT_ID 补关联字段，仍为候选，未升正式。
154,JHEMR_VASTBASE,jhfile.jhmr_file_content_text,,jhemr.v_blws,,,,B,static_view_sql,candidate,,Vastbase pg_views definition; source database read-only metadata,
155,JHEMR_VASTBASE,jhemr.jhmr_templet_class,,jhemr.v_blws,,,,B,static_view_sql,candidate,,Vastbase pg_views definition; source database read-only metadata,
156,JHEMR_VASTBASE,jhemr.jhmr_file_index,PATIENT_ID|VISIT_ID,jhemr.v_blws,PATIENT_ID|VISIT_ID,,,B,static_view_sql,candidate,,Vastbase pg_views definition; source database read-only metadata 复核：按两端共有 PATIENT_ID+VISIT_ID 补关联字段，仍为候选，未升正式。,Vastbase pg_views definition; source database read-only metadata 复核：按两端共有 PATIENT_ID+VISIT_ID 补关联字段，仍为候选，未升正式。
157,JHEMR_VASTBASE,jhemr.dept_dict,,jhemr.v_blws,,,,B,static_view_sql,candidate,,Vastbase pg_views definition; source database read-only metadata,
158,JHEMR_VASTBASE,jhemr.emr_first_page_item_dict,,jhemr.v_cdaupload,,,,B,static_view_sql,candidate,,Vastbase pg_views definition; source database read-only metadata,
159,JHEMR_VASTBASE,jhemr.pat_visit,PATIENT_ID|VISIT_ID,jhemr.v_cdaupload,PATIENT_ID|VISIT_ID,,,B,static_view_sql,candidate,,Vastbase pg_views definition; source database read-only metadata 复核：按两端共有 PATIENT_ID+VISIT_ID 补关联字段，仍为候选，未升正式。,Vastbase pg_views definition; source database read-only metadata 复核：按两端共有 PATIENT_ID+VISIT_ID 补关联字段，仍为候选，未升正式。
160,JHEMR_VASTBASE,jhemr.jhmr_file_index,PATIENT_ID|VISIT_ID,jhemr.v_cdaupload,PATIENT_ID|VISIT_ID,,,B,static_view_sql,candidate,,Vastbase pg_views definition; source database read-only metadata 复核：按两端共有 PATIENT_ID+VISIT_ID 补关联字段，仍为候选，未升正式。,Vastbase pg_views definition; source database read-only metadata 复核：按两端共有 PATIENT_ID+VISIT_ID 补关联字段，仍为候选，未升正式。
161,JHEMR_VASTBASE,jhemr.pat_master_index,,jhemr.v_cdaupload,,,,B,static_view_sql,candidate,,Vastbase pg_views definition; source database read-only metadata,
162,JHEMR_VASTBASE,jhemr.pat_visit,PATIENT_ID|VISIT_ID,jhemr.v_cdaupload1,PATIENT_ID|VISIT_ID,,,B,static_view_sql,candidate,,Vastbase pg_views definition; source database read-only metadata 复核：按两端共有 PATIENT_ID+VISIT_ID 补关联字段，仍为候选，未升正式。,Vastbase pg_views definition; source database read-only metadata 复核：按两端共有 PATIENT_ID+VISIT_ID 补关联字段，仍为候选，未升正式。
163,JHEMR_VASTBASE,jhemr.pat_master_index,,jhemr.v_cdaupload1,,,,B,static_view_sql,candidate,,Vastbase pg_views definition; source database read-only metadata,
164,JHEMR_VASTBASE,jhemr.emr_first_page_item_dict,,jhemr.v_cdaupload1,,,,B,static_view_sql,candidate,,Vastbase pg_views definition; source database read-only metadata,
165,JHEMR_VASTBASE,jhemr.dc_cda_uploadtask,PATIENT_ID|VISIT_ID,jhemr.v_cdaupload1,PATIENT_ID|VISIT_ID,,,B,static_view_sql,candidate,,Vastbase pg_views definition; source database read-only metadata 复核：按两端共有 PATIENT_ID+VISIT_ID 补关联字段，仍为候选，未升正式。,Vastbase pg_views definition; source database read-only metadata 复核：按两端共有 PATIENT_ID+VISIT_ID 补关联字段，仍为候选，未升正式。
166,JHEMR_VASTBASE,jhemr.dc_cda_fileuploadrecord,PATIENT_ID|VISIT_ID,jhemr.v_cdaupload1,PATIENT_ID|VISIT_ID,,,B,static_view_sql,candidate,,Vastbase pg_views definition; source database read-only metadata 复核：按两端共有 PATIENT_ID+VISIT_ID 补关联字段，仍为候选，未升正式。,Vastbase pg_views definition; source database read-only metadata 复核：按两端共有 PATIENT_ID+VISIT_ID 补关联字段，仍为候选，未升正式。
167,JHEMR_VASTBASE,jhemr.pat_visit,PATIENT_ID|VISIT_ID,jhemr.v_cdaupload2,PATIENT_ID|VISIT_ID,,,B,static_view_sql,candidate,,Vastbase pg_views definition; source database read-only metadata 复核：按两端共有 PATIENT_ID+VISIT_ID 补关联字段，仍为候选，未升正式。,Vastbase pg_views definition; source database read-only metadata 复核：按两端共有 PATIENT_ID+VISIT_ID 补关联字段，仍为候选，未升正式。
168,JHEMR_VASTBASE,jhemr.pat_master_index,,jhemr.v_cdaupload2,,,,B,static_view_sql,candidate,,Vastbase pg_views definition; source database read-only metadata,
169,JHEMR_VASTBASE,jhemr.emr_first_page_item_dict,,jhemr.v_cdaupload2,,,,B,static_view_sql,candidate,,Vastbase pg_views definition; source database read-only metadata,
170,JHEMR_VASTBASE,jhemr.dc_cda_uploadrecord,PATIENT_ID|VISIT_ID,jhemr.v_cdaupload2,PATIENT_ID|VISIT_ID,,,B,static_view_sql,candidate,,Vastbase pg_views definition; source database read-only metadata 复核：按两端共有 PATIENT_ID+VISIT_ID 补关联字段，仍为候选，未升正式。,Vastbase pg_views definition; source database read-only metadata 复核：按两端共有 PATIENT_ID+VISIT_ID 补关联字段，仍为候选，未升正式。
171,JHEMR_VASTBASE,jhemr.dc_cda_uploadtask,PATIENT_ID|VISIT_ID,jhemr.v_cdaupload2,PATIENT_ID|VISIT_ID,,,B,static_view_sql,candidate,,Vastbase pg_views definition; source database read-only metadata 复核：按两端共有 PATIENT_ID+VISIT_ID 补关联字段，仍为候选，未升正式。,Vastbase pg_views definition; source database read-only metadata 复核：按两端共有 PATIENT_ID+VISIT_ID 补关联字段，仍为候选，未升正式。
172,JHEMR_VASTBASE,jhemr.dc_cda_fileuploadrecord,PATIENT_ID|VISIT_ID,jhemr.v_cdaupload2,PATIENT_ID|VISIT_ID,,,B,static_view_sql,candidate,,Vastbase pg_views definition; source database read-only metadata 复核：按两端共有 PATIENT_ID+VISIT_ID 补关联字段，仍为候选，未升正式。,Vastbase pg_views definition; source database read-only metadata 复核：按两端共有 PATIENT_ID+VISIT_ID 补关联字段，仍为候选，未升正式。
173,JHEMR_VASTBASE,jhemr.emr_first_page_item_dict,,jhemr.v_cdaupload_dhzd,,,,B,static_view_sql,candidate,,Vastbase pg_views definition; source database read-only metadata,
174,JHEMR_VASTBASE,jhemr.pat_visit,PATIENT_ID|VISIT_ID,jhemr.v_cdaupload_dhzd,PATIENT_ID|VISIT_ID,,,B,static_view_sql,candidate,,Vastbase pg_views definition; source database read-only metadata 复核：按两端共有 PATIENT_ID+VISIT_ID 补关联字段，仍为候选，未升正式。,Vastbase pg_views definition; source database read-only metadata 复核：按两端共有 PATIENT_ID+VISIT_ID 补关联字段，仍为候选，未升正式。
175,JHEMR_VASTBASE,jhemr.jhmr_file_index,PATIENT_ID|VISIT_ID,jhemr.v_cdaupload_dhzd,PATIENT_ID|VISIT_ID,,,B,static_view_sql,candidate,,Vastbase pg_views definition; source database read-only metadata 复核：按两端共有 PATIENT_ID+VISIT_ID 补关联字段，仍为候选，未升正式。,Vastbase pg_views definition; source database read-only metadata 复核：按两端共有 PATIENT_ID+VISIT_ID 补关联字段，仍为候选，未升正式。
176,JHEMR_VASTBASE,jhemr.pat_master_index,,jhemr.v_cdaupload_dhzd,,,,B,static_view_sql,candidate,,Vastbase pg_views definition; source database read-only metadata,
177,JHEMR_VASTBASE,report.r_pat_visit,PATIENT_ID|VISIT_ID,jhemr.v_cdaupload_dhzd1,PATIENT_ID|VISIT_ID,,,B,static_view_sql,candidate,,Vastbase pg_views definition; source database read-only metadata 复核：按两端共有 PATIENT_ID+VISIT_ID 补关联字段，仍为候选，未升正式。,Vastbase pg_views definition; source database read-only metadata 复核：按两端共有 PATIENT_ID+VISIT_ID 补关联字段，仍为候选，未升正式。
178,JHEMR_VASTBASE,jhemr.pat_master_index,,jhemr.v_cdaupload_dhzd1,,,,B,static_view_sql,candidate,,Vastbase pg_views definition; source database read-only metadata,
179,JHEMR_VASTBASE,jhemr.v_cdaupload,PATIENT_ID|VISIT_ID,jhemr.v_cdaupload_sg,PATIENT_ID|VISIT_ID,,,B,static_view_sql,candidate,,Vastbase pg_views definition; source database read-only metadata 复核：按两端共有 PATIENT_ID+VISIT_ID 补关联字段，仍为候选，未升正式。,Vastbase pg_views definition; source database read-only metadata 复核：按两端共有 PATIENT_ID+VISIT_ID 补关联字段，仍为候选，未升正式。
180,JHEMR_VASTBASE,jhemr.v_cdaupload,PATIENT_ID|VISIT_ID,jhemr.v_cdaupload_sgsb,PATIENT_ID|VISIT_ID,,,B,static_view_sql,candidate,,Vastbase pg_views definition; source database read-only metadata 复核：按两端共有 PATIENT_ID+VISIT_ID 补关联字段，仍为候选，未升正式。,Vastbase pg_views definition; source database read-only metadata 复核：按两端共有 PATIENT_ID+VISIT_ID 补关联字段，仍为候选，未升正式。
181,JHEMR_VASTBASE,jhemr.dc_cda_uploadrecord,PATIENT_ID|VISIT_ID,jhemr.v_cdaupload_sgsb,PATIENT_ID|VISIT_ID,,,B,static_view_sql,candidate,,Vastbase pg_views definition; source database read-only metadata 复核：按两端共有 PATIENT_ID+VISIT_ID 补关联字段，仍为候选，未升正式。,Vastbase pg_views definition; source database read-only metadata 复核：按两端共有 PATIENT_ID+VISIT_ID 补关联字段，仍为候选，未升正式。
182,JHEMR_VASTBASE,jhemr.v_cdaupload,PATIENT_ID|VISIT_ID,jhemr.v_cdauploadbc,PATIENT_ID|VISIT_ID,,,B,static_view_sql,candidate,,Vastbase pg_views definition; source database read-only metadata 复核：按两端共有 PATIENT_ID+VISIT_ID 补关联字段，仍为候选，未升正式。,Vastbase pg_views definition; source database read-only metadata 复核：按两端共有 PATIENT_ID+VISIT_ID 补关联字段，仍为候选，未升正式。
183,JHEMR_VASTBASE,jhemr.dc_cda_uploadrecord,PATIENT_ID|VISIT_ID,jhemr.v_cdauploadbc,PATIENT_ID|VISIT_ID,,,B,static_view_sql,candidate,,Vastbase pg_views definition; source database read-only metadata 复核：按两端共有 PATIENT_ID+VISIT_ID 补关联字段，仍为候选，未升正式。,Vastbase pg_views definition; source database read-only metadata 复核：按两端共有 PATIENT_ID+VISIT_ID 补关联字段，仍为候选，未升正式。
184,JHEMR_VASTBASE,jhemr.pat_visit,PATIENT_ID|VISIT_ID,jhemr.v_cdauploadqsjj,PATIENT_ID|VISIT_ID,,,B,static_view_sql,candidate,,Vastbase pg_views definition; source database read-only metadata 复核：按两端共有 PATIENT_ID+VISIT_ID 补关联字段，仍为候选，未升正式。,Vastbase pg_views definition; source database read-only metadata 复核：按两端共有 PATIENT_ID+VISIT_ID 补关联字段，仍为候选，未升正式。
185,JHEMR_VASTBASE,jhemr.pat_visit,PATIENT_ID|VISIT_ID,jhemr.v_cdss,PATIENT_ID|VISIT_ID,,,B,static_view_sql,candidate,,Vastbase pg_views definition; source database read-only metadata 复核：按两端共有 PATIENT_ID+VISIT_ID 补关联字段，仍为候选，未升正式。,Vastbase pg_views definition; source database read-only metadata 复核：按两端共有 PATIENT_ID+VISIT_ID 补关联字段，仍为候选，未升正式。
186,JHEMR_VASTBASE,jhemr.dept_dict,,jhemr.v_cdss,,,,B,static_view_sql,candidate,,Vastbase pg_views definition; source database read-only metadata,
187,JHEMR_VASTBASE,jhemr.pat_visit,PATIENT_ID|VISIT_ID,jhemr.v_cdss_ba,PATIENT_ID|VISIT_ID,,,B,static_view_sql,candidate,,Vastbase pg_views definition; source database read-only metadata 复核：按两端共有 PATIENT_ID+VISIT_ID 补关联字段，仍为候选，未升正式。,Vastbase pg_views definition; source database read-only metadata 复核：按两端共有 PATIENT_ID+VISIT_ID 补关联字段，仍为候选，未升正式。
188,JHEMR_VASTBASE,jhemr.dept_dict,,jhemr.v_cdss_ba,,,,B,static_view_sql,candidate,,Vastbase pg_views definition; source database read-only metadata,
189,JHEMR_VASTBASE,jhemr.pat_visit,PATIENT_ID|VISIT_ID,jhemr.v_cdss_init,PATIENT_ID|VISIT_ID,,,B,static_view_sql,candidate,,Vastbase pg_views definition; source database read-only metadata 复核：按两端共有 PATIENT_ID+VISIT_ID 补关联字段，仍为候选，未升正式。,Vastbase pg_views definition; source database read-only metadata 复核：按两端共有 PATIENT_ID+VISIT_ID 补关联字段，仍为候选，未升正式。
190,JHEMR_VASTBASE,jhemr.pat_diagnosis,PATIENT_ID|VISIT_ID,jhemr.v_chuyuanzhenduan,PATIENT_ID|VISIT_ID,,,B,static_view_sql,candidate,,Vastbase pg_views definition; source database read-only metadata 复核：按两端共有 PATIENT_ID+VISIT_ID 补关联字段，仍为候选，未升正式。,Vastbase pg_views definition; source database read-only metadata 复核：按两端共有 PATIENT_ID+VISIT_ID 补关联字段，仍为候选，未升正式。
191,JHEMR_VASTBASE,jhfile.jhmr_file_content_text,,jhemr.v_convert_all,,,,B,static_view_sql,candidate,,Vastbase pg_views definition; source database read-only metadata,
192,JHEMR_VASTBASE,jhfile.jhmr_file_content_text,,jhemr.v_convert_f,,,,B,static_view_sql,candidate,,Vastbase pg_views definition; source database read-only metadata,
193,JHEMR_VASTBASE,jhfile.jhmr_file_content_text,,jhemr.v_convert_s,,,,B,static_view_sql,candidate,,Vastbase pg_views definition; source database read-only metadata,
194,JHEMR_VASTBASE,jhemr.pat_diagnosis,PATIENT_ID|VISIT_ID,jhemr.v_diagnosis,PATIENT_ID|VISIT_ID,,,B,static_view_sql,candidate,,Vastbase pg_views definition; source database read-only metadata 复核：按两端共有 PATIENT_ID+VISIT_ID 补关联字段，仍为候选，未升正式。,Vastbase pg_views definition; source database read-only metadata 复核：按两端共有 PATIENT_ID+VISIT_ID 补关联字段，仍为候选，未升正式。
195,JHEMR_VASTBASE,jhemr.pat_diagnosis,PATIENT_ID|VISIT_ID,jhemr.v_diagnosis_tohis,PATIENT_ID|VISIT_ID,,,B,static_view_sql,candidate,,Vastbase pg_views definition; source database read-only metadata 复核：按两端共有 PATIENT_ID+VISIT_ID 补关联字段，仍为候选，未升正式。,Vastbase pg_views definition; source database read-only metadata 复核：按两端共有 PATIENT_ID+VISIT_ID 补关联字段，仍为候选，未升正式。
196,JHEMR_VASTBASE,jhemr.pat_visit,,jhemr.v_discharge_summary,,,,B,static_view_sql,candidate,,Vastbase pg_views definition; source database read-only metadata,
197,JHEMR_VASTBASE,jhemr.jhmr_file_index,,jhemr.v_discharge_summary,,,,B,static_view_sql,candidate,,Vastbase pg_views definition; source database read-only metadata,
198,JHEMR_VASTBASE,jhfile.jhmr_file_content_dg,,jhemr.v_discharge_summary,,,,B,static_view_sql,candidate,,Vastbase pg_views definition; source database read-only metadata,
199,JHEMR_VASTBASE,jhemr.pat_master_index,,jhemr.v_discharge_summary,,,,B,static_view_sql,candidate,,Vastbase pg_views definition; source database read-only metadata,
200,JHEMR_VASTBASE,jhemr.pat_visit,,jhemr.v_first_medical_record,,,,B,static_view_sql,candidate,,Vastbase pg_views definition; source database read-only metadata,
201,JHEMR_VASTBASE,jhemr.jhmr_file_index,,jhemr.v_first_medical_record,,,,B,static_view_sql,candidate,,Vastbase pg_views definition; source database read-only metadata,
202,JHEMR_VASTBASE,jhfile.jhmr_file_content_dg,,jhemr.v_first_medical_record,,,,B,static_view_sql,candidate,,Vastbase pg_views definition; source database read-only metadata,
203,JHEMR_VASTBASE,jhemr.pat_master_index,,jhemr.v_first_medical_record,,,,B,static_view_sql,candidate,,Vastbase pg_views definition; source database read-only metadata,
204,JHEMR_VASTBASE,jhemr.pat_visit,,jhemr.v_first_postoperative_course_record,,,,B,static_view_sql,candidate,,Vastbase pg_views definition; source database read-only metadata,
205,JHEMR_VASTBASE,jhfile.jhmr_file_content_text,,jhemr.v_first_postoperative_course_record,,,,B,static_view_sql,candidate,,Vastbase pg_views definition; source database read-only metadata,
206,JHEMR_VASTBASE,jhemr.jhmr_file_index,,jhemr.v_first_postoperative_course_record,,,,B,static_view_sql,candidate,,Vastbase pg_views definition; source database read-only metadata,
207,JHEMR_VASTBASE,jhemr.pat_master_index,,jhemr.v_first_postoperative_course_record,,,,B,static_view_sql,candidate,,Vastbase pg_views definition; source database read-only metadata,
208,JHEMR_VASTBASE,jhemr.emr_first_page_item_dict,,jhemr.v_hisicu,,,,B,static_view_sql,candidate,,Vastbase pg_views definition; source database read-only metadata,
209,JHEMR_VASTBASE,report.r_grave_ward_detail,PATIENT_ID|VISIT_ID,jhemr.v_hisicu,PATIENT_ID|VISIT_ID,,,B,static_view_sql,candidate,,Vastbase pg_views definition; source database read-only metadata 复核：按两端共有 PATIENT_ID+VISIT_ID 补关联字段，仍为候选，未升正式。,Vastbase pg_views definition; source database read-only metadata 复核：按两端共有 PATIENT_ID+VISIT_ID 补关联字段，仍为候选，未升正式。
210,JHEMR_VASTBASE,jhemr.emr_first_page_item_dict,,jhemr.v_hisshoushu,,,,B,static_view_sql,candidate,,Vastbase pg_views definition; source database read-only metadata,
211,JHEMR_VASTBASE,report.r_operation_doct,PATIENT_ID|VISIT_ID,jhemr.v_hisshoushu,PATIENT_ID|VISIT_ID,,,B,static_view_sql,candidate,,Vastbase pg_views definition; source database read-only metadata 复核：按两端共有 PATIENT_ID+VISIT_ID 补关联字段，仍为候选，未升正式。,Vastbase pg_views definition; source database read-only metadata 复核：按两端共有 PATIENT_ID+VISIT_ID 补关联字段，仍为候选，未升正式。
212,JHEMR_VASTBASE,jhemr.operation,PATIENT_ID|VISIT_ID,jhemr.v_hisshoushu1,PATIENT_ID|VISIT_ID,,,B,static_view_sql,candidate,,Vastbase pg_views definition; source database read-only metadata 复核：按两端共有 PATIENT_ID+VISIT_ID 补关联字段，仍为候选，未升正式。,Vastbase pg_views definition; source database read-only metadata 复核：按两端共有 PATIENT_ID+VISIT_ID 补关联字段，仍为候选，未升正式。
213,JHEMR_VASTBASE,jhemr.emr_first_page_item_dict,,jhemr.v_hisshouye,,,,B,static_view_sql,candidate,,Vastbase pg_views definition; source database read-only metadata,
214,JHEMR_VASTBASE,jhemr.pat_diagnosis,PATIENT_ID|VISIT_ID,jhemr.v_hisshouye,PATIENT_ID|VISIT_ID,,,B,static_view_sql,candidate,,Vastbase pg_views definition; source database read-only metadata 复核：按两端共有 PATIENT_ID+VISIT_ID 补关联字段，仍为候选，未升正式。,Vastbase pg_views definition; source database read-only metadata 复核：按两端共有 PATIENT_ID+VISIT_ID 补关联字段，仍为候选，未升正式。
215,JHEMR_VASTBASE,report.r_pat_visit1,PATIENT_ID|VISIT_ID,jhemr.v_hisshouye,PATIENT_ID|VISIT_ID,,,B,static_view_sql,candidate,,Vastbase pg_views definition; source database read-only metadata 复核：按两端共有 PATIENT_ID+VISIT_ID 补关联字段，仍为候选，未升正式。,Vastbase pg_views definition; source database read-only metadata 复核：按两端共有 PATIENT_ID+VISIT_ID 补关联字段，仍为候选，未升正式。
216,JHEMR_VASTBASE,report.r_pat_visit,PATIENT_ID|VISIT_ID,jhemr.v_hisshouye,PATIENT_ID|VISIT_ID,,,B,static_view_sql,candidate,,Vastbase pg_views definition; source database read-only metadata 复核：按两端共有 PATIENT_ID+VISIT_ID 补关联字段，仍为候选，未升正式。,Vastbase pg_views definition; source database read-only metadata 复核：按两端共有 PATIENT_ID+VISIT_ID 补关联字段，仍为候选，未升正式。
217,JHEMR_VASTBASE,jhemr.emr_first_page_item_dict,,jhemr.v_hiszhenduan,,,,B,static_view_sql,candidate,,Vastbase pg_views definition; source database read-only metadata,
218,JHEMR_VASTBASE,jhemr.pat_visit1,PATIENT_ID|VISIT_ID,jhemr.v_hiszhenduan,PATIENT_ID|VISIT_ID,,,B,static_view_sql,candidate,,Vastbase pg_views definition; source database read-only metadata 复核：按两端共有 PATIENT_ID+VISIT_ID 补关联字段，仍为候选，未升正式。,Vastbase pg_views definition; source database read-only metadata 复核：按两端共有 PATIENT_ID+VISIT_ID 补关联字段，仍为候选，未升正式。
219,JHEMR_VASTBASE,report.r_diagnosis_doct,PATIENT_ID|VISIT_ID,jhemr.v_hiszhenduan,PATIENT_ID|VISIT_ID,,,B,static_view_sql,candidate,,Vastbase pg_views definition; source database read-only metadata 复核：按两端共有 PATIENT_ID+VISIT_ID 补关联字段，仍为候选，未升正式。,Vastbase pg_views definition; source database read-only metadata 复核：按两端共有 PATIENT_ID+VISIT_ID 补关联字段，仍为候选，未升正式。
220,JHEMR_VASTBASE,jhemr.pat_visit1,PATIENT_ID|VISIT_ID,jhemr.v_hiszhenduan1,PATIENT_ID|VISIT_ID,,,B,static_view_sql,candidate,,Vastbase pg_views definition; source database read-only metadata 复核：按两端共有 PATIENT_ID+VISIT_ID 补关联字段，仍为候选，未升正式。,Vastbase pg_views definition; source database read-only metadata 复核：按两端共有 PATIENT_ID+VISIT_ID 补关联字段，仍为候选，未升正式。
221,JHEMR_VASTBASE,jhemr.diagnosis,PATIENT_ID|VISIT_ID,jhemr.v_hiszhenduan1,PATIENT_ID|VISIT_ID,,,B,static_view_sql,candidate,,Vastbase pg_views definition; source database read-only metadata 复核：按两端共有 PATIENT_ID+VISIT_ID 补关联字段，仍为候选，未升正式。,Vastbase pg_views definition; source database read-only metadata 复核：按两端共有 PATIENT_ID+VISIT_ID 补关联字段，仍为候选，未升正式。
222,JHEMR_VASTBASE,jhemr.pat_visit,PATIENT_ID|VISIT_ID,jhemr.v_hlht,PATIENT_ID|VISIT_ID,,,B,static_view_sql,candidate,,Vastbase pg_views definition; source database read-only metadata 复核：按两端共有 PATIENT_ID+VISIT_ID 补关联字段，仍为候选，未升正式。,Vastbase pg_views definition; source database read-only metadata 复核：按两端共有 PATIENT_ID+VISIT_ID 补关联字段，仍为候选，未升正式。
223,JHEMR_VASTBASE,jhemr.dc_cda_uploadrecord,PATIENT_ID|VISIT_ID,jhemr.v_hlht,PATIENT_ID|VISIT_ID,,,B,static_view_sql,candidate,,Vastbase pg_views definition; source database read-only metadata 复核：按两端共有 PATIENT_ID+VISIT_ID 补关联字段，仍为候选，未升正式。,Vastbase pg_views definition; source database read-only metadata 复核：按两端共有 PATIENT_ID+VISIT_ID 补关联字段，仍为候选，未升正式。
224,JHEMR_VASTBASE,jhemr.pat_master_index,,jhemr.v_hlht,,,,B,static_view_sql,candidate,,Vastbase pg_views definition; source database read-only metadata,
225,JHEMR_VASTBASE,jhemr.pat_visit,,jhemr.v_inp_visit_base,,,,B,static_view_sql,candidate,,Vastbase pg_views definition; source database read-only metadata,
226,JHEMR_VASTBASE,jhfile.jhmr_file_content_text,,jhemr.v_inp_visit_base,,,,B,static_view_sql,candidate,,Vastbase pg_views definition; source database read-only metadata,
227,JHEMR_VASTBASE,jhemr.pat_master_index,,jhemr.v_inp_visit_base,,,,B,static_view_sql,candidate,,Vastbase pg_views definition; source database read-only metadata,
228,JHEMR_VASTBASE,jhemr.pats_in_hospital,,jhemr.v_inp_visit_base,,,,B,static_view_sql,candidate,,Vastbase pg_views definition; source database read-only metadata,
229,JHEMR_VASTBASE,jhemr.pat_diagnosis,,jhemr.v_inp_visit_base,,,,B,static_view_sql,candidate,,Vastbase pg_views definition; source database read-only metadata,
230,JHEMR_VASTBASE,jhemr.diagnosis,,jhemr.v_inp_visit_base,,,,B,static_view_sql,candidate,,Vastbase pg_views definition; source database read-only metadata,
231,JHEMR_VASTBASE,jhemr.jhmr_file_index,,jhemr.v_inp_visit_base,,,,B,static_view_sql,candidate,,Vastbase pg_views definition; source database read-only metadata,
232,JHEMR_VASTBASE,jhemr.users,,jhemr.v_inp_visit_base,,,,B,static_view_sql,candidate,,Vastbase pg_views definition; source database read-only metadata,
233,JHEMR_VASTBASE,jhemr.dept_dict,,jhemr.v_inp_visit_base,,,,B,static_view_sql,candidate,,Vastbase pg_views definition; source database read-only metadata,
234,JHEMR_VASTBASE,jhemr.pat_visit,,jhemr.v_inp_visit_base_opt_bak,,,,B,static_view_sql,candidate,,Vastbase pg_views definition; source database read-only metadata,
235,JHEMR_VASTBASE,jhfile.jhmr_file_content_text,,jhemr.v_inp_visit_base_opt_bak,,,,B,static_view_sql,candidate,,Vastbase pg_views definition; source database read-only metadata,
236,JHEMR_VASTBASE,jhemr.pat_master_index,,jhemr.v_inp_visit_base_opt_bak,,,,B,static_view_sql,candidate,,Vastbase pg_views definition; source database read-only metadata,
237,JHEMR_VASTBASE,jhemr.pats_in_hospital,,jhemr.v_inp_visit_base_opt_bak,,,,B,static_view_sql,candidate,,Vastbase pg_views definition; source database read-only metadata,
238,JHEMR_VASTBASE,jhemr.pat_diagnosis,,jhemr.v_inp_visit_base_opt_bak,,,,B,static_view_sql,candidate,,Vastbase pg_views definition; source database read-only metadata,
239,JHEMR_VASTBASE,jhemr.diagnosis,,jhemr.v_inp_visit_base_opt_bak,,,,B,static_view_sql,candidate,,Vastbase pg_views definition; source database read-only metadata,
240,JHEMR_VASTBASE,jhemr.jhmr_file_index,,jhemr.v_inp_visit_base_opt_bak,,,,B,static_view_sql,candidate,,Vastbase pg_views definition; source database read-only metadata,
241,JHEMR_VASTBASE,jhemr.users,,jhemr.v_inp_visit_base_opt_bak,,,,B,static_view_sql,candidate,,Vastbase pg_views definition; source database read-only metadata,
242,JHEMR_VASTBASE,jhemr.dept_dict,,jhemr.v_inp_visit_base_opt_bak,,,,B,static_view_sql,candidate,,Vastbase pg_views definition; source database read-only metadata,
243,JHEMR_VASTBASE,jhemr.v_jhicu_evalution_score_his,PATIENT_ID|VISIT_ID,jhemr.v_jhicu_evalution_last_score,PATIENT_ID|VISIT_ID,,,B,static_view_sql,candidate,,Vastbase pg_views definition; source database read-only metadata 复核：按两端共有 PATIENT_ID+VISIT_ID 补关联字段，仍为候选，未升正式。,Vastbase pg_views definition; source database read-only metadata 复核：按两端共有 PATIENT_ID+VISIT_ID 补关联字段，仍为候选，未升正式。
244,JHEMR_VASTBASE,jhnis.jhnis_care_main,PATIENT_ID|VISIT_ID,jhemr.v_jhicu_evalution_score_his,PATIENT_ID|VISIT_ID,,,B,static_view_sql,candidate,,Vastbase pg_views definition; source database read-only metadata 复核：按两端共有 PATIENT_ID+VISIT_ID 补关联字段，仍为候选，未升正式。,Vastbase pg_views definition; source database read-only metadata 复核：按两端共有 PATIENT_ID+VISIT_ID 补关联字段，仍为候选，未升正式。
245,JHEMR_VASTBASE,jhemr.pats_in_hospital,PATIENT_ID|VISIT_ID,jhemr.v_jhicu_evalution_score_his,PATIENT_ID|VISIT_ID,,,B,static_view_sql,candidate,,Vastbase pg_views definition; source database read-only metadata 复核：按两端共有 PATIENT_ID+VISIT_ID 补关联字段，仍为候选，未升正式。,Vastbase pg_views definition; source database read-only metadata 复核：按两端共有 PATIENT_ID+VISIT_ID 补关联字段，仍为候选，未升正式。
246,JHEMR_VASTBASE,jhnis.jhicu_evalution_score_history,PATIENT_ID|VISIT_ID,jhemr.v_jhicu_evalution_score_his,PATIENT_ID|VISIT_ID,,,B,static_view_sql,candidate,,Vastbase pg_views definition; source database read-only metadata 复核：按两端共有 PATIENT_ID+VISIT_ID 补关联字段，仍为候选，未升正式。,Vastbase pg_views definition; source database read-only metadata 复核：按两端共有 PATIENT_ID+VISIT_ID 补关联字段，仍为候选，未升正式。
247,JHEMR_VASTBASE,jhemr.jhmr_file_index,PATIENT_ID|VISIT_ID,jhemr.v_jhmr_file_index,PATIENT_ID|VISIT_ID,,,B,static_view_sql,candidate,,Vastbase pg_views definition; source database read-only metadata 复核：按两端共有 PATIENT_ID+VISIT_ID 补关联字段，仍为候选，未升正式。,Vastbase pg_views definition; source database read-only metadata 复核：按两端共有 PATIENT_ID+VISIT_ID 补关联字段，仍为候选，未升正式。
248,JHEMR_VASTBASE,jhnis.jhnis_inpat_vital_signs,,jhemr.v_jhnis_bp_today,,,,B,static_view_sql,candidate,,Vastbase pg_views definition; source database read-only metadata,
249,JHEMR_VASTBASE,jhemr.pats_in_hospital,PATIENT_ID|VISIT_ID,jhemr.v_jhnis_bp_today,PATIENT_ID|VISIT_ID,,,B,static_view_sql,candidate,,Vastbase pg_views definition; source database read-only metadata 复核：按两端共有 PATIENT_ID+VISIT_ID 补关联字段，仍为候选，未升正式。,Vastbase pg_views definition; source database read-only metadata 复核：按两端共有 PATIENT_ID+VISIT_ID 补关联字段，仍为候选，未升正式。
250,JHEMR_VASTBASE,jhemr.pat_visit,PATIENT_ID|VISIT_ID,jhemr.v_jhnis_bp_today,PATIENT_ID|VISIT_ID,,,B,static_view_sql,candidate,,Vastbase pg_views definition; source database read-only metadata 复核：按两端共有 PATIENT_ID+VISIT_ID 补关联字段，仍为候选，未升正式。,Vastbase pg_views definition; source database read-only metadata 复核：按两端共有 PATIENT_ID+VISIT_ID 补关联字段，仍为候选，未升正式。
251,JHEMR_VASTBASE,jhemr.emr_nurse_emrfile_elem,,jhemr.v_jhnis_catheter_remind,,,,B,static_view_sql,candidate,,Vastbase pg_views definition; source database read-only metadata,
252,JHEMR_VASTBASE,jhemr.emr_nurse_emrfile_index,,jhemr.v_jhnis_catheter_remind,,,,B,static_view_sql,candidate,,Vastbase pg_views definition; source database read-only metadata,
253,JHEMR_VASTBASE,jhemr.emr_nurse_elem_dict,,jhemr.v_jhnis_catheter_remind,,,,B,static_view_sql,candidate,,Vastbase pg_views definition; source database read-only metadata,
254,JHEMR_VASTBASE,jhnis.jhnis_inpat_vital_signs,,jhemr.v_jhnis_defecate_today,,,,B,static_view_sql,candidate,,Vastbase pg_views definition; source database read-only metadata,
255,JHEMR_VASTBASE,jhemr.pats_in_hospital,PATIENT_ID|VISIT_ID,jhemr.v_jhnis_defecate_today,PATIENT_ID|VISIT_ID,,,B,static_view_sql,candidate,,Vastbase pg_views definition; source database read-only metadata 复核：按两端共有 PATIENT_ID+VISIT_ID 补关联字段，仍为候选，未升正式。,Vastbase pg_views definition; source database read-only metadata 复核：按两端共有 PATIENT_ID+VISIT_ID 补关联字段，仍为候选，未升正式。
256,JHEMR_VASTBASE,jhemr.pat_visit,PATIENT_ID|VISIT_ID,jhemr.v_jhnis_defecate_today,PATIENT_ID|VISIT_ID,,,B,static_view_sql,candidate,,Vastbase pg_views definition; source database read-only metadata 复核：按两端共有 PATIENT_ID+VISIT_ID 补关联字段，仍为候选，未升正式。,Vastbase pg_views definition; source database read-only metadata 复核：按两端共有 PATIENT_ID+VISIT_ID 补关联字段，仍为候选，未升正式。
257,JHEMR_VASTBASE,jhemr.pats_in_hospital,PATIENT_ID|VISIT_ID,jhemr.v_jhnis_firstdayofweek_patient,PATIENT_ID|VISIT_ID,,,B,static_view_sql,candidate,,Vastbase pg_views definition; source database read-only metadata 复核：按两端共有 PATIENT_ID+VISIT_ID 补关联字段，仍为候选，未升正式。,Vastbase pg_views definition; source database read-only metadata 复核：按两端共有 PATIENT_ID+VISIT_ID 补关联字段，仍为候选，未升正式。
258,JHEMR_VASTBASE,jhemr.pat_visit,PATIENT_ID|VISIT_ID,jhemr.v_jhnis_firstdayofweek_patient,PATIENT_ID|VISIT_ID,,,B,static_view_sql,candidate,,Vastbase pg_views definition; source database read-only metadata 复核：按两端共有 PATIENT_ID+VISIT_ID 补关联字段，仍为候选，未升正式。,Vastbase pg_views definition; source database read-only metadata 复核：按两端共有 PATIENT_ID+VISIT_ID 补关联字段，仍为候选，未升正式。
259,JHEMR_VASTBASE,jhnis.jhnis_inpat_vital_signs,,jhemr.v_jhnis_high_fever_pats,,,,B,static_view_sql,candidate,,Vastbase pg_views definition; source database read-only metadata,
260,JHEMR_VASTBASE,jhnis.jhnis_temperature_items,,jhemr.v_jhnis_high_fever_pats,,,,B,static_view_sql,candidate,,Vastbase pg_views definition; source database read-only metadata,
261,JHEMR_VASTBASE,jhemr.vital_signs_rec,,jhemr.v_jhnis_high_temp_pats,,,,B,static_view_sql,candidate,,Vastbase pg_views definition; source database read-only metadata,
262,JHEMR_VASTBASE,jhemr.pats_in_hospital,PATIENT_ID|VISIT_ID,jhemr.v_jhnis_high_temp_pats,PATIENT_ID|VISIT_ID,,,B,static_view_sql,candidate,,Vastbase pg_views definition; source database read-only metadata 复核：按两端共有 PATIENT_ID+VISIT_ID 补关联字段，仍为候选，未升正式。,Vastbase pg_views definition; source database read-only metadata 复核：按两端共有 PATIENT_ID+VISIT_ID 补关联字段，仍为候选，未升正式。
263,JHEMR_VASTBASE,jhemr.pats_in_hospital,PATIENT_ID|VISIT_ID,jhemr.v_jhnis_newadm_pats,PATIENT_ID|VISIT_ID,,,B,static_view_sql,candidate,,Vastbase pg_views definition; source database read-only metadata 复核：按两端共有 PATIENT_ID+VISIT_ID 补关联字段，仍为候选，未升正式。,Vastbase pg_views definition; source database read-only metadata 复核：按两端共有 PATIENT_ID+VISIT_ID 补关联字段，仍为候选，未升正式。
264,JHEMR_VASTBASE,jhemr.pat_visit,PATIENT_ID|VISIT_ID,jhemr.v_jhnis_newadm_pats,PATIENT_ID|VISIT_ID,,,B,static_view_sql,candidate,,Vastbase pg_views definition; source database read-only metadata 复核：按两端共有 PATIENT_ID+VISIT_ID 补关联字段，仍为候选，未升正式。,Vastbase pg_views definition; source database read-only metadata 复核：按两端共有 PATIENT_ID+VISIT_ID 补关联字段，仍为候选，未升正式。
265,JHEMR_VASTBASE,jhnis.jhnis_inpat_vital_signs,,jhemr.v_jhnis_pain_pats,,,,B,static_view_sql,candidate,,Vastbase pg_views definition; source database read-only metadata,
266,JHEMR_VASTBASE,jhemr.pat_visit,PATIENT_ID|VISIT_ID,jhemr.v_jhnis_temp_new_temp,PATIENT_ID|VISIT_ID,,,B,static_view_sql,candidate,,Vastbase pg_views definition; source database read-only metadata 复核：按两端共有 PATIENT_ID+VISIT_ID 补关联字段，仍为候选，未升正式。,Vastbase pg_views definition; source database read-only metadata 复核：按两端共有 PATIENT_ID+VISIT_ID 补关联字段，仍为候选，未升正式。
267,JHEMR_VASTBASE,jhnis.jhnis_inpat_vital_signs,,jhemr.v_jhnis_temp_vs_nurssing,,,,B,static_view_sql,candidate,,Vastbase pg_views definition; source database read-only metadata,
268,JHEMR_VASTBASE,jhemr.pat_visit,PATIENT_ID|VISIT_ID,jhemr.v_jhnis_temp_vs_nurssing,PATIENT_ID|VISIT_ID,,,B,static_view_sql,candidate,,Vastbase pg_views definition; source database read-only metadata 复核：按两端共有 PATIENT_ID+VISIT_ID 补关联字段，仍为候选，未升正式。,Vastbase pg_views definition; source database read-only metadata 复核：按两端共有 PATIENT_ID+VISIT_ID 补关联字段，仍为候选，未升正式。
269,JHEMR_VASTBASE,jhemr.v_jhnis_catheter_remind,PATIENT_ID|VISIT_ID,jhemr.v_jhnis_using_catheter_data,PATIENT_ID|VISIT_ID,,,B,static_view_sql,candidate,,Vastbase pg_views definition; source database read-only metadata 复核：按两端共有 PATIENT_ID+VISIT_ID 补关联字段，仍为候选，未升正式。,Vastbase pg_views definition; source database read-only metadata 复核：按两端共有 PATIENT_ID+VISIT_ID 补关联字段，仍为候选，未升正式。
270,JHEMR_VASTBASE,jhnis.jhnis_inpat_vital_signs,,jhemr.v_jhnis_vital_signs,,,,B,static_view_sql,candidate,,Vastbase pg_views definition; source database read-only metadata,
271,JHEMR_VASTBASE,jhnis.jhnis_inpat_vital_signs,,jhemr.v_jhnis_weight_today,,,,B,static_view_sql,candidate,,Vastbase pg_views definition; source database read-only metadata,
272,JHEMR_VASTBASE,jhemr.pats_in_hospital,PATIENT_ID|VISIT_ID,jhemr.v_jhnis_weight_today,PATIENT_ID|VISIT_ID,,,B,static_view_sql,candidate,,Vastbase pg_views definition; source database read-only metadata 复核：按两端共有 PATIENT_ID+VISIT_ID 补关联字段，仍为候选，未升正式。,Vastbase pg_views definition; source database read-only metadata 复核：按两端共有 PATIENT_ID+VISIT_ID 补关联字段，仍为候选，未升正式。
273,JHEMR_VASTBASE,jhemr.pat_visit,PATIENT_ID|VISIT_ID,jhemr.v_jhnis_weight_today,PATIENT_ID|VISIT_ID,,,B,static_view_sql,candidate,,Vastbase pg_views definition; source database read-only metadata 复核：按两端共有 PATIENT_ID+VISIT_ID 补关联字段，仍为候选，未升正式。,Vastbase pg_views definition; source database read-only metadata 复核：按两端共有 PATIENT_ID+VISIT_ID 补关联字段，仍为候选，未升正式。
274,JHEMR_VASTBASE,jhcdr.jhcdr_inpat_order,PATIENT_ID|VISIT_ID,jhemr.v_jhnis_weight_today,PATIENT_ID|VISIT_ID,,,B,static_view_sql,candidate,,Vastbase pg_views definition; source database read-only metadata 复核：按两端共有 PATIENT_ID+VISIT_ID 补关联字段，仍为候选，未升正式。,Vastbase pg_views definition; source database read-only metadata 复核：按两端共有 PATIENT_ID+VISIT_ID 补关联字段，仍为候选，未升正式。
275,JHEMR_VASTBASE,jhemr.diagnosis,PATIENT_ID|VISIT_ID,jhemr.v_jhsd_diagnosis,PATIENT_ID|VISIT_ID,,,B,static_view_sql,candidate,,Vastbase pg_views definition; source database read-only metadata 复核：按两端共有 PATIENT_ID+VISIT_ID 补关联字段，仍为候选，未升正式。,Vastbase pg_views definition; source database read-only metadata 复核：按两端共有 PATIENT_ID+VISIT_ID 补关联字段，仍为候选，未升正式。
276,JHEMR_VASTBASE,jhemr.jhsd_elem_items_emr_map,,jhemr.v_jhsd_diagnosis,,,,B,static_view_sql,candidate,,Vastbase pg_views definition; source database read-only metadata,
277,JHEMR_VASTBASE,jhemr.first_page_costs,PATIENT_ID|VISIT_ID,jhemr.v_jhsd_first_page_costs,PATIENT_ID|VISIT_ID,,,B,static_view_sql,candidate,,Vastbase pg_views definition; source database read-only metadata 复核：按两端共有 PATIENT_ID+VISIT_ID 补关联字段，仍为候选，未升正式。,Vastbase pg_views definition; source database read-only metadata 复核：按两端共有 PATIENT_ID+VISIT_ID 补关联字段，仍为候选，未升正式。
278,JHEMR_VASTBASE,jhemr.operation,PATIENT_ID|VISIT_ID,jhemr.v_jhsd_operation,PATIENT_ID|VISIT_ID,,,B,static_view_sql,candidate,,Vastbase pg_views definition; source database read-only metadata 复核：按两端共有 PATIENT_ID+VISIT_ID 补关联字段，仍为候选，未升正式。,Vastbase pg_views definition; source database read-only metadata 复核：按两端共有 PATIENT_ID+VISIT_ID 补关联字段，仍为候选，未升正式。
279,JHEMR_VASTBASE,jhemr.jhsd_elem_items_emr_map,,jhemr.v_jhsd_operation,,,,B,static_view_sql,candidate,,Vastbase pg_views definition; source database read-only metadata,
280,JHEMR_VASTBASE,jhemr.pat_visit,PATIENT_ID|VISIT_ID,jhemr.v_jhsd_pat_visit,PATIENT_ID|VISIT_ID,,,B,static_view_sql,candidate,,Vastbase pg_views definition; source database read-only metadata 复核：按两端共有 PATIENT_ID+VISIT_ID 补关联字段，仍为候选，未升正式。,Vastbase pg_views definition; source database read-only metadata 复核：按两端共有 PATIENT_ID+VISIT_ID 补关联字段，仍为候选，未升正式。
281,JHEMR_VASTBASE,jhemr.pat_master_index,,jhemr.v_jhsd_pat_visit,,,,B,static_view_sql,candidate,,Vastbase pg_views definition; source database read-only metadata,
282,JHEMR_VASTBASE,jhemr.pat_visit,PATIENT_ID|VISIT_ID,jhemr.v_jinchuangbl,PATIENT_ID|VISIT_ID,,,B,static_view_sql,candidate,,Vastbase pg_views definition; source database read-only metadata 复核：按两端共有 PATIENT_ID+VISIT_ID 补关联字段，仍为候选，未升正式。,Vastbase pg_views definition; source database read-only metadata 复核：按两端共有 PATIENT_ID+VISIT_ID 补关联字段，仍为候选，未升正式。
283,JHEMR_VASTBASE,jhemr.jhmr_file_index,PATIENT_ID|VISIT_ID,jhemr.v_jinchuangbl,PATIENT_ID|VISIT_ID,,,B,static_view_sql,candidate,,Vastbase pg_views definition; source database read-only metadata 复核：按两端共有 PATIENT_ID+VISIT_ID 补关联字段，仍为候选，未升正式。,Vastbase pg_views definition; source database read-only metadata 复核：按两端共有 PATIENT_ID+VISIT_ID 补关联字段，仍为候选，未升正式。
284,JHEMR_VASTBASE,jhemr.jhmr_templet_class,,jhemr.v_jinchuangbl,,,,B,static_view_sql,candidate,,Vastbase pg_views definition; source database read-only metadata,
285,JHEMR_VASTBASE,jhemr.pat_visit,,jhemr.v_mrcatalog_delay_sign,,,,B,static_view_sql,candidate,,Vastbase pg_views definition; source database read-only metadata,
286,JHEMR_VASTBASE,jhemr.dept_dict,,jhemr.v_mrcatalog_delay_sign,,,,B,static_view_sql,candidate,,Vastbase pg_views definition; source database read-only metadata,
287,JHEMR_VASTBASE,jhemr.pat_master_index,,jhemr.v_mrcatalog_delay_sign,,,,B,static_view_sql,candidate,,Vastbase pg_views definition; source database read-only metadata,
288,JHEMR_VASTBASE,jhemr.pat_visit,,jhemr.v_mrcatalog_no_sign,,,,B,static_view_sql,candidate,,Vastbase pg_views definition; source database read-only metadata,
289,JHEMR_VASTBASE,jhemr.dept_dict,,jhemr.v_mrcatalog_no_sign,,,,B,static_view_sql,candidate,,Vastbase pg_views definition; source database read-only metadata,
290,JHEMR_VASTBASE,jhemr.pat_master_index,,jhemr.v_mrcatalog_no_sign,,,,B,static_view_sql,candidate,,Vastbase pg_views definition; source database read-only metadata,
291,JHEMR_VASTBASE,jhemr.emr_first_page_item_dict,,jhemr.v_operation_dict,,,,B,static_view_sql,candidate,,Vastbase pg_views definition; source database read-only metadata,
292,JHEMR_VASTBASE,jhemr.operation_contrast_dict,,jhemr.v_operation_dict,,,,B,static_view_sql,candidate,,Vastbase pg_views definition; source database read-only metadata,
293,JHEMR_VASTBASE,jhemr.operation_dict,,jhemr.v_operation_dict,,,,B,static_view_sql,candidate,,Vastbase pg_views definition; source database read-only metadata,
294,JHEMR_VASTBASE,jhemr.pat_visit,,jhemr.v_operative_note,,,,B,static_view_sql,candidate,,Vastbase pg_views definition; source database read-only metadata,
295,JHEMR_VASTBASE,jhfile.jhmr_file_content_text,,jhemr.v_operative_note,,,,B,static_view_sql,candidate,,Vastbase pg_views definition; source database read-only metadata,
296,JHEMR_VASTBASE,jhemr.jhmr_file_index,,jhemr.v_operative_note,,,,B,static_view_sql,candidate,,Vastbase pg_views definition; source database read-only metadata,
297,JHEMR_VASTBASE,jhemr.operation,,jhemr.v_operative_note,,,,B,static_view_sql,candidate,,Vastbase pg_views definition; source database read-only metadata,
298,JHEMR_VASTBASE,jhemr.pat_visit,PATIENT_ID|VISIT_ID,jhemr.v_patcardlist,PATIENT_ID|VISIT_ID,,,B,static_view_sql,candidate,,Vastbase pg_views definition; source database read-only metadata 复核：按两端共有 PATIENT_ID+VISIT_ID 补关联字段，仍为候选，未升正式。,Vastbase pg_views definition; source database read-only metadata 复核：按两端共有 PATIENT_ID+VISIT_ID 补关联字段，仍为候选，未升正式。
299,JHEMR_VASTBASE,jhemr.pat_master_index,,jhemr.v_patcardlist,,,,B,static_view_sql,candidate,,Vastbase pg_views definition; source database read-only metadata,
300,JHEMR_VASTBASE,jhemr.jhinpat_mr_on_line,PATIENT_ID|VISIT_ID,jhemr.v_patcardlist,PATIENT_ID|VISIT_ID,,,B,static_view_sql,candidate,,Vastbase pg_views definition; source database read-only metadata 复核：按两端共有 PATIENT_ID+VISIT_ID 补关联字段，仍为候选，未升正式。,Vastbase pg_views definition; source database read-only metadata 复核：按两端共有 PATIENT_ID+VISIT_ID 补关联字段，仍为候选，未升正式。
301,JHEMR_VASTBASE,jhemr.pats_in_hospital,PATIENT_ID|VISIT_ID,jhemr.v_patcardlist,PATIENT_ID|VISIT_ID,,,B,static_view_sql,candidate,,Vastbase pg_views definition; source database read-only metadata 复核：按两端共有 PATIENT_ID+VISIT_ID 补关联字段，仍为候选，未升正式。,Vastbase pg_views definition; source database read-only metadata 复核：按两端共有 PATIENT_ID+VISIT_ID 补关联字段，仍为候选，未升正式。
302,JHEMR_VASTBASE,jhemr.bed_rec,,jhemr.v_patcardlist,,,,B,static_view_sql,candidate,,Vastbase pg_views definition; source database read-only metadata,
303,JHEMR_VASTBASE,jhemr.pats_in_hospital,PATIENT_ID|VISIT_ID,jhemr.v_pats_in_hospital,PATIENT_ID|VISIT_ID,,,B,static_view_sql,candidate,,Vastbase pg_views definition; source database read-only metadata 复核：按两端共有 PATIENT_ID+VISIT_ID 补关联字段，仍为候选，未升正式。,Vastbase pg_views definition; source database read-only metadata 复核：按两端共有 PATIENT_ID+VISIT_ID 补关联字段，仍为候选，未升正式。
304,JHEMR_VASTBASE,jhemr.diagnosis,PATIENT_ID|VISIT_ID,jhemr.v_pats_in_hospital,PATIENT_ID|VISIT_ID,,,B,static_view_sql,candidate,,Vastbase pg_views definition; source database read-only metadata 复核：按两端共有 PATIENT_ID+VISIT_ID 补关联字段，仍为候选，未升正式。,Vastbase pg_views definition; source database read-only metadata 复核：按两端共有 PATIENT_ID+VISIT_ID 补关联字段，仍为候选，未升正式。
305,JHEMR_VASTBASE,jhemr.pat_visit,,jhemr.v_preoperative_summary,,,,B,static_view_sql,candidate,,Vastbase pg_views definition; source database read-only metadata,
306,JHEMR_VASTBASE,jhemr.jhmr_file_index,,jhemr.v_preoperative_summary,,,,B,static_view_sql,candidate,,Vastbase pg_views definition; source database read-only metadata,
307,JHEMR_VASTBASE,jhfile.jhmr_file_content_dg,,jhemr.v_preoperative_summary,,,,B,static_view_sql,candidate,,Vastbase pg_views definition; source database read-only metadata,
308,JHEMR_VASTBASE,jhemr.pat_master_index,,jhemr.v_preoperative_summary,,,,B,static_view_sql,candidate,,Vastbase pg_views definition; source database read-only metadata,
309,JHEMR_VASTBASE,jhemr.pat_visit,,jhemr.v_progress_note,,,,B,static_view_sql,candidate,,Vastbase pg_views definition; source database read-only metadata,
310,JHEMR_VASTBASE,jhfile.jhmr_file_content_text,,jhemr.v_progress_note,,,,B,static_view_sql,candidate,,Vastbase pg_views definition; source database read-only metadata,
311,JHEMR_VASTBASE,jhemr.jhmr_file_index,,jhemr.v_progress_note,,,,B,static_view_sql,candidate,,Vastbase pg_views definition; source database read-only metadata,
312,JHEMR_VASTBASE,jhemr.pat_master_index,,jhemr.v_progress_note,,,,B,static_view_sql,candidate,,Vastbase pg_views definition; source database read-only metadata,
313,JHEMR_VASTBASE,jhemr.pat_visit,,jhemr.v_superior_rounds,,,,B,static_view_sql,candidate,,Vastbase pg_views definition; source database read-only metadata,
314,JHEMR_VASTBASE,jhfile.jhmr_file_content_text,,jhemr.v_superior_rounds,,,,B,static_view_sql,candidate,,Vastbase pg_views definition; source database read-only metadata,
315,JHEMR_VASTBASE,jhemr.jhmr_file_index,,jhemr.v_superior_rounds,,,,B,static_view_sql,candidate,,Vastbase pg_views definition; source database read-only metadata,
316,JHEMR_VASTBASE,jhemr.pat_master_index,,jhemr.v_superior_rounds,,,,B,static_view_sql,candidate,,Vastbase pg_views definition; source database read-only metadata,
317,JHEMR_VASTBASE,jhemr.pat_visit,,jhemr.v_sxzqtys,,,,B,static_view_sql,candidate,,Vastbase pg_views definition; source database read-only metadata,
318,JHEMR_VASTBASE,jhemr.jhmr_file_index,,jhemr.v_sxzqtys,,,,B,static_view_sql,candidate,,Vastbase pg_views definition; source database read-only metadata,
319,JHEMR_VASTBASE,jhemr.pat_master_index,,jhemr.v_sxzqtys,,,,B,static_view_sql,candidate,,Vastbase pg_views definition; source database read-only metadata,
320,JHEMR_VASTBASE,jhemr.pat_diagnosis,,jhemr.v_病案_病案状态查询,,,,B,static_view_sql,candidate,,Vastbase pg_views definition; source database read-only metadata,
321,JHEMR_VASTBASE,jhemr.pat_visit,,jhemr.v_病案_病案状态查询,,,,B,static_view_sql,candidate,,Vastbase pg_views definition; source database read-only metadata,
322,JHEMR_VASTBASE,jhemr.dept_dict,,jhemr.v_病案_病案状态查询,,,,B,static_view_sql,candidate,,Vastbase pg_views definition; source database read-only metadata,
323,JHEMR_VASTBASE,jhemr.pat_master_index,,jhemr.v_病案_病案状态查询,,,,B,static_view_sql,candidate,,Vastbase pg_views definition; source database read-only metadata,
324,JHEMR_VASTBASE,jhemr.pat_visit,PATIENT_ID|VISIT_ID,jhemr.view_ckbl,PATIENT_ID|VISIT_ID,,,B,static_view_sql,candidate,,Vastbase pg_views definition; source database read-only metadata 复核：按两端共有 PATIENT_ID+VISIT_ID 补关联字段，仍为候选，未升正式。,Vastbase pg_views definition; source database read-only metadata 复核：按两端共有 PATIENT_ID+VISIT_ID 补关联字段，仍为候选，未升正式。
325,JHEMR_VASTBASE,jhemr.jhmr_file_index,PATIENT_ID|VISIT_ID,jhemr.view_ckbl,PATIENT_ID|VISIT_ID,,,B,static_view_sql,candidate,,Vastbase pg_views definition; source database read-only metadata 复核：按两端共有 PATIENT_ID+VISIT_ID 补关联字段，仍为候选，未升正式。,Vastbase pg_views definition; source database read-only metadata 复核：按两端共有 PATIENT_ID+VISIT_ID 补关联字段，仍为候选，未升正式。
326,JHEMR_VASTBASE,jhfile.jhmr_file_content_dg,PATIENT_ID|VISIT_ID,jhemr.view_ckbl,PATIENT_ID|VISIT_ID,,,B,static_view_sql,candidate,,Vastbase pg_views definition; source database read-only metadata 复核：按两端共有 PATIENT_ID+VISIT_ID 补关联字段，仍为候选，未升正式。,Vastbase pg_views definition; source database read-only metadata 复核：按两端共有 PATIENT_ID+VISIT_ID 补关联字段，仍为候选，未升正式。
327,JHEMR_VASTBASE,jhnis.jhnis_inpat_vital_signs,,jhemr.view_jhnis_inpat_vital_signs,,,,B,static_view_sql,candidate,,Vastbase pg_views definition; source database read-only metadata,
328,JHEMR_VASTBASE,jhemr.operation,PATIENT_ID|VISIT_ID,jhemr.view_operation_desc,PATIENT_ID|VISIT_ID,,,B,static_view_sql,candidate,,Vastbase pg_views definition; source database read-only metadata 复核：按两端共有 PATIENT_ID+VISIT_ID 补关联字段，仍为候选，未升正式。,Vastbase pg_views definition; source database read-only metadata 复核：按两端共有 PATIENT_ID+VISIT_ID 补关联字段，仍为候选，未升正式。
329,JHEMR_VASTBASE,jhemr.jhmr_file_index_vs_operation,PATIENT_ID|VISIT_ID,jhemr.view_operation_desc,PATIENT_ID|VISIT_ID,,,B,static_view_sql,candidate,,Vastbase pg_views definition; source database read-only metadata 复核：按两端共有 PATIENT_ID+VISIT_ID 补关联字段，仍为候选，未升正式。,Vastbase pg_views definition; source database read-only metadata 复核：按两端共有 PATIENT_ID+VISIT_ID 补关联字段，仍为候选，未升正式。
330,JHEMR_VASTBASE,jhemr.pat_diagnosis,,jhemr.view_zdhc,,,,B,static_view_sql,candidate,,Vastbase pg_views definition; source database read-only metadata,
331,JHEMR_VASTBASE,jhemr.vital_signs_rec,,jhemr.vital_nis_to_emr,,,,B,static_view_sql,candidate,,Vastbase pg_views definition; source database read-only metadata,
332,PAPERLESS_CDMS,CDMS.AC_JobConfigDetail,JobConfgId,CDMS.AC_JobConfig,Id,CDMS.AC_JobConfigDetail(JobConfgId) = CDMS.AC_JobConfig(Id),,A,declared_foreign_key,verified,,FK_JOB_DETAIL,
333,PAPERLESS_CDMS,CDMS.AbpAuditLogActions,AuditLogId,CDMS.AbpAuditLogs,Id,CDMS.AbpAuditLogActions(AuditLogId) = CDMS.AbpAuditLogs(Id),,A,declared_foreign_key,verified,,FK_Actions_Logs_LogId,
334,PAPERLESS_CDMS,CDMS.AbpEntityChanges,AuditLogId,CDMS.AbpAuditLogs,Id,CDMS.AbpEntityChanges(AuditLogId) = CDMS.AbpAuditLogs(Id),,A,declared_foreign_key,verified,,FK_Changes_Logs_LogId,
335,PAPERLESS_CDMS,CDMS.AbpEntityPropertyChanges,EntityChangeId,CDMS.AbpEntityChanges,Id,CDMS.AbpEntityPropertyChanges(EntityChangeId) = CDMS.AbpEntityChanges(Id),,A,declared_foreign_key,verified,,FK_EPC_EC_EId,
336,PAPERLESS_CDMS,CDMS.AbpOrganizationUnitRoles,RoleId,CDMS.AbpRoles,Id,CDMS.AbpOrganizationUnitRoles(RoleId) = CDMS.AbpRoles(Id),,A,declared_foreign_key,verified,,FK_UnitRoles_Roles_RoleId,
337,PAPERLESS_CDMS,CDMS.AbpOrganizationUnitRoles,OrganizationUnitId,CDMS.AbpOrganizationUnits,Id,CDMS.AbpOrganizationUnitRoles(OrganizationUnitId) = CDMS.AbpOrganizationUnits(Id),,A,declared_foreign_key,verified,,FK_UnitRoles_Units_UnitId,
338,PAPERLESS_CDMS,CDMS.AbpOrganizationUnits,ParentId,CDMS.AbpOrganizationUnits,Id,CDMS.AbpOrganizationUnits(ParentId) = CDMS.AbpOrganizationUnits(Id),,A,declared_foreign_key,verified,,FK_Units_ParentId,
339,PAPERLESS_CDMS,CDMS.AbpRoleClaims,RoleId,CDMS.AbpRoles,Id,CDMS.AbpRoleClaims(RoleId) = CDMS.AbpRoles(Id),,A,declared_foreign_key,verified,,FK_RoleClaims_Roles_RoleId,
340,PAPERLESS_CDMS,CDMS.AbpTenantConnectionStrings,TenantId,CDMS.AbpTenants,Id,CDMS.AbpTenantConnectionStrings(TenantId) = CDMS.AbpTenants(Id),,A,declared_foreign_key,verified,,FK_Connection_Tenants_TId,
341,PAPERLESS_CDMS,CDMS.AbpUserClaims,UserId,CDMS.AbpUsers,Id,CDMS.AbpUserClaims(UserId) = CDMS.AbpUsers(Id),,A,declared_foreign_key,verified,,FK_UserClaims_Users_UsId,
342,PAPERLESS_CDMS,CDMS.AbpUserLogins,UserId,CDMS.AbpUsers,Id,CDMS.AbpUserLogins(UserId) = CDMS.AbpUsers(Id),,A,declared_foreign_key,verified,,FK_UserLogins_Users_UId,
343,PAPERLESS_CDMS,CDMS.AbpUserOrganizationUnits,OrganizationUnitId,CDMS.AbpOrganizationUnits,Id,CDMS.AbpUserOrganizationUnits(OrganizationUnitId) = CDMS.AbpOrganizationUnits(Id),,A,declared_foreign_key,verified,,FK_UserOUnits_OUnits_OUnitId,
344,PAPERLESS_CDMS,CDMS.AbpUserOrganizationUnits,UserId,CDMS.AbpUsers,Id,CDMS.AbpUserOrganizationUnits(UserId) = CDMS.AbpUsers(Id),,A,declared_foreign_key,verified,,FK_UserOUnits_Users_UId,
345,PAPERLESS_CDMS,CDMS.AbpUserRoles,RoleId,CDMS.AbpRoles,Id,CDMS.AbpUserRoles(RoleId) = CDMS.AbpRoles(Id),,A,declared_foreign_key,verified,,FK_UserRoles_Roles_RoleId,
346,PAPERLESS_CDMS,CDMS.AbpUserRoles,UserId,CDMS.AbpUsers,Id,CDMS.AbpUserRoles(UserId) = CDMS.AbpUsers(Id),,A,declared_foreign_key,verified,,FK_UserRoles_Users_UserId,
347,PAPERLESS_CDMS,CDMS.AbpUserTokens,UserId,CDMS.AbpUsers,Id,CDMS.AbpUserTokens(UserId) = CDMS.AbpUsers(Id),,A,declared_foreign_key,verified,,FK_UserTokens_Users_UId,
348,PAPERLESS_CDMS,CDMS.HF_JOB_PARAMETER,JOB_ID,CDMS.HF_JOB,ID,CDMS.HF_JOB_PARAMETER(JOB_ID) = CDMS.HF_JOB(ID),,A,declared_foreign_key,verified,,FK_JOB_PARAMETER_JOB,
349,PAPERLESS_CDMS,CDMS.HF_JOB_QUEUE,JOB_ID,CDMS.HF_JOB,ID,CDMS.HF_JOB_QUEUE(JOB_ID) = CDMS.HF_JOB(ID),,A,declared_foreign_key,verified,,FK_JOB_QUEUE_JOB,
350,PAPERLESS_CDMS,CDMS.HF_JOB_STATE,JOB_ID,CDMS.HF_JOB,ID,CDMS.HF_JOB_STATE(JOB_ID) = CDMS.HF_JOB(ID),,A,declared_foreign_key,verified,,FK_JOB_STATE_JOB,
351,PAPERLESS_CDMS,CDMS.OpenIddictAuthorizations,ApplicationId,CDMS.OpenIddictApplications,Id,CDMS.OpenIddictAuthorizations(ApplicationId) = CDMS.OpenIddictApplications(Id),,A,declared_foreign_key,verified,,FK_OIdAut_OIdApp_ApplicationId,
352,PAPERLESS_CDMS,CDMS.OpenIddictTokens,ApplicationId,CDMS.OpenIddictApplications,Id,CDMS.OpenIddictTokens(ApplicationId) = CDMS.OpenIddictApplications(Id),,A,declared_foreign_key,verified,,FK_OTokens_OApp_ApplicationId,
353,PAPERLESS_CDMS,CDMS.OpenIddictTokens,AuthorizationId,CDMS.OpenIddictAuthorizations,Id,CDMS.OpenIddictTokens(AuthorizationId) = CDMS.OpenIddictAuthorizations(Id),,A,declared_foreign_key,verified,,FK_Tokens_Auth_AuthorizationId,
354,PAPERLESS_CDMS,CDMS.T_MSS_MAIN,"FBIHID,FBINCU",CDMS.TMRDDE,"FBIHID,FBINCU","CDMS.T_MSS_MAIN(FBIHID,FBINCU) = CDMS.TMRDDE(FBIHID,FBINCU)",,A,sample_data,verified,"{""sampled"": 10000, ""matched"": 10000, ""match_rate"": 1.0}",evidence P01; bounded read-only validation,
355,PAPERLESS_CDMS,CDMS.T_MSS_SCANRECORD,FMAINID,CDMS.T_MSS_MAIN,FMAINID,CDMS.T_MSS_SCANRECORD(FMAINID) = CDMS.T_MSS_MAIN(FMAINID),,A,sample_data,verified,"{""sampled"": 10000, ""matched"": 10000, ""match_rate"": 1.0}",evidence P02; bounded read-only validation,
356,PAPERLESS_CDMS,CDMS.T_MSS_SCANRECORD,FCATEGORY,CDMS.T_MSS_CATEGORY,FSERIALNUM,CDMS.T_MSS_SCANRECORD(FCATEGORY) = CDMS.T_MSS_CATEGORY(FSERIALNUM),,A,sample_data,verified,"{""sampled"": 10000, ""matched"": 10000, ""match_rate"": 1.0}",evidence P03; bounded read-only validation,
357,PAPERLESS_CDMS,CDMS.T_MSS_SCANRECORD,COLLECTPCID,CDMS.T_MSS_ITFCONFIG,FID,CDMS.T_MSS_SCANRECORD(COLLECTPCID) = CDMS.T_MSS_ITFCONFIG(FID),,C,sample_data,candidate,"{""sampled"": 10000, ""matched"": 0, ""match_rate"": 0.0}",evidence P04; bounded read-only validation,
358,PAPERLESS_CDMS,CDMS.T_MSS_SCANRECORDHISTORY,FMAINID,CDMS.T_MSS_MAIN,FMAINID,CDMS.T_MSS_SCANRECORDHISTORY(FMAINID) = CDMS.T_MSS_MAIN(FMAINID),,C,sample_data,candidate,"{""sampled"": 3230, ""matched"": 0, ""match_rate"": 0.0}",evidence P05; bounded read-only validation,
359,PAPERLESS_CDMS,CDMS.T_MSS_PRINTQUEUEDETAIL,FPRINTLISTQUEUEID,CDMS.T_MSS_PRINTLISTQUEUE,FID,CDMS.T_MSS_PRINTQUEUEDETAIL(FPRINTLISTQUEUEID) = CDMS.T_MSS_PRINTLISTQUEUE(FID),,A,sample_data,verified,"{""sampled"": 10000, ""matched"": 10000, ""match_rate"": 1.0}",evidence P06; bounded read-only validation,
360,PAPERLESS_CDMS,CDMS.T_MSS_PRINTQUEUEDETAIL,FTYPE,CDMS.T_MSS_ITFCONFIG,FID,CDMS.T_MSS_PRINTQUEUEDETAIL(FTYPE) = CDMS.T_MSS_ITFCONFIG(FID),,B,sample_data,partial,"{""sampled"": 10000, ""matched"": 403, ""match_rate"": 0.0403}",evidence P07; bounded read-only validation,
361,PAPERLESS_CDMS,CDMS.T_MSS_PRINTQUEUEDETAIL,COLLECTPCID,CDMS.T_MSS_ITFCONFIG,FID,CDMS.T_MSS_PRINTQUEUEDETAIL(COLLECTPCID) = CDMS.T_MSS_ITFCONFIG(FID),,B,sample_data,partial,"{""sampled"": 10000, ""matched"": 382, ""match_rate"": 0.0382}",evidence P08; bounded read-only validation,
362,PAPERLESS_CDMS,CDMS.T_MSS_COLLECTLIST,MID,CDMS.T_MSS_COLLECTMETHOD,MID,CDMS.T_MSS_COLLECTLIST(MID) = CDMS.T_MSS_COLLECTMETHOD(MID),,A,sample_data,verified,"{""sampled"": 18, ""matched"": 18, ""match_rate"": 1.0}",evidence P09; bounded read-only validation,
363,PAPERLESS_CDMS,CDMS.T_MSS_BBS,FRECORDID,CDMS.T_MSS_SCANRECORD,FRECORDID,CDMS.T_MSS_BBS(FRECORDID) = CDMS.T_MSS_SCANRECORD(FRECORDID),,C,sample_data,candidate,"{""sampled"": 2, ""matched"": 0, ""match_rate"": 0.0}",evidence P10; bounded read-only validation,
364,PAPERLESS_CDMS,CDMS.T_MSS_GROUPLIST,FCATGROUPID,CDMS.T_MSS_CATGROUP,FCATGROUPID,CDMS.T_MSS_GROUPLIST(FCATGROUPID) = CDMS.T_MSS_CATGROUP(FCATGROUPID),,A,sample_data,verified,"{""sampled"": 19, ""matched"": 19, ""match_rate"": 1.0}",evidence P11; bounded read-only validation,
365,PAPERLESS_CDMS,CDMS.T_MSS_COLLECTLOG,CID,CDMS.T_MSS_COLLECTLIST,CID,CDMS.T_MSS_COLLECTLOG(CID) = CDMS.T_MSS_COLLECTLIST(CID),,C,sample_data,candidate,"{""sampled"": 10000, ""matched"": 0, ""match_rate"": 0.0}",evidence P12; bounded read-only validation,
366,PAPERLESS_CDMS,CDMS.T_MSS_AUTHMAPPING,FAUTHORITYID,CDMS.T_MSS_AUTHORITY,FAUTHORITYID,CDMS.T_MSS_AUTHMAPPING(FAUTHORITYID) = CDMS.T_MSS_AUTHORITY(FAUTHORITYID),,B,sample_data,partial,"{""sampled"": 10000, ""matched"": 26, ""match_rate"": 0.0026}",evidence P13; bounded read-only validation,
367,DOCARE,MEDCOMM.MED_IMEDICAL_PERMISSIONS,RESOURCE_ID,MEDCOMM.MED_IMEDICAL_RESOURCES,RESOURCE_ID,MEDCOMM.MED_IMEDICAL_PERMISSIONS(RESOURCE_ID) = MEDCOMM.MED_IMEDICAL_RESOURCES(RESOURCE_ID),,A,declared_foreign_key,verified,,FK_RESOURCE_ID,
368,DOCARE,MEDCOMM.MED_IMEDICAL_RESOURCES,PARENT_ID,MEDCOMM.MED_IMEDICAL_RESOURCES,RESOURCE_ID,MEDCOMM.MED_IMEDICAL_RESOURCES(PARENT_ID) = MEDCOMM.MED_IMEDICAL_RESOURCES(RESOURCE_ID),,A,declared_foreign_key,verified,,FK_PARENT_ID,
369,DOCARE,MEDCOMM.MED_IMEDICAL_ROLES_PERMISSIONS,ROLE_ID,MEDCOMM.MED_IMEDICAL_ROLES,ROLE_ID,MEDCOMM.MED_IMEDICAL_ROLES_PERMISSIONS(ROLE_ID) = MEDCOMM.MED_IMEDICAL_ROLES(ROLE_ID),,A,declared_foreign_key,verified,,FK_ROLE_ID,
370,DOCARE,MEDCOMM.MED_IMEDICAL_USERS_ROLES,ROLE_ID,MEDCOMM.MED_IMEDICAL_ROLES,ROLE_ID,MEDCOMM.MED_IMEDICAL_USERS_ROLES(ROLE_ID) = MEDCOMM.MED_IMEDICAL_ROLES(ROLE_ID),,A,declared_foreign_key,verified,,FK_ROLE_ID1,
371,DOCARE,MEDICU.MED_FLOWCONTROLLER_CONFIG_DATA,ITEM_ID,MEDICU.MED_FLOWCONTROLLER_CONFIG,ITEM_ID,MEDICU.MED_FLOWCONTROLLER_CONFIG_DATA(ITEM_ID) = MEDICU.MED_FLOWCONTROLLER_CONFIG(ITEM_ID),,A,declared_foreign_key,verified,,ITEMDETAILSFOREIGNKEY,
372,DOCARE,MEDCOMM.MED_PAT_VISIT,PATIENT_ID,MEDCOMM.MED_PAT_MASTER_INDEX,PATIENT_ID,MEDCOMM.MED_PAT_VISIT(PATIENT_ID) = MEDCOMM.MED_PAT_MASTER_INDEX(PATIENT_ID),,A,sample_data,verified,"{""sampled"": 10000, ""matched"": 10000, ""match_rate"": 1.0}",evidence D01; bounded read-only validation,
373,DOCARE,MEDSURGERY.MED_OPERATION_SCHEDULE,"PATIENT_ID,VISIT_ID",MEDCOMM.MED_PAT_VISIT,"PATIENT_ID,VISIT_ID","MEDSURGERY.MED_OPERATION_SCHEDULE(PATIENT_ID,VISIT_ID) = MEDCOMM.MED_PAT_VISIT(PATIENT_ID,VISIT_ID)",,B,sample_data,partial,"{""sampled"": 10000, ""matched"": 9800, ""match_rate"": 0.98}",evidence D02; bounded read-only validation,
374,DOCARE,MEDSURGERY.MED_SCHEDULED_OPERATION_NAME,"PATIENT_ID,VISIT_ID,SCHEDULE_ID",MEDSURGERY.MED_OPERATION_SCHEDULE,"PATIENT_ID,VISIT_ID,SCHEDULE_ID","MEDSURGERY.MED_SCHEDULED_OPERATION_NAME(PATIENT_ID,VISIT_ID,SCHEDULE_ID) = MEDSURGERY.MED_OPERATION_SCHEDULE(PATIENT_ID,VISIT_ID,SCHEDULE_ID)",,B,sample_data,partial,"{""sampled"": 10000, ""matched"": 9998, ""match_rate"": 0.9998}",evidence D03; bounded read-only validation,
375,DOCARE,MEDSURGERY.MED_OPERATION_MASTER,"PATIENT_ID,VISIT_ID",MEDCOMM.MED_PAT_VISIT,"PATIENT_ID,VISIT_ID","MEDSURGERY.MED_OPERATION_MASTER(PATIENT_ID,VISIT_ID) = MEDCOMM.MED_PAT_VISIT(PATIENT_ID,VISIT_ID)",,B,sample_data,partial,"{""sampled"": 10000, ""matched"": 9941, ""match_rate"": 0.9941}",evidence D04; bounded read-only validation,
376,DOCARE,MEDSURGERY.MED_OPERATION_NAME,"PATIENT_ID,VISIT_ID,OPER_ID",MEDSURGERY.MED_OPERATION_MASTER,"PATIENT_ID,VISIT_ID,OPER_ID","MEDSURGERY.MED_OPERATION_NAME(PATIENT_ID,VISIT_ID,OPER_ID) = MEDSURGERY.MED_OPERATION_MASTER(PATIENT_ID,VISIT_ID,OPER_ID)",,B,sample_data,partial,"{""sampled"": 10000, ""matched"": 9956, ""match_rate"": 0.9956}",evidence D05; bounded read-only validation,
377,DOCARE,MEDSURGERY.MED_ANESTHESIA_PLAN,"PATIENT_ID,VISIT_ID,OPER_ID",MEDSURGERY.MED_OPERATION_MASTER,"PATIENT_ID,VISIT_ID,OPER_ID","MEDSURGERY.MED_ANESTHESIA_PLAN(PATIENT_ID,VISIT_ID,OPER_ID) = MEDSURGERY.MED_OPERATION_MASTER(PATIENT_ID,VISIT_ID,OPER_ID)",,B,sample_data,partial,"{""sampled"": 10000, ""matched"": 9926, ""match_rate"": 0.9926}",evidence D06; bounded read-only validation,
378,DOCARE,MEDSURGERY.MED_ANESTHESIA_SUMMARY,"PATIENT_ID,VISIT_ID,OPER_ID",MEDSURGERY.MED_OPERATION_MASTER,"PATIENT_ID,VISIT_ID,OPER_ID","MEDSURGERY.MED_ANESTHESIA_SUMMARY(PATIENT_ID,VISIT_ID,OPER_ID) = MEDSURGERY.MED_OPERATION_MASTER(PATIENT_ID,VISIT_ID,OPER_ID)",,B,sample_data,partial,"{""sampled"": 10000, ""matched"": 9996, ""match_rate"": 0.9996}",evidence D07; bounded read-only validation,
379,DOCARE,MEDSURGERY.MED_ANESTHESIA_EVENT,"PATIENT_ID,VISIT_ID,OPER_ID",MEDSURGERY.MED_OPERATION_MASTER,"PATIENT_ID,VISIT_ID,OPER_ID","MEDSURGERY.MED_ANESTHESIA_EVENT(PATIENT_ID,VISIT_ID,OPER_ID) = MEDSURGERY.MED_OPERATION_MASTER(PATIENT_ID,VISIT_ID,OPER_ID)",,A,sample_data,verified,"{""sampled"": 10000, ""matched"": 10000, ""match_rate"": 1.0}",evidence D08; bounded read-only validation,
380,DOCARE,MEDSURGERY.MED_ANESTHESIA_EVENT_BACK,"PATIENT_ID,VISIT_ID,OPER_ID",MEDSURGERY.MED_OPERATION_MASTER,"PATIENT_ID,VISIT_ID,OPER_ID","MEDSURGERY.MED_ANESTHESIA_EVENT_BACK(PATIENT_ID,VISIT_ID,OPER_ID) = MEDSURGERY.MED_OPERATION_MASTER(PATIENT_ID,VISIT_ID,OPER_ID)",,A,sample_data,verified,"{""sampled"": 10000, ""matched"": 10000, ""match_rate"": 1.0}",evidence D09; bounded read-only validation,
381,DOCARE,MEDSURGERY.MED_ANESTHESIA_INPUT_DATA,"PATIENT_ID,VISIT_ID,OPER_ID",MEDSURGERY.MED_OPERATION_MASTER,"PATIENT_ID,VISIT_ID,OPER_ID","MEDSURGERY.MED_ANESTHESIA_INPUT_DATA(PATIENT_ID,VISIT_ID,OPER_ID) = MEDSURGERY.MED_OPERATION_MASTER(PATIENT_ID,VISIT_ID,OPER_ID)",,B,sample_data,partial,"{""sampled"": 10000, ""matched"": 9998, ""match_rate"": 0.9998}",evidence D10; bounded read-only validation,
382,DOCARE,MEDSURGERY.MED_PAT_MONITOR_DATA,"PATIENT_ID,VISIT_ID,OPER_ID",MEDSURGERY.MED_OPERATION_MASTER,"PATIENT_ID,VISIT_ID,OPER_ID","MEDSURGERY.MED_PAT_MONITOR_DATA(PATIENT_ID,VISIT_ID,OPER_ID) = MEDSURGERY.MED_OPERATION_MASTER(PATIENT_ID,VISIT_ID,OPER_ID)",,A,sample_data,verified,"{""sampled"": 10000, ""matched"": 10000, ""match_rate"": 1.0}",evidence D11; bounded read-only validation,
383,DOCARE,MEDSURGERY.MED_PATIENT_MONITOR_DATA,"PATIENT_ID,VISIT_ID,OPER_ID",MEDSURGERY.MED_OPERATION_MASTER,"PATIENT_ID,VISIT_ID,OPER_ID","MEDSURGERY.MED_PATIENT_MONITOR_DATA(PATIENT_ID,VISIT_ID,OPER_ID) = MEDSURGERY.MED_OPERATION_MASTER(PATIENT_ID,VISIT_ID,OPER_ID)",,A,sample_data,verified,"{""sampled"": 10000, ""matched"": 10000, ""match_rate"": 1.0}",evidence D12; bounded read-only validation,
384,DOCARE,MEDSURGERY.MED_PAT_MONITOR_DATA_HISTORY,"PATIENT_ID,VISIT_ID,OPER_ID",MEDSURGERY.MED_OPERATION_MASTER,"PATIENT_ID,VISIT_ID,OPER_ID","MEDSURGERY.MED_PAT_MONITOR_DATA_HISTORY(PATIENT_ID,VISIT_ID,OPER_ID) = MEDSURGERY.MED_OPERATION_MASTER(PATIENT_ID,VISIT_ID,OPER_ID)",,A,sample_data,verified,"{""sampled"": 10000, ""matched"": 10000, ""match_rate"": 1.0}",evidence D13; bounded read-only validation,
385,DOCARE,MEDSURGERY.MED_OPERATION_ANALGESIC,"PATIENT_ID,VISIT_ID,OPER_ID",MEDSURGERY.MED_OPERATION_MASTER,"PATIENT_ID,VISIT_ID,OPER_ID","MEDSURGERY.MED_OPERATION_ANALGESIC(PATIENT_ID,VISIT_ID,OPER_ID) = MEDSURGERY.MED_OPERATION_MASTER(PATIENT_ID,VISIT_ID,OPER_ID)",,B,sample_data,partial,"{""sampled"": 10000, ""matched"": 9999, ""match_rate"": 0.9999}",evidence D14; bounded read-only validation,
386,DOCARE,MEDSURGERY.MED_ANES_OPERHANDOVER,"PATIENT_ID,VISIT_ID,OPER_ID",MEDSURGERY.MED_OPERATION_MASTER,"PATIENT_ID,VISIT_ID,OPER_ID","MEDSURGERY.MED_ANES_OPERHANDOVER(PATIENT_ID,VISIT_ID,OPER_ID) = MEDSURGERY.MED_OPERATION_MASTER(PATIENT_ID,VISIT_ID,OPER_ID)",,B,sample_data,partial,"{""sampled"": 10000, ""matched"": 9999, ""match_rate"": 0.9999}",evidence D15; bounded read-only validation,
387,DOCARE,MEDSURGERY.MED_ANES_DOC_CHECK,"PATIENT_ID,VISIT_ID,OPER_ID",MEDSURGERY.MED_OPERATION_MASTER,"PATIENT_ID,VISIT_ID,OPER_ID","MEDSURGERY.MED_ANES_DOC_CHECK(PATIENT_ID,VISIT_ID,OPER_ID) = MEDSURGERY.MED_OPERATION_MASTER(PATIENT_ID,VISIT_ID,OPER_ID)",,B,sample_data,partial,"{""sampled"": 10000, ""matched"": 9991, ""match_rate"": 0.9991}",evidence D16; bounded read-only validation,
388,LIS_SOURCE,dbo.req_master_pat,barcode,dbo.req_master,barcode,dbo.req_master_pat(barcode) = dbo.req_master(barcode),,A,sample_data,verified,"{""sampled"": 10000, ""matched"": 10000, ""match_rate"": 1.0}",evidence L01; bounded read-only validation,
389,LIS_SOURCE,dbo.req_detail,barcode,dbo.req_master,barcode,dbo.req_detail(barcode) = dbo.req_master(barcode),,B,sample_data,partial,"{""sampled"": 10000, ""matched"": 9998, ""match_rate"": 0.9998}",evidence L02; bounded read-only validation,
390,LIS_SOURCE,dbo.lab_report,reportid,dbo.req_master,report_id,dbo.lab_report(reportid) = dbo.req_master(report_id),,B,sample_data,partial,"{""sampled"": 10000, ""matched"": 9003, ""match_rate"": 0.9003}",evidence L03; bounded read-only validation,
391,LIS_SOURCE,dbo.lab_result,reportid,dbo.lab_report,reportid,dbo.lab_result(reportid) = dbo.lab_report(reportid),,A,sample_data,verified,"{""sampled"": 10000, ""matched"": 10000, ""match_rate"": 1.0}",evidence L04; bounded read-only validation,
392,LIS_SOURCE,dbo.lab_instrdata,reportid,dbo.lab_report,reportid,dbo.lab_instrdata(reportid) = dbo.lab_report(reportid),,B,sample_data,partial,"{""sampled"": 10000, ""matched"": 9982, ""match_rate"": 0.9982}",evidence L05; bounded read-only validation,
393,LIS_SOURCE,dbo.lab_reportlog,reportid,dbo.lab_report,reportid,dbo.lab_reportlog(reportid) = dbo.lab_report(reportid),,B,sample_data,partial,"{""sampled"": 10000, ""matched"": 9889, ""match_rate"": 0.9889}",evidence L06; bounded read-only validation,
394,LIS_SOURCE,dbo.lab_reportlogdetail,rpt_logid,dbo.lab_reportlog,rpt_logid,dbo.lab_reportlogdetail(rpt_logid) = dbo.lab_reportlog(rpt_logid),,A,sample_data,verified,"{""sampled"": 10000, ""matched"": 10000, ""match_rate"": 1.0}",evidence L07; bounded read-only validation,
395,LIS_SOURCE,dbo.bact_sample,barcode,dbo.req_master,barcode,dbo.bact_sample(barcode) = dbo.req_master(barcode),,A,sample_data,verified,"{""sampled"": 10000, ""matched"": 10000, ""match_rate"": 1.0}",evidence L08; bounded read-only validation,
396,LIS_SOURCE,dbo.bact_report,sampleid,dbo.bact_sample,sampleid,dbo.bact_report(sampleid) = dbo.bact_sample(sampleid),,A,sample_data,verified,"{""sampled"": 10000, ""matched"": 10000, ""match_rate"": 1.0}",evidence L09; bounded read-only validation,
397,LIS_SOURCE,dbo.bact_report,reportid,dbo.lab_report,reportid,dbo.bact_report(reportid) = dbo.lab_report(reportid),,A,sample_data,verified,"{""sampled"": 10000, ""matched"": 10000, ""match_rate"": 1.0}",evidence L10; bounded read-only validation,
398,LIS_SOURCE,dbo.bact_culture,sampleid,dbo.bact_sample,sampleid,dbo.bact_culture(sampleid) = dbo.bact_sample(sampleid),,A,sample_data,verified,"{""sampled"": 10000, ""matched"": 10000, ""match_rate"": 1.0}",evidence L11; bounded read-only validation,
399,LIS_SOURCE,dbo.bact_culresult,cultureid,dbo.bact_culture,cultureid,dbo.bact_culresult(cultureid) = dbo.bact_culture(cultureid),,A,sample_data,verified,"{""sampled"": 10000, ""matched"": 10000, ""match_rate"": 1.0}",evidence L12; bounded read-only validation,
400,LIS_SOURCE,dbo.bact_eval,sampleid,dbo.bact_sample,sampleid,dbo.bact_eval(sampleid) = dbo.bact_sample(sampleid),,A,sample_data,verified,"{""sampled"": 10000, ""matched"": 10000, ""match_rate"": 1.0}",evidence L13; bounded read-only validation,
401,LIS_SOURCE,dbo.bact_medresult,evalid,dbo.bact_eval,evalid,dbo.bact_medresult(evalid) = dbo.bact_eval(evalid),,B,sample_data,partial,"{""sampled"": 10000, ""matched"": 9981, ""match_rate"": 0.9981}",evidence L14; bounded read-only validation,
402,LIS_SOURCE,dbo.bact_smear,sampleid,dbo.bact_sample,sampleid,dbo.bact_smear(sampleid) = dbo.bact_sample(sampleid),,A,sample_data,verified,"{""sampled"": 10000, ""matched"": 10000, ""match_rate"": 1.0}",evidence L15; bounded read-only validation,
403,LIS_SOURCE,dbo.bact_smearresult,smearid,dbo.bact_smear,smearid,dbo.bact_smearresult(smearid) = dbo.bact_smear(smearid),,A,sample_data,verified,"{""sampled"": 10000, ""matched"": 10000, ""match_rate"": 1.0}",evidence L16; bounded read-only validation,
404,ULTRASOUND_ENDOSCOPY,MedcareUS.dbo.预约登记,AccessNo,AnyImage.grid.BHosCheckUS,AccessNo,MedcareUS.dbo.预约登记(AccessNo) = AnyImage.grid.BHosCheckUS(AccessNo),,A,sample_data,verified,"{""sampled"": 10000, ""matched"": 10000, ""match_rate"": 1.0}",evidence U01; bounded read-only validation,
405,ULTRASOUND_ENDOSCOPY,MedcareES.dbo.预约登记,AccessionNo,AnyImageSLES.grid.BHosCheckES,AccessNo,MedcareES.dbo.预约登记(AccessionNo) = AnyImageSLES.grid.BHosCheckES(AccessNo),,C,sample_data,candidate,"{""sampled"": 0, ""matched"": 0, ""match_rate"": null}",evidence E01; bounded read-only validation,
406,ULTRASOUND_ENDOSCOPY,MedcareES.dbo.预约登记,AccessionNo,AnyImage.grid.BHosCheckES,AccessNo,MedcareES.dbo.预约登记(AccessionNo) = AnyImage.grid.BHosCheckES(AccessNo),,C,sample_data,candidate,"{""sampled"": 0, ""matched"": 0, ""match_rate"": null}",evidence E02; bounded read-only validation,
407,ULTRASOUND_ENDOSCOPY,AnyImage.grid.BHosCheckUS,MID,AnyImage.grid.BHosPatient,ID,AnyImage.grid.BHosCheckUS(MID) = AnyImage.grid.BHosPatient(ID),,A,sample_data,verified,"{""sampled"": 10000, ""matched"": 10000, ""match_rate"": 1.0}",evidence A01; bounded read-only validation,
408,ULTRASOUND_ENDOSCOPY,AnyImage.grid.BHosCheckES,MID,AnyImage.grid.BHosPatient,ID,AnyImage.grid.BHosCheckES(MID) = AnyImage.grid.BHosPatient(ID),,A,sample_data,verified,"{""sampled"": 10000, ""matched"": 10000, ""match_rate"": 1.0}",evidence A02; bounded read-only validation,
409,ULTRASOUND_ENDOSCOPY,AnyImageSLES.grid.BHosCheckES,MID,AnyImageSLES.grid.BHosPatient,ID,AnyImageSLES.grid.BHosCheckES(MID) = AnyImageSLES.grid.BHosPatient(ID),,A,sample_data,verified,"{""sampled"": 10000, ""matched"": 10000, ""match_rate"": 1.0}",evidence S01; bounded read-only validation,
410,ULTRASOUND_ENDOSCOPY,PacsServer.grid.BHosSeries,StudyID,PacsServer.grid.BHosStudy,ID,PacsServer.grid.BHosSeries(StudyID) = PacsServer.grid.BHosStudy(ID),,A,sample_data,verified,"{""sampled"": 10000, ""matched"": 10000, ""match_rate"": 1.0}",evidence P01; bounded read-only validation,
411,ULTRASOUND_ENDOSCOPY,PacsServer.grid.BHosImages,StudyID,PacsServer.grid.BHosStudy,ID,PacsServer.grid.BHosImages(StudyID) = PacsServer.grid.BHosStudy(ID),,A,sample_data,verified,"{""sampled"": 10000, ""matched"": 10000, ""match_rate"": 1.0}",evidence P02; bounded read-only validation,
412,ULTRASOUND_ENDOSCOPY,PacsServer.grid.BHosImages,SeriesID,PacsServer.grid.BHosSeries,ID,PacsServer.grid.BHosImages(SeriesID) = PacsServer.grid.BHosSeries(ID),,A,sample_data,verified,"{""sampled"": 10000, ""matched"": 10000, ""match_rate"": 1.0}",evidence P03; bounded read-only validation,
413,ULTRASOUND_ENDOSCOPY,MdcArchiveBrowse.dbo.BExamIndex,MID,MdcArchiveBrowse.dbo.BPatientIndex,ID,MdcArchiveBrowse.dbo.BExamIndex(MID) = MdcArchiveBrowse.dbo.BPatientIndex(ID),,A,sample_data,verified,"{""sampled"": 10000, ""matched"": 10000, ""match_rate"": 1.0}",evidence M01; bounded read-only validation,
414,ULTRASOUND_ENDOSCOPY,MdcArchiveBrowse.dbo.BExamDetail,ExamID,MdcArchiveBrowse.dbo.BExamIndex,ID,MdcArchiveBrowse.dbo.BExamDetail(ExamID) = MdcArchiveBrowse.dbo.BExamIndex(ID),,A,sample_data,verified,"{""sampled"": 10000, ""matched"": 10000, ""match_rate"": 1.0}",evidence M02; bounded read-only validation,
415,ULTRASOUND_ENDOSCOPY,MdcArchiveBrowse.dbo.BExamDetail,MID,MdcArchiveBrowse.dbo.BPatientIndex,ID,MdcArchiveBrowse.dbo.BExamDetail(MID) = MdcArchiveBrowse.dbo.BPatientIndex(ID),,A,sample_data,verified,"{""sampled"": 10000, ""matched"": 10000, ""match_rate"": 1.0}",evidence M03; bounded read-only validation,
416,PACS_SOURCE,audit.EventTypeLkup,ETypeGroupID,audit.EventTypeGroup,ETypeGroupID,audit.EventTypeLkup(ETypeGroupID) = audit.EventTypeGroup(ETypeGroupID),,A,declared_foreign_key,verified,,FK_EventTypeLkup_ETypeGroupID,
417,PACS_SOURCE,audit.OperationEvent,ETypeID,audit.EventTypeLkup,ETypeID,audit.OperationEvent(ETypeID) = audit.EventTypeLkup(ETypeID),,A,declared_foreign_key,verified,,FK_OperE_ETypeLkup_ETypeID,
418,PACS_SOURCE,audit.OperationEventProp,OperEID,audit.OperationEvent,OperEID,audit.OperationEventProp(OperEID) = audit.OperationEvent(OperEID),,A,declared_foreign_key,verified,,FK_OperE_OperEProp_OperEID,
419,PACS_SOURCE,audit.SecurityEvent,ETypeID,audit.EventTypeLkup,ETypeID,audit.SecurityEvent(ETypeID) = audit.EventTypeLkup(ETypeID),,A,declared_foreign_key,verified,,FK_SecuE_ETypeLkup_ETypeID,
420,PACS_SOURCE,gecris.DefaultMaterialBundle,BundleID,gecris.MaterialBundleInfo,BundleID,gecris.DefaultMaterialBundle(BundleID) = gecris.MaterialBundleInfo(BundleID),,A,declared_foreign_key,verified,,FK_DMB_MB_BundleID,
421,PACS_SOURCE,gecris.MaterialBundleItem,BundleID,gecris.MaterialBundleInfo,BundleID,gecris.MaterialBundleItem(BundleID) = gecris.MaterialBundleInfo(BundleID),,A,declared_foreign_key,verified,,FK_MBI_B_BundleID,
422,PACS_SOURCE,gecris.MaterialBundleItem,MaterialID,gecris.MaterialInfo,MaterialID,gecris.MaterialBundleItem(MaterialID) = gecris.MaterialInfo(MaterialID),,A,declared_foreign_key,verified,,FK_MBI_C_MaterialID,
423,PACS_SOURCE,gecris.MaterialConsumed,MaterialID,gecris.MaterialInfo,MaterialID,gecris.MaterialConsumed(MaterialID) = gecris.MaterialInfo(MaterialID),,A,declared_foreign_key,verified,,FK_MC_M_MaterialID,
424,PACS_SOURCE,gecris.MaterialInfo,CategoryID,gecris.CategoryInfo,CategoryID,gecris.MaterialInfo(CategoryID) = gecris.CategoryInfo(CategoryID),,A,declared_foreign_key,verified,,FK_Material_Category_id,
425,PACS_SOURCE,gecris.ModalityScheduleRule,modality_schedule_slot_id,gecris.ModalityScheduleSlot,modality_schedule_slot_id,gecris.ModalityScheduleRule(modality_schedule_slot_id) = gecris.ModalityScheduleSlot(modality_schedule_slot_id),,A,declared_foreign_key,verified,,FK_modality_schedule_slot_id,
426,PACS_SOURCE,gecris.OrderInfo,PatientIntraID,gecris.PatientInfo,PatientIntraID,gecris.OrderInfo(PatientIntraID) = gecris.PatientInfo(PatientIntraID),,A,declared_foreign_key,verified,,OrderInfo_ibfk_1,
427,PACS_SOURCE,gecris.PrintTemplateMapping,PrintTemplateID,gecris.PrintTemplate,PrintTemplateID,gecris.PrintTemplateMapping(PrintTemplateID) = gecris.PrintTemplate(PrintTemplateID),,A,declared_foreign_key,verified,,PrintTemplateMapping_ibfk_1,
428,PACS_SOURCE,gecris.RAIEnableStatus,FunctionID,gecris.RAIFunction,FunctionID,gecris.RAIEnableStatus(FunctionID) = gecris.RAIFunction(FunctionID),,A,declared_foreign_key,verified,,PK_FunctionID_RAIEnableStatus_RAIFunction,
429,PACS_SOURCE,gecris.RAIState,FunctionID,gecris.RAIFunction,FunctionID,gecris.RAIState(FunctionID) = gecris.RAIFunction(FunctionID),,A,declared_foreign_key,verified,,PK_FunctionID_RAIState_RAIFunction,
430,PACS_SOURCE,gecris.RTCusColorRule,CusColorID,gecris.RTCusColor,CusColorID,gecris.RTCusColorRule(CusColorID) = gecris.RTCusColor(CusColorID),,A,declared_foreign_key,verified,,FK_RTCC_RTCCR_RTCusColorID,
431,PACS_SOURCE,gecris.StationInfo,scpid,gecris.scpinfo,scpid,gecris.StationInfo(scpid) = gecris.scpinfo(scpid),,A,declared_foreign_key,verified,,StationInfo_ibfk_1,
432,PACS_SOURCE,gecris.configuration_item_value,configuration_item_id,gecris.configuration_item,configuration_item_id,gecris.configuration_item_value(configuration_item_id) = gecris.configuration_item(configuration_item_id),,A,declared_foreign_key,verified,,FK_Reference_configuration_item_value_to_configuration_item,
433,PACS_SOURCE,gecris.qc_check_rule_condition,qc_check_rule_id,gecris.qc_check_rule,qc_check_rule_id,gecris.qc_check_rule_condition(qc_check_rule_id) = gecris.qc_check_rule(qc_check_rule_id),,A,declared_foreign_key,verified,,FK_Reference_qc_check_rule_condition_to_rule,
434,PACS_SOURCE,gecris.ris_configuration_item,configuration_item_id,gecris.configuration_item,configuration_item_id,gecris.ris_configuration_item(configuration_item_id) = gecris.configuration_item(configuration_item_id),,A,declared_foreign_key,verified,,fk_ris_configuration_item_configuration_item,
435,PACS_SOURCE,gecris.xds_association,sharing_task_id,gecris.sharing_task,sharing_task_id,gecris.xds_association(sharing_task_id) = gecris.sharing_task(sharing_task_id),,A,declared_foreign_key,verified,,fk_xds_association_sharing_task,
436,PACS_SOURCE,gecris.xds_document,sharing_task_id,gecris.sharing_task,sharing_task_id,gecris.xds_document(sharing_task_id) = gecris.sharing_task(sharing_task_id),,A,declared_foreign_key,verified,,fk_xds_document_sharing_task,
437,PACS_SOURCE,gecris.xds_folder,sharing_task_id,gecris.sharing_task,sharing_task_id,gecris.xds_folder(sharing_task_id) = gecris.sharing_task(sharing_task_id),,A,declared_foreign_key,verified,,fk_xds_folder_sharing_task,
438,PACS_SOURCE,gecris.xds_submission_set,sharing_task_id,gecris.sharing_task,sharing_task_id,gecris.xds_submission_set(sharing_task_id) = gecris.sharing_task(sharing_task_id),,A,declared_foreign_key,verified,,fk_xds_submission_set_sharing_task,
439,PACS_SOURCE,gecris.OrderInfo,PatientIntraID,gecris.PatientInfo,PatientIntraID,gecris.OrderInfo(PatientIntraID) = gecris.PatientInfo(PatientIntraID),,A,sample_data,verified,"{""sampled"": 10000, ""matched"": 10000, ""match_rate"": 1.0}",evidence P01; bounded read-only validation,
440,PACS_SOURCE,gecris.ExamInfo,PatientIntraID,gecris.PatientInfo,PatientIntraID,gecris.ExamInfo(PatientIntraID) = gecris.PatientInfo(PatientIntraID),,A,sample_data,verified,"{""sampled"": 10000, ""matched"": 10000, ""match_rate"": 1.0}",evidence P02; bounded read-only validation,
441,PACS_SOURCE,gecris.ExamInfo,OrderID,gecris.OrderInfo,OrderID,gecris.ExamInfo(OrderID) = gecris.OrderInfo(OrderID),,A,sample_data,verified,"{""sampled"": 10000, ""matched"": 10000, ""match_rate"": 1.0}",evidence P03; bounded read-only validation,
442,PACS_SOURCE,gecris.ExamInfo,ReportID,gecris.Report,ReportID,gecris.ExamInfo(ReportID) = gecris.Report(ReportID),,B,sample_data,partial,"{""sampled"": 10000, ""matched"": 8874, ""match_rate"": 0.8874}",evidence P04; bounded read-only validation,
443,PACS_SOURCE,gecris.ReportAction,ReportID,gecris.Report,ReportID,gecris.ReportAction(ReportID) = gecris.Report(ReportID),,A,sample_data,verified,"{""sampled"": 10000, ""matched"": 10000, ""match_rate"": 1.0}",evidence P05; bounded read-only validation,
444,PACS_SOURCE,gecris.ReportAction,ReportHistoryID,gecris.ReportHistory,ReportHistoryID,gecris.ReportAction(ReportHistoryID) = gecris.ReportHistory(ReportHistoryID),,A,sample_data,verified,"{""sampled"": 10000, ""matched"": 10000, ""match_rate"": 1.0}",evidence P06; bounded read-only validation,
445,PACS_SOURCE,gecris.ReportParticipant,ReportActionID,gecris.ReportAction,ReportActionID,gecris.ReportParticipant(ReportActionID) = gecris.ReportAction(ReportActionID),,A,sample_data,verified,"{""sampled"": 10000, ""matched"": 10000, ""match_rate"": 1.0}",evidence P07; bounded read-only validation,
446,PACS_SOURCE,gecris.MPPS,ExamID,gecris.ExamInfo,ExamID,gecris.MPPS(ExamID) = gecris.ExamInfo(ExamID),,A,sample_data,verified,"{""sampled"": 10000, ""matched"": 10000, ""match_rate"": 1.0}",evidence P08; bounded read-only validation,
447,PACS_SOURCE,gecris.exam_attach_info,ExamID,gecris.ExamInfo,ExamID,gecris.exam_attach_info(ExamID) = gecris.ExamInfo(ExamID),,A,sample_data,verified,"{""sampled"": 10000, ""matched"": 10000, ""match_rate"": 1.0}",evidence P09; bounded read-only validation,
448,PACS_SOURCE,gecris.pacsstudy,study_instance_uid,gecris.ExamInfo,StudyInstanceUID,gecris.pacsstudy(study_instance_uid) = gecris.ExamInfo(StudyInstanceUID),,B,sample_data,partial,"{""sampled"": 10000, ""matched"": 9639, ""match_rate"": 0.9639}",evidence P10; bounded read-only validation,
449,HIS_SOURCE,MEDREC.PAT_VISIT,PATIENT_ID,MEDREC.PAT_MASTER_INDEX,PATIENT_ID,MEDREC.PAT_VISIT(PATIENT_ID) = MEDREC.PAT_MASTER_INDEX(PATIENT_ID),,A,sample_data,verified,"{""sampled"": 10000, ""matched"": 10000, ""match_rate"": 1.0}",evidence R001; bounded read-only validation,
450,HIS_SOURCE,MEDREC.DIAGNOSIS,"PATIENT_ID,VISIT_ID",MEDREC.PAT_VISIT,"PATIENT_ID,VISIT_ID","MEDREC.DIAGNOSIS(PATIENT_ID,VISIT_ID) = MEDREC.PAT_VISIT(PATIENT_ID,VISIT_ID)",,A,sample_data,verified,"{""sampled"": 10000, ""matched"": 10000, ""match_rate"": 1.0}",evidence R002; bounded read-only validation,
451,HIS_SOURCE,MEDREC.OPERATION,"PATIENT_ID,VISIT_ID",MEDREC.PAT_VISIT,"PATIENT_ID,VISIT_ID","MEDREC.OPERATION(PATIENT_ID,VISIT_ID) = MEDREC.PAT_VISIT(PATIENT_ID,VISIT_ID)",,A,sample_data,verified,"{""sampled"": 10000, ""matched"": 10000, ""match_rate"": 1.0}",evidence R003; bounded read-only validation,
452,HIS_SOURCE,INPADM.PATS_IN_HOSPITAL,"PATIENT_ID,VISIT_ID",MEDREC.PAT_VISIT,"PATIENT_ID,VISIT_ID","INPADM.PATS_IN_HOSPITAL(PATIENT_ID,VISIT_ID) = MEDREC.PAT_VISIT(PATIENT_ID,VISIT_ID)",,B,sample_data,partial,"{""sampled"": 1233, ""matched"": 1231, ""match_rate"": 0.998378}",evidence R004; bounded read-only validation,
453,HIS_SOURCE,INPADM.ADT_LOG,"PATIENT_ID,VISIT_ID",MEDREC.PAT_VISIT,"PATIENT_ID,VISIT_ID","INPADM.ADT_LOG(PATIENT_ID,VISIT_ID) = MEDREC.PAT_VISIT(PATIENT_ID,VISIT_ID)",,A,sample_data,verified,"{""sampled"": 10000, ""matched"": 10000, ""match_rate"": 1.0}",evidence R005; bounded read-only validation,[plan137_conflict_resolution_v1] 137静态复核：正式住院键保持 PATIENT_ID+VISIT_ID；ACTION、科室 CASE 和事件时间逻辑归配方。
454,HIS_SOURCE,ORDADM.ORDERS,"PATIENT_ID,VISIT_ID",MEDREC.PAT_VISIT,"PATIENT_ID,VISIT_ID","ORDADM.ORDERS(PATIENT_ID,VISIT_ID) = MEDREC.PAT_VISIT(PATIENT_ID,VISIT_ID)",,B,sample_data,partial,"{""sampled"": 10000, ""matched"": 9994, ""match_rate"": 0.9994}",evidence R006; bounded read-only validation,[plan137_conflict_resolution_v1] 137静态复核：V_INP_ANTI_ITEMS 的两条记录是 UNION 分支下的医嘱子集证据，不改变正式住院键。
455,HIS_SOURCE,ORDADM.ORDERS_COSTS,"PATIENT_ID,VISIT_ID,ORDER_NO,ORDER_SUB_NO",ORDADM.ORDERS,"PATIENT_ID,VISIT_ID,ORDER_NO,ORDER_SUB_NO","ORDADM.ORDERS_COSTS(PATIENT_ID,VISIT_ID,ORDER_NO,ORDER_SUB_NO) = ORDADM.ORDERS(PATIENT_ID,VISIT_ID,ORDER_NO,ORDER_SUB_NO)",,B,sample_data,partial,"{""sampled"": 10000, ""matched"": 9994, ""match_rate"": 0.9994}",evidence R007; bounded read-only validation,
456,HIS_SOURCE,ORDADM.ORDERS_EXECUTE_DETAILS,"PATIENT_ID,VISIT_ID,ORDER_NO,ORDER_SUB_NO",ORDADM.ORDERS,"PATIENT_ID,VISIT_ID,ORDER_NO,ORDER_SUB_NO","ORDADM.ORDERS_EXECUTE_DETAILS(PATIENT_ID,VISIT_ID,ORDER_NO,ORDER_SUB_NO) = ORDADM.ORDERS(PATIENT_ID,VISIT_ID,ORDER_NO,ORDER_SUB_NO)",,B,sample_data,partial,"{""sampled"": 10000, ""matched"": 9976, ""match_rate"": 0.9976}",evidence R008; bounded read-only validation,
457,HIS_SOURCE,DRUG_USER.INP_ORDER_EXECDATA,"PATIENT_ID,VISIT_ID,ORDER_NO,ORDER_SUB_NO",ORDADM.ORDERS,"PATIENT_ID,VISIT_ID,ORDER_NO,ORDER_SUB_NO","DRUG_USER.INP_ORDER_EXECDATA(PATIENT_ID,VISIT_ID,ORDER_NO,ORDER_SUB_NO) = ORDADM.ORDERS(PATIENT_ID,VISIT_ID,ORDER_NO,ORDER_SUB_NO)",,B,sample_data,partial,"{""sampled"": 10000, ""matched"": 9306, ""match_rate"": 0.9306}",evidence R009; bounded read-only validation,
458,HIS_SOURCE,DRUG_USER.INP_ORDER_EXECDATA,"PATIENT_ID,VISIT_ID,ORDER_NO,ORDER_SUB_NO",DRUG_USER.PHA_INP_REQUEST_DRUG,"PAT_ID,IN_COUNT,MO_ORDER,ORDER_SUB_NO","DRUG_USER.INP_ORDER_EXECDATA(PATIENT_ID,VISIT_ID,ORDER_NO,ORDER_SUB_NO) = DRUG_USER.PHA_INP_REQUEST_DRUG(PAT_ID,IN_COUNT,MO_ORDER,ORDER_SUB_NO)",,B,sample_data,partial,"{""sampled"": 10000, ""matched"": 9305, ""match_rate"": 0.9305}",evidence R010; bounded read-only validation,
459,HIS_SOURCE,LAB.LAB_TEST_MASTER,"PATIENT_ID,VISIT_ID",MEDREC.PAT_VISIT,"PATIENT_ID,VISIT_ID","LAB.LAB_TEST_MASTER(PATIENT_ID,VISIT_ID) = MEDREC.PAT_VISIT(PATIENT_ID,VISIT_ID)",,A,sample_data,verified,"{""sampled"": 10000, ""matched"": 10000, ""match_rate"": 1.0}",evidence R011; bounded read-only validation,[plan137_conflict_resolution_v1] 137静态复核：APP_NO=TEST_NO 是 PAT_VISIT→ORDERS→LAB 三表配方；正式关系继续限非零 VISIT_ID 住院子集。
460,HIS_SOURCE,LAB.LAB_TEST_ITEMS,TEST_NO,LAB.LAB_TEST_MASTER,TEST_NO,LAB.LAB_TEST_ITEMS(TEST_NO) = LAB.LAB_TEST_MASTER(TEST_NO),,A,sample_data,verified,"{""sampled"": 10000, ""matched"": 10000, ""match_rate"": 1.0}",evidence R012; bounded read-only validation,
461,HIS_SOURCE,LAB.LAB_RESULT,TEST_NO,LAB.LAB_TEST_MASTER,TEST_NO,LAB.LAB_RESULT(TEST_NO) = LAB.LAB_TEST_MASTER(TEST_NO),,B,sample_data,partial,"{""sampled"": 10000, ""matched"": 9996, ""match_rate"": 0.9996}",evidence R013; bounded read-only validation,
462,HIS_SOURCE,LAB.LAB_TEST_ITEMS_DETAIL,"TEST_NO,ITEM_NO",LAB.LAB_TEST_ITEMS,"TEST_NO,ITEM_NO","LAB.LAB_TEST_ITEMS_DETAIL(TEST_NO,ITEM_NO) = LAB.LAB_TEST_ITEMS(TEST_NO,ITEM_NO)",,B,sample_data,partial,"{""sampled"": 10000, ""matched"": 9977, ""match_rate"": 0.9977}",evidence R014; bounded read-only validation,
463,HIS_SOURCE,EXAM.EXAM_MASTER,"PATIENT_ID,VISIT_ID",MEDREC.PAT_VISIT,"PATIENT_ID,VISIT_ID","EXAM.EXAM_MASTER(PATIENT_ID,VISIT_ID) = MEDREC.PAT_VISIT(PATIENT_ID,VISIT_ID)",,B,sample_data,partial,"{""sampled"": 10000, ""matched"": 9996, ""match_rate"": 0.9996}",evidence R016; bounded read-only validation,[plan137_conflict_resolution_v1] 137静态复核：APP_NO=EXAM_NO 是 PAT_VISIT→ORDERS→EXAM 三表配方；正式关系继续限非零 VISIT_ID 住院子集。
464,HIS_SOURCE,EXAM.EXAM_REPORT,EXAM_NO,EXAM.EXAM_MASTER,EXAM_NO,EXAM.EXAM_REPORT(EXAM_NO) = EXAM.EXAM_MASTER(EXAM_NO),,A,sample_data,verified,"{""sampled"": 10000, ""matched"": 10000, ""match_rate"": 1.0}",evidence R017; bounded read-only validation,
465,HIS_SOURCE,EXAM.EXAM_ITEMS,EXAM_NO,EXAM.EXAM_MASTER,EXAM_NO,EXAM.EXAM_ITEMS(EXAM_NO) = EXAM.EXAM_MASTER(EXAM_NO),,B,sample_data,partial,"{""sampled"": 10000, ""matched"": 8090, ""match_rate"": 0.809}",evidence R018; bounded read-only validation,
466,HIS_SOURCE,EXAM.EXAM_BILL_ITEMS,EXAM_NO,EXAM.EXAM_MASTER,EXAM_NO,EXAM.EXAM_BILL_ITEMS(EXAM_NO) = EXAM.EXAM_MASTER(EXAM_NO),,B,sample_data,partial,"{""sampled"": 10000, ""matched"": 9994, ""match_rate"": 0.9994}",evidence R019; bounded read-only validation,
467,HIS_SOURCE,INPBILL.INP_SETTLE_MASTER,"PATIENT_ID,VISIT_ID",MEDREC.PAT_VISIT,"PATIENT_ID,VISIT_ID","INPBILL.INP_SETTLE_MASTER(PATIENT_ID,VISIT_ID) = MEDREC.PAT_VISIT(PATIENT_ID,VISIT_ID)",,A,sample_data,verified,"{""sampled"": 10000, ""matched"": 10000, ""match_rate"": 1.0}",evidence R021; bounded read-only validation,
468,HIS_SOURCE,INPBILL.INP_BILL_DETAIL,"PATIENT_ID,VISIT_ID",MEDREC.PAT_VISIT,"PATIENT_ID,VISIT_ID","INPBILL.INP_BILL_DETAIL(PATIENT_ID,VISIT_ID) = MEDREC.PAT_VISIT(PATIENT_ID,VISIT_ID)",,A,sample_data,verified,"{""sampled"": 10000, ""matched"": 10000, ""match_rate"": 1.0}",evidence R022; bounded read-only validation,
469,HIS_SOURCE,INPBILL.INP_BILL_DETAIL,RCPT_NO,INPBILL.INP_SETTLE_MASTER,RCPT_NO,INPBILL.INP_BILL_DETAIL(RCPT_NO) = INPBILL.INP_SETTLE_MASTER(RCPT_NO),,B,sample_data,partial,"{""sampled"": 10000, ""matched"": 9984, ""match_rate"": 0.9984}",evidence R023; bounded read-only validation,
470,HIS_SOURCE,INPBILL.PREPAYMENT_RCPT,PATIENT_ID,MEDREC.PAT_MASTER_INDEX,PATIENT_ID,INPBILL.PREPAYMENT_RCPT(PATIENT_ID) = MEDREC.PAT_MASTER_INDEX(PATIENT_ID),,A,sample_data,verified,"{""sampled"": 10000, ""matched"": 10000, ""match_rate"": 1.0}",evidence R024; bounded read-only validation,
471,HIS_SOURCE,INPBILL.PREPAYMENT_RCPT,"PATIENT_ID,VISIT_ID",MEDREC.PAT_VISIT,"PATIENT_ID,VISIT_ID","INPBILL.PREPAYMENT_RCPT(PATIENT_ID,VISIT_ID) = MEDREC.PAT_VISIT(PATIENT_ID,VISIT_ID)",,B,sample_data,partial,"{""sampled"": 10000, ""matched"": 9984, ""match_rate"": 0.9984}",evidence R025; bounded read-only validation,
472,HIS_SOURCE,INPBILL.PREPAYMENT_RCPT,REFUNDED_RCPT_NO,INPBILL.PREPAYMENT_RCPT,RCPT_NO,INPBILL.PREPAYMENT_RCPT(REFUNDED_RCPT_NO) = INPBILL.PREPAYMENT_RCPT(RCPT_NO),,B,sample_data,partial,"{""sampled"": 6781, ""matched"": 6780, ""match_rate"": 0.999853}",evidence R026; bounded read-only validation,
473,HIS_SOURCE,OUTPADM.CLINIC_MASTER,PATIENT_ID,MEDREC.PAT_MASTER_INDEX,PATIENT_ID,OUTPADM.CLINIC_MASTER(PATIENT_ID) = MEDREC.PAT_MASTER_INDEX(PATIENT_ID),,A,sample_data,verified,"{""sampled"": 10000, ""matched"": 10000, ""match_rate"": 1.0}",evidence R027; bounded read-only validation,
474,HIS_SOURCE,OUTPBILL.OUTP_BILL_ITEMS,RCPT_NO,OUTPBILL.OUTP_RCPT_MASTER,RCPT_NO,OUTPBILL.OUTP_BILL_ITEMS(RCPT_NO) = OUTPBILL.OUTP_RCPT_MASTER(RCPT_NO),,A,sample_data,verified,"{""sampled"": 10000, ""matched"": 10000, ""match_rate"": 1.0}",evidence R028; bounded read-only validation,
475,HIS_SOURCE,OUTPBILL.OUTP_RCPT_MASTER,PATIENT_ID,MEDREC.PAT_MASTER_INDEX,PATIENT_ID,OUTPBILL.OUTP_RCPT_MASTER(PATIENT_ID) = MEDREC.PAT_MASTER_INDEX(PATIENT_ID),,B,sample_data,partial,"{""sampled"": 10000, ""matched"": 9994, ""match_rate"": 0.9994}",evidence R029; bounded read-only validation,
476,HIS_SOURCE,DRUG_USER.PHA_INP_REQUEST_DRUG,"PAT_ID,IN_COUNT",MEDREC.PAT_VISIT,"PATIENT_ID,VISIT_ID","DRUG_USER.PHA_INP_REQUEST_DRUG(PAT_ID,IN_COUNT) = MEDREC.PAT_VISIT(PATIENT_ID,VISIT_ID)",,B,sample_data,partial,"{""sampled"": 10000, ""matched"": 9948, ""match_rate"": 0.9948}",evidence R030; bounded read-only validation,
477,HIS_SOURCE,DRUG_USER.PHA_INP_REQUEST_DRUG,"PAT_ID,IN_COUNT,MO_ORDER,ORDER_SUB_NO",ORDADM.ORDERS,"PATIENT_ID,VISIT_ID,ORDER_NO,ORDER_SUB_NO","DRUG_USER.PHA_INP_REQUEST_DRUG(PAT_ID,IN_COUNT,MO_ORDER,ORDER_SUB_NO) = ORDADM.ORDERS(PATIENT_ID,VISIT_ID,ORDER_NO,ORDER_SUB_NO)",,B,sample_data,partial,"{""sampled"": 10000, ""matched"": 9948, ""match_rate"": 0.9948}",evidence R031; bounded read-only validation,[plan137_conflict_resolution_v1] 137静态复核：8条视图记录合并后均为既有四键映射；拆出的两个二键候选已关闭。
478,HIS_SOURCE,DRUG_USER.PHA_INP_DISPDETAIL,REQUEST_NO,DRUG_USER.PHA_INP_REQUEST_DRUG,REQUEST_NO,DRUG_USER.PHA_INP_DISPDETAIL(REQUEST_NO) = DRUG_USER.PHA_INP_REQUEST_DRUG(REQUEST_NO),,A,sample_data,verified,"{""sampled"": 10000, ""matched"": 10000, ""match_rate"": 1.0}",evidence R032; bounded read-only validation,
479,HIS_SOURCE,DRUG_USER.PHA_CLI_REQUEST_DRUG,PAT_ID,MEDREC.PAT_MASTER_INDEX,PATIENT_ID,DRUG_USER.PHA_CLI_REQUEST_DRUG(PAT_ID) = MEDREC.PAT_MASTER_INDEX(PATIENT_ID),,A,sample_data,verified,"{""sampled"": 10000, ""matched"": 10000, ""match_rate"": 1.0}",evidence R033; bounded read-only validation,
480,HIS_SOURCE_VIEW_LINEAGE,HISUSER.V_EMR_EXAM_IMAGE_PATH,,EXAM.EXAM_REPORT,,view dependency,,B,oracle_data_dictionary,verified_dependency,,ALL_DEPENDENCIES referenced_type=TABLE; not a business foreign key,
481,HIS_SOURCE_VIEW_LINEAGE,HISUSER.V_EMR_EXAM_IMAGE_PATH,,HISUSER.V_EMR_EXAM_IMAGE_REP,,view dependency,,B,oracle_data_dictionary,verified_dependency,,ALL_DEPENDENCIES referenced_type=VIEW; not a business foreign key,
482,HIS_SOURCE_VIEW_LINEAGE,HISUSER.V_EMR_EXAM_IMAGE_REP,,EXAM.EXAM_APPOINTS,,view dependency,,B,oracle_data_dictionary,verified_dependency,,ALL_DEPENDENCIES referenced_type=TABLE; not a business foreign key,
483,HIS_SOURCE_VIEW_LINEAGE,HISUSER.V_EMR_EXAM_IMAGE_REP,,EXAM.EXAM_ITEMS,,view dependency,,B,oracle_data_dictionary,verified_dependency,,ALL_DEPENDENCIES referenced_type=TABLE; not a business foreign key,
484,HIS_SOURCE_VIEW_LINEAGE,HISUSER.V_EMR_EXAM_IMAGE_REP,,EXAM.EXAM_MASTER,,view dependency,,B,oracle_data_dictionary,verified_dependency,,ALL_DEPENDENCIES referenced_type=TABLE; not a business foreign key,
485,HIS_SOURCE_VIEW_LINEAGE,HISUSER.V_EMR_EXAM_IMAGE_REP,,EXAM.EXAM_REPORT,,view dependency,,B,oracle_data_dictionary,verified_dependency,,ALL_DEPENDENCIES referenced_type=TABLE; not a business foreign key,
486,HIS_SOURCE_VIEW_LINEAGE,HISUSER.V_EMR_EXAM_IMAGE_REP,,HISUSER.D07_EXAM_ITEM_MAP,,view dependency,,B,oracle_data_dictionary,verified_dependency,,ALL_DEPENDENCIES referenced_type=TABLE; not a business foreign key,
487,MOBILE_NURSING,MCS_DOC_FORM,PATIENT_UID,INPATIENTS,PAT_INDEX_NO,MCS_DOC_FORM(PATIENT_UID) = INPATIENTS(PAT_INDEX_NO),,A,sample_data,verified,"{""sampled"": 10000, ""matched"": 10000, ""match_rate"": 1.0}",evidence R01; bounded read-only validation,
488,MOBILE_NURSING,MCS_DOC_FORM_RECORDS,FORM_ID,MCS_DOC_FORM,ID,MCS_DOC_FORM_RECORDS(FORM_ID) = MCS_DOC_FORM(ID),,A,sample_data,verified,"{""sampled"": 10000, ""matched"": 10000, ""match_rate"": 1.0}",evidence R02; bounded read-only validation,
489,MOBILE_NURSING,MCS_DOC_FORM,TEMPLATE_CODE,MCS_DOC_TEMPLATE,CODE,MCS_DOC_FORM(TEMPLATE_CODE) = MCS_DOC_TEMPLATE(CODE),,A,sample_data,verified,"{""sampled"": 10000, ""matched"": 10000, ""match_rate"": 1.0}",evidence R03; bounded read-only validation,
490,MOBILE_NURSING,MCS_EVENT_INFO,PATIENT_UID,MCS_HIS_PATIENT,PATIENT_UID,MCS_EVENT_INFO(PATIENT_UID) = MCS_HIS_PATIENT(PATIENT_UID),,C,sample_data,candidate,"{""sampled"": 10000, ""matched"": 0, ""match_rate"": 0.0}",evidence R04; bounded read-only validation,
491,MOBILE_NURSING,MCS_VITAL_INFO,PATIENT_UID,INPATIENTS,PAT_INDEX_NO,MCS_VITAL_INFO(PATIENT_UID) = INPATIENTS(PAT_INDEX_NO),,A,sample_data,verified,"{""sampled"": 10000, ""matched"": 10000, ""match_rate"": 1.0}",evidence R05; bounded read-only validation,
492,MOBILE_NURSING,MCS_DIABETES_ASSESS_S,XFORM_SOURCE_ID,MCS_DIABETES_ASSESS,ID,MCS_DIABETES_ASSESS_S(XFORM_SOURCE_ID) = MCS_DIABETES_ASSESS(ID),,A,sample_data,verified,"{""sampled"": 9, ""matched"": 9, ""match_rate"": 1.0}",evidence R06; bounded read-only validation,
493,MOBILE_NURSING,MCS_PICC_CATHETERIZATION_S,XFORM_SOURCE_ID,MCS_PICC_CATHETERIZATION,ID,MCS_PICC_CATHETERIZATION_S(XFORM_SOURCE_ID) = MCS_PICC_CATHETERIZATION(ID),,A,sample_data,verified,"{""sampled"": 3, ""matched"": 3, ""match_rate"": 1.0}",evidence R07; bounded read-only validation,
494,MOBILE_NURSING,MCS_PICC_COMPLICATION_S,XFORM_SOURCE_ID,MCS_PICC_COMPLICATION,ID,MCS_PICC_COMPLICATION_S(XFORM_SOURCE_ID) = MCS_PICC_COMPLICATION(ID),,A,sample_data,verified,"{""sampled"": 2, ""matched"": 2, ""match_rate"": 1.0}",evidence R08; bounded read-only validation,
495,MOBILE_NURSING,MCS_PICC_COMPLICATION,MAINTENANCE_ID,MCS_PICC_MAINTENANCE_RECORD,ID,MCS_PICC_COMPLICATION(MAINTENANCE_ID) = MCS_PICC_MAINTENANCE_RECORD(ID),,A,sample_data,verified,"{""sampled"": 2, ""matched"": 2, ""match_rate"": 1.0}",evidence R09; bounded read-only validation,
496,MOBILE_NURSING,MCS_PICC_MAINTENANCE_RECORD,PICC_ID,MCS_PICC_CATHETERIZATION,PICC_ID,MCS_PICC_MAINTENANCE_RECORD(PICC_ID) = MCS_PICC_CATHETERIZATION(PICC_ID),,A,sample_data,verified,"{""sampled"": 2, ""matched"": 2, ""match_rate"": 1.0}",evidence R10; bounded read-only validation,
497,MOBILE_NURSING,MCS_PICC_ASSESSMENT_S_PICC,XFORM_SOURCE_ID,MCS_PICC_ASSESSMENT,ID,MCS_PICC_ASSESSMENT_S_PICC(XFORM_SOURCE_ID) = MCS_PICC_ASSESSMENT(ID),,A,sample_data,verified,"{""sampled"": 2, ""matched"": 2, ""match_rate"": 1.0}",evidence R11; bounded read-only validation,
498,MOBILE_NURSING,MCS_PICC_DROP_TUBE_S,XFORM_SOURCE_ID,MCS_PICC_DROP_TUBE,ID,MCS_PICC_DROP_TUBE_S(XFORM_SOURCE_ID) = MCS_PICC_DROP_TUBE(ID),,A,sample_data,verified,"{""sampled"": 1, ""matched"": 1, ""match_rate"": 1.0}",evidence R12; bounded read-only validation,
499,MOBILE_NURSING,MCS_STOMA_ASSESS_S,XFORM_SOURCE_ID,MCS_STOMA_ASSESS,ID,MCS_STOMA_ASSESS_S(XFORM_SOURCE_ID) = MCS_STOMA_ASSESS(ID),,B,sample_data,partial,"{""sampled"": 6, ""matched"": 4, ""match_rate"": 0.666667}",evidence R13; bounded read-only validation,
500,MOBILE_NURSING,MCS_STOMA_REGISTER_S,XFORM_SOURCE_ID,MCS_STOMA_REGISTER,ID,MCS_STOMA_REGISTER_S(XFORM_SOURCE_ID) = MCS_STOMA_REGISTER(ID),,A,sample_data,verified,"{""sampled"": 10, ""matched"": 10, ""match_rate"": 1.0}",evidence R14; bounded read-only validation,
501,MOBILE_NURSING,MCS_WOUND_ASSESS_S,XFORM_SOURCE_ID,MCS_WOUND_ASSESS,ID,MCS_WOUND_ASSESS_S(XFORM_SOURCE_ID) = MCS_WOUND_ASSESS(ID),,B,sample_data,partial,"{""sampled"": 20, ""matched"": 15, ""match_rate"": 0.75}",evidence R15; bounded read-only validation,
502,MOBILE_NURSING,MCS_WARDREPORT_REPORT_DETAIL,REPORT_ID,MCS_WARDREPORT_REPORT,ID,MCS_WARDREPORT_REPORT_DETAIL(REPORT_ID) = MCS_WARDREPORT_REPORT(ID),,C,sample_data,candidate,"{""sampled"": 0, ""matched"": 0, ""match_rate"": null}",evidence R16; bounded read-only validation,
503,MOBILE_NURSING,MCS_DAILY_SETTLE_DATA,DETAIL_ID,MCS_DAILY_SETTLE_DETAIL,ID,MCS_DAILY_SETTLE_DATA(DETAIL_ID) = MCS_DAILY_SETTLE_DETAIL(ID),,C,sample_data,candidate,"{""sampled"": 0, ""matched"": 0, ""match_rate"": null}",evidence R17; bounded read-only validation,
504,MOBILE_NURSING,MCS_DOC_FORM_RECORDS,PATIENT_UID,INPATIENTS,PAT_INDEX_NO,MCS_DOC_FORM_RECORDS(PATIENT_UID) = INPATIENTS(PAT_INDEX_NO),,A,sample_data,verified,"{""sampled"": 10000, ""matched"": 10000, ""match_rate"": 1.0}",evidence R18; bounded read-only validation,
505,MOBILE_NURSING,MCS_EVENT_INFO,PATIENT_UID,INPATIENTS,PAT_INDEX_NO,MCS_EVENT_INFO(PATIENT_UID) = INPATIENTS(PAT_INDEX_NO),,A,sample_data,verified,"{""sampled"": 10000, ""matched"": 10000, ""match_rate"": 1.0}",evidence R19; bounded read-only validation,
506,MOBILE_NURSING,MCS_HIS_PATIENT,PATIENT_UID,INPATIENTS,PAT_INDEX_NO,MCS_HIS_PATIENT(PATIENT_UID) = INPATIENTS(PAT_INDEX_NO),,C,sample_data,candidate,"{""sampled"": 0, ""matched"": 0, ""match_rate"": null}",evidence R20; bounded read-only validation,
507,REVIEW_SYSTEM_LINEAGE,HRP.EMR_HOS_PRACTITIONER,,V1.3.EMR_HOS_PRACTITIONER_INFORMATION,,physical view maps to logical standard dataset,,A,user_confirmed_2026_07_15,user_confirmed_mapping,,Keep the physical short name; do not rename or modify the HRP source view.,
508,REVIEW_SYSTEM_LINEAGE,rmcloudlis7.dbo.V_EMR_INSPECTION,,ODS.V_EMR_INSPECTION_TEST,,parallel implementations retained for separate review,,A,user_confirmed_2026_07_15,user_confirmed_parallel_sources,,Both implementations are parsed after LIS replacement; this is not a row-level join or reporting-source selection.,
509,REVIEW_SYSTEM_LINEAGE,rmcloudlis7.dbo.V_EMR_INSPECTION_ITEM,,ODS.V_EMR_INSPECTION_ITEM_TEST,,parallel implementations retained for separate review,,A,user_confirmed_2026_07_15,user_confirmed_parallel_sources,,Both implementations are parsed after LIS replacement; this is not a row-level join or reporting-source selection.,
510,REVIEW_SYSTEM_LINEAGE,rmcloudlis7.dbo.V_EMR_INSPECTION_ALLERGY,,ODS.V_EMR_INSPECTION_ALLERGY_TEST,,parallel implementations retained for separate review,,A,user_confirmed_2026_07_15,user_confirmed_parallel_sources,,Both implementations are parsed after LIS replacement; this is not a row-level join or reporting-source selection.,
511,REVIEW_SYSTEM_LINEAGE,rmcloudlis7.dbo.V_EMR_INSPECTION_IMAGE,,ODS.V_EMR_INSPECTION_IMAGE_TEST,,parallel implementations retained for separate review,,A,user_confirmed_2026_07_15,user_confirmed_parallel_sources,,Both implementations are parsed after LIS replacement; this is not a row-level join or reporting-source selection.,
512,REVIEW_SYSTEM_LINEAGE,DOCARE.MED_ANESTHESIA_COMM_DICT,,SM.MED_ANESTHESIA_COMM_DICT,,same-name object synchronized from Docare to data-center SM,,A,user_confirmed_2026_07_15,user_confirmed_sync,,SM is a synchronized subset; Docare is the more complete source. Same-name identity does not imply a business foreign key.,
513,REVIEW_SYSTEM_LINEAGE,DOCARE.MED_ANESTHESIA_EVENT,,SM.MED_ANESTHESIA_EVENT,,same-name object synchronized from Docare to data-center SM,,A,user_confirmed_2026_07_15,user_confirmed_sync,,SM is a synchronized subset; Docare is the more complete source. Same-name identity does not imply a business foreign key.,
514,REVIEW_SYSTEM_LINEAGE,DOCARE.MED_ANESTHESIA_EVENT_OPEN,,SM.MED_ANESTHESIA_EVENT_OPEN,,same-name object synchronized from Docare to data-center SM,,A,user_confirmed_2026_07_15,user_confirmed_sync,,SM is a synchronized subset; Docare is the more complete source. Same-name identity does not imply a business foreign key.,
515,REVIEW_SYSTEM_LINEAGE,DOCARE.MED_ANESTHESIA_INPUT_DICT,,SM.MED_ANESTHESIA_INPUT_DICT,,same-name object synchronized from Docare to data-center SM,,A,user_confirmed_2026_07_15,user_confirmed_sync,,SM is a synchronized subset; Docare is the more complete source. Same-name identity does not imply a business foreign key.,
516,REVIEW_SYSTEM_LINEAGE,DOCARE.MED_ANESTHESIA_INQUIRY,,SM.MED_ANESTHESIA_INQUIRY,,same-name object synchronized from Docare to data-center SM,,A,user_confirmed_2026_07_15,user_confirmed_sync,,SM is a synchronized subset; Docare is the more complete source. Same-name identity does not imply a business foreign key.,
517,REVIEW_SYSTEM_LINEAGE,DOCARE.MED_ANESTHESIA_PLAN,,SM.MED_ANESTHESIA_PLAN,,same-name object synchronized from Docare to data-center SM,,A,user_confirmed_2026_07_15,user_confirmed_sync,,SM is a synchronized subset; Docare is the more complete source. Same-name identity does not imply a business foreign key.,
518,REVIEW_SYSTEM_LINEAGE,DOCARE.MED_ANESTHESIA_SUMMARY,,SM.MED_ANESTHESIA_SUMMARY,,same-name object synchronized from Docare to data-center SM,,A,user_confirmed_2026_07_15,user_confirmed_sync,,SM is a synchronized subset; Docare is the more complete source. Same-name identity does not imply a business foreign key.,
519,REVIEW_SYSTEM_LINEAGE,DOCARE.MED_ANES_DRUG_UNITS_DESC,,SM.MED_ANES_DRUG_UNITS_DESC,,same-name object synchronized from Docare to data-center SM,,A,user_confirmed_2026_07_15,user_confirmed_sync,,SM is a synchronized subset; Docare is the more complete source. Same-name identity does not imply a business foreign key.,
520,REVIEW_SYSTEM_LINEAGE,DOCARE.MED_BLOOD_GAS_DETAIL,,SM.MED_BLOOD_GAS_DETAIL,,same-name object synchronized from Docare to data-center SM,,A,user_confirmed_2026_07_15,user_confirmed_sync,,SM is a synchronized subset; Docare is the more complete source. Same-name identity does not imply a business foreign key.,
521,REVIEW_SYSTEM_LINEAGE,DOCARE.MED_BLOOD_GAS_MASTER,,SM.MED_BLOOD_GAS_MASTER,,same-name object synchronized from Docare to data-center SM,,A,user_confirmed_2026_07_15,user_confirmed_sync,,SM is a synchronized subset; Docare is the more complete source. Same-name identity does not imply a business foreign key.,
522,REVIEW_SYSTEM_LINEAGE,DOCARE.MED_CUSTOM_DATA,,SM.MED_CUSTOM_DATA,,same-name object synchronized from Docare to data-center SM,,A,user_confirmed_2026_07_15,user_confirmed_sync,,SM is a synchronized subset; Docare is the more complete source. Same-name identity does not imply a business foreign key.,
523,REVIEW_SYSTEM_LINEAGE,DOCARE.MED_DEPT_DICT,,SM.MED_DEPT_DICT,,same-name object synchronized from Docare to data-center SM,,A,user_confirmed_2026_07_15,user_confirmed_sync,,SM is a synchronized subset; Docare is the more complete source. Same-name identity does not imply a business foreign key.,
524,REVIEW_SYSTEM_LINEAGE,DOCARE.MED_DIAGNOSIS_DICT,,SM.MED_DIAGNOSIS_DICT,,same-name object synchronized from Docare to data-center SM,,A,user_confirmed_2026_07_15,user_confirmed_sync,,SM is a synchronized subset; Docare is the more complete source. Same-name identity does not imply a business foreign key.,
525,REVIEW_SYSTEM_LINEAGE,DOCARE.MED_EMR_ARCHIVE_DETIAL,,SM.MED_EMR_ARCHIVE_DETIAL,,same-name object synchronized from Docare to data-center SM,,A,user_confirmed_2026_07_15,user_confirmed_sync,,SM is a synchronized subset; Docare is the more complete source. Same-name identity does not imply a business foreign key.,
526,REVIEW_SYSTEM_LINEAGE,DOCARE.MED_OPERATING_ROOM,,SM.MED_OPERATING_ROOM,,same-name object synchronized from Docare to data-center SM,,A,user_confirmed_2026_07_15,user_confirmed_sync,,SM is a synchronized subset; Docare is the more complete source. Same-name identity does not imply a business foreign key.,
527,REVIEW_SYSTEM_LINEAGE,DOCARE.MED_OPERATION_CANCELED,,SM.MED_OPERATION_CANCELED,,same-name object synchronized from Docare to data-center SM,,A,user_confirmed_2026_07_15,user_confirmed_sync,,SM is a synchronized subset; Docare is the more complete source. Same-name identity does not imply a business foreign key.,
528,REVIEW_SYSTEM_LINEAGE,DOCARE.MED_OPERATION_DICT,,SM.MED_OPERATION_DICT,,same-name object synchronized from Docare to data-center SM,,A,user_confirmed_2026_07_15,user_confirmed_sync,,SM is a synchronized subset; Docare is the more complete source. Same-name identity does not imply a business foreign key.,
529,REVIEW_SYSTEM_LINEAGE,DOCARE.MED_OPERATION_MASTER,,SM.MED_OPERATION_MASTER,,same-name object synchronized from Docare to data-center SM,,A,user_confirmed_2026_07_15,user_confirmed_sync,,SM is a synchronized subset; Docare is the more complete source. Same-name identity does not imply a business foreign key.,
530,REVIEW_SYSTEM_LINEAGE,DOCARE.MED_OPERATION_NAME,,SM.MED_OPERATION_NAME,,same-name object synchronized from Docare to data-center SM,,A,user_confirmed_2026_07_15,user_confirmed_sync,,SM is a synchronized subset; Docare is the more complete source. Same-name identity does not imply a business foreign key.,
531,REVIEW_SYSTEM_LINEAGE,DOCARE.MED_OPERATION_NAME_CANCELED,,SM.MED_OPERATION_NAME_CANCELED,,same-name object synchronized from Docare to data-center SM,,A,user_confirmed_2026_07_15,user_confirmed_sync,,SM is a synchronized subset; Docare is the more complete source. Same-name identity does not imply a business foreign key.,
532,REVIEW_SYSTEM_LINEAGE,DOCARE.MED_OPERATION_SCHEDULE,,SM.MED_OPERATION_SCHEDULE,,same-name object synchronized from Docare to data-center SM,,A,user_confirmed_2026_07_15,user_confirmed_sync,,SM is a synchronized subset; Docare is the more complete source. Same-name identity does not imply a business foreign key.,
533,REVIEW_SYSTEM_LINEAGE,DOCARE.MED_PAT_MASTER_INDEX,,SM.MED_PAT_MASTER_INDEX,,same-name object synchronized from Docare to data-center SM,,A,user_confirmed_2026_07_15,user_confirmed_sync,,SM is a synchronized subset; Docare is the more complete source. Same-name identity does not imply a business foreign key.,
534,REVIEW_SYSTEM_LINEAGE,DOCARE.MED_PAT_MONITOR_DATA,,SM.MED_PAT_MONITOR_DATA,,same-name object synchronized from Docare to data-center SM,,A,user_confirmed_2026_07_15,user_confirmed_sync,,SM is a synchronized subset; Docare is the more complete source. Same-name identity does not imply a business foreign key.,
535,REVIEW_SYSTEM_LINEAGE,DOCARE.MED_PAT_MONITOR_DATA_EXT,,SM.MED_PAT_MONITOR_DATA_EXT,,same-name object synchronized from Docare to data-center SM,,A,user_confirmed_2026_07_15,user_confirmed_sync,,SM is a synchronized subset; Docare is the more complete source. Same-name identity does not imply a business foreign key.,
536,REVIEW_SYSTEM_LINEAGE,DOCARE.MED_SCHEDULED_OPERATION_NAME,,SM.MED_SCHEDULED_OPERATION_NAME,,same-name object synchronized from Docare to data-center SM,,A,user_confirmed_2026_07_15,user_confirmed_sync,,SM is a synchronized subset; Docare is the more complete source. Same-name identity does not imply a business foreign key.,
537,,HIS.INP_BILL_DETAIL,PATIENT_ID+VISIT_ID,HIS.PAT_VISIT,PATIENT_ID+VISIT_ID,HIS.INP_BILL_DETAIL.PATIENT_ID = HIS.PAT_VISIT.PATIENT_ID AND HIS.INP_BILL_DETAIL.VISIT_ID = HIS.PAT_VISIT.VISIT_ID,,B,sample_10k,sample_pass,,SQL与数据架构交接文档_20260727 §3.4 候选副本：正式关系已存在（467/472），不重复升。,
538,,HIS.CLINIC_MASTER,PATIENT_ID,HIS.PAT_MASTER_INDEX,PATIENT_ID,HIS.CLINIC_MASTER.PATIENT_ID = HIS.PAT_MASTER_INDEX.PATIENT_ID,,B,sample_10k,sample_pass,,SQL与数据架构交接文档_20260727 §3.4 候选副本：正式关系已存在（467/472），不重复升。,
539,,MEDREC.PAT_VISIT,PATIENT_ID+VISIT_ID,HIS.PAT_VISIT,PATIENT_ID+VISIT_ID,源端 MEDREC.PAT_VISIT → ODS HIS.PAT_VISIT 同名汇聚镜像,,A,,user_confirmed_sync,,人工复核确认：MEDREC.PAT_VISIT → ODS HIS.PAT_VISIT 为同名汇聚镜像，不是业务外键；记为 sync_mapping/user_confirmed_sync。,人工复核确认：MEDREC.PAT_VISIT → ODS HIS.PAT_VISIT 为同名汇聚镜像，不是业务外键；记为 sync_mapping/user_confirmed_sync。
540,,jhemr.diagnosis,PATIENT_ID+VISIT_ID,jhemr.pat_visit,PATIENT_ID+VISIT_ID,jhemr.diagnosis.PATIENT_ID = jhemr.pat_visit.PATIENT_ID AND jhemr.diagnosis.VISIT_ID = jhemr.pat_visit.VISIT_ID,N:1,B,,verified,,嘉和核心表 PATIENT_ID+VISIT_ID 挂 pat_visit；人工复核确认升正式,嘉和核心表 PATIENT_ID+VISIT_ID 挂 pat_visit；人工复核确认升正式
541,,jhemr.operation,PATIENT_ID+VISIT_ID,jhemr.pat_visit,PATIENT_ID+VISIT_ID,jhemr.operation.PATIENT_ID = jhemr.pat_visit.PATIENT_ID AND jhemr.operation.VISIT_ID = jhemr.pat_visit.VISIT_ID,N:1,B,,verified,,嘉和核心表 PATIENT_ID+VISIT_ID 挂 pat_visit；人工复核确认升正式,嘉和核心表 PATIENT_ID+VISIT_ID 挂 pat_visit；人工复核确认升正式
542,,jhemr.grave_ward_detail,PATIENT_ID+VISIT_ID,jhemr.pat_visit,PATIENT_ID+VISIT_ID,jhemr.grave_ward_detail.PATIENT_ID = jhemr.pat_visit.PATIENT_ID AND jhemr.grave_ward_detail.VISIT_ID = jhemr.pat_visit.VISIT_ID,N:1,B,,verified,,嘉和核心表 PATIENT_ID+VISIT_ID 挂 pat_visit；人工复核确认升正式,嘉和核心表 PATIENT_ID+VISIT_ID 挂 pat_visit；人工复核确认升正式
543,,jhemr.emr_treament_apply_master,PATIENT_ID+VISIT_ID,jhemr.pat_visit,PATIENT_ID+VISIT_ID,jhemr.emr_treament_apply_master.PATIENT_ID = jhemr.pat_visit.PATIENT_ID AND jhemr.emr_treament_apply_master.VISIT_ID = jhemr.pat_visit.VISIT_ID,N:1,B,,verified,,嘉和核心表 PATIENT_ID+VISIT_ID 挂 pat_visit；人工复核确认升正式,嘉和核心表 PATIENT_ID+VISIT_ID 挂 pat_visit；人工复核确认升正式
544,,jhemr.jhcriticalvalues,PATIENT_ID+VISIT_ID,jhemr.pat_visit,PATIENT_ID+VISIT_ID,jhemr.jhcriticalvalues.PATIENT_ID = jhemr.pat_visit.PATIENT_ID AND jhemr.jhcriticalvalues.VISIT_ID = jhemr.pat_visit.VISIT_ID,N:1,B,,verified,,嘉和核心表 PATIENT_ID+VISIT_ID 挂 pat_visit；人工复核确认升正式,嘉和核心表 PATIENT_ID+VISIT_ID 挂 pat_visit；人工复核确认升正式
545,,jhemr.jhcdr_inpat_vital_signs,PATIENT_ID+VISIT_ID,jhemr.pat_visit,PATIENT_ID+VISIT_ID,jhemr.jhcdr_inpat_vital_signs.PATIENT_ID = jhemr.pat_visit.PATIENT_ID AND jhemr.jhcdr_inpat_vital_signs.VISIT_ID = jhemr.pat_visit.VISIT_ID,N:1,B,,verified,,嘉和核心表 PATIENT_ID+VISIT_ID 挂 pat_visit；人工复核确认升正式,嘉和核心表 PATIENT_ID+VISIT_ID 挂 pat_visit；人工复核确认升正式
546,,jhemr.emr_first_page_qc_index,PATIENT_ID+VISIT_ID,jhemr.pat_visit,PATIENT_ID+VISIT_ID,jhemr.emr_first_page_qc_index.PATIENT_ID = jhemr.pat_visit.PATIENT_ID AND jhemr.emr_first_page_qc_index.VISIT_ID = jhemr.pat_visit.VISIT_ID,N:1,B,,verified,,嘉和核心表 PATIENT_ID+VISIT_ID 挂 pat_visit；人工复核确认升正式,嘉和核心表 PATIENT_ID+VISIT_ID 挂 pat_visit；人工复核确认升正式
547,,jhemr.emr_mr_borrow,PATIENT_ID+VISIT_ID,jhemr.pat_visit,PATIENT_ID+VISIT_ID,jhemr.emr_mr_borrow.PATIENT_ID = jhemr.pat_visit.PATIENT_ID AND jhemr.emr_mr_borrow.VISIT_ID = jhemr.pat_visit.VISIT_ID,N:1,B,,verified,,嘉和核心表 PATIENT_ID+VISIT_ID 挂 pat_visit；人工复核确认升正式,嘉和核心表 PATIENT_ID+VISIT_ID 挂 pat_visit；人工复核确认升正式
548,,jhemr.jhinpat_diagnose_group,PATIENT_ID+VISIT_ID,jhemr.pat_visit,PATIENT_ID+VISIT_ID,jhemr.jhinpat_diagnose_group.PATIENT_ID = jhemr.pat_visit.PATIENT_ID AND jhemr.jhinpat_diagnose_group.VISIT_ID = jhemr.pat_visit.VISIT_ID,N:1,B,,verified,,嘉和核心表 PATIENT_ID+VISIT_ID 挂 pat_visit；人工复核确认升正式,嘉和核心表 PATIENT_ID+VISIT_ID 挂 pat_visit；人工复核确认升正式
549,,jhemr.jhmr_pat_visit_showinfo,PATIENT_ID+VISIT_ID,jhemr.pat_visit,PATIENT_ID+VISIT_ID,jhemr.jhmr_pat_visit_showinfo.PATIENT_ID = jhemr.pat_visit.PATIENT_ID AND jhemr.jhmr_pat_visit_showinfo.VISIT_ID = jhemr.pat_visit.VISIT_ID,N:1,B,,verified,,嘉和核心表 PATIENT_ID+VISIT_ID 挂 pat_visit；人工复核确认升正式,嘉和核心表 PATIENT_ID+VISIT_ID 挂 pat_visit；人工复核确认升正式
550,,jhemr.emr_pat_ca_index,PATIENT_ID+VISIT_ID,jhemr.pat_visit,PATIENT_ID+VISIT_ID,jhemr.emr_pat_ca_index.PATIENT_ID = jhemr.pat_visit.PATIENT_ID AND jhemr.emr_pat_ca_index.VISIT_ID = jhemr.pat_visit.VISIT_ID,N:1,B,,verified,,嘉和核心表 PATIENT_ID+VISIT_ID 挂 pat_visit；人工复核确认升正式,嘉和核心表 PATIENT_ID+VISIT_ID 挂 pat_visit；人工复核确认升正式
551,,jhemr.pats_in_hospital,PATIENT_ID+VISIT_ID,jhemr.pat_visit,PATIENT_ID+VISIT_ID,jhemr.pats_in_hospital.PATIENT_ID = jhemr.pat_visit.PATIENT_ID AND jhemr.pats_in_hospital.VISIT_ID = jhemr.pat_visit.VISIT_ID,N:1,B,,verified,,嘉和核心表 PATIENT_ID+VISIT_ID 挂 pat_visit；人工复核确认升正式,嘉和核心表 PATIENT_ID+VISIT_ID 挂 pat_visit；人工复核确认升正式
552,,jhemr.jhpa_pat_allergy,PATIENT_ID+VISIT_ID,jhemr.pat_visit,PATIENT_ID+VISIT_ID,jhemr.jhpa_pat_allergy.PATIENT_ID = jhemr.pat_visit.PATIENT_ID AND jhemr.jhpa_pat_allergy.VISIT_ID = jhemr.pat_visit.VISIT_ID,N:1,B,,verified,,嘉和核心表 PATIENT_ID+VISIT_ID 挂 pat_visit；人工复核确认升正式,嘉和核心表 PATIENT_ID+VISIT_ID 挂 pat_visit；人工复核确认升正式
553,检查-住院,HIS.PAT_VISIT,PATIENT_ID|VISIT_ID,HIS.EXAM_MASTER,PATIENT_ID|VISIT_ID,PAT_VISIT.PATIENT_ID=EXAM_MASTER.PATIENT_ID AND PAT_VISIT.VISIT_ID=EXAM_MASTER.VISIT_ID AND EXAM_MASTER.VISIT_ID<>0,one-to-many,A,A,sample_verified,ods_sample=50000; orphan=4; orphan_rate=0.008%,20260814拆分住院检查,仅 VISIT_ID<>0 的检查挂住院；全量混合关系见 rel 14。
554,检查-门诊,HIS.EXAM_MASTER,RCPT_NO,HIS.OUTP_RCPT_MASTER,RCPT_NO,"EXAM_MASTER.RCPT_NO=OUTP_RCPT_MASTER.RCPT_NO AND NVL(EXAM_MASTER.VISIT_ID,0)=0",many-to-one,A,A,sample_verified,ods_sample=50000; orphan=0,20260814拆分门诊检查,VISIT_ID=0/NULL 的检查按收据号挂门诊收据。
555,检验-住院,HIS.PAT_VISIT,PATIENT_ID|VISIT_ID,HIS.LAB_TEST_MASTER,PATIENT_ID|VISIT_ID,PAT_VISIT.PATIENT_ID=LAB_TEST_MASTER.PATIENT_ID AND PAT_VISIT.VISIT_ID=LAB_TEST_MASTER.VISIT_ID AND LAB_TEST_MASTER.VISIT_ID<>0,one-to-many,A,A,sample_verified,ods_sample=50000; orphan=22; orphan_rate=0.044%,20260814拆分住院检验,仅 VISIT_ID<>0 的检验挂住院。
556,检验-门诊,HIS.LAB_TEST_MASTER,RCPT_NO,HIS.OUTP_RCPT_MASTER,RCPT_NO,"LAB_TEST_MASTER.RCPT_NO=OUTP_RCPT_MASTER.RCPT_NO AND NVL(LAB_TEST_MASTER.VISIT_ID,0)=0",many-to-one,A,A,sample_verified,ods_sample=50000; orphan=0,20260814拆分门诊检验,VISIT_ID=0/NULL 的检验按收据号挂门诊收据。
557,住院费用-检验检查,HIS.INP_BILL_DETAIL,OPER_CODE,HIS.ORDERS,APP_NO,INP_BILL_DETAIL.OPER_CODE=ORDERS.APP_NO AND LENGTH(OPER_CODE)>=8,many-to-one,B,B,sample_verified,ods_oper_len>=8 n=5000 miss=98; his_source n=5990 miss=511,20260814用户口径,住院费用明细用 OPER_CODE 挂医嘱检查/检验申请号 APP_NO；短码多为操作员，须 LENGTH>=8。ORDERS_COSTS 本身按医嘱四键挂 ORDERS（formal 454）。
558,门诊费用,HIS.OUTP_ORDER_DESC,VISIT_DATE|VISIT_NO|RCPT_NO,HIS.OUTP_BILL_ITEMS,VISIT_DATE|VISIT_NO|RCPT_NO,OUTP_ORDER_DESC.VISIT_DATE=OUTP_BILL_ITEMS.VISIT_DATE AND VISIT_NO AND RCPT_NO,one-to-many,A,A,sample_verified,ods n=30000->79183 fanout miss=0; his_source n=20000->53202 miss=0,20260814用户口径,门诊开单记录有重复，必须三联键；仅 RCPT_NO 会放大/对错行。
559,门诊费用-检验,HIS.OUTP_BILL_ITEMS,APPOINT_NO|ITEM_NO,HIS.LAB_RESULT,TEST_NO|ITEM_NO,OUTP_BILL_ITEMS.APPOINT_NO=LAB_RESULT.TEST_NO AND ITEM_NO=ITEM_NO,many-to-one,B,B,sample_verified,his_source n=20451 miss=6971 hit=65.9%,20260814用户口径,仅检验收费行成立；全部费用行的 APPOINT_NO 还含检查等，不能当全表关系。LAB_RESULT 须用 TEST_NO 子查询，禁全扫。
560,检查-住院,MEDREC.PAT_VISIT,PATIENT_ID|VISIT_ID,EXAM.EXAM_MASTER,PATIENT_ID|VISIT_ID,PATIENT_ID+VISIT_ID AND EXAM_MASTER.VISIT_ID<>0,one-to-many,A,A,sample_verified,his_source_sample=20000; orphan=4; orphan_rate=0.02%,HISUSER twin of ODS 553; 权威源端,仅非零 VISIT_ID 检查挂住院。HISUSER 20000 样本孤儿 4。
561,检查-门诊,EXAM.EXAM_MASTER,RCPT_NO,OUTPBILL.OUTP_RCPT_MASTER,RCPT_NO,"EXAM_MASTER.RCPT_NO=OUTP_RCPT_MASTER.RCPT_NO AND NVL(VISIT_ID,0)=0",many-to-one,A,A,sample_verified,his_source_sample=20000; orphan=0,HISUSER twin of ODS 554; 权威源端,VISIT_ID=0/NULL 检查按收据号挂门诊收据。HISUSER 20000 样本孤儿 0。
562,检验-住院,MEDREC.PAT_VISIT,PATIENT_ID|VISIT_ID,LAB.LAB_TEST_MASTER,PATIENT_ID|VISIT_ID,PATIENT_ID+VISIT_ID AND LAB_TEST_MASTER.VISIT_ID<>0,one-to-many,A,A,sample_verified,his_source_sample=20000; orphan=7; orphan_rate=0.035%,HISUSER twin of ODS 555; 权威源端,仅非零 VISIT_ID 检验挂住院。HISUSER 20000 样本孤儿 7。
563,检验-门诊,LAB.LAB_TEST_MASTER,RCPT_NO,OUTPBILL.OUTP_RCPT_MASTER,RCPT_NO,"LAB_TEST_MASTER.RCPT_NO=OUTP_RCPT_MASTER.RCPT_NO AND NVL(VISIT_ID,0)=0",many-to-one,A,A,sample_verified,his_source_sample=20000; orphan=0,HISUSER twin of ODS 556; 权威源端,VISIT_ID=0/NULL 检验按收据号挂门诊收据。HISUSER 20000 样本孤儿 0。
564,住院费用-检验检查,INPBILL.INP_BILL_DETAIL,OPER_CODE,ORDADM.ORDERS,APP_NO,INP_BILL_DETAIL.OPER_CODE=ORDERS.APP_NO AND LENGTH(OPER_CODE)>=8,many-to-one,B,B,sample_verified,his_source n=5990 miss=511 hit=91.5%,HISUSER twin of ODS 557; 权威源端,费用 OPER_CODE 挂医嘱申请号；短码多为操作员，不能全表无条件 JOIN。
565,门诊费用,OUTPBILL.OUTP_ORDER_DESC,VISIT_DATE|VISIT_NO|RCPT_NO,OUTPBILL.OUTP_BILL_ITEMS,VISIT_DATE|VISIT_NO|RCPT_NO,VISIT_DATE+VISIT_NO+RCPT_NO,one-to-many,A,A,sample_verified,his_source n=20000 miss=0,HISUSER twin of ODS 558; 权威源端,开单表有重复必须用三联键。
566,门诊费用-检验,OUTPBILL.OUTP_BILL_ITEMS,APPOINT_NO|ITEM_NO,LAB.LAB_RESULT,TEST_NO|ITEM_NO,APPOINT_NO=TEST_NO AND ITEM_NO=ITEM_NO,many-to-one,B,B,sample_verified,his_source n=20451 miss=6971 hit=65.9%,HISUSER twin of ODS 559; 权威源端,仅检验收费行；禁 LAB_RESULT 全扫。
567,诊断,MEDREC.DIAGNOSIS,DIAGNOSIS_TYPE,COMM.DIAGNOSIS_TYPE_DICT,DIAGNOSIS_TYPE_CODE,DIAGNOSIS.DIAGNOSIS_TYPE=DIAGNOSIS_TYPE_DICT.DIAGNOSIS_TYPE_CODE,many-to-one,A,A,sample_verified,his_source_sample=20000; orphan=0,HISUSER twin of ODS 21; 权威源端,诊断类别字典。HISUSER 20000 样本孤儿 0。
568,检验,LAB.LAB_TEST_ITEMS,TEST_NO|ITEM_NO,LAB.LAB_RESULT,TEST_NO|ITEM_NO,LAB_TEST_ITEMS.TEST_NO=LAB_RESULT.TEST_NO AND LAB_TEST_ITEMS.ITEM_NO=LAB_RESULT.ITEM_NO,one-to-many,B,B,sample_verified,his_source result_n=22721 orphan=324 hit=98.57%,HISUSER twin of ODS 18; 权威源端,检验项目到结果复合键。按 TEST_NO 子查询限定，禁 LAB_RESULT 全扫。
569,住院费用,INPBILL.INP_SETTLE_MASTER,PATIENT_ID|VISIT_ID,INPBILL.INP_BILL_DETAIL,PATIENT_ID|VISIT_ID,INP_SETTLE_MASTER.PATIENT_ID=INP_BILL_DETAIL.PATIENT_ID AND INP_SETTLE_MASTER.VISIT_ID=INP_BILL_DETAIL.VISIT_ID,one-to-many,B,B,sample_verified,ods_detail_rows=768942; matched_visit_keys=1996/2000,HISUSER twin of ODS 8; 权威源端,结算主表按就诊键挂费用明细。已有 468 为收据号反向。
2346,CORE2DB,CORE2DB.auth_api_client,USER_ID,CORE2DB.auth_api_userprofile,ID,CORE2DB.auth_api_client(USER_ID) = CORE2DB.auth_api_userprofile(ID),,A,declared_foreign_key,verified,"{""evidence"": ""database_declared_constraint"", ""constraint"": ""auth_api_client_user_id_a2000e49_fk_auth_api_userprofile_id""}",plan139_four_sources_plan139-20260822T000829Z; constraint auth_api_client_user_id_a2000e49_fk_auth_api_userprofile_id,
2347,CORE2DB,CORE2DB.auth_api_userprofile_groups,GROUP_ID,CORE2DB.auth_group,ID,CORE2DB.auth_api_userprofile_groups(GROUP_ID) = CORE2DB.auth_group(ID),,A,declared_foreign_key,verified,"{""evidence"": ""database_declared_constraint"", ""constraint"": ""auth_api_userprofile_groups_group_id_818e1b6b_fk_auth_group_id""}",plan139_four_sources_plan139-20260822T000829Z; constraint auth_api_userprofile_groups_group_id_818e1b6b_fk_auth_group_id,
2348,CORE2DB,CORE2DB.auth_api_userprofile_groups,USERPROFILE_ID,CORE2DB.auth_api_userprofile,ID,CORE2DB.auth_api_userprofile_groups(USERPROFILE_ID) = CORE2DB.auth_api_userprofile(ID),,A,declared_foreign_key,verified,"{""evidence"": ""database_declared_constraint"", ""constraint"": ""auth_api_userprofile_userprofile_id_f39462b4_fk_auth_api_""}",plan139_four_sources_plan139-20260822T000829Z; constraint auth_api_userprofile_userprofile_id_f39462b4_fk_auth_api_,
2349,CORE2DB,CORE2DB.auth_api_userprofile_user_permissions,PERMISSION_ID,CORE2DB.auth_permission,ID,CORE2DB.auth_api_userprofile_user_permissions(PERMISSION_ID) = CORE2DB.auth_permission(ID),,A,declared_foreign_key,verified,"{""evidence"": ""database_declared_constraint"", ""constraint"": ""auth_api_userprofile_permission_id_fb496c35_fk_auth_perm""}",plan139_four_sources_plan139-20260822T000829Z; constraint auth_api_userprofile_permission_id_fb496c35_fk_auth_perm,
2350,CORE2DB,CORE2DB.auth_api_userprofile_user_permissions,USERPROFILE_ID,CORE2DB.auth_api_userprofile,ID,CORE2DB.auth_api_userprofile_user_permissions(USERPROFILE_ID) = CORE2DB.auth_api_userprofile(ID),,A,declared_foreign_key,verified,"{""evidence"": ""database_declared_constraint"", ""constraint"": ""auth_api_userprofile_userprofile_id_969d29f8_fk_auth_api_""}",plan139_four_sources_plan139-20260822T000829Z; constraint auth_api_userprofile_userprofile_id_969d29f8_fk_auth_api_,
2351,CORE2DB,CORE2DB.auth_group_permissions,PERMISSION_ID,CORE2DB.auth_permission,ID,CORE2DB.auth_group_permissions(PERMISSION_ID) = CORE2DB.auth_permission(ID),,A,declared_foreign_key,verified,"{""evidence"": ""database_declared_constraint"", ""constraint"": ""auth_group_permissio_permission_id_84c5c92e_fk_auth_perm""}",plan139_four_sources_plan139-20260822T000829Z; constraint auth_group_permissio_permission_id_84c5c92e_fk_auth_perm,
2352,CORE2DB,CORE2DB.auth_group_permissions,GROUP_ID,CORE2DB.auth_group,ID,CORE2DB.auth_group_permissions(GROUP_ID) = CORE2DB.auth_group(ID),,A,declared_foreign_key,verified,"{""evidence"": ""database_declared_constraint"", ""constraint"": ""auth_group_permissions_group_id_b120cbf9_fk_auth_group_id""}",plan139_four_sources_plan139-20260822T000829Z; constraint auth_group_permissions_group_id_b120cbf9_fk_auth_group_id,
2353,CORE2DB,CORE2DB.auth_permission,CONTENT_TYPE_ID,CORE2DB.django_content_type,ID,CORE2DB.auth_permission(CONTENT_TYPE_ID) = CORE2DB.django_content_type(ID),,A,declared_foreign_key,verified,"{""evidence"": ""database_declared_constraint"", ""constraint"": ""auth_permission_content_type_id_2f476e4b_fk_django_co""}",plan139_four_sources_plan139-20260822T000829Z; constraint auth_permission_content_type_id_2f476e4b_fk_django_co,
2354,CORE2DB,CORE2DB.clinic_api_admissioncard,MEDICAL_RECORDS_ID,CORE2DB.medical_api_medicalrecords,ID,CORE2DB.clinic_api_admissioncard(MEDICAL_RECORDS_ID) = CORE2DB.medical_api_medicalrecords(ID),,A,declared_foreign_key,verified,"{""evidence"": ""database_declared_constraint"", ""constraint"": ""clinic_api_admission_medical_records_id_7cc9e877_fk_medical_a""}",plan139_four_sources_plan139-20260822T000829Z; constraint clinic_api_admission_medical_records_id_7cc9e877_fk_medical_a,
2355,CORE2DB,CORE2DB.clinic_api_admissioncardcontrol,ADMISSION_CARD_ID,CORE2DB.clinic_api_admissioncard,ID,CORE2DB.clinic_api_admissioncardcontrol(ADMISSION_CARD_ID) = CORE2DB.clinic_api_admissioncard(ID),,A,declared_foreign_key,verified,"{""evidence"": ""database_declared_constraint"", ""constraint"": ""clinic_api_admission_admission_card_id_9ef637e9_fk_clinic_ap""}",plan139_four_sources_plan139-20260822T000829Z; constraint clinic_api_admission_admission_card_id_9ef637e9_fk_clinic_ap,
2356,CORE2DB,CORE2DB.clinic_api_admissioncardlist,ADMISSION_CARD_ID,CORE2DB.clinic_api_admissioncard,ID,CORE2DB.clinic_api_admissioncardlist(ADMISSION_CARD_ID) = CORE2DB.clinic_api_admissioncard(ID),,A,declared_foreign_key,verified,"{""evidence"": ""database_declared_constraint"", ""constraint"": ""clinic_api_admission_admission_card_id_046c67a2_fk_clinic_ap""}",plan139_four_sources_plan139-20260822T000829Z; constraint clinic_api_admission_admission_card_id_046c67a2_fk_clinic_ap,
2357,CORE2DB,CORE2DB.clinic_api_admissioncardlist,PRACTITIONER_ID,CORE2DB.data_api_practitioner,ID,CORE2DB.clinic_api_admissioncardlist(PRACTITIONER_ID) = CORE2DB.data_api_practitioner(ID),,A,declared_foreign_key,verified,"{""evidence"": ""database_declared_constraint"", ""constraint"": ""clinic_api_admission_practitioner_id_57f8c596_fk_data_api_""}",plan139_four_sources_plan139-20260822T000829Z; constraint clinic_api_admission_practitioner_id_57f8c596_fk_data_api_,
2358,CORE2DB,CORE2DB.clinic_api_auditoryimplantquestionnaire,MEDICAL_RECORDS_ID,CORE2DB.medical_api_medicalrecords,ID,CORE2DB.clinic_api_auditoryimplantquestionnaire(MEDICAL_RECORDS_ID) = CORE2DB.medical_api_medicalrecords(ID),,A,declared_foreign_key,verified,"{""evidence"": ""database_declared_constraint"", ""constraint"": ""clinic_api_auditoryi_medical_records_id_e478c772_fk_medical_a""}",plan139_four_sources_plan139-20260822T000829Z; constraint clinic_api_auditoryi_medical_records_id_e478c772_fk_medical_a,
2359,CORE2DB,CORE2DB.clinic_api_auditoryimplantquestionnairecontrol,AUDITORY_IMPLANT_QUESTIONNAIRE_ID,CORE2DB.clinic_api_auditoryimplantquestionnaire,ID,CORE2DB.clinic_api_auditoryimplantquestionnairecontrol(AUDITORY_IMPLANT_QUESTIONNAIRE_ID) = CORE2DB.clinic_api_auditoryimplantquestionnaire(ID),,A,declared_foreign_key,verified,"{""evidence"": ""database_declared_constraint"", ""constraint"": ""clinic_api_auditoryi_auditory_implant_que_135f1dd8_fk_clinic_ap""}",plan139_four_sources_plan139-20260822T000829Z; constraint clinic_api_auditoryi_auditory_implant_que_135f1dd8_fk_clinic_ap,
2360,CORE2DB,CORE2DB.clinic_api_auditoryimplantquestionnaireeva,AUDITORY_IMPLANT_QUESTIONNAIRE_EVA_ID,CORE2DB.clinic_api_auditoryimplantquestionnaire,ID,CORE2DB.clinic_api_auditoryimplantquestionnaireeva(AUDITORY_IMPLANT_QUESTIONNAIRE_EVA_ID) = CORE2DB.clinic_api_auditoryimplantquestionnaire(ID),,A,declared_foreign_key,verified,"{""evidence"": ""database_declared_constraint"", ""constraint"": ""clinic_api_auditoryi_auditory_implant_que_06974e96_fk_clinic_ap""}",plan139_four_sources_plan139-20260822T000829Z; constraint clinic_api_auditoryi_auditory_implant_que_06974e96_fk_clinic_ap,
2361,CORE2DB,CORE2DB.clinic_api_auditoryimplantquestionnairehistory,AUDITORY_IMPLANT_QUESTIONNAIRE_HISTORY_ID,CORE2DB.clinic_api_auditoryimplantquestionnaire,ID,CORE2DB.clinic_api_auditoryimplantquestionnairehistory(AUDITORY_IMPLANT_QUESTIONNAIRE_HISTORY_ID) = CORE2DB.clinic_api_auditoryimplantquestionnaire(ID),,A,declared_foreign_key,verified,"{""evidence"": ""database_declared_constraint"", ""constraint"": ""clinic_api_auditoryi_auditory_implant_que_c816627d_fk_clinic_ap""}",plan139_four_sources_plan139-20260822T000829Z; constraint clinic_api_auditoryi_auditory_implant_que_c816627d_fk_clinic_ap,
2362,CORE2DB,CORE2DB.clinic_api_auditoryimplantquestionnairelist,AUDITORY_IMPLANT_QUESTIONNAIRE_ID,CORE2DB.clinic_api_auditoryimplantquestionnaire,ID,CORE2DB.clinic_api_auditoryimplantquestionnairelist(AUDITORY_IMPLANT_QUESTIONNAIRE_ID) = CORE2DB.clinic_api_auditoryimplantquestionnaire(ID),,A,declared_foreign_key,verified,"{""evidence"": ""database_declared_constraint"", ""constraint"": ""clinic_api_auditoryi_auditory_implant_que_0446a049_fk_clinic_ap""}",plan139_four_sources_plan139-20260822T000829Z; constraint clinic_api_auditoryi_auditory_implant_que_0446a049_fk_clinic_ap,
2363,CORE2DB,CORE2DB.clinic_api_auditoryimplantquestionnairelist,PRACTITIONER_ID,CORE2DB.data_api_practitioner,ID,CORE2DB.clinic_api_auditoryimplantquestionnairelist(PRACTITIONER_ID) = CORE2DB.data_api_practitioner(ID),,A,declared_foreign_key,verified,"{""evidence"": ""database_declared_constraint"", ""constraint"": ""clinic_api_auditoryi_practitioner_id_2a5dff3a_fk_data_api_""}",plan139_four_sources_plan139-20260822T000829Z; constraint clinic_api_auditoryi_practitioner_id_2a5dff3a_fk_data_api_,
2364,CORE2DB,CORE2DB.clinic_api_autopsynotice,MEDICAL_RECORDS_ID,CORE2DB.medical_api_medicalrecords,ID,CORE2DB.clinic_api_autopsynotice(MEDICAL_RECORDS_ID) = CORE2DB.medical_api_medicalrecords(ID),,A,declared_foreign_key,verified,"{""evidence"": ""database_declared_constraint"", ""constraint"": ""clinic_api_autopsyno_medical_records_id_3746b3d6_fk_medical_a""}",plan139_four_sources_plan139-20260822T000829Z; constraint clinic_api_autopsyno_medical_records_id_3746b3d6_fk_medical_a,
2365,CORE2DB,CORE2DB.clinic_api_chinafirstoutrecord,MEDICAL_RECORDS_ID,CORE2DB.medical_api_medicalrecords,ID,CORE2DB.clinic_api_chinafirstoutrecord(MEDICAL_RECORDS_ID) = CORE2DB.medical_api_medicalrecords(ID),,A,declared_foreign_key,verified,"{""evidence"": ""database_declared_constraint"", ""constraint"": ""clinic_api_chinafirs_medical_records_id_768f7b20_fk_medical_a""}",plan139_four_sources_plan139-20260822T000829Z; constraint clinic_api_chinafirs_medical_records_id_768f7b20_fk_medical_a,
2366,CORE2DB,CORE2DB.clinic_api_chinafirstoutrecordcontrol,CHINA_FIRST_OUT_RECORD_ID,CORE2DB.clinic_api_chinafirstoutrecord,ID,CORE2DB.clinic_api_chinafirstoutrecordcontrol(CHINA_FIRST_OUT_RECORD_ID) = CORE2DB.clinic_api_chinafirstoutrecord(ID),,A,declared_foreign_key,verified,"{""evidence"": ""database_declared_constraint"", ""constraint"": ""clinic_api_chinafirs_china_first_out_reco_632f10df_fk_clinic_ap""}",plan139_four_sources_plan139-20260822T000829Z; constraint clinic_api_chinafirs_china_first_out_reco_632f10df_fk_clinic_ap,
2367,CORE2DB,CORE2DB.clinic_api_chinafirstoutrecordlist,CHINA_FIRST_OUT_RECORD_ID,CORE2DB.clinic_api_chinafirstoutrecord,ID,CORE2DB.clinic_api_chinafirstoutrecordlist(CHINA_FIRST_OUT_RECORD_ID) = CORE2DB.clinic_api_chinafirstoutrecord(ID),,A,declared_foreign_key,verified,"{""evidence"": ""database_declared_constraint"", ""constraint"": ""clinic_api_chinafirs_china_first_out_reco_90016894_fk_clinic_ap""}",plan139_four_sources_plan139-20260822T000829Z; constraint clinic_api_chinafirs_china_first_out_reco_90016894_fk_clinic_ap,
2368,CORE2DB,CORE2DB.clinic_api_chinafirstoutrecordlist,PRACTITIONER_ID,CORE2DB.data_api_practitioner,ID,CORE2DB.clinic_api_chinafirstoutrecordlist(PRACTITIONER_ID) = CORE2DB.data_api_practitioner(ID),,A,declared_foreign_key,verified,"{""evidence"": ""database_declared_constraint"", ""constraint"": ""clinic_api_chinafirs_practitioner_id_936ff3ed_fk_data_api_""}",plan139_four_sources_plan139-20260822T000829Z; constraint clinic_api_chinafirs_practitioner_id_936ff3ed_fk_data_api_,
2369,CORE2DB,CORE2DB.clinic_api_chinarepeatedoutrecord,MEDICAL_RECORDS_ID,CORE2DB.medical_api_medicalrecords,ID,CORE2DB.clinic_api_chinarepeatedoutrecord(MEDICAL_RECORDS_ID) = CORE2DB.medical_api_medicalrecords(ID),,A,declared_foreign_key,verified,"{""evidence"": ""database_declared_constraint"", ""constraint"": ""clinic_api_chinarepe_medical_records_id_2edad2f0_fk_medical_a""}",plan139_four_sources_plan139-20260822T000829Z; constraint clinic_api_chinarepe_medical_records_id_2edad2f0_fk_medical_a,
2370,CORE2DB,CORE2DB.clinic_api_chinarepeatedoutrecordcontrol,CHINA_REPEATED_OUT_RECORD_ID,CORE2DB.clinic_api_chinarepeatedoutrecord,ID,CORE2DB.clinic_api_chinarepeatedoutrecordcontrol(CHINA_REPEATED_OUT_RECORD_ID) = CORE2DB.clinic_api_chinarepeatedoutrecord(ID),,A,declared_foreign_key,verified,"{""evidence"": ""database_declared_constraint"", ""constraint"": ""clinic_api_chinarepe_china_repeated_out_r_b315921a_fk_clinic_ap""}",plan139_four_sources_plan139-20260822T000829Z; constraint clinic_api_chinarepe_china_repeated_out_r_b315921a_fk_clinic_ap,
2371,CORE2DB,CORE2DB.clinic_api_chinarepeatedoutrecordlist,CHINA_REPEATED_OUT_RECORD_ID,CORE2DB.clinic_api_chinarepeatedoutrecord,ID,CORE2DB.clinic_api_chinarepeatedoutrecordlist(CHINA_REPEATED_OUT_RECORD_ID) = CORE2DB.clinic_api_chinarepeatedoutrecord(ID),,A,declared_foreign_key,verified,"{""evidence"": ""database_declared_constraint"", ""constraint"": ""clinic_api_chinarepe_china_repeated_out_r_8a998c79_fk_clinic_ap""}",plan139_four_sources_plan139-20260822T000829Z; constraint clinic_api_chinarepe_china_repeated_out_r_8a998c79_fk_clinic_ap,
2372,CORE2DB,CORE2DB.clinic_api_chinarepeatedoutrecordlist,PRACTITIONER_ID,CORE2DB.data_api_practitioner,ID,CORE2DB.clinic_api_chinarepeatedoutrecordlist(PRACTITIONER_ID) = CORE2DB.data_api_practitioner(ID),,A,declared_foreign_key,verified,"{""evidence"": ""database_declared_constraint"", ""constraint"": ""clinic_api_chinarepe_practitioner_id_712d1049_fk_data_api_""}",plan139_four_sources_plan139-20260822T000829Z; constraint clinic_api_chinarepe_practitioner_id_712d1049_fk_data_api_,
2373,CORE2DB,CORE2DB.clinic_api_chronicotitismediainquiringsheet,MEDICAL_RECORDS_ID,CORE2DB.medical_api_medicalrecords,ID,CORE2DB.clinic_api_chronicotitismediainquiringsheet(MEDICAL_RECORDS_ID) = CORE2DB.medical_api_medicalrecords(ID),,A,declared_foreign_key,verified,"{""evidence"": ""database_declared_constraint"", ""constraint"": ""clinic_api_chronicot_medical_records_id_beb704e3_fk_medical_a""}",plan139_four_sources_plan139-20260822T000829Z; constraint clinic_api_chronicot_medical_records_id_beb704e3_fk_medical_a,
2374,CORE2DB,CORE2DB.clinic_api_chronicotitismediainquiringsheetcontrol,CHRONIC_OTITIS_MEDIA_INQUIRING_SHEET_ID,CORE2DB.clinic_api_chronicotitismediainquiringsheet,ID,CORE2DB.clinic_api_chronicotitismediainquiringsheetcontrol(CHRONIC_OTITIS_MEDIA_INQUIRING_SHEET_ID) = CORE2DB.clinic_api_chronicotitismediainquiringsheet(ID),,A,declared_foreign_key,verified,"{""evidence"": ""database_declared_constraint"", ""constraint"": ""clinic_api_chronicot_chronic_otitis_media_61b4482a_fk_clinic_ap""}",plan139_four_sources_plan139-20260822T000829Z; constraint clinic_api_chronicot_chronic_otitis_media_61b4482a_fk_clinic_ap,
2375,CORE2DB,CORE2DB.clinic_api_chronicotitismediainquiringsheeteva,CHRONIC_OTITIS_MEDIA_INQUIRING_SHEET_EVA_ID,CORE2DB.clinic_api_chronicotitismediainquiringsheet,ID,CORE2DB.clinic_api_chronicotitismediainquiringsheeteva(CHRONIC_OTITIS_MEDIA_INQUIRING_SHEET_EVA_ID) = CORE2DB.clinic_api_chronicotitismediainquiringsheet(ID),,A,declared_foreign_key,verified,"{""evidence"": ""database_declared_constraint"", ""constraint"": ""clinic_api_chronicot_chronic_otitis_media_e80fba78_fk_clinic_ap""}",plan139_four_sources_plan139-20260822T000829Z; constraint clinic_api_chronicot_chronic_otitis_media_e80fba78_fk_clinic_ap,
2376,CORE2DB,CORE2DB.clinic_api_chronicotitismediainquiringsheethistory,CHRONIC_OTITIS_MEDIA_INQUIRING_SHEET_HISTORY_ID,CORE2DB.clinic_api_chronicotitismediainquiringsheet,ID,CORE2DB.clinic_api_chronicotitismediainquiringsheethistory(CHRONIC_OTITIS_MEDIA_INQUIRING_SHEET_HISTORY_ID) = CORE2DB.clinic_api_chronicotitismediainquiringsheet(ID),,A,declared_foreign_key,verified,"{""evidence"": ""database_declared_constraint"", ""constraint"": ""clinic_api_chronicot_chronic_otitis_media_7e67d571_fk_clinic_ap""}",plan139_four_sources_plan139-20260822T000829Z; constraint clinic_api_chronicot_chronic_otitis_media_7e67d571_fk_clinic_ap,
2377,CORE2DB,CORE2DB.clinic_api_chronicotitismediainquiringsheetlist,CHRONIC_OTITIS_MEDIA_INQUIRING_SHEET_ID,CORE2DB.clinic_api_chronicotitismediainquiringsheet,ID,CORE2DB.clinic_api_chronicotitismediainquiringsheetlist(CHRONIC_OTITIS_MEDIA_INQUIRING_SHEET_ID) = CORE2DB.clinic_api_chronicotitismediainquiringsheet(ID),,A,declared_foreign_key,verified,"{""evidence"": ""database_declared_constraint"", ""constraint"": ""clinic_api_chronicot_chronic_otitis_media_7cc3a7ee_fk_clinic_ap""}",plan139_four_sources_plan139-20260822T000829Z; constraint clinic_api_chronicot_chronic_otitis_media_7cc3a7ee_fk_clinic_ap,
2378,CORE2DB,CORE2DB.clinic_api_chronicotitismediainquiringsheetlist,PRACTITIONER_ID,CORE2DB.data_api_practitioner,ID,CORE2DB.clinic_api_chronicotitismediainquiringsheetlist(PRACTITIONER_ID) = CORE2DB.data_api_practitioner(ID),,A,declared_foreign_key,verified,"{""evidence"": ""database_declared_constraint"", ""constraint"": ""clinic_api_chronicot_practitioner_id_71da5b2f_fk_data_api_""}",plan139_four_sources_plan139-20260822T000829Z; constraint clinic_api_chronicot_practitioner_id_71da5b2f_fk_data_api_,
2379,CORE2DB,CORE2DB.clinic_api_consultationrecord,MEDICAL_RECORDS_ID,CORE2DB.medical_api_medicalrecords,ID,CORE2DB.clinic_api_consultationrecord(MEDICAL_RECORDS_ID) = CORE2DB.medical_api_medicalrecords(ID),,A,declared_foreign_key,verified,"{""evidence"": ""database_declared_constraint"", ""constraint"": ""clinic_api_consultat_medical_records_id_f085405d_fk_medical_a""}",plan139_four_sources_plan139-20260822T000829Z; constraint clinic_api_consultat_medical_records_id_f085405d_fk_medical_a,
2380,CORE2DB,CORE2DB.clinic_api_emergencyfirstoutrecord,MEDICAL_RECORDS_ID,CORE2DB.medical_api_medicalrecords,ID,CORE2DB.clinic_api_emergencyfirstoutrecord(MEDICAL_RECORDS_ID) = CORE2DB.medical_api_medicalrecords(ID),,A,declared_foreign_key,verified,"{""evidence"": ""database_declared_constraint"", ""constraint"": ""clinic_api_emergency_medical_records_id_5fdb1cfe_fk_medical_a""}",plan139_four_sources_plan139-20260822T000829Z; constraint clinic_api_emergency_medical_records_id_5fdb1cfe_fk_medical_a,
2381,CORE2DB,CORE2DB.clinic_api_emergencyfirstoutrecordcontrol,EMERGENCY_FIRST_OUT_RECORD_ID,CORE2DB.clinic_api_emergencyfirstoutrecord,ID,CORE2DB.clinic_api_emergencyfirstoutrecordcontrol(EMERGENCY_FIRST_OUT_RECORD_ID) = CORE2DB.clinic_api_emergencyfirstoutrecord(ID),,A,declared_foreign_key,verified,"{""evidence"": ""database_declared_constraint"", ""constraint"": ""clinic_api_emergency_emergency_first_out__8cb32d7f_fk_clinic_ap""}",plan139_four_sources_plan139-20260822T000829Z; constraint clinic_api_emergency_emergency_first_out__8cb32d7f_fk_clinic_ap,
2382,CORE2DB,CORE2DB.clinic_api_emergencyfirstoutrecordlist,EMERGENCY_FIRST_OUT_RECORD_ID,CORE2DB.clinic_api_emergencyfirstoutrecord,ID,CORE2DB.clinic_api_emergencyfirstoutrecordlist(EMERGENCY_FIRST_OUT_RECORD_ID) = CORE2DB.clinic_api_emergencyfirstoutrecord(ID),,A,declared_foreign_key,verified,"{""evidence"": ""database_declared_constraint"", ""constraint"": ""clinic_api_emergency_emergency_first_out__e2bb4ec7_fk_clinic_ap""}",plan139_four_sources_plan139-20260822T000829Z; constraint clinic_api_emergency_emergency_first_out__e2bb4ec7_fk_clinic_ap,
2383,CORE2DB,CORE2DB.clinic_api_emergencyfirstoutrecordlist,PRACTITIONER_ID,CORE2DB.data_api_practitioner,ID,CORE2DB.clinic_api_emergencyfirstoutrecordlist(PRACTITIONER_ID) = CORE2DB.data_api_practitioner(ID),,A,declared_foreign_key,verified,"{""evidence"": ""database_declared_constraint"", ""constraint"": ""clinic_api_emergency_practitioner_id_9cdad7a4_fk_data_api_""}",plan139_four_sources_plan139-20260822T000829Z; constraint clinic_api_emergency_practitioner_id_9cdad7a4_fk_data_api_,
2384,CORE2DB,CORE2DB.clinic_api_emergencyrepeatedoutrecord,MEDICAL_RECORDS_ID,CORE2DB.medical_api_medicalrecords,ID,CORE2DB.clinic_api_emergencyrepeatedoutrecord(MEDICAL_RECORDS_ID) = CORE2DB.medical_api_medicalrecords(ID),,A,declared_foreign_key,verified,"{""evidence"": ""database_declared_constraint"", ""constraint"": ""clinic_api_emergency_medical_records_id_ed6df95a_fk_medical_a""}",plan139_four_sources_plan139-20260822T000829Z; constraint clinic_api_emergency_medical_records_id_ed6df95a_fk_medical_a,
2385,CORE2DB,CORE2DB.clinic_api_emergencyrepeatedoutrecordcontrol,EMERGENCY_REPEATED_OUT_RECORD_ID,CORE2DB.clinic_api_emergencyrepeatedoutrecord,ID,CORE2DB.clinic_api_emergencyrepeatedoutrecordcontrol(EMERGENCY_REPEATED_OUT_RECORD_ID) = CORE2DB.clinic_api_emergencyrepeatedoutrecord(ID),,A,declared_foreign_key,verified,"{""evidence"": ""database_declared_constraint"", ""constraint"": ""clinic_api_emergency_emergency_repeated_o_6ff62b82_fk_clinic_ap""}",plan139_four_sources_plan139-20260822T000829Z; constraint clinic_api_emergency_emergency_repeated_o_6ff62b82_fk_clinic_ap,
2386,CORE2DB,CORE2DB.clinic_api_emergencyrepeatedoutrecordlist,EMERGENCY_REPEATED_OUT_RECORD_ID,CORE2DB.clinic_api_emergencyrepeatedoutrecord,ID,CORE2DB.clinic_api_emergencyrepeatedoutrecordlist(EMERGENCY_REPEATED_OUT_RECORD_ID) = CORE2DB.clinic_api_emergencyrepeatedoutrecord(ID),,A,declared_foreign_key,verified,"{""evidence"": ""database_declared_constraint"", ""constraint"": ""clinic_api_emergency_emergency_repeated_o_a1529c94_fk_clinic_ap""}",plan139_four_sources_plan139-20260822T000829Z; constraint clinic_api_emergency_emergency_repeated_o_a1529c94_fk_clinic_ap,
2387,CORE2DB,CORE2DB.clinic_api_emergencyrepeatedoutrecordlist,PRACTITIONER_ID,CORE2DB.data_api_practitioner,ID,CORE2DB.clinic_api_emergencyrepeatedoutrecordlist(PRACTITIONER_ID) = CORE2DB.data_api_practitioner(ID),,A,declared_foreign_key,verified,"{""evidence"": ""database_declared_constraint"", ""constraint"": ""clinic_api_emergency_practitioner_id_2dd5578d_fk_data_api_""}",plan139_four_sources_plan139-20260822T000829Z; constraint clinic_api_emergency_practitioner_id_2dd5578d_fk_data_api_,
2388,CORE2DB,CORE2DB.clinic_api_firstoutlockrecord,MEDICAL_RECORDS_ID,CORE2DB.medical_api_medicalrecords,ID,CORE2DB.clinic_api_firstoutlockrecord(MEDICAL_RECORDS_ID) = CORE2DB.medical_api_medicalrecords(ID),,A,declared_foreign_key,verified,"{""evidence"": ""database_declared_constraint"", ""constraint"": ""clinic_api_firstoutl_medical_records_id_60849f94_fk_medical_a""}",plan139_four_sources_plan139-20260822T000829Z; constraint clinic_api_firstoutl_medical_records_id_60849f94_fk_medical_a,
2389,CORE2DB,CORE2DB.clinic_api_firstoutrecord,MEDICAL_RECORDS_ID,CORE2DB.medical_api_medicalrecords,ID,CORE2DB.clinic_api_firstoutrecord(MEDICAL_RECORDS_ID) = CORE2DB.medical_api_medicalrecords(ID),,A,declared_foreign_key,verified,"{""evidence"": ""database_declared_constraint"", ""constraint"": ""clinic_api_firstoutr_medical_records_id_bfdde84a_fk_medical_a""}",plan139_four_sources_plan139-20260822T000829Z; constraint clinic_api_firstoutr_medical_records_id_bfdde84a_fk_medical_a,
2390,CORE2DB,CORE2DB.clinic_api_firstoutrecord_20260702,MEDICAL_RECORDS_ID,CORE2DB.medical_api_medicalrecords,ID,CORE2DB.clinic_api_firstoutrecord_20260702(MEDICAL_RECORDS_ID) = CORE2DB.medical_api_medicalrecords(ID),,A,declared_foreign_key,verified,"{""evidence"": ""database_declared_constraint"", ""constraint"": ""clinic_api_firstoutrecord_20260702_ibfk_1""}",plan139_four_sources_plan139-20260822T000829Z; constraint clinic_api_firstoutrecord_20260702_ibfk_1,
2391,CORE2DB,CORE2DB.clinic_api_firstoutrecord_copy1,MEDICAL_RECORDS_ID,CORE2DB.medical_api_medicalrecords,ID,CORE2DB.clinic_api_firstoutrecord_copy1(MEDICAL_RECORDS_ID) = CORE2DB.medical_api_medicalrecords(ID),,A,declared_foreign_key,verified,"{""evidence"": ""database_declared_constraint"", ""constraint"": ""clinic_api_firstoutrecord_copy1_ibfk_1""}",plan139_four_sources_plan139-20260822T000829Z; constraint clinic_api_firstoutrecord_copy1_ibfk_1,
2392,CORE2DB,CORE2DB.clinic_api_firstoutrecordcontrol,FIRST_OUT_RECORD_ID,CORE2DB.clinic_api_firstoutrecord,ID,CORE2DB.clinic_api_firstoutrecordcontrol(FIRST_OUT_RECORD_ID) = CORE2DB.clinic_api_firstoutrecord(ID),,A,declared_foreign_key,verified,"{""evidence"": ""database_declared_constraint"", ""constraint"": ""clinic_api_firstoutr_first_out_record_id_4ffc961e_fk_clinic_ap""}",plan139_four_sources_plan139-20260822T000829Z; constraint clinic_api_firstoutr_first_out_record_id_4ffc961e_fk_clinic_ap,
2393,CORE2DB,CORE2DB.clinic_api_firstoutrecordlist,FIRST_OUT_RECORD_ID,CORE2DB.clinic_api_firstoutrecord,ID,CORE2DB.clinic_api_firstoutrecordlist(FIRST_OUT_RECORD_ID) = CORE2DB.clinic_api_firstoutrecord(ID),,A,declared_foreign_key,verified,"{""evidence"": ""database_declared_constraint"", ""constraint"": ""clinic_api_firstoutr_first_out_record_id_3a14771b_fk_clinic_ap""}",plan139_four_sources_plan139-20260822T000829Z; constraint clinic_api_firstoutr_first_out_record_id_3a14771b_fk_clinic_ap,
2394,CORE2DB,CORE2DB.clinic_api_firstoutrecordlist,PRACTITIONER_ID,CORE2DB.data_api_practitioner,ID,CORE2DB.clinic_api_firstoutrecordlist(PRACTITIONER_ID) = CORE2DB.data_api_practitioner(ID),,A,declared_foreign_key,verified,"{""evidence"": ""database_declared_constraint"", ""constraint"": ""clinic_api_firstoutr_practitioner_id_377fdef7_fk_data_api_""}",plan139_four_sources_plan139-20260822T000829Z; constraint clinic_api_firstoutr_practitioner_id_377fdef7_fk_data_api_,
2395,CORE2DB,CORE2DB.clinic_api_firstoutrecordvisitone,MEDICAL_RECORDS_ID,CORE2DB.medical_api_medicalrecords,ID,CORE2DB.clinic_api_firstoutrecordvisitone(MEDICAL_RECORDS_ID) = CORE2DB.medical_api_medicalrecords(ID),,A,declared_foreign_key,verified,"{""evidence"": ""database_declared_constraint"", ""constraint"": ""clinic_api_firstoutr_medical_records_id_c278220f_fk_medical_a""}",plan139_four_sources_plan139-20260822T000829Z; constraint clinic_api_firstoutr_medical_records_id_c278220f_fk_medical_a,
2396,CORE2DB,CORE2DB.clinic_api_groupdata,PRACTITIONER_ID,CORE2DB.data_api_practitioner,ID,CORE2DB.clinic_api_groupdata(PRACTITIONER_ID) = CORE2DB.data_api_practitioner(ID),,A,declared_foreign_key,verified,"{""evidence"": ""database_declared_constraint"", ""constraint"": ""clinic_api_groupdata_practitioner_id_8652fcf2_fk_data_api_""}",plan139_four_sources_plan139-20260822T000829Z; constraint clinic_api_groupdata_practitioner_id_8652fcf2_fk_data_api_,
2397,CORE2DB,CORE2DB.clinic_api_headnecktumourspecialcases,MEDICAL_RECORDS_ID,CORE2DB.medical_api_medicalrecords,ID,CORE2DB.clinic_api_headnecktumourspecialcases(MEDICAL_RECORDS_ID) = CORE2DB.medical_api_medicalrecords(ID),,A,declared_foreign_key,verified,"{""evidence"": ""database_declared_constraint"", ""constraint"": ""clinic_api_headneckt_medical_records_id_9f0a32bc_fk_medical_a""}",plan139_four_sources_plan139-20260822T000829Z; constraint clinic_api_headneckt_medical_records_id_9f0a32bc_fk_medical_a,
2398,CORE2DB,CORE2DB.clinic_api_headnecktumourspecialcasescontrol,HEAD_NECK_TUMOUR_SPECIAL_CASES_ID,CORE2DB.clinic_api_headnecktumourspecialcases,ID,CORE2DB.clinic_api_headnecktumourspecialcasescontrol(HEAD_NECK_TUMOUR_SPECIAL_CASES_ID) = CORE2DB.clinic_api_headnecktumourspecialcases(ID),,A,declared_foreign_key,verified,"{""evidence"": ""database_declared_constraint"", ""constraint"": ""clinic_api_headneckt_head_neck_tumour_spe_057226bb_fk_clinic_ap""}",plan139_four_sources_plan139-20260822T000829Z; constraint clinic_api_headneckt_head_neck_tumour_spe_057226bb_fk_clinic_ap,
2399,CORE2DB,CORE2DB.clinic_api_headnecktumourspecialcaseseva,HEAD_NECK_TUMOUR_SPECIAL_CASES_EVA_ID,CORE2DB.clinic_api_headnecktumourspecialcases,ID,CORE2DB.clinic_api_headnecktumourspecialcaseseva(HEAD_NECK_TUMOUR_SPECIAL_CASES_EVA_ID) = CORE2DB.clinic_api_headnecktumourspecialcases(ID),,A,declared_foreign_key,verified,"{""evidence"": ""database_declared_constraint"", ""constraint"": ""clinic_api_headneckt_head_neck_tumour_spe_4e1696a6_fk_clinic_ap""}",plan139_four_sources_plan139-20260822T000829Z; constraint clinic_api_headneckt_head_neck_tumour_spe_4e1696a6_fk_clinic_ap,
2400,CORE2DB,CORE2DB.clinic_api_headnecktumourspecialcaseslist,HEAD_NECK_TUMOUR_SPECIAL_CASES_ID,CORE2DB.clinic_api_headnecktumourspecialcases,ID,CORE2DB.clinic_api_headnecktumourspecialcaseslist(HEAD_NECK_TUMOUR_SPECIAL_CASES_ID) = CORE2DB.clinic_api_headnecktumourspecialcases(ID),,A,declared_foreign_key,verified,"{""evidence"": ""database_declared_constraint"", ""constraint"": ""clinic_api_headneckt_head_neck_tumour_spe_12cdbb32_fk_clinic_ap""}",plan139_four_sources_plan139-20260822T000829Z; constraint clinic_api_headneckt_head_neck_tumour_spe_12cdbb32_fk_clinic_ap,
2401,CORE2DB,CORE2DB.clinic_api_headnecktumourspecialcaseslist,PRACTITIONER_ID,CORE2DB.data_api_practitioner,ID,CORE2DB.clinic_api_headnecktumourspecialcaseslist(PRACTITIONER_ID) = CORE2DB.data_api_practitioner(ID),,A,declared_foreign_key,verified,"{""evidence"": ""database_declared_constraint"", ""constraint"": ""clinic_api_headneckt_practitioner_id_90f1b724_fk_data_api_""}",plan139_four_sources_plan139-20260822T000829Z; constraint clinic_api_headneckt_practitioner_id_90f1b724_fk_data_api_,
2402,CORE2DB,CORE2DB.clinic_api_illnessnotice,MEDICAL_RECORDS_ID,CORE2DB.medical_api_medicalrecords,ID,CORE2DB.clinic_api_illnessnotice(MEDICAL_RECORDS_ID) = CORE2DB.medical_api_medicalrecords(ID),,A,declared_foreign_key,verified,"{""evidence"": ""database_declared_constraint"", ""constraint"": ""clinic_api_illnessno_medical_records_id_e8bcbdd2_fk_medical_a""}",plan139_four_sources_plan139-20260822T000829Z; constraint clinic_api_illnessno_medical_records_id_e8bcbdd2_fk_medical_a,
2403,CORE2DB,CORE2DB.clinic_api_leavetransferrisknotice,MEDICAL_RECORDS_ID,CORE2DB.medical_api_medicalrecords,ID,CORE2DB.clinic_api_leavetransferrisknotice(MEDICAL_RECORDS_ID) = CORE2DB.medical_api_medicalrecords(ID),,A,declared_foreign_key,verified,"{""evidence"": ""database_declared_constraint"", ""constraint"": ""clinic_api_leavetran_medical_records_id_d6b73ae9_fk_medical_a""}",plan139_four_sources_plan139-20260822T000829Z; constraint clinic_api_leavetran_medical_records_id_d6b73ae9_fk_medical_a,
2404,CORE2DB,CORE2DB.clinic_api_multidisciplinaryrecord,MEDICAL_RECORDS_ID,CORE2DB.medical_api_medicalrecords,ID,CORE2DB.clinic_api_multidisciplinaryrecord(MEDICAL_RECORDS_ID) = CORE2DB.medical_api_medicalrecords(ID),,A,declared_foreign_key,verified,"{""evidence"": ""database_declared_constraint"", ""constraint"": ""clinic_api_multidisc_medical_records_id_56317b22_fk_medical_a""}",plan139_four_sources_plan139-20260822T000829Z; constraint clinic_api_multidisc_medical_records_id_56317b22_fk_medical_a,
2405,CORE2DB,CORE2DB.clinic_api_multidisciplinaryrecordcontrol,MULTIDISCIPLINARY_RECORD_ID,CORE2DB.clinic_api_multidisciplinaryrecord,ID,CORE2DB.clinic_api_multidisciplinaryrecordcontrol(MULTIDISCIPLINARY_RECORD_ID) = CORE2DB.clinic_api_multidisciplinaryrecord(ID),,A,declared_foreign_key,verified,"{""evidence"": ""database_declared_constraint"", ""constraint"": ""clinic_api_multidisc_multidisciplinary_re_4ff98370_fk_clinic_ap""}",plan139_four_sources_plan139-20260822T000829Z; constraint clinic_api_multidisc_multidisciplinary_re_4ff98370_fk_clinic_ap,
2406,CORE2DB,CORE2DB.clinic_api_multidisciplinaryrecordlist,MULTIDISCIPLINARY_RECORD_ID,CORE2DB.clinic_api_multidisciplinaryrecord,ID,CORE2DB.clinic_api_multidisciplinaryrecordlist(MULTIDISCIPLINARY_RECORD_ID) = CORE2DB.clinic_api_multidisciplinaryrecord(ID),,A,declared_foreign_key,verified,"{""evidence"": ""database_declared_constraint"", ""constraint"": ""clinic_api_multidisc_multidisciplinary_re_3ee145bf_fk_clinic_ap""}",plan139_four_sources_plan139-20260822T000829Z; constraint clinic_api_multidisc_multidisciplinary_re_3ee145bf_fk_clinic_ap,
2407,CORE2DB,CORE2DB.clinic_api_multidisciplinaryrecordlist,PRACTITIONER_ID,CORE2DB.data_api_practitioner,ID,CORE2DB.clinic_api_multidisciplinaryrecordlist(PRACTITIONER_ID) = CORE2DB.data_api_practitioner(ID),,A,declared_foreign_key,verified,"{""evidence"": ""database_declared_constraint"", ""constraint"": ""clinic_api_multidisc_practitioner_id_6541f24c_fk_data_api_""}",plan139_four_sources_plan139-20260822T000829Z; constraint clinic_api_multidisc_practitioner_id_6541f24c_fk_data_api_,
2408,CORE2DB,CORE2DB.clinic_api_observerecord,OUTPATIENT_DISEASE_COURSE_RECORD_ID,CORE2DB.clinic_api_outpatientdiseasecourserecord,ID,CORE2DB.clinic_api_observerecord(OUTPATIENT_DISEASE_COURSE_RECORD_ID) = CORE2DB.clinic_api_outpatientdiseasecourserecord(ID),,A,declared_foreign_key,verified,"{""evidence"": ""database_declared_constraint"", ""constraint"": ""clinic_api_observere_outpatient_disease_c_3da7e899_fk_clinic_ap""}",plan139_four_sources_plan139-20260822T000829Z; constraint clinic_api_observere_outpatient_disease_c_3da7e899_fk_clinic_ap,
2409,CORE2DB,CORE2DB.clinic_api_observerecordcontrol,OBSERVE_RECORD_ID,CORE2DB.clinic_api_observerecord,ID,CORE2DB.clinic_api_observerecordcontrol(OBSERVE_RECORD_ID) = CORE2DB.clinic_api_observerecord(ID),,A,declared_foreign_key,verified,"{""evidence"": ""database_declared_constraint"", ""constraint"": ""clinic_api_observere_observe_record_id_92e44b0b_fk_clinic_ap""}",plan139_four_sources_plan139-20260822T000829Z; constraint clinic_api_observere_observe_record_id_92e44b0b_fk_clinic_ap,
2410,CORE2DB,CORE2DB.clinic_api_observerecordlist,OBSERVE_RECORD_ID,CORE2DB.clinic_api_observerecord,ID,CORE2DB.clinic_api_observerecordlist(OBSERVE_RECORD_ID) = CORE2DB.clinic_api_observerecord(ID),,A,declared_foreign_key,verified,"{""evidence"": ""database_declared_constraint"", ""constraint"": ""clinic_api_observere_observe_record_id_5d79ee23_fk_clinic_ap""}",plan139_four_sources_plan139-20260822T000829Z; constraint clinic_api_observere_observe_record_id_5d79ee23_fk_clinic_ap,
2411,CORE2DB,CORE2DB.clinic_api_observerecordlist,PRACTITIONER_ID,CORE2DB.data_api_practitioner,ID,CORE2DB.clinic_api_observerecordlist(PRACTITIONER_ID) = CORE2DB.data_api_practitioner(ID),,A,declared_foreign_key,verified,"{""evidence"": ""database_declared_constraint"", ""constraint"": ""clinic_api_observere_practitioner_id_42d8317e_fk_data_api_""}",plan139_four_sources_plan139-20260822T000829Z; constraint clinic_api_observere_practitioner_id_42d8317e_fk_data_api_,
2412,CORE2DB,CORE2DB.clinic_api_outpatientdiseasecourserecord,MEDICAL_RECORDS_ID,CORE2DB.medical_api_medicalrecords,ID,CORE2DB.clinic_api_outpatientdiseasecourserecord(MEDICAL_RECORDS_ID) = CORE2DB.medical_api_medicalrecords(ID),,A,declared_foreign_key,verified,"{""evidence"": ""database_declared_constraint"", ""constraint"": ""clinic_api_outpatien_medical_records_id_d84d6f6a_fk_medical_a""}",plan139_four_sources_plan139-20260822T000829Z; constraint clinic_api_outpatien_medical_records_id_d84d6f6a_fk_medical_a,
2413,CORE2DB,CORE2DB.clinic_api_outpatientdiseasecourserecordcontrol,OUTPATIENT_DISEASE_COURSE_RECORD_ID,CORE2DB.clinic_api_outpatientdiseasecourserecord,ID,CORE2DB.clinic_api_outpatientdiseasecourserecordcontrol(OUTPATIENT_DISEASE_COURSE_RECORD_ID) = CORE2DB.clinic_api_outpatientdiseasecourserecord(ID),,A,declared_foreign_key,verified,"{""evidence"": ""database_declared_constraint"", ""constraint"": ""clinic_api_outpatien_outpatient_disease_c_4598eee8_fk_clinic_ap""}",plan139_four_sources_plan139-20260822T000829Z; constraint clinic_api_outpatien_outpatient_disease_c_4598eee8_fk_clinic_ap,
2414,CORE2DB,CORE2DB.clinic_api_outpatientdiseasecourserecordlist,OUTPATIENT_DISEASE_COURSE_RECORD_ID,CORE2DB.clinic_api_outpatientdiseasecourserecord,ID,CORE2DB.clinic_api_outpatientdiseasecourserecordlist(OUTPATIENT_DISEASE_COURSE_RECORD_ID) = CORE2DB.clinic_api_outpatientdiseasecourserecord(ID),,A,declared_foreign_key,verified,"{""evidence"": ""database_declared_constraint"", ""constraint"": ""clinic_api_outpatien_outpatient_disease_c_b4407bde_fk_clinic_ap""}",plan139_four_sources_plan139-20260822T000829Z; constraint clinic_api_outpatien_outpatient_disease_c_b4407bde_fk_clinic_ap,
2415,CORE2DB,CORE2DB.clinic_api_outpatientdiseasecourserecordlist,PRACTITIONER_ID,CORE2DB.data_api_practitioner,ID,CORE2DB.clinic_api_outpatientdiseasecourserecordlist(PRACTITIONER_ID) = CORE2DB.data_api_practitioner(ID),,A,declared_foreign_key,verified,"{""evidence"": ""database_declared_constraint"", ""constraint"": ""clinic_api_outpatien_practitioner_id_5d1abafa_fk_data_api_""}",plan139_four_sources_plan139-20260822T000829Z; constraint clinic_api_outpatien_practitioner_id_5d1abafa_fk_data_api_,
2416,CORE2DB,CORE2DB.clinic_api_outpatientsalvagerecord,OUTPATIENT_DISEASE_COURSE_RECORD_ID,CORE2DB.clinic_api_outpatientdiseasecourserecord,ID,CORE2DB.clinic_api_outpatientsalvagerecord(OUTPATIENT_DISEASE_COURSE_RECORD_ID) = CORE2DB.clinic_api_outpatientdiseasecourserecord(ID),,A,declared_foreign_key,verified,"{""evidence"": ""database_declared_constraint"", ""constraint"": ""clinic_api_outpatien_outpatient_disease_c_76ba1a6f_fk_clinic_ap""}",plan139_four_sources_plan139-20260822T000829Z; constraint clinic_api_outpatien_outpatient_disease_c_76ba1a6f_fk_clinic_ap,
2417,CORE2DB,CORE2DB.clinic_api_outpatientsalvagerecordcontrol,OUTPATIENT_SALVAGE_RECORD_ID,CORE2DB.clinic_api_outpatientsalvagerecord,ID,CORE2DB.clinic_api_outpatientsalvagerecordcontrol(OUTPATIENT_SALVAGE_RECORD_ID) = CORE2DB.clinic_api_outpatientsalvagerecord(ID),,A,declared_foreign_key,verified,"{""evidence"": ""database_declared_constraint"", ""constraint"": ""clinic_api_outpatien_outpatient_salvage_r_b0576c27_fk_clinic_ap""}",plan139_four_sources_plan139-20260822T000829Z; constraint clinic_api_outpatien_outpatient_salvage_r_b0576c27_fk_clinic_ap,
2418,CORE2DB,CORE2DB.clinic_api_outpatientsalvagerecordlist,OUTPATIENT_SALVAGE_RECORD_ID,CORE2DB.clinic_api_outpatientsalvagerecord,ID,CORE2DB.clinic_api_outpatientsalvagerecordlist(OUTPATIENT_SALVAGE_RECORD_ID) = CORE2DB.clinic_api_outpatientsalvagerecord(ID),,A,declared_foreign_key,verified,"{""evidence"": ""database_declared_constraint"", ""constraint"": ""clinic_api_outpatien_outpatient_salvage_r_37205c78_fk_clinic_ap""}",plan139_four_sources_plan139-20260822T000829Z; constraint clinic_api_outpatien_outpatient_salvage_r_37205c78_fk_clinic_ap,
2419,CORE2DB,CORE2DB.clinic_api_outpatientsalvagerecordlist,PRACTITIONER_ID,CORE2DB.data_api_practitioner,ID,CORE2DB.clinic_api_outpatientsalvagerecordlist(PRACTITIONER_ID) = CORE2DB.data_api_practitioner(ID),,A,declared_foreign_key,verified,"{""evidence"": ""database_declared_constraint"", ""constraint"": ""clinic_api_outpatien_practitioner_id_ce390662_fk_data_api_""}",plan139_four_sources_plan139-20260822T000829Z; constraint clinic_api_outpatien_practitioner_id_ce390662_fk_data_api_,
2420,CORE2DB,CORE2DB.clinic_api_outpatientsurgeryrecordone,MEDICAL_RECORDS_ID,CORE2DB.medical_api_medicalrecords,ID,CORE2DB.clinic_api_outpatientsurgeryrecordone(MEDICAL_RECORDS_ID) = CORE2DB.medical_api_medicalrecords(ID),,A,declared_foreign_key,verified,"{""evidence"": ""database_declared_constraint"", ""constraint"": ""clinic_api_outpatien_medical_records_id_f5792306_fk_medical_a""}",plan139_four_sources_plan139-20260822T000829Z; constraint clinic_api_outpatien_medical_records_id_f5792306_fk_medical_a,
2421,CORE2DB,CORE2DB.clinic_api_outpatientsurgeryrecordtwo,MEDICAL_RECORDS_ID,CORE2DB.medical_api_medicalrecords,ID,CORE2DB.clinic_api_outpatientsurgeryrecordtwo(MEDICAL_RECORDS_ID) = CORE2DB.medical_api_medicalrecords(ID),,A,declared_foreign_key,verified,"{""evidence"": ""database_declared_constraint"", ""constraint"": ""clinic_api_outpatien_medical_records_id_131601d3_fk_medical_a""}",plan139_four_sources_plan139-20260822T000829Z; constraint clinic_api_outpatien_medical_records_id_131601d3_fk_medical_a,
2422,CORE2DB,CORE2DB.clinic_api_outpatientwardroundrecord,OUTPATIENT_DISEASE_COURSE_RECORD_ID,CORE2DB.clinic_api_outpatientdiseasecourserecord,ID,CORE2DB.clinic_api_outpatientwardroundrecord(OUTPATIENT_DISEASE_COURSE_RECORD_ID) = CORE2DB.clinic_api_outpatientdiseasecourserecord(ID),,A,declared_foreign_key,verified,"{""evidence"": ""database_declared_constraint"", ""constraint"": ""clinic_api_outpatien_outpatient_disease_c_f784b09e_fk_clinic_ap""}",plan139_four_sources_plan139-20260822T000829Z; constraint clinic_api_outpatien_outpatient_disease_c_f784b09e_fk_clinic_ap,
2423,CORE2DB,CORE2DB.clinic_api_outpatientwardroundrecordcontrol,OUTPATIENT_WARD_ROUND_RECORD_ID,CORE2DB.clinic_api_outpatientwardroundrecord,ID,CORE2DB.clinic_api_outpatientwardroundrecordcontrol(OUTPATIENT_WARD_ROUND_RECORD_ID) = CORE2DB.clinic_api_outpatientwardroundrecord(ID),,A,declared_foreign_key,verified,"{""evidence"": ""database_declared_constraint"", ""constraint"": ""clinic_api_outpatien_outpatient_ward_roun_a87e1857_fk_clinic_ap""}",plan139_four_sources_plan139-20260822T000829Z; constraint clinic_api_outpatien_outpatient_ward_roun_a87e1857_fk_clinic_ap,
2424,CORE2DB,CORE2DB.clinic_api_outpatientwardroundrecordlist,OUTPATIENT_WARD_ROUND_RECORD_ID,CORE2DB.clinic_api_outpatientwardroundrecord,ID,CORE2DB.clinic_api_outpatientwardroundrecordlist(OUTPATIENT_WARD_ROUND_RECORD_ID) = CORE2DB.clinic_api_outpatientwardroundrecord(ID),,A,declared_foreign_key,verified,"{""evidence"": ""database_declared_constraint"", ""constraint"": ""clinic_api_outpatien_outpatient_ward_roun_cb5412e8_fk_clinic_ap""}",plan139_four_sources_plan139-20260822T000829Z; constraint clinic_api_outpatien_outpatient_ward_roun_cb5412e8_fk_clinic_ap,
2425,CORE2DB,CORE2DB.clinic_api_outpatientwardroundrecordlist,PRACTITIONER_ID,CORE2DB.data_api_practitioner,ID,CORE2DB.clinic_api_outpatientwardroundrecordlist(PRACTITIONER_ID) = CORE2DB.data_api_practitioner(ID),,A,declared_foreign_key,verified,"{""evidence"": ""database_declared_constraint"", ""constraint"": ""clinic_api_outpatien_practitioner_id_1cc5755f_fk_data_api_""}",plan139_four_sources_plan139-20260822T000829Z; constraint clinic_api_outpatien_practitioner_id_1cc5755f_fk_data_api_,
2426,CORE2DB,CORE2DB.clinic_api_outrecordhomepage,MEDICAL_RECORDS_ID,CORE2DB.medical_api_medicalrecords,ID,CORE2DB.clinic_api_outrecordhomepage(MEDICAL_RECORDS_ID) = CORE2DB.medical_api_medicalrecords(ID),,A,declared_foreign_key,verified,"{""evidence"": ""database_declared_constraint"", ""constraint"": ""clinic_api_outrecord_medical_records_id_9bad1a0e_fk_medical_a""}",plan139_four_sources_plan139-20260822T000829Z; constraint clinic_api_outrecord_medical_records_id_9bad1a0e_fk_medical_a,
2427,CORE2DB,CORE2DB.clinic_api_outrecordhomepage_20260702,MEDICAL_RECORDS_ID,CORE2DB.medical_api_medicalrecords,ID,CORE2DB.clinic_api_outrecordhomepage_20260702(MEDICAL_RECORDS_ID) = CORE2DB.medical_api_medicalrecords(ID),,A,declared_foreign_key,verified,"{""evidence"": ""database_declared_constraint"", ""constraint"": ""clinic_api_outrecordhomepage_20260702_ibfk_1""}",plan139_four_sources_plan139-20260822T000829Z; constraint clinic_api_outrecordhomepage_20260702_ibfk_1,
2428,CORE2DB,CORE2DB.clinic_api_outrecordhomepage_20260702-2,MEDICAL_RECORDS_ID,CORE2DB.medical_api_medicalrecords,ID,CORE2DB.clinic_api_outrecordhomepage_20260702-2(MEDICAL_RECORDS_ID) = CORE2DB.medical_api_medicalrecords(ID),,A,declared_foreign_key,verified,"{""evidence"": ""database_declared_constraint"", ""constraint"": ""clinic_api_outrecordhomepage_20260702-2_ibfk_1""}",plan139_four_sources_plan139-20260822T000829Z; constraint clinic_api_outrecordhomepage_20260702-2_ibfk_1,
2429,CORE2DB,CORE2DB.clinic_api_outrecordhomepagecontrol,OUT_RECORD_HOMEPAGE_ID,CORE2DB.clinic_api_outrecordhomepage,ID,CORE2DB.clinic_api_outrecordhomepagecontrol(OUT_RECORD_HOMEPAGE_ID) = CORE2DB.clinic_api_outrecordhomepage(ID),,A,declared_foreign_key,verified,"{""evidence"": ""database_declared_constraint"", ""constraint"": ""clinic_api_outrecord_out_record_homepage__32320b10_fk_clinic_ap""}",plan139_four_sources_plan139-20260822T000829Z; constraint clinic_api_outrecord_out_record_homepage__32320b10_fk_clinic_ap,
2430,CORE2DB,CORE2DB.clinic_api_outrecordhomepagelist,OUT_RECORD_HOMEPAGE_ID,CORE2DB.clinic_api_outrecordhomepage,ID,CORE2DB.clinic_api_outrecordhomepagelist(OUT_RECORD_HOMEPAGE_ID) = CORE2DB.clinic_api_outrecordhomepage(ID),,A,declared_foreign_key,verified,"{""evidence"": ""database_declared_constraint"", ""constraint"": ""clinic_api_outrecord_out_record_homepage__c4d47de4_fk_clinic_ap""}",plan139_four_sources_plan139-20260822T000829Z; constraint clinic_api_outrecord_out_record_homepage__c4d47de4_fk_clinic_ap,
2431,CORE2DB,CORE2DB.clinic_api_outrecordhomepagelist,PRACTITIONER_ID,CORE2DB.data_api_practitioner,ID,CORE2DB.clinic_api_outrecordhomepagelist(PRACTITIONER_ID) = CORE2DB.data_api_practitioner(ID),,A,declared_foreign_key,verified,"{""evidence"": ""database_declared_constraint"", ""constraint"": ""clinic_api_outrecord_practitioner_id_9204e13c_fk_data_api_""}",plan139_four_sources_plan139-20260822T000829Z; constraint clinic_api_outrecord_practitioner_id_9204e13c_fk_data_api_,
2432,CORE2DB,CORE2DB.clinic_api_outviewrecord,MEDICAL_RECORDS_ID,CORE2DB.medical_api_medicalrecords,ID,CORE2DB.clinic_api_outviewrecord(MEDICAL_RECORDS_ID) = CORE2DB.medical_api_medicalrecords(ID),,A,declared_foreign_key,verified,"{""evidence"": ""database_declared_constraint"", ""constraint"": ""clinic_api_outviewre_medical_records_id_7427f682_fk_medical_a""}",plan139_four_sources_plan139-20260822T000829Z; constraint clinic_api_outviewre_medical_records_id_7427f682_fk_medical_a,
2433,CORE2DB,CORE2DB.clinic_api_outviewrecordcontrol,OUT_VIEW_RECORD_ID,CORE2DB.clinic_api_outviewrecord,ID,CORE2DB.clinic_api_outviewrecordcontrol(OUT_VIEW_RECORD_ID) = CORE2DB.clinic_api_outviewrecord(ID),,A,declared_foreign_key,verified,"{""evidence"": ""database_declared_constraint"", ""constraint"": ""clinic_api_outviewre_out_view_record_id_053373d1_fk_clinic_ap""}",plan139_four_sources_plan139-20260822T000829Z; constraint clinic_api_outviewre_out_view_record_id_053373d1_fk_clinic_ap,
2434,CORE2DB,CORE2DB.clinic_api_outviewrecordlist,OUT_VIEW_RECORD_ID,CORE2DB.clinic_api_outviewrecord,ID,CORE2DB.clinic_api_outviewrecordlist(OUT_VIEW_RECORD_ID) = CORE2DB.clinic_api_outviewrecord(ID),,A,declared_foreign_key,verified,"{""evidence"": ""database_declared_constraint"", ""constraint"": ""clinic_api_outviewre_out_view_record_id_8b6d2974_fk_clinic_ap""}",plan139_four_sources_plan139-20260822T000829Z; constraint clinic_api_outviewre_out_view_record_id_8b6d2974_fk_clinic_ap,
2435,CORE2DB,CORE2DB.clinic_api_outviewrecordlist,PRACTITIONER_ID,CORE2DB.data_api_practitioner,ID,CORE2DB.clinic_api_outviewrecordlist(PRACTITIONER_ID) = CORE2DB.data_api_practitioner(ID),,A,declared_foreign_key,verified,"{""evidence"": ""database_declared_constraint"", ""constraint"": ""clinic_api_outviewre_practitioner_id_f7537179_fk_data_api_""}",plan139_four_sources_plan139-20260822T000829Z; constraint clinic_api_outviewre_practitioner_id_f7537179_fk_data_api_,
2436,CORE2DB,CORE2DB.clinic_api_patientinspectioncertificate,MEDICAL_RECORDS_ID,CORE2DB.medical_api_medicalrecords,ID,CORE2DB.clinic_api_patientinspectioncertificate(MEDICAL_RECORDS_ID) = CORE2DB.medical_api_medicalrecords(ID),,A,declared_foreign_key,verified,"{""evidence"": ""database_declared_constraint"", ""constraint"": ""clinic_api_patientin_medical_records_id_d76f885d_fk_medical_a""}",plan139_four_sources_plan139-20260822T000829Z; constraint clinic_api_patientin_medical_records_id_d76f885d_fk_medical_a,
2437,CORE2DB,CORE2DB.clinic_api_patientinspectioncertificatecontrol,PATIENT_INSPECTION_CERTIFICATE_ID,CORE2DB.clinic_api_patientinspectioncertificate,ID,CORE2DB.clinic_api_patientinspectioncertificatecontrol(PATIENT_INSPECTION_CERTIFICATE_ID) = CORE2DB.clinic_api_patientinspectioncertificate(ID),,A,declared_foreign_key,verified,"{""evidence"": ""database_declared_constraint"", ""constraint"": ""clinic_api_patientin_patient_inspection_c_0b6a29a5_fk_clinic_ap""}",plan139_four_sources_plan139-20260822T000829Z; constraint clinic_api_patientin_patient_inspection_c_0b6a29a5_fk_clinic_ap,
2438,CORE2DB,CORE2DB.clinic_api_patientinspectioncertificatelist,PATIENT_INSPECTION_CERTIFICATE_ID,CORE2DB.clinic_api_patientinspectioncertificate,ID,CORE2DB.clinic_api_patientinspectioncertificatelist(PATIENT_INSPECTION_CERTIFICATE_ID) = CORE2DB.clinic_api_patientinspectioncertificate(ID),,A,declared_foreign_key,verified,"{""evidence"": ""database_declared_constraint"", ""constraint"": ""clinic_api_patientin_patient_inspection_c_bc6c8c1e_fk_clinic_ap""}",plan139_four_sources_plan139-20260822T000829Z; constraint clinic_api_patientin_patient_inspection_c_bc6c8c1e_fk_clinic_ap,
2439,CORE2DB,CORE2DB.clinic_api_patientinspectioncertificatelist,PRACTITIONER_ID,CORE2DB.data_api_practitioner,ID,CORE2DB.clinic_api_patientinspectioncertificatelist(PRACTITIONER_ID) = CORE2DB.data_api_practitioner(ID),,A,declared_foreign_key,verified,"{""evidence"": ""database_declared_constraint"", ""constraint"": ""clinic_api_patientin_practitioner_id_b3af0ea5_fk_data_api_""}",plan139_four_sources_plan139-20260822T000829Z; constraint clinic_api_patientin_practitioner_id_b3af0ea5_fk_data_api_,
2440,CORE2DB,CORE2DB.clinic_api_refusalexaminationtreatmentnotice,MEDICAL_RECORDS_ID,CORE2DB.medical_api_medicalrecords,ID,CORE2DB.clinic_api_refusalexaminationtreatmentnotice(MEDICAL_RECORDS_ID) = CORE2DB.medical_api_medicalrecords(ID),,A,declared_foreign_key,verified,"{""evidence"": ""database_declared_constraint"", ""constraint"": ""clinic_api_refusalex_medical_records_id_36c9dd29_fk_medical_a""}",plan139_four_sources_plan139-20260822T000829Z; constraint clinic_api_refusalex_medical_records_id_36c9dd29_fk_medical_a,
2441,CORE2DB,CORE2DB.clinic_api_repeatedoutlockrecord,MEDICAL_RECORDS_ID,CORE2DB.medical_api_medicalrecords,ID,CORE2DB.clinic_api_repeatedoutlockrecord(MEDICAL_RECORDS_ID) = CORE2DB.medical_api_medicalrecords(ID),,A,declared_foreign_key,verified,"{""evidence"": ""database_declared_constraint"", ""constraint"": ""clinic_api_repeatedo_medical_records_id_5f22f6ca_fk_medical_a""}",plan139_four_sources_plan139-20260822T000829Z; constraint clinic_api_repeatedo_medical_records_id_5f22f6ca_fk_medical_a,
2442,CORE2DB,CORE2DB.clinic_api_repeatedoutrecord,MEDICAL_RECORDS_ID,CORE2DB.medical_api_medicalrecords,ID,CORE2DB.clinic_api_repeatedoutrecord(MEDICAL_RECORDS_ID) = CORE2DB.medical_api_medicalrecords(ID),,A,declared_foreign_key,verified,"{""evidence"": ""database_declared_constraint"", ""constraint"": ""clinic_api_repeatedo_medical_records_id_a130665d_fk_medical_a""}",plan139_four_sources_plan139-20260822T000829Z; constraint clinic_api_repeatedo_medical_records_id_a130665d_fk_medical_a,
2443,CORE2DB,CORE2DB.clinic_api_repeatedoutrecord_20260702,MEDICAL_RECORDS_ID,CORE2DB.medical_api_medicalrecords,ID,CORE2DB.clinic_api_repeatedoutrecord_20260702(MEDICAL_RECORDS_ID) = CORE2DB.medical_api_medicalrecords(ID),,A,declared_foreign_key,verified,"{""evidence"": ""database_declared_constraint"", ""constraint"": ""clinic_api_repeatedoutrecord_20260702_ibfk_1""}",plan139_four_sources_plan139-20260822T000829Z; constraint clinic_api_repeatedoutrecord_20260702_ibfk_1,
2444,CORE2DB,CORE2DB.clinic_api_repeatedoutrecord_copy1,MEDICAL_RECORDS_ID,CORE2DB.medical_api_medicalrecords,ID,CORE2DB.clinic_api_repeatedoutrecord_copy1(MEDICAL_RECORDS_ID) = CORE2DB.medical_api_medicalrecords(ID),,A,declared_foreign_key,verified,"{""evidence"": ""database_declared_constraint"", ""constraint"": ""clinic_api_repeatedoutrecord_copy1_ibfk_1""}",plan139_four_sources_plan139-20260822T000829Z; constraint clinic_api_repeatedoutrecord_copy1_ibfk_1,
2445,CORE2DB,CORE2DB.clinic_api_repeatedoutrecordcontrol,REPEATED_OUT_RECORD_ID,CORE2DB.clinic_api_repeatedoutrecord,ID,CORE2DB.clinic_api_repeatedoutrecordcontrol(REPEATED_OUT_RECORD_ID) = CORE2DB.clinic_api_repeatedoutrecord(ID),,A,declared_foreign_key,verified,"{""evidence"": ""database_declared_constraint"", ""constraint"": ""clinic_api_repeatedo_repeated_out_record__ec91cba2_fk_clinic_ap""}",plan139_four_sources_plan139-20260822T000829Z; constraint clinic_api_repeatedo_repeated_out_record__ec91cba2_fk_clinic_ap,
2446,CORE2DB,CORE2DB.clinic_api_repeatedoutrecordlist,PRACTITIONER_ID,CORE2DB.data_api_practitioner,ID,CORE2DB.clinic_api_repeatedoutrecordlist(PRACTITIONER_ID) = CORE2DB.data_api_practitioner(ID),,A,declared_foreign_key,verified,"{""evidence"": ""database_declared_constraint"", ""constraint"": ""clinic_api_repeatedo_practitioner_id_784eb398_fk_data_api_""}",plan139_four_sources_plan139-20260822T000829Z; constraint clinic_api_repeatedo_practitioner_id_784eb398_fk_data_api_,
2447,CORE2DB,CORE2DB.clinic_api_repeatedoutrecordlist,REPEATED_OUT_RECORD_ID,CORE2DB.clinic_api_repeatedoutrecord,ID,CORE2DB.clinic_api_repeatedoutrecordlist(REPEATED_OUT_RECORD_ID) = CORE2DB.clinic_api_repeatedoutrecord(ID),,A,declared_foreign_key,verified,"{""evidence"": ""database_declared_constraint"", ""constraint"": ""clinic_api_repeatedo_repeated_out_record__e5b0decd_fk_clinic_ap""}",plan139_four_sources_plan139-20260822T000829Z; constraint clinic_api_repeatedo_repeated_out_record__e5b0decd_fk_clinic_ap,
2448,CORE2DB,CORE2DB.clinic_api_repeatoutrecordvisitthree,MEDICAL_RECORDS_ID,CORE2DB.medical_api_medicalrecords,ID,CORE2DB.clinic_api_repeatoutrecordvisitthree(MEDICAL_RECORDS_ID) = CORE2DB.medical_api_medicalrecords(ID),,A,declared_foreign_key,verified,"{""evidence"": ""database_declared_constraint"", ""constraint"": ""clinic_api_repeatout_medical_records_id_fa5cd38d_fk_medical_a""}",plan139_four_sources_plan139-20260822T000829Z; constraint clinic_api_repeatout_medical_records_id_fa5cd38d_fk_medical_a,
2449,CORE2DB,CORE2DB.clinic_api_repeatoutrecordvisittwo,MEDICAL_RECORDS_ID,CORE2DB.medical_api_medicalrecords,ID,CORE2DB.clinic_api_repeatoutrecordvisittwo(MEDICAL_RECORDS_ID) = CORE2DB.medical_api_medicalrecords(ID),,A,declared_foreign_key,verified,"{""evidence"": ""database_declared_constraint"", ""constraint"": ""clinic_api_repeatout_medical_records_id_c5c749a5_fk_medical_a""}",plan139_four_sources_plan139-20260822T000829Z; constraint clinic_api_repeatout_medical_records_id_c5c749a5_fk_medical_a,
2450,CORE2DB,CORE2DB.clinic_api_rhinology,MEDICAL_RECORDS_ID,CORE2DB.medical_api_medicalrecords,ID,CORE2DB.clinic_api_rhinology(MEDICAL_RECORDS_ID) = CORE2DB.medical_api_medicalrecords(ID),,A,declared_foreign_key,verified,"{""evidence"": ""database_declared_constraint"", ""constraint"": ""clinic_api_rhinology_medical_records_id_fdffd580_fk_medical_a""}",plan139_four_sources_plan139-20260822T000829Z; constraint clinic_api_rhinology_medical_records_id_fdffd580_fk_medical_a,
2451,CORE2DB,CORE2DB.clinic_api_rhinologycontrol,RHINOLOGY_ID,CORE2DB.clinic_api_rhinology,ID,CORE2DB.clinic_api_rhinologycontrol(RHINOLOGY_ID) = CORE2DB.clinic_api_rhinology(ID),,A,declared_foreign_key,verified,"{""evidence"": ""database_declared_constraint"", ""constraint"": ""clinic_api_rhinology_rhinology_id_5590b445_fk_clinic_ap""}",plan139_four_sources_plan139-20260822T000829Z; constraint clinic_api_rhinology_rhinology_id_5590b445_fk_clinic_ap,
2452,CORE2DB,CORE2DB.clinic_api_rhinologylist,PRACTITIONER_ID,CORE2DB.data_api_practitioner,ID,CORE2DB.clinic_api_rhinologylist(PRACTITIONER_ID) = CORE2DB.data_api_practitioner(ID),,A,declared_foreign_key,verified,"{""evidence"": ""database_declared_constraint"", ""constraint"": ""clinic_api_rhinology_practitioner_id_42d51d43_fk_data_api_""}",plan139_four_sources_plan139-20260822T000829Z; constraint clinic_api_rhinology_practitioner_id_42d51d43_fk_data_api_,
2453,CORE2DB,CORE2DB.clinic_api_rhinologylist,RHINOLOGY_ID,CORE2DB.clinic_api_rhinology,ID,CORE2DB.clinic_api_rhinologylist(RHINOLOGY_ID) = CORE2DB.clinic_api_rhinology(ID),,A,declared_foreign_key,verified,"{""evidence"": ""database_declared_constraint"", ""constraint"": ""clinic_api_rhinology_rhinology_id_3fbb88bb_fk_clinic_ap""}",plan139_four_sources_plan139-20260822T000829Z; constraint clinic_api_rhinology_rhinology_id_3fbb88bb_fk_clinic_ap,
2454,CORE2DB,CORE2DB.clinic_api_rhinologypasthistory,RHINOLOGY_PAST_HISTORY_ID,CORE2DB.clinic_api_rhinology,ID,CORE2DB.clinic_api_rhinologypasthistory(RHINOLOGY_PAST_HISTORY_ID) = CORE2DB.clinic_api_rhinology(ID),,A,declared_foreign_key,verified,"{""evidence"": ""database_declared_constraint"", ""constraint"": ""clinic_api_rhinology_rhinology_past_histo_092a4753_fk_clinic_ap""}",plan139_four_sources_plan139-20260822T000829Z; constraint clinic_api_rhinology_rhinology_past_histo_092a4753_fk_clinic_ap,
2455,CORE2DB,CORE2DB.clinic_api_rhinologyspecialist,RHINOLOGY_SPECIALIST_ID,CORE2DB.clinic_api_rhinology,ID,CORE2DB.clinic_api_rhinologyspecialist(RHINOLOGY_SPECIALIST_ID) = CORE2DB.clinic_api_rhinology(ID),,A,declared_foreign_key,verified,"{""evidence"": ""database_declared_constraint"", ""constraint"": ""clinic_api_rhinology_rhinology_specialist_fd16e3c9_fk_clinic_ap""}",plan139_four_sources_plan139-20260822T000829Z; constraint clinic_api_rhinology_rhinology_specialist_fd16e3c9_fk_clinic_ap,
2456,CORE2DB,CORE2DB.clinic_api_specialinspecttreatmentagreement,MEDICAL_RECORDS_ID,CORE2DB.medical_api_medicalrecords,ID,CORE2DB.clinic_api_specialinspecttreatmentagreement(MEDICAL_RECORDS_ID) = CORE2DB.medical_api_medicalrecords(ID),,A,declared_foreign_key,verified,"{""evidence"": ""database_declared_constraint"", ""constraint"": ""clinic_api_specialin_medical_records_id_d2ded70a_fk_medical_a""}",plan139_four_sources_plan139-20260822T000829Z; constraint clinic_api_specialin_medical_records_id_d2ded70a_fk_medical_a,
2457,CORE2DB,CORE2DB.clinic_api_specialistcase,SPECIALIST_CASE_ID,CORE2DB.clinic_api_vertigodisease,ID,CORE2DB.clinic_api_specialistcase(SPECIALIST_CASE_ID) = CORE2DB.clinic_api_vertigodisease(ID),,A,declared_foreign_key,verified,"{""evidence"": ""database_declared_constraint"", ""constraint"": ""clinic_api_specialis_specialist_case_id_ed63ad6b_fk_clinic_ap""}",plan139_four_sources_plan139-20260822T000829Z; constraint clinic_api_specialis_specialist_case_id_ed63ad6b_fk_clinic_ap,
2458,CORE2DB,CORE2DB.clinic_api_specialistcase,SPECIALISTCASEABSTRACT_PTR_ID,CORE2DB.clinic_api_specialistcaseabstract,ID,CORE2DB.clinic_api_specialistcase(SPECIALISTCASEABSTRACT_PTR_ID) = CORE2DB.clinic_api_specialistcaseabstract(ID),,A,declared_foreign_key,verified,"{""evidence"": ""database_declared_constraint"", ""constraint"": ""clinic_api_specialis_specialistcaseabstra_31e42551_fk_clinic_ap""}",plan139_four_sources_plan139-20260822T000829Z; constraint clinic_api_specialis_specialistcaseabstra_31e42551_fk_clinic_ap,
2459,CORE2DB,CORE2DB.clinic_api_throat,MEDICAL_RECORDS_ID,CORE2DB.medical_api_medicalrecords,ID,CORE2DB.clinic_api_throat(MEDICAL_RECORDS_ID) = CORE2DB.medical_api_medicalrecords(ID),,A,declared_foreign_key,verified,"{""evidence"": ""database_declared_constraint"", ""constraint"": ""clinic_api_throat_medical_records_id_bc23479c_fk_medical_a""}",plan139_four_sources_plan139-20260822T000829Z; constraint clinic_api_throat_medical_records_id_bc23479c_fk_medical_a,
2460,CORE2DB,CORE2DB.clinic_api_throatcontrol,THROAT_ID,CORE2DB.clinic_api_throat,ID,CORE2DB.clinic_api_throatcontrol(THROAT_ID) = CORE2DB.clinic_api_throat(ID),,A,declared_foreign_key,verified,"{""evidence"": ""database_declared_constraint"", ""constraint"": ""clinic_api_throatcon_throat_id_9bd5a844_fk_clinic_ap""}",plan139_four_sources_plan139-20260822T000829Z; constraint clinic_api_throatcon_throat_id_9bd5a844_fk_clinic_ap,
2461,CORE2DB,CORE2DB.clinic_api_throatcurrenthistory,THROAT_CURRENT_HISTORY_ID,CORE2DB.clinic_api_throat,ID,CORE2DB.clinic_api_throatcurrenthistory(THROAT_CURRENT_HISTORY_ID) = CORE2DB.clinic_api_throat(ID),,A,declared_foreign_key,verified,"{""evidence"": ""database_declared_constraint"", ""constraint"": ""clinic_api_throatcur_throat_current_histo_bc1873bf_fk_clinic_ap""}",plan139_four_sources_plan139-20260822T000829Z; constraint clinic_api_throatcur_throat_current_histo_bc1873bf_fk_clinic_ap,
2462,CORE2DB,CORE2DB.clinic_api_throatexamination,THROAT_EXAMINATION_ID,CORE2DB.clinic_api_throat,ID,CORE2DB.clinic_api_throatexamination(THROAT_EXAMINATION_ID) = CORE2DB.clinic_api_throat(ID),,A,declared_foreign_key,verified,"{""evidence"": ""database_declared_constraint"", ""constraint"": ""clinic_api_throatexa_throat_examination_i_e3b2f973_fk_clinic_ap""}",plan139_four_sources_plan139-20260822T000829Z; constraint clinic_api_throatexa_throat_examination_i_e3b2f973_fk_clinic_ap,
2463,CORE2DB,CORE2DB.clinic_api_throatlist,PRACTITIONER_ID,CORE2DB.data_api_practitioner,ID,CORE2DB.clinic_api_throatlist(PRACTITIONER_ID) = CORE2DB.data_api_practitioner(ID),,A,declared_foreign_key,verified,"{""evidence"": ""database_declared_constraint"", ""constraint"": ""clinic_api_throatlis_practitioner_id_7fb5d4c8_fk_data_api_""}",plan139_four_sources_plan139-20260822T000829Z; constraint clinic_api_throatlis_practitioner_id_7fb5d4c8_fk_data_api_,
2464,CORE2DB,CORE2DB.clinic_api_throatlist,THROAT_ID,CORE2DB.clinic_api_throat,ID,CORE2DB.clinic_api_throatlist(THROAT_ID) = CORE2DB.clinic_api_throat(ID),,A,declared_foreign_key,verified,"{""evidence"": ""database_declared_constraint"", ""constraint"": ""clinic_api_throatlist_throat_id_5df96a5c_fk_clinic_api_throat_id""}",plan139_four_sources_plan139-20260822T000829Z; constraint clinic_api_throatlist_throat_id_5df96a5c_fk_clinic_api_throat_id,
2465,CORE2DB,CORE2DB.clinic_api_throatpasthistory,THROAT_PAST_HISTORY_ID,CORE2DB.clinic_api_throat,ID,CORE2DB.clinic_api_throatpasthistory(THROAT_PAST_HISTORY_ID) = CORE2DB.clinic_api_throat(ID),,A,declared_foreign_key,verified,"{""evidence"": ""database_declared_constraint"", ""constraint"": ""clinic_api_throatpas_throat_past_history__59cde7e9_fk_clinic_ap""}",plan139_four_sources_plan139-20260822T000829Z; constraint clinic_api_throatpas_throat_past_history__59cde7e9_fk_clinic_ap,
2466,CORE2DB,CORE2DB.clinic_api_unplannedvisit,MEDICAL_RECORDS_ID,CORE2DB.medical_api_medicalrecords,ID,CORE2DB.clinic_api_unplannedvisit(MEDICAL_RECORDS_ID) = CORE2DB.medical_api_medicalrecords(ID),,A,declared_foreign_key,verified,"{""evidence"": ""database_declared_constraint"", ""constraint"": ""clinic_api_unplanned_medical_records_id_fd9e5269_fk_medical_a""}",plan139_four_sources_plan139-20260822T000829Z; constraint clinic_api_unplanned_medical_records_id_fd9e5269_fk_medical_a,
2467,CORE2DB,CORE2DB.clinic_api_vertigodisease,MEDICAL_RECORDS_ID,CORE2DB.medical_api_medicalrecords,ID,CORE2DB.clinic_api_vertigodisease(MEDICAL_RECORDS_ID) = CORE2DB.medical_api_medicalrecords(ID),,A,declared_foreign_key,verified,"{""evidence"": ""database_declared_constraint"", ""constraint"": ""clinic_api_vertigodi_medical_records_id_630aee3e_fk_medical_a""}",plan139_four_sources_plan139-20260822T000829Z; constraint clinic_api_vertigodi_medical_records_id_630aee3e_fk_medical_a,
2468,CORE2DB,CORE2DB.clinic_api_vertigodiseaseabr,VERTIGO_DISEASE_ABR_ID,CORE2DB.clinic_api_vertigodisease,ID,CORE2DB.clinic_api_vertigodiseaseabr(VERTIGO_DISEASE_ABR_ID) = CORE2DB.clinic_api_vertigodisease(ID),,A,declared_foreign_key,verified,"{""evidence"": ""database_declared_constraint"", ""constraint"": ""clinic_api_vertigodi_vertigo_disease_abr__39e5c84c_fk_clinic_ap""}",plan139_four_sources_plan139-20260822T000829Z; constraint clinic_api_vertigodi_vertigo_disease_abr__39e5c84c_fk_clinic_ap,
2469,CORE2DB,CORE2DB.clinic_api_vertigodiseasech,VERTIGO_DISEASE_CH_ID,CORE2DB.clinic_api_vertigodisease,ID,CORE2DB.clinic_api_vertigodiseasech(VERTIGO_DISEASE_CH_ID) = CORE2DB.clinic_api_vertigodisease(ID),,A,declared_foreign_key,verified,"{""evidence"": ""database_declared_constraint"", ""constraint"": ""clinic_api_vertigodi_vertigo_disease_ch_i_0c00a4b2_fk_clinic_ap""}",plan139_four_sources_plan139-20260822T000829Z; constraint clinic_api_vertigodi_vertigo_disease_ch_i_0c00a4b2_fk_clinic_ap,
2470,CORE2DB,CORE2DB.clinic_api_vertigodiseasecochlea,VERTIGO_DISEASE_COCHLEA_ID,CORE2DB.clinic_api_vertigodisease,ID,CORE2DB.clinic_api_vertigodiseasecochlea(VERTIGO_DISEASE_COCHLEA_ID) = CORE2DB.clinic_api_vertigodisease(ID),,A,declared_foreign_key,verified,"{""evidence"": ""database_declared_constraint"", ""constraint"": ""clinic_api_vertigodi_vertigo_disease_coch_41c3b53f_fk_clinic_ap""}",plan139_four_sources_plan139-20260822T000829Z; constraint clinic_api_vertigodi_vertigo_disease_coch_41c3b53f_fk_clinic_ap,
2471,CORE2DB,CORE2DB.clinic_api_vertigodiseasecontrol,VERTIGO_DISEASE_ID,CORE2DB.clinic_api_vertigodisease,ID,CORE2DB.clinic_api_vertigodiseasecontrol(VERTIGO_DISEASE_ID) = CORE2DB.clinic_api_vertigodisease(ID),,A,declared_foreign_key,verified,"{""evidence"": ""database_declared_constraint"", ""constraint"": ""clinic_api_vertigodi_vertigo_disease_id_e9f37be9_fk_clinic_ap""}",plan139_four_sources_plan139-20260822T000829Z; constraint clinic_api_vertigodi_vertigo_disease_id_e9f37be9_fk_clinic_ap,
2472,CORE2DB,CORE2DB.clinic_api_vertigodiseasecurrenthistory,VERTIGO_DISEASE_CURRENT_HISTORY_ID,CORE2DB.clinic_api_vertigodisease,ID,CORE2DB.clinic_api_vertigodiseasecurrenthistory(VERTIGO_DISEASE_CURRENT_HISTORY_ID) = CORE2DB.clinic_api_vertigodisease(ID),,A,declared_foreign_key,verified,"{""evidence"": ""database_declared_constraint"", ""constraint"": ""clinic_api_vertigodi_vertigo_disease_curr_3616c7d1_fk_clinic_ap""}",plan139_four_sources_plan139-20260822T000829Z; constraint clinic_api_vertigodi_vertigo_disease_curr_3616c7d1_fk_clinic_ap,
2473,CORE2DB,CORE2DB.clinic_api_vertigodiseasedhi,VERTIGO_DISEASE_DHI_ID,CORE2DB.clinic_api_vertigodisease,ID,CORE2DB.clinic_api_vertigodiseasedhi(VERTIGO_DISEASE_DHI_ID) = CORE2DB.clinic_api_vertigodisease(ID),,A,declared_foreign_key,verified,"{""evidence"": ""database_declared_constraint"", ""constraint"": ""clinic_api_vertigodi_vertigo_disease_dhi__1c41621d_fk_clinic_ap""}",plan139_four_sources_plan139-20260822T000829Z; constraint clinic_api_vertigodi_vertigo_disease_dhi__1c41621d_fk_clinic_ap,
2474,CORE2DB,CORE2DB.clinic_api_vertigodiseasedizziness,VERTIGO_DISEASE_DIZZINES_ID,CORE2DB.clinic_api_vertigodisease,ID,CORE2DB.clinic_api_vertigodiseasedizziness(VERTIGO_DISEASE_DIZZINES_ID) = CORE2DB.clinic_api_vertigodisease(ID),,A,declared_foreign_key,verified,"{""evidence"": ""database_declared_constraint"", ""constraint"": ""clinic_api_vertigodi_vertigo_disease_dizz_59339207_fk_clinic_ap""}",plan139_four_sources_plan139-20260822T000829Z; constraint clinic_api_vertigodi_vertigo_disease_dizz_59339207_fk_clinic_ap,
2475,CORE2DB,CORE2DB.clinic_api_vertigodiseasedpoae,VERTIGO_DISEASE_DPOAE_ID,CORE2DB.clinic_api_vertigodisease,ID,CORE2DB.clinic_api_vertigodiseasedpoae(VERTIGO_DISEASE_DPOAE_ID) = CORE2DB.clinic_api_vertigodisease(ID),,A,declared_foreign_key,verified,"{""evidence"": ""database_declared_constraint"", ""constraint"": ""clinic_api_vertigodi_vertigo_disease_dpoa_31405492_fk_clinic_ap""}",plan139_four_sources_plan139-20260822T000829Z; constraint clinic_api_vertigodi_vertigo_disease_dpoa_31405492_fk_clinic_ap,
2476,CORE2DB,CORE2DB.clinic_api_vertigodiseasehads,VERTIGO_DISEASE_HADS_ID,CORE2DB.clinic_api_vertigodisease,ID,CORE2DB.clinic_api_vertigodiseasehads(VERTIGO_DISEASE_HADS_ID) = CORE2DB.clinic_api_vertigodisease(ID),,A,declared_foreign_key,verified,"{""evidence"": ""database_declared_constraint"", ""constraint"": ""clinic_api_vertigodi_vertigo_disease_hads_cb68a47a_fk_clinic_ap""}",plan139_four_sources_plan139-20260822T000829Z; constraint clinic_api_vertigodi_vertigo_disease_hads_cb68a47a_fk_clinic_ap,
2477,CORE2DB,CORE2DB.clinic_api_vertigodiseasehadschoice,VERTIGO_DISEASE_HADS_CHOICE_ID,CORE2DB.clinic_api_vertigodiseasehadsquestions,ID,CORE2DB.clinic_api_vertigodiseasehadschoice(VERTIGO_DISEASE_HADS_CHOICE_ID) = CORE2DB.clinic_api_vertigodiseasehadsquestions(ID),,A,declared_foreign_key,verified,"{""evidence"": ""database_declared_constraint"", ""constraint"": ""clinic_api_vertigodi_vertigo_disease_hads_b7071915_fk_clinic_ap""}",plan139_four_sources_plan139-20260822T000829Z; constraint clinic_api_vertigodi_vertigo_disease_hads_b7071915_fk_clinic_ap,
2478,CORE2DB,CORE2DB.clinic_api_vertigodiseasehit,VERTIGO_DISEASE_HIT_ID,CORE2DB.clinic_api_vertigodisease,ID,CORE2DB.clinic_api_vertigodiseasehit(VERTIGO_DISEASE_HIT_ID) = CORE2DB.clinic_api_vertigodisease(ID),,A,declared_foreign_key,verified,"{""evidence"": ""database_declared_constraint"", ""constraint"": ""clinic_api_vertigodi_vertigo_disease_hit__7212a3f9_fk_clinic_ap""}",plan139_four_sources_plan139-20260822T000829Z; constraint clinic_api_vertigodi_vertigo_disease_hit__7212a3f9_fk_clinic_ap,
2479,CORE2DB,CORE2DB.clinic_api_vertigodiseaselist,PRACTITIONER_ID,CORE2DB.data_api_practitioner,ID,CORE2DB.clinic_api_vertigodiseaselist(PRACTITIONER_ID) = CORE2DB.data_api_practitioner(ID),,A,declared_foreign_key,verified,"{""evidence"": ""database_declared_constraint"", ""constraint"": ""clinic_api_vertigodi_practitioner_id_f45e6fb3_fk_data_api_""}",plan139_four_sources_plan139-20260822T000829Z; constraint clinic_api_vertigodi_practitioner_id_f45e6fb3_fk_data_api_,
2480,CORE2DB,CORE2DB.clinic_api_vertigodiseaselist,VERTIGO_DISEASE_ID,CORE2DB.clinic_api_vertigodisease,ID,CORE2DB.clinic_api_vertigodiseaselist(VERTIGO_DISEASE_ID) = CORE2DB.clinic_api_vertigodisease(ID),,A,declared_foreign_key,verified,"{""evidence"": ""database_declared_constraint"", ""constraint"": ""clinic_api_vertigodi_vertigo_disease_id_65128959_fk_clinic_ap""}",plan139_four_sources_plan139-20260822T000829Z; constraint clinic_api_vertigodi_vertigo_disease_id_65128959_fk_clinic_ap,
2481,CORE2DB,CORE2DB.clinic_api_vertigodiseasepasthistory,VERTIGO_DISEASE_PAST_HISTORY_ID,CORE2DB.clinic_api_vertigodisease,ID,CORE2DB.clinic_api_vertigodiseasepasthistory(VERTIGO_DISEASE_PAST_HISTORY_ID) = CORE2DB.clinic_api_vertigodisease(ID),,A,declared_foreign_key,verified,"{""evidence"": ""database_declared_constraint"", ""constraint"": ""clinic_api_vertigodi_vertigo_disease_past_4399c1a1_fk_clinic_ap""}",plan139_four_sources_plan139-20260822T000829Z; constraint clinic_api_vertigodi_vertigo_disease_past_4399c1a1_fk_clinic_ap,
2482,CORE2DB,CORE2DB.clinic_api_vertigodiseasepure,VERTIGO_DISEASE_PURE_ID,CORE2DB.clinic_api_vertigodisease,ID,CORE2DB.clinic_api_vertigodiseasepure(VERTIGO_DISEASE_PURE_ID) = CORE2DB.clinic_api_vertigodisease(ID),,A,declared_foreign_key,verified,"{""evidence"": ""database_declared_constraint"", ""constraint"": ""clinic_api_vertigodi_vertigo_disease_pure_707265b0_fk_clinic_ap""}",plan139_four_sources_plan139-20260822T000829Z; constraint clinic_api_vertigodi_vertigo_disease_pure_707265b0_fk_clinic_ap,
2483,CORE2DB,CORE2DB.clinic_api_vertigodiseasesas,VERTIGO_DISEASE_SAS_ID,CORE2DB.clinic_api_vertigodisease,ID,CORE2DB.clinic_api_vertigodiseasesas(VERTIGO_DISEASE_SAS_ID) = CORE2DB.clinic_api_vertigodisease(ID),,A,declared_foreign_key,verified,"{""evidence"": ""database_declared_constraint"", ""constraint"": ""clinic_api_vertigodi_vertigo_disease_sas__02c6df84_fk_clinic_ap""}",plan139_four_sources_plan139-20260822T000829Z; constraint clinic_api_vertigodi_vertigo_disease_sas__02c6df84_fk_clinic_ap,
2484,CORE2DB,CORE2DB.clinic_api_vertigodiseasesds,VERTIGO_DISEASE_SDS_ID,CORE2DB.clinic_api_vertigodisease,ID,CORE2DB.clinic_api_vertigodiseasesds(VERTIGO_DISEASE_SDS_ID) = CORE2DB.clinic_api_vertigodisease(ID),,A,declared_foreign_key,verified,"{""evidence"": ""database_declared_constraint"", ""constraint"": ""clinic_api_vertigodi_vertigo_disease_sds__0b7d87e5_fk_clinic_ap""}",plan139_four_sources_plan139-20260822T000829Z; constraint clinic_api_vertigodi_vertigo_disease_sds__0b7d87e5_fk_clinic_ap,
2485,CORE2DB,CORE2DB.clinic_api_vertigodiseasestimulateabr,VERTIGO_DISEASE_STIMULATE_ABR_ID,CORE2DB.clinic_api_vertigodisease,ID,CORE2DB.clinic_api_vertigodiseasestimulateabr(VERTIGO_DISEASE_STIMULATE_ABR_ID) = CORE2DB.clinic_api_vertigodisease(ID),,A,declared_foreign_key,verified,"{""evidence"": ""database_declared_constraint"", ""constraint"": ""clinic_api_vertigodi_vertigo_disease_stim_71f88707_fk_clinic_ap""}",plan139_four_sources_plan139-20260822T000829Z; constraint clinic_api_vertigodi_vertigo_disease_stim_71f88707_fk_clinic_ap,
2486,CORE2DB,CORE2DB.clinic_api_vertigodiseasethi,VERTIGO_DISEASE_THI_ID,CORE2DB.clinic_api_vertigodisease,ID,CORE2DB.clinic_api_vertigodiseasethi(VERTIGO_DISEASE_THI_ID) = CORE2DB.clinic_api_vertigodisease(ID),,A,declared_foreign_key,verified,"{""evidence"": ""database_declared_constraint"", ""constraint"": ""clinic_api_vertigodi_vertigo_disease_thi__8b0b96f9_fk_clinic_ap""}",plan139_four_sources_plan139-20260822T000829Z; constraint clinic_api_vertigodi_vertigo_disease_thi__8b0b96f9_fk_clinic_ap,
2487,CORE2DB,CORE2DB.clinic_api_vertigodiseasetympanogram,VERTIGO_DISEASE_TYMPANOGRAM_ID,CORE2DB.clinic_api_vertigodisease,ID,CORE2DB.clinic_api_vertigodiseasetympanogram(VERTIGO_DISEASE_TYMPANOGRAM_ID) = CORE2DB.clinic_api_vertigodisease(ID),,A,declared_foreign_key,verified,"{""evidence"": ""database_declared_constraint"", ""constraint"": ""clinic_api_vertigodi_vertigo_disease_tymp_30055f55_fk_clinic_ap""}",plan139_four_sources_plan139-20260822T000829Z; constraint clinic_api_vertigodi_vertigo_disease_tymp_30055f55_fk_clinic_ap,
2488,CORE2DB,CORE2DB.clinic_api_vertigodiseasevat,VERTIGO_DISEASE_VAT_ID,CORE2DB.clinic_api_vertigodisease,ID,CORE2DB.clinic_api_vertigodiseasevat(VERTIGO_DISEASE_VAT_ID) = CORE2DB.clinic_api_vertigodisease(ID),,A,declared_foreign_key,verified,"{""evidence"": ""database_declared_constraint"", ""constraint"": ""clinic_api_vertigodi_vertigo_disease_vat__99703c27_fk_clinic_ap""}",plan139_four_sources_plan139-20260822T000829Z; constraint clinic_api_vertigodi_vertigo_disease_vat__99703c27_fk_clinic_ap,
2489,CORE2DB,CORE2DB.clinic_api_vertigodiseasevemp,VERTIGO_DISEASE_VEMP_ID,CORE2DB.clinic_api_vertigodisease,ID,CORE2DB.clinic_api_vertigodiseasevemp(VERTIGO_DISEASE_VEMP_ID) = CORE2DB.clinic_api_vertigodisease(ID),,A,declared_foreign_key,verified,"{""evidence"": ""database_declared_constraint"", ""constraint"": ""clinic_api_vertigodi_vertigo_disease_vemp_13d55bf4_fk_clinic_ap""}",plan139_four_sources_plan139-20260822T000829Z; constraint clinic_api_vertigodi_vertigo_disease_vemp_13d55bf4_fk_clinic_ap,
2490,CORE2DB,CORE2DB.clinic_api_visualrecord,MEDICAL_RECORDS_ID,CORE2DB.medical_api_medicalrecords,ID,CORE2DB.clinic_api_visualrecord(MEDICAL_RECORDS_ID) = CORE2DB.medical_api_medicalrecords(ID),,A,declared_foreign_key,verified,"{""evidence"": ""database_declared_constraint"", ""constraint"": ""clinic_api_visualrec_medical_records_id_2773492a_fk_medical_a""}",plan139_four_sources_plan139-20260822T000829Z; constraint clinic_api_visualrec_medical_records_id_2773492a_fk_medical_a,
2491,CORE2DB,CORE2DB.clinic_api_visualrecordcontrol,VISUAL_RECORD_ID,CORE2DB.clinic_api_visualrecord,ID,CORE2DB.clinic_api_visualrecordcontrol(VISUAL_RECORD_ID) = CORE2DB.clinic_api_visualrecord(ID),,A,declared_foreign_key,verified,"{""evidence"": ""database_declared_constraint"", ""constraint"": ""clinic_api_visualrec_visual_record_id_0cf0d47c_fk_clinic_ap""}",plan139_four_sources_plan139-20260822T000829Z; constraint clinic_api_visualrec_visual_record_id_0cf0d47c_fk_clinic_ap,
2492,CORE2DB,CORE2DB.clinic_api_visualrecordlist,PRACTITIONER_ID,CORE2DB.data_api_practitioner,ID,CORE2DB.clinic_api_visualrecordlist(PRACTITIONER_ID) = CORE2DB.data_api_practitioner(ID),,A,declared_foreign_key,verified,"{""evidence"": ""database_declared_constraint"", ""constraint"": ""clinic_api_visualrec_practitioner_id_2d45613b_fk_data_api_""}",plan139_four_sources_plan139-20260822T000829Z; constraint clinic_api_visualrec_practitioner_id_2d45613b_fk_data_api_,
2493,CORE2DB,CORE2DB.clinic_api_visualrecordlist,VISUAL_RECORD_ID,CORE2DB.clinic_api_visualrecord,ID,CORE2DB.clinic_api_visualrecordlist(VISUAL_RECORD_ID) = CORE2DB.clinic_api_visualrecord(ID),,A,declared_foreign_key,verified,"{""evidence"": ""database_declared_constraint"", ""constraint"": ""clinic_api_visualrec_visual_record_id_29f0212d_fk_clinic_ap""}",plan139_four_sources_plan139-20260822T000829Z; constraint clinic_api_visualrec_visual_record_id_29f0212d_fk_clinic_ap,
2494,CORE2DB,CORE2DB.data_api_addressinformation,PRACTITIONER_ID,CORE2DB.data_api_practitioner,ID,CORE2DB.data_api_addressinformation(PRACTITIONER_ID) = CORE2DB.data_api_practitioner(ID),,A,declared_foreign_key,verified,"{""evidence"": ""database_declared_constraint"", ""constraint"": ""data_api_addressinfo_practitioner_id_0f8f3c52_fk_data_api_""}",plan139_four_sources_plan139-20260822T000829Z; constraint data_api_addressinfo_practitioner_id_0f8f3c52_fk_data_api_,
2495,CORE2DB,CORE2DB.data_api_casecomment,MEDICAL_RECORD_GRADE_ID,CORE2DB.data_api_medicalrecordgrade,ID,CORE2DB.data_api_casecomment(MEDICAL_RECORD_GRADE_ID) = CORE2DB.data_api_medicalrecordgrade(ID),,A,declared_foreign_key,verified,"{""evidence"": ""database_declared_constraint"", ""constraint"": ""data_api_casecomment_medical_record_grade_09bc830a_fk_data_api_""}",plan139_four_sources_plan139-20260822T000829Z; constraint data_api_casecomment_medical_record_grade_09bc830a_fk_data_api_,
2496,CORE2DB,CORE2DB.data_api_city,PROVINCE_ID,CORE2DB.data_api_province,ID,CORE2DB.data_api_city(PROVINCE_ID) = CORE2DB.data_api_province(ID),,A,declared_foreign_key,verified,"{""evidence"": ""database_declared_constraint"", ""constraint"": ""data_api_city_province_id_7f2cbc88_fk_data_api_province_id""}",plan139_four_sources_plan139-20260822T000829Z; constraint data_api_city_province_id_7f2cbc88_fk_data_api_province_id,
2497,CORE2DB,CORE2DB.data_api_courtyard,HOSPITAL_ID,CORE2DB.data_api_hospital,ID,CORE2DB.data_api_courtyard(HOSPITAL_ID) = CORE2DB.data_api_hospital(ID),,A,declared_foreign_key,verified,"{""evidence"": ""database_declared_constraint"", ""constraint"": ""data_api_courtyard_hospital_id_45b5fbb5_fk_data_api_hospital_id""}",plan139_four_sources_plan139-20260822T000829Z; constraint data_api_courtyard_hospital_id_45b5fbb5_fk_data_api_hospital_id,
2498,CORE2DB,CORE2DB.data_api_creditlog,PRACTITIONER_ID,CORE2DB.data_api_practitioner,ID,CORE2DB.data_api_creditlog(PRACTITIONER_ID) = CORE2DB.data_api_practitioner(ID),,A,declared_foreign_key,verified,"{""evidence"": ""database_declared_constraint"", ""constraint"": ""data_api_creditlog_practitioner_id_7a7761f3_fk_data_api_""}",plan139_four_sources_plan139-20260822T000829Z; constraint data_api_creditlog_practitioner_id_7a7761f3_fk_data_api_,
2499,CORE2DB,CORE2DB.data_api_customname,EMR_SETTING_ID,CORE2DB.data_api_emrsettings,HOSPITAL_ID,CORE2DB.data_api_customname(EMR_SETTING_ID) = CORE2DB.data_api_emrsettings(HOSPITAL_ID),,A,declared_foreign_key,verified,"{""evidence"": ""database_declared_constraint"", ""constraint"": ""data_api_customname_emr_setting_id_32261344_fk_data_api_""}",plan139_four_sources_plan139-20260822T000829Z; constraint data_api_customname_emr_setting_id_32261344_fk_data_api_,
2500,CORE2DB,CORE2DB.data_api_feedback,FROM_PRACTITIONER_ID,CORE2DB.data_api_practitioner,ID,CORE2DB.data_api_feedback(FROM_PRACTITIONER_ID) = CORE2DB.data_api_practitioner(ID),,A,declared_foreign_key,verified,"{""evidence"": ""database_declared_constraint"", ""constraint"": ""data_api_feedback_from_practitioner_id_1fbb22f6_fk_data_api_""}",plan139_four_sources_plan139-20260822T000829Z; constraint data_api_feedback_from_practitioner_id_1fbb22f6_fk_data_api_,
2501,CORE2DB,CORE2DB.data_api_hospital,CITY_ID,CORE2DB.data_api_city,ID,CORE2DB.data_api_hospital(CITY_ID) = CORE2DB.data_api_city(ID),,A,declared_foreign_key,verified,"{""evidence"": ""database_declared_constraint"", ""constraint"": ""data_api_hospital_city_id_f1e99d26_fk_data_api_city_id""}",plan139_four_sources_plan139-20260822T000829Z; constraint data_api_hospital_city_id_f1e99d26_fk_data_api_city_id,
2502,CORE2DB,CORE2DB.data_api_hospital,PROVINCE_ID,CORE2DB.data_api_province,ID,CORE2DB.data_api_hospital(PROVINCE_ID) = CORE2DB.data_api_province(ID),,A,declared_foreign_key,verified,"{""evidence"": ""database_declared_constraint"", ""constraint"": ""data_api_hospital_province_id_d9d700ff_fk_data_api_province_id""}",plan139_four_sources_plan139-20260822T000829Z; constraint data_api_hospital_province_id_d9d700ff_fk_data_api_province_id,
2503,CORE2DB,CORE2DB.data_api_hospitalpatient,HOSPITAL_ID,CORE2DB.data_api_hospital,ID,CORE2DB.data_api_hospitalpatient(HOSPITAL_ID) = CORE2DB.data_api_hospital(ID),,A,declared_foreign_key,verified,"{""evidence"": ""database_declared_constraint"", ""constraint"": ""data_api_hospitalpat_hospital_id_ad4c884d_fk_data_api_""}",plan139_four_sources_plan139-20260822T000829Z; constraint data_api_hospitalpat_hospital_id_ad4c884d_fk_data_api_,
2504,CORE2DB,CORE2DB.data_api_hospitalpatient,PATIENT_ID,CORE2DB.data_api_patient,ID,CORE2DB.data_api_hospitalpatient(PATIENT_ID) = CORE2DB.data_api_patient(ID),,A,declared_foreign_key,verified,"{""evidence"": ""database_declared_constraint"", ""constraint"": ""data_api_hospitalpat_patient_id_d76784a6_fk_data_api_""}",plan139_four_sources_plan139-20260822T000829Z; constraint data_api_hospitalpat_patient_id_d76784a6_fk_data_api_,
2505,CORE2DB,CORE2DB.data_api_hospitalpatient,PRACTITIONER_ID,CORE2DB.data_api_practitioner,ID,CORE2DB.data_api_hospitalpatient(PRACTITIONER_ID) = CORE2DB.data_api_practitioner(ID),,A,declared_foreign_key,verified,"{""evidence"": ""database_declared_constraint"", ""constraint"": ""data_api_hospitalpat_practitioner_id_dd5fa489_fk_data_api_""}",plan139_four_sources_plan139-20260822T000829Z; constraint data_api_hospitalpat_practitioner_id_dd5fa489_fk_data_api_,
2506,CORE2DB,CORE2DB.data_api_inquiryreceipt,INQUIRY_RELATION_FORM_ID,CORE2DB.data_api_inquiryrelationform,ID,CORE2DB.data_api_inquiryreceipt(INQUIRY_RELATION_FORM_ID) = CORE2DB.data_api_inquiryrelationform(ID),,A,declared_foreign_key,verified,"{""evidence"": ""database_declared_constraint"", ""constraint"": ""data_api_inquiryrece_inquiry_relation_for_c5b6bc5a_fk_data_api_""}",plan139_four_sources_plan139-20260822T000829Z; constraint data_api_inquiryrece_inquiry_relation_for_c5b6bc5a_fk_data_api_,
2507,CORE2DB,CORE2DB.data_api_joinpractitioner,PRACTITIONERWILLDONE_ID,CORE2DB.data_api_practitionerwilldone,ID,CORE2DB.data_api_joinpractitioner(PRACTITIONERWILLDONE_ID) = CORE2DB.data_api_practitionerwilldone(ID),,A,declared_foreign_key,verified,"{""evidence"": ""database_declared_constraint"", ""constraint"": ""data_api_joinpractit_practitionerwilldone_e58f652f_fk_data_api_""}",plan139_four_sources_plan139-20260822T000829Z; constraint data_api_joinpractit_practitionerwilldone_e58f652f_fk_data_api_,
2508,CORE2DB,CORE2DB.data_api_logging,PRACTITIONER_ID,CORE2DB.data_api_practitioner,ID,CORE2DB.data_api_logging(PRACTITIONER_ID) = CORE2DB.data_api_practitioner(ID),,A,declared_foreign_key,verified,"{""evidence"": ""database_declared_constraint"", ""constraint"": ""data_api_logging_practitioner_id_eea37607_fk_data_api_""}",plan139_four_sources_plan139-20260822T000829Z; constraint data_api_logging_practitioner_id_eea37607_fk_data_api_,
2509,CORE2DB,CORE2DB.data_api_medicalcards,PATIENT_ID,CORE2DB.data_api_patient,ID,CORE2DB.data_api_medicalcards(PATIENT_ID) = CORE2DB.data_api_patient(ID),,A,declared_foreign_key,verified,"{""evidence"": ""database_declared_constraint"", ""constraint"": ""data_api_medicalcards_patient_id_7296b8e4_fk_data_api_patient_id""}",plan139_four_sources_plan139-20260822T000829Z; constraint data_api_medicalcards_patient_id_7296b8e4_fk_data_api_patient_id,
2510,CORE2DB,CORE2DB.data_api_medicalgroup,TRANS_SUBJECT_ID,CORE2DB.data_api_transsubject,ID,CORE2DB.data_api_medicalgroup(TRANS_SUBJECT_ID) = CORE2DB.data_api_transsubject(ID),,A,declared_foreign_key,verified,"{""evidence"": ""database_declared_constraint"", ""constraint"": ""data_api_medicalgrou_trans_subject_id_db36d10c_fk_data_api_""}",plan139_four_sources_plan139-20260822T000829Z; constraint data_api_medicalgrou_trans_subject_id_db36d10c_fk_data_api_,
2511,CORE2DB,CORE2DB.data_api_medicalrecordlog,MODIFIER_ID,CORE2DB.data_api_practitioner,ID,CORE2DB.data_api_medicalrecordlog(MODIFIER_ID) = CORE2DB.data_api_practitioner(ID),,A,declared_foreign_key,verified,"{""evidence"": ""database_declared_constraint"", ""constraint"": ""data_api_medicalreco_modifier_id_b958d208_fk_data_api_""}",plan139_four_sources_plan139-20260822T000829Z; constraint data_api_medicalreco_modifier_id_b958d208_fk_data_api_,
2512,CORE2DB,CORE2DB.data_api_medicalresources,HOSPITAL_ID,CORE2DB.data_api_hospital,ID,CORE2DB.data_api_medicalresources(HOSPITAL_ID) = CORE2DB.data_api_hospital(ID),,A,declared_foreign_key,verified,"{""evidence"": ""database_declared_constraint"", ""constraint"": ""data_api_medicalreso_hospital_id_a22356c0_fk_data_api_""}",plan139_four_sources_plan139-20260822T000829Z; constraint data_api_medicalreso_hospital_id_a22356c0_fk_data_api_,
2513,CORE2DB,CORE2DB.data_api_medicalresources,PATIENT_ID,CORE2DB.data_api_patient,ID,CORE2DB.data_api_medicalresources(PATIENT_ID) = CORE2DB.data_api_patient(ID),,A,declared_foreign_key,verified,"{""evidence"": ""database_declared_constraint"", ""constraint"": ""data_api_medicalreso_patient_id_9cf0d464_fk_data_api_""}",plan139_four_sources_plan139-20260822T000829Z; constraint data_api_medicalreso_patient_id_9cf0d464_fk_data_api_,
2514,CORE2DB,CORE2DB.data_api_medicalresourceslist,MEDICAL_RESOURCES_ID,CORE2DB.data_api_medicalresources,ID,CORE2DB.data_api_medicalresourceslist(MEDICAL_RESOURCES_ID) = CORE2DB.data_api_medicalresources(ID),,A,declared_foreign_key,verified,"{""evidence"": ""database_declared_constraint"", ""constraint"": ""data_api_medicalreso_medical_resources_id_7726d5d3_fk_data_api_""}",plan139_four_sources_plan139-20260822T000829Z; constraint data_api_medicalreso_medical_resources_id_7726d5d3_fk_data_api_,
2515,CORE2DB,CORE2DB.data_api_medicalresourceslist,PRACTITIONER_ID,CORE2DB.data_api_practitioner,ID,CORE2DB.data_api_medicalresourceslist(PRACTITIONER_ID) = CORE2DB.data_api_practitioner(ID),,A,declared_foreign_key,verified,"{""evidence"": ""database_declared_constraint"", ""constraint"": ""data_api_medicalreso_practitioner_id_ba0c4417_fk_data_api_""}",plan139_four_sources_plan139-20260822T000829Z; constraint data_api_medicalreso_practitioner_id_ba0c4417_fk_data_api_,
2516,CORE2DB,CORE2DB.data_api_patientmedicalgroup,MEDICAL_GROUP_ID,CORE2DB.data_api_medicalgroup,ID,CORE2DB.data_api_patientmedicalgroup(MEDICAL_GROUP_ID) = CORE2DB.data_api_medicalgroup(ID),,A,declared_foreign_key,verified,"{""evidence"": ""database_declared_constraint"", ""constraint"": ""data_api_patientmedi_medical_group_id_05cc3979_fk_data_api_""}",plan139_four_sources_plan139-20260822T000829Z; constraint data_api_patientmedi_medical_group_id_05cc3979_fk_data_api_,
2517,CORE2DB,CORE2DB.data_api_patientmedicalgroup,PATIENT_ID,CORE2DB.data_api_patient,ID,CORE2DB.data_api_patientmedicalgroup(PATIENT_ID) = CORE2DB.data_api_patient(ID),,A,declared_foreign_key,verified,"{""evidence"": ""database_declared_constraint"", ""constraint"": ""data_api_patientmedi_patient_id_d090c467_fk_data_api_""}",plan139_four_sources_plan139-20260822T000829Z; constraint data_api_patientmedi_patient_id_d090c467_fk_data_api_,
2518,CORE2DB,CORE2DB.data_api_patientsubject,PATIENT_ID,CORE2DB.data_api_patient,ID,CORE2DB.data_api_patientsubject(PATIENT_ID) = CORE2DB.data_api_patient(ID),,A,declared_foreign_key,verified,"{""evidence"": ""database_declared_constraint"", ""constraint"": ""data_api_patientsubj_patient_id_4d1de446_fk_data_api_""}",plan139_four_sources_plan139-20260822T000829Z; constraint data_api_patientsubj_patient_id_4d1de446_fk_data_api_,
2519,CORE2DB,CORE2DB.data_api_patientsubject,SUBJECT_ID,CORE2DB.data_api_transsubject,ID,CORE2DB.data_api_patientsubject(SUBJECT_ID) = CORE2DB.data_api_transsubject(ID),,A,declared_foreign_key,verified,"{""evidence"": ""database_declared_constraint"", ""constraint"": ""data_api_patientsubj_subject_id_b3f4b24b_fk_data_api_""}",plan139_four_sources_plan139-20260822T000829Z; constraint data_api_patientsubj_subject_id_b3f4b24b_fk_data_api_,
2520,CORE2DB,CORE2DB.data_api_picture,PICTURE_GROUP_ID,CORE2DB.data_api_picturegroup,ID,CORE2DB.data_api_picture(PICTURE_GROUP_ID) = CORE2DB.data_api_picturegroup(ID),,A,declared_foreign_key,verified,"{""evidence"": ""database_declared_constraint"", ""constraint"": ""data_api_picture_picture_group_id_2dd99df0_fk_data_api_""}",plan139_four_sources_plan139-20260822T000829Z; constraint data_api_picture_picture_group_id_2dd99df0_fk_data_api_,
2521,CORE2DB,CORE2DB.data_api_practitioner,HOSPITAL_ID,CORE2DB.data_api_hospital,ID,CORE2DB.data_api_practitioner(HOSPITAL_ID) = CORE2DB.data_api_hospital(ID),,A,declared_foreign_key,verified,"{""evidence"": ""database_declared_constraint"", ""constraint"": ""data_api_practitione_hospital_id_5ac7afbc_fk_data_api_""}",plan139_four_sources_plan139-20260822T000829Z; constraint data_api_practitione_hospital_id_5ac7afbc_fk_data_api_,
2522,CORE2DB,CORE2DB.data_api_practitioner,MEDICAL_GROUP_ID,CORE2DB.data_api_medicalgroup,ID,CORE2DB.data_api_practitioner(MEDICAL_GROUP_ID) = CORE2DB.data_api_medicalgroup(ID),,A,declared_foreign_key,verified,"{""evidence"": ""database_declared_constraint"", ""constraint"": ""data_api_practitione_medical_group_id_93e107d0_fk_data_api_""}",plan139_four_sources_plan139-20260822T000829Z; constraint data_api_practitione_medical_group_id_93e107d0_fk_data_api_,
2523,CORE2DB,CORE2DB.data_api_practitioner,PERMISSION_ID,CORE2DB.data_api_permission,ID,CORE2DB.data_api_practitioner(PERMISSION_ID) = CORE2DB.data_api_permission(ID),,A,declared_foreign_key,verified,"{""evidence"": ""database_declared_constraint"", ""constraint"": ""data_api_practitione_permission_id_57c09eb8_fk_data_api_""}",plan139_four_sources_plan139-20260822T000829Z; constraint data_api_practitione_permission_id_57c09eb8_fk_data_api_,
2524,CORE2DB,CORE2DB.data_api_practitioner,SUBJECT_ID,CORE2DB.data_api_transsubject,ID,CORE2DB.data_api_practitioner(SUBJECT_ID) = CORE2DB.data_api_transsubject(ID),,A,declared_foreign_key,verified,"{""evidence"": ""database_declared_constraint"", ""constraint"": ""data_api_practitione_subject_id_e47f0549_fk_data_api_""}",plan139_four_sources_plan139-20260822T000829Z; constraint data_api_practitione_subject_id_e47f0549_fk_data_api_,
2525,CORE2DB,CORE2DB.data_api_practitioner,USER_ID,CORE2DB.auth_api_userprofile,ID,CORE2DB.data_api_practitioner(USER_ID) = CORE2DB.auth_api_userprofile(ID),,A,declared_foreign_key,verified,"{""evidence"": ""database_declared_constraint"", ""constraint"": ""data_api_practitione_user_id_6b5c61cc_fk_auth_api_""}",plan139_four_sources_plan139-20260822T000829Z; constraint data_api_practitione_user_id_6b5c61cc_fk_auth_api_,
2526,CORE2DB,CORE2DB.data_api_practitionersubjectpermission,MEDICAL_GROUP_ID,CORE2DB.data_api_medicalgroup,ID,CORE2DB.data_api_practitionersubjectpermission(MEDICAL_GROUP_ID) = CORE2DB.data_api_medicalgroup(ID),,A,declared_foreign_key,verified,"{""evidence"": ""database_declared_constraint"", ""constraint"": ""data_api_practitione_medical_group_id_e03c52fc_fk_data_api_""}",plan139_four_sources_plan139-20260822T000829Z; constraint data_api_practitione_medical_group_id_e03c52fc_fk_data_api_,
2527,CORE2DB,CORE2DB.data_api_practitionersubjectpermission,PRACTITIONER_ID,CORE2DB.data_api_practitioner,ID,CORE2DB.data_api_practitionersubjectpermission(PRACTITIONER_ID) = CORE2DB.data_api_practitioner(ID),,A,declared_foreign_key,verified,"{""evidence"": ""database_declared_constraint"", ""constraint"": ""data_api_practitione_practitioner_id_c13689da_fk_data_api_""}",plan139_four_sources_plan139-20260822T000829Z; constraint data_api_practitione_practitioner_id_c13689da_fk_data_api_,
2528,CORE2DB,CORE2DB.data_api_practitionersubjectpermission,SUBJECT_ID,CORE2DB.data_api_transsubject,ID,CORE2DB.data_api_practitionersubjectpermission(SUBJECT_ID) = CORE2DB.data_api_transsubject(ID),,A,declared_foreign_key,verified,"{""evidence"": ""database_declared_constraint"", ""constraint"": ""data_api_practitione_subject_id_d3b1d0ef_fk_data_api_""}",plan139_four_sources_plan139-20260822T000829Z; constraint data_api_practitione_subject_id_d3b1d0ef_fk_data_api_,
2529,CORE2DB,CORE2DB.data_api_practitionerwilldone,PRACTITIONER_ID,CORE2DB.data_api_practitioner,ID,CORE2DB.data_api_practitionerwilldone(PRACTITIONER_ID) = CORE2DB.data_api_practitioner(ID),,A,declared_foreign_key,verified,"{""evidence"": ""database_declared_constraint"", ""constraint"": ""data_api_practitione_practitioner_id_b96a6703_fk_data_api_""}",plan139_four_sources_plan139-20260822T000829Z; constraint data_api_practitione_practitioner_id_b96a6703_fk_data_api_,
2530,CORE2DB,CORE2DB.data_api_subjectcenter,COURTYARD_ID,CORE2DB.data_api_courtyard,ID,CORE2DB.data_api_subjectcenter(COURTYARD_ID) = CORE2DB.data_api_courtyard(ID),,A,declared_foreign_key,verified,"{""evidence"": ""database_declared_constraint"", ""constraint"": ""data_api_subjectcent_courtyard_id_f7a0fb75_fk_data_api_""}",plan139_four_sources_plan139-20260822T000829Z; constraint data_api_subjectcent_courtyard_id_f7a0fb75_fk_data_api_,
2531,CORE2DB,CORE2DB.data_api_temporarypatient,PATIENT_ID,CORE2DB.data_api_patient,ID,CORE2DB.data_api_temporarypatient(PATIENT_ID) = CORE2DB.data_api_patient(ID),,A,declared_foreign_key,verified,"{""evidence"": ""database_declared_constraint"", ""constraint"": ""data_api_temporarypa_patient_id_eb9971fd_fk_data_api_""}",plan139_four_sources_plan139-20260822T000829Z; constraint data_api_temporarypa_patient_id_eb9971fd_fk_data_api_,
2532,CORE2DB,CORE2DB.data_api_temporarypatient,PRACTITIONER_ID,CORE2DB.data_api_practitioner,ID,CORE2DB.data_api_temporarypatient(PRACTITIONER_ID) = CORE2DB.data_api_practitioner(ID),,A,declared_foreign_key,verified,"{""evidence"": ""database_declared_constraint"", ""constraint"": ""data_api_temporarypa_practitioner_id_ebe3f992_fk_data_api_""}",plan139_four_sources_plan139-20260822T000829Z; constraint data_api_temporarypa_practitioner_id_ebe3f992_fk_data_api_,
2533,CORE2DB,CORE2DB.data_api_temporarypatient,SUBJECT_ID,CORE2DB.data_api_transsubject,ID,CORE2DB.data_api_temporarypatient(SUBJECT_ID) = CORE2DB.data_api_transsubject(ID),,A,declared_foreign_key,verified,"{""evidence"": ""database_declared_constraint"", ""constraint"": ""data_api_temporarypa_subject_id_8752f5fe_fk_data_api_""}",plan139_four_sources_plan139-20260822T000829Z; constraint data_api_temporarypa_subject_id_8752f5fe_fk_data_api_,
2534,CORE2DB,CORE2DB.data_api_transsubject,SUBJECT_CENTER_ID,CORE2DB.data_api_subjectcenter,ID,CORE2DB.data_api_transsubject(SUBJECT_CENTER_ID) = CORE2DB.data_api_subjectcenter(ID),,A,declared_foreign_key,verified,"{""evidence"": ""database_declared_constraint"", ""constraint"": ""data_api_transsubjec_subject_center_id_d44cdaca_fk_data_api_""}",plan139_four_sources_plan139-20260822T000829Z; constraint data_api_transsubjec_subject_center_id_d44cdaca_fk_data_api_,
2535,CORE2DB,CORE2DB.django_admin_log,CONTENT_TYPE_ID,CORE2DB.django_content_type,ID,CORE2DB.django_admin_log(CONTENT_TYPE_ID) = CORE2DB.django_content_type(ID),,A,declared_foreign_key,verified,"{""evidence"": ""database_declared_constraint"", ""constraint"": ""django_admin_log_content_type_id_c4bce8eb_fk_django_co""}",plan139_four_sources_plan139-20260822T000829Z; constraint django_admin_log_content_type_id_c4bce8eb_fk_django_co,
2536,CORE2DB,CORE2DB.django_admin_log,USER_ID,CORE2DB.auth_api_userprofile,ID,CORE2DB.django_admin_log(USER_ID) = CORE2DB.auth_api_userprofile(ID),,A,declared_foreign_key,verified,"{""evidence"": ""database_declared_constraint"", ""constraint"": ""django_admin_log_user_id_c564eba6_fk_auth_api_userprofile_id""}",plan139_four_sources_plan139-20260822T000829Z; constraint django_admin_log_user_id_c564eba6_fk_auth_api_userprofile_id,
2537,CORE2DB,CORE2DB.django_apscheduler_djangojobexecution,JOB_ID,CORE2DB.django_apscheduler_djangojob,ID,CORE2DB.django_apscheduler_djangojobexecution(JOB_ID) = CORE2DB.django_apscheduler_djangojob(ID),,A,declared_foreign_key,verified,"{""evidence"": ""database_declared_constraint"", ""constraint"": ""django_apscheduler_d_job_id_daf5090a_fk_django_ap""}",plan139_four_sources_plan139-20260822T000829Z; constraint django_apscheduler_d_job_id_daf5090a_fk_django_ap,
2538,CORE2DB,CORE2DB.djcelery_periodictask,CRONTAB_ID,CORE2DB.djcelery_crontabschedule,ID,CORE2DB.djcelery_periodictask(CRONTAB_ID) = CORE2DB.djcelery_crontabschedule(ID),,A,declared_foreign_key,verified,"{""evidence"": ""database_declared_constraint"", ""constraint"": ""djcelery_periodictas_crontab_id_75609bab_fk_djcelery_""}",plan139_four_sources_plan139-20260822T000829Z; constraint djcelery_periodictas_crontab_id_75609bab_fk_djcelery_,
2539,CORE2DB,CORE2DB.djcelery_periodictask,INTERVAL_ID,CORE2DB.djcelery_intervalschedule,ID,CORE2DB.djcelery_periodictask(INTERVAL_ID) = CORE2DB.djcelery_intervalschedule(ID),,A,declared_foreign_key,verified,"{""evidence"": ""database_declared_constraint"", ""constraint"": ""djcelery_periodictas_interval_id_b426ab02_fk_djcelery_""}",plan139_four_sources_plan139-20260822T000829Z; constraint djcelery_periodictas_interval_id_b426ab02_fk_djcelery_,
2540,CORE2DB,CORE2DB.djcelery_taskstate,WORKER_ID,CORE2DB.djcelery_workerstate,ID,CORE2DB.djcelery_taskstate(WORKER_ID) = CORE2DB.djcelery_workerstate(ID),,A,declared_foreign_key,verified,"{""evidence"": ""database_declared_constraint"", ""constraint"": ""djcelery_taskstate_worker_id_f7f57a05_fk_djcelery_workerstate_id""}",plan139_four_sources_plan139-20260822T000829Z; constraint djcelery_taskstate_worker_id_f7f57a05_fk_djcelery_workerstate_id,
2541,CORE2DB,CORE2DB.medical_api_aggressiveoperation,INFECTION_QUESTIONNAIRE_ID,CORE2DB.medical_api_hospitalinfectionquestionnaire,ID,CORE2DB.medical_api_aggressiveoperation(INFECTION_QUESTIONNAIRE_ID) = CORE2DB.medical_api_hospitalinfectionquestionnaire(ID),,A,declared_foreign_key,verified,"{""evidence"": ""database_declared_constraint"", ""constraint"": ""medical_api_aggressi_infection_questionna_1529b2c3_fk_medical_a""}",plan139_four_sources_plan139-20260822T000829Z; constraint medical_api_aggressi_infection_questionna_1529b2c3_fk_medical_a,
2542,CORE2DB,CORE2DB.medical_api_anaesthesiapostoperativevisitsheet,MEDICAL_RECORDS_ID,CORE2DB.medical_api_medicalrecords,ID,CORE2DB.medical_api_anaesthesiapostoperativevisitsheet(MEDICAL_RECORDS_ID) = CORE2DB.medical_api_medicalrecords(ID),,A,declared_foreign_key,verified,"{""evidence"": ""database_declared_constraint"", ""constraint"": ""medical_api_anaesthe_medical_records_id_dabd0443_fk_medical_a""}",plan139_four_sources_plan139-20260822T000829Z; constraint medical_api_anaesthe_medical_records_id_dabd0443_fk_medical_a,
2543,CORE2DB,CORE2DB.medical_api_anaesthesiapostoperativevisitsheetcontrol,ANAESTHESIA_POSTOPERATI_ID,CORE2DB.medical_api_anaesthesiapostoperativevisitsheet,ID,CORE2DB.medical_api_anaesthesiapostoperativevisitsheetcontrol(ANAESTHESIA_POSTOPERATI_ID) = CORE2DB.medical_api_anaesthesiapostoperativevisitsheet(ID),,A,declared_foreign_key,verified,"{""evidence"": ""database_declared_constraint"", ""constraint"": ""medical_api_anaesthe_anaesthesia_postoper_2a2ec319_fk_medical_a""}",plan139_four_sources_plan139-20260822T000829Z; constraint medical_api_anaesthe_anaesthesia_postoper_2a2ec319_fk_medical_a,
2544,CORE2DB,CORE2DB.medical_api_anaesthesiapostoperativevisitsheetlist,ANAESTHESIA_POSTOPERATI_ID,CORE2DB.medical_api_anaesthesiapostoperativevisitsheet,ID,CORE2DB.medical_api_anaesthesiapostoperativevisitsheetlist(ANAESTHESIA_POSTOPERATI_ID) = CORE2DB.medical_api_anaesthesiapostoperativevisitsheet(ID),,A,declared_foreign_key,verified,"{""evidence"": ""database_declared_constraint"", ""constraint"": ""medical_api_anaesthe_anaesthesia_postoper_fdda5f97_fk_medical_a""}",plan139_four_sources_plan139-20260822T000829Z; constraint medical_api_anaesthe_anaesthesia_postoper_fdda5f97_fk_medical_a,
2545,CORE2DB,CORE2DB.medical_api_anaesthesiapostoperativevisitsheetlist,PRACTITIONER_ID,CORE2DB.data_api_practitioner,ID,CORE2DB.medical_api_anaesthesiapostoperativevisitsheetlist(PRACTITIONER_ID) = CORE2DB.data_api_practitioner(ID),,A,declared_foreign_key,verified,"{""evidence"": ""database_declared_constraint"", ""constraint"": ""medical_api_anaesthe_practitioner_id_74aa57b5_fk_data_api_""}",plan139_four_sources_plan139-20260822T000829Z; constraint medical_api_anaesthe_practitioner_id_74aa57b5_fk_data_api_,
2546,CORE2DB,CORE2DB.medical_api_anaesthesiapreoperativevisitsheet,MEDICAL_RECORDS_ID,CORE2DB.medical_api_medicalrecords,ID,CORE2DB.medical_api_anaesthesiapreoperativevisitsheet(MEDICAL_RECORDS_ID) = CORE2DB.medical_api_medicalrecords(ID),,A,declared_foreign_key,verified,"{""evidence"": ""database_declared_constraint"", ""constraint"": ""medical_api_anaesthe_medical_records_id_d67a34b4_fk_medical_a""}",plan139_four_sources_plan139-20260822T000829Z; constraint medical_api_anaesthe_medical_records_id_d67a34b4_fk_medical_a,
2547,CORE2DB,CORE2DB.medical_api_anaesthesiapreoperativevisitsheetcontrol,ANAESTHESIA_PREOPERATIVE_VISIT_ID,CORE2DB.medical_api_anaesthesiapreoperativevisitsheet,ID,CORE2DB.medical_api_anaesthesiapreoperativevisitsheetcontrol(ANAESTHESIA_PREOPERATIVE_VISIT_ID) = CORE2DB.medical_api_anaesthesiapreoperativevisitsheet(ID),,A,declared_foreign_key,verified,"{""evidence"": ""database_declared_constraint"", ""constraint"": ""medical_api_anaesthe_anaesthesia_preopera_3feecb29_fk_medical_a""}",plan139_four_sources_plan139-20260822T000829Z; constraint medical_api_anaesthe_anaesthesia_preopera_3feecb29_fk_medical_a,
2548,CORE2DB,CORE2DB.medical_api_anaesthesiapreoperativevisitsheetlist,ANAESTHESIA_PREOPERATIVE_VISIT_ID,CORE2DB.medical_api_anaesthesiapreoperativevisitsheet,ID,CORE2DB.medical_api_anaesthesiapreoperativevisitsheetlist(ANAESTHESIA_PREOPERATIVE_VISIT_ID) = CORE2DB.medical_api_anaesthesiapreoperativevisitsheet(ID),,A,declared_foreign_key,verified,"{""evidence"": ""database_declared_constraint"", ""constraint"": ""medical_api_anaesthe_anaesthesia_preopera_32d7513d_fk_medical_a""}",plan139_four_sources_plan139-20260822T000829Z; constraint medical_api_anaesthe_anaesthesia_preopera_32d7513d_fk_medical_a,
2549,CORE2DB,CORE2DB.medical_api_anaesthesiapreoperativevisitsheetlist,PRACTITIONER_ID,CORE2DB.data_api_practitioner,ID,CORE2DB.medical_api_anaesthesiapreoperativevisitsheetlist(PRACTITIONER_ID) = CORE2DB.data_api_practitioner(ID),,A,declared_foreign_key,verified,"{""evidence"": ""database_declared_constraint"", ""constraint"": ""medical_api_anaesthe_practitioner_id_29cebf86_fk_data_api_""}",plan139_four_sources_plan139-20260822T000829Z; constraint medical_api_anaesthe_practitioner_id_29cebf86_fk_data_api_,
2550,CORE2DB,CORE2DB.medical_api_anesthesiarecord,MEDICAL_RECORDS_ID,CORE2DB.medical_api_medicalrecords,ID,CORE2DB.medical_api_anesthesiarecord(MEDICAL_RECORDS_ID) = CORE2DB.medical_api_medicalrecords(ID),,A,declared_foreign_key,verified,"{""evidence"": ""database_declared_constraint"", ""constraint"": ""medical_api_anesthes_medical_records_id_f6929b65_fk_medical_a""}",plan139_four_sources_plan139-20260822T000829Z; constraint medical_api_anesthes_medical_records_id_f6929b65_fk_medical_a,
2551,CORE2DB,CORE2DB.medical_api_anesthesiarecordcontrol,ANESTHESIA_RECORD_ID,CORE2DB.medical_api_anesthesiarecord,ID,CORE2DB.medical_api_anesthesiarecordcontrol(ANESTHESIA_RECORD_ID) = CORE2DB.medical_api_anesthesiarecord(ID),,A,declared_foreign_key,verified,"{""evidence"": ""database_declared_constraint"", ""constraint"": ""medical_api_anesthes_anesthesia_record_id_3c9d8bcb_fk_medical_a""}",plan139_four_sources_plan139-20260822T000829Z; constraint medical_api_anesthes_anesthesia_record_id_3c9d8bcb_fk_medical_a,
2552,CORE2DB,CORE2DB.medical_api_anesthesiarecordlist,ANESTHESIA_RECORD_ID,CORE2DB.medical_api_anesthesiarecord,ID,CORE2DB.medical_api_anesthesiarecordlist(ANESTHESIA_RECORD_ID) = CORE2DB.medical_api_anesthesiarecord(ID),,A,declared_foreign_key,verified,"{""evidence"": ""database_declared_constraint"", ""constraint"": ""medical_api_anesthes_anesthesia_record_id_ae59ebeb_fk_medical_a""}",plan139_four_sources_plan139-20260822T000829Z; constraint medical_api_anesthes_anesthesia_record_id_ae59ebeb_fk_medical_a,
2553,CORE2DB,CORE2DB.medical_api_anesthesiarecordlist,PRACTITIONER_ID,CORE2DB.data_api_practitioner,ID,CORE2DB.medical_api_anesthesiarecordlist(PRACTITIONER_ID) = CORE2DB.data_api_practitioner(ID),,A,declared_foreign_key,verified,"{""evidence"": ""database_declared_constraint"", ""constraint"": ""medical_api_anesthes_practitioner_id_1f0d5431_fk_data_api_""}",plan139_four_sources_plan139-20260822T000829Z; constraint medical_api_anesthes_practitioner_id_1f0d5431_fk_data_api_,
2554,CORE2DB,CORE2DB.medical_api_associatedcustom,MEDICAL_ID,CORE2DB.medical_api_medicalrecords,ID,CORE2DB.medical_api_associatedcustom(MEDICAL_ID) = CORE2DB.medical_api_medicalrecords(ID),,A,declared_foreign_key,verified,"{""evidence"": ""database_declared_constraint"", ""constraint"": ""medical_api_associat_medical_id_785e55c3_fk_medical_a""}",plan139_four_sources_plan139-20260822T000829Z; constraint medical_api_associat_medical_id_785e55c3_fk_medical_a,
2555,CORE2DB,CORE2DB.medical_api_associatedfixed,MEDICAL_ID,CORE2DB.medical_api_medicalrecords,ID,CORE2DB.medical_api_associatedfixed(MEDICAL_ID) = CORE2DB.medical_api_medicalrecords(ID),,A,declared_foreign_key,verified,"{""evidence"": ""database_declared_constraint"", ""constraint"": ""medical_api_associat_medical_id_1e4b4281_fk_medical_a""}",plan139_four_sources_plan139-20260822T000829Z; constraint medical_api_associat_medical_id_1e4b4281_fk_medical_a,
2556,CORE2DB,CORE2DB.medical_api_beforeleaveoperatingroom,CHECK_RECORD_ID,CORE2DB.medical_api_surgicalsafetycheckrecord,ID,CORE2DB.medical_api_beforeleaveoperatingroom(CHECK_RECORD_ID) = CORE2DB.medical_api_surgicalsafetycheckrecord(ID),,A,declared_foreign_key,verified,"{""evidence"": ""database_declared_constraint"", ""constraint"": ""medical_api_beforele_check_record_id_d62ac5df_fk_medical_a""}",plan139_four_sources_plan139-20260822T000829Z; constraint medical_api_beforele_check_record_id_d62ac5df_fk_medical_a,
2557,CORE2DB,CORE2DB.medical_api_beforesurgery,CHECK_RECORD_ID,CORE2DB.medical_api_surgicalsafetycheckrecord,ID,CORE2DB.medical_api_beforesurgery(CHECK_RECORD_ID) = CORE2DB.medical_api_surgicalsafetycheckrecord(ID),,A,declared_foreign_key,verified,"{""evidence"": ""database_declared_constraint"", ""constraint"": ""medical_api_beforesu_check_record_id_12923f11_fk_medical_a""}",plan139_four_sources_plan139-20260822T000829Z; constraint medical_api_beforesu_check_record_id_12923f11_fk_medical_a,
2558,CORE2DB,CORE2DB.medical_api_biopsyconsultation,MEDICAL_RECORDS_ID,CORE2DB.medical_api_medicalrecords,ID,CORE2DB.medical_api_biopsyconsultation(MEDICAL_RECORDS_ID) = CORE2DB.medical_api_medicalrecords(ID),,A,declared_foreign_key,verified,"{""evidence"": ""database_declared_constraint"", ""constraint"": ""medical_api_biopsyco_medical_records_id_48d0cc22_fk_medical_a""}",plan139_four_sources_plan139-20260822T000829Z; constraint medical_api_biopsyco_medical_records_id_48d0cc22_fk_medical_a,
2559,CORE2DB,CORE2DB.medical_api_biopsyconsultationcontrol,BIOPSY_CONSULTATION_ID,CORE2DB.medical_api_biopsyconsultation,ID,CORE2DB.medical_api_biopsyconsultationcontrol(BIOPSY_CONSULTATION_ID) = CORE2DB.medical_api_biopsyconsultation(ID),,A,declared_foreign_key,verified,"{""evidence"": ""database_declared_constraint"", ""constraint"": ""medical_api_biopsyco_biopsy_consultation__5ba89791_fk_medical_a""}",plan139_four_sources_plan139-20260822T000829Z; constraint medical_api_biopsyco_biopsy_consultation__5ba89791_fk_medical_a,
2560,CORE2DB,CORE2DB.medical_api_biopsyconsultationlist,BIOPSY_CONSULTATION_ID,CORE2DB.medical_api_biopsyconsultation,ID,CORE2DB.medical_api_biopsyconsultationlist(BIOPSY_CONSULTATION_ID) = CORE2DB.medical_api_biopsyconsultation(ID),,A,declared_foreign_key,verified,"{""evidence"": ""database_declared_constraint"", ""constraint"": ""medical_api_biopsyco_biopsy_consultation__4e2162ef_fk_medical_a""}",plan139_four_sources_plan139-20260822T000829Z; constraint medical_api_biopsyco_biopsy_consultation__4e2162ef_fk_medical_a,
2561,CORE2DB,CORE2DB.medical_api_biopsyconsultationlist,PRACTITIONER_ID,CORE2DB.data_api_practitioner,ID,CORE2DB.medical_api_biopsyconsultationlist(PRACTITIONER_ID) = CORE2DB.data_api_practitioner(ID),,A,declared_foreign_key,verified,"{""evidence"": ""database_declared_constraint"", ""constraint"": ""medical_api_biopsyco_practitioner_id_90f55508_fk_data_api_""}",plan139_four_sources_plan139-20260822T000829Z; constraint medical_api_biopsyco_practitioner_id_90f55508_fk_data_api_,
2562,CORE2DB,CORE2DB.medical_api_chromosomeanalyze,MEDICAL_RECORDS_ID,CORE2DB.medical_api_medicalrecords,ID,CORE2DB.medical_api_chromosomeanalyze(MEDICAL_RECORDS_ID) = CORE2DB.medical_api_medicalrecords(ID),,A,declared_foreign_key,verified,"{""evidence"": ""database_declared_constraint"", ""constraint"": ""medical_api_chromoso_medical_records_id_70f00cbe_fk_medical_a""}",plan139_four_sources_plan139-20260822T000829Z; constraint medical_api_chromoso_medical_records_id_70f00cbe_fk_medical_a,
2563,CORE2DB,CORE2DB.medical_api_chromosomeanalyzecontrol,CHROMOSOME_ANALYZE_ID,CORE2DB.medical_api_chromosomeanalyze,ID,CORE2DB.medical_api_chromosomeanalyzecontrol(CHROMOSOME_ANALYZE_ID) = CORE2DB.medical_api_chromosomeanalyze(ID),,A,declared_foreign_key,verified,"{""evidence"": ""database_declared_constraint"", ""constraint"": ""medical_api_chromoso_chromosome_analyze_i_f14381c4_fk_medical_a""}",plan139_four_sources_plan139-20260822T000829Z; constraint medical_api_chromoso_chromosome_analyze_i_f14381c4_fk_medical_a,
2564,CORE2DB,CORE2DB.medical_api_chromosomeanalyzelist,CHROMOSOME_ANALYZE_ID,CORE2DB.medical_api_chromosomeanalyze,ID,CORE2DB.medical_api_chromosomeanalyzelist(CHROMOSOME_ANALYZE_ID) = CORE2DB.medical_api_chromosomeanalyze(ID),,A,declared_foreign_key,verified,"{""evidence"": ""database_declared_constraint"", ""constraint"": ""medical_api_chromoso_chromosome_analyze_i_cf5f652a_fk_medical_a""}",plan139_four_sources_plan139-20260822T000829Z; constraint medical_api_chromoso_chromosome_analyze_i_cf5f652a_fk_medical_a,
2565,CORE2DB,CORE2DB.medical_api_chromosomeanalyzelist,PRACTITIONER_ID,CORE2DB.data_api_practitioner,ID,CORE2DB.medical_api_chromosomeanalyzelist(PRACTITIONER_ID) = CORE2DB.data_api_practitioner(ID),,A,declared_foreign_key,verified,"{""evidence"": ""database_declared_constraint"", ""constraint"": ""medical_api_chromoso_practitioner_id_3038b908_fk_data_api_""}",plan139_four_sources_plan139-20260822T000829Z; constraint medical_api_chromoso_practitioner_id_3038b908_fk_data_api_,
2566,CORE2DB,CORE2DB.medical_api_chromosomeexamination,MEDICAL_RECORDS_ID,CORE2DB.medical_api_medicalrecords,ID,CORE2DB.medical_api_chromosomeexamination(MEDICAL_RECORDS_ID) = CORE2DB.medical_api_medicalrecords(ID),,A,declared_foreign_key,verified,"{""evidence"": ""database_declared_constraint"", ""constraint"": ""medical_api_chromoso_medical_records_id_b35348e0_fk_medical_a""}",plan139_four_sources_plan139-20260822T000829Z; constraint medical_api_chromoso_medical_records_id_b35348e0_fk_medical_a,
2567,CORE2DB,CORE2DB.medical_api_chromosomeexaminationcontrol,CHROMOSOME_EXAMINATION_ID,CORE2DB.medical_api_chromosomeexamination,ID,CORE2DB.medical_api_chromosomeexaminationcontrol(CHROMOSOME_EXAMINATION_ID) = CORE2DB.medical_api_chromosomeexamination(ID),,A,declared_foreign_key,verified,"{""evidence"": ""database_declared_constraint"", ""constraint"": ""medical_api_chromoso_chromosome_examinati_150ef50c_fk_medical_a""}",plan139_four_sources_plan139-20260822T000829Z; constraint medical_api_chromoso_chromosome_examinati_150ef50c_fk_medical_a,
2568,CORE2DB,CORE2DB.medical_api_chromosomeexaminationlist,CHROMOSOME_EXAMINATION_ID,CORE2DB.medical_api_chromosomeexamination,ID,CORE2DB.medical_api_chromosomeexaminationlist(CHROMOSOME_EXAMINATION_ID) = CORE2DB.medical_api_chromosomeexamination(ID),,A,declared_foreign_key,verified,"{""evidence"": ""database_declared_constraint"", ""constraint"": ""medical_api_chromoso_chromosome_examinati_08e276da_fk_medical_a""}",plan139_four_sources_plan139-20260822T000829Z; constraint medical_api_chromoso_chromosome_examinati_08e276da_fk_medical_a,
2569,CORE2DB,CORE2DB.medical_api_chromosomeexaminationlist,PRACTITIONER_ID,CORE2DB.data_api_practitioner,ID,CORE2DB.medical_api_chromosomeexaminationlist(PRACTITIONER_ID) = CORE2DB.data_api_practitioner(ID),,A,declared_foreign_key,verified,"{""evidence"": ""database_declared_constraint"", ""constraint"": ""medical_api_chromoso_practitioner_id_c2424664_fk_data_api_""}",plan139_four_sources_plan139-20260822T000829Z; constraint medical_api_chromoso_practitioner_id_c2424664_fk_data_api_,
2570,CORE2DB,CORE2DB.medical_api_clinicalbloodtransfusionreport,MEDICAL_RECORDS_ID,CORE2DB.medical_api_medicalrecords,ID,CORE2DB.medical_api_clinicalbloodtransfusionreport(MEDICAL_RECORDS_ID) = CORE2DB.medical_api_medicalrecords(ID),,A,declared_foreign_key,verified,"{""evidence"": ""database_declared_constraint"", ""constraint"": ""medical_api_clinical_medical_records_id_0cce49ee_fk_medical_a""}",plan139_four_sources_plan139-20260822T000829Z; constraint medical_api_clinical_medical_records_id_0cce49ee_fk_medical_a,
2571,CORE2DB,CORE2DB.medical_api_clinicalbloodtransfusionreportcontrol,CLINICAL_BLOOD_TRANSFUSION_REPORT_ID,CORE2DB.medical_api_clinicalbloodtransfusionreport,ID,CORE2DB.medical_api_clinicalbloodtransfusionreportcontrol(CLINICAL_BLOOD_TRANSFUSION_REPORT_ID) = CORE2DB.medical_api_clinicalbloodtransfusionreport(ID),,A,declared_foreign_key,verified,"{""evidence"": ""database_declared_constraint"", ""constraint"": ""medical_api_clinical_clinical_blood_trans_f5d94550_fk_medical_a""}",plan139_four_sources_plan139-20260822T000829Z; constraint medical_api_clinical_clinical_blood_trans_f5d94550_fk_medical_a,
2572,CORE2DB,CORE2DB.medical_api_clinicalbloodtransfusionreportlist,CLINICAL_BLOOD_TRANSFUSION_REPORT_ID,CORE2DB.medical_api_clinicalbloodtransfusionreport,ID,CORE2DB.medical_api_clinicalbloodtransfusionreportlist(CLINICAL_BLOOD_TRANSFUSION_REPORT_ID) = CORE2DB.medical_api_clinicalbloodtransfusionreport(ID),,A,declared_foreign_key,verified,"{""evidence"": ""database_declared_constraint"", ""constraint"": ""medical_api_clinical_clinical_blood_trans_96c6b9f9_fk_medical_a""}",plan139_four_sources_plan139-20260822T000829Z; constraint medical_api_clinical_clinical_blood_trans_96c6b9f9_fk_medical_a,
2573,CORE2DB,CORE2DB.medical_api_clinicalbloodtransfusionreportlist,PRACTITIONER_ID,CORE2DB.data_api_practitioner,ID,CORE2DB.medical_api_clinicalbloodtransfusionreportlist(PRACTITIONER_ID) = CORE2DB.data_api_practitioner(ID),,A,declared_foreign_key,verified,"{""evidence"": ""database_declared_constraint"", ""constraint"": ""medical_api_clinical_practitioner_id_0f7bed81_fk_data_api_""}",plan139_four_sources_plan139-20260822T000829Z; constraint medical_api_clinical_practitioner_id_0f7bed81_fk_data_api_,
2574,CORE2DB,CORE2DB.medical_api_commonlanguage,MEDICAL_ID,CORE2DB.medical_api_medicalrecords,ID,CORE2DB.medical_api_commonlanguage(MEDICAL_ID) = CORE2DB.medical_api_medicalrecords(ID),,A,declared_foreign_key,verified,"{""evidence"": ""database_declared_constraint"", ""constraint"": ""medical_api_commonla_medical_id_7c593aee_fk_medical_a""}",plan139_four_sources_plan139-20260822T000829Z; constraint medical_api_commonla_medical_id_7c593aee_fk_medical_a,
2575,CORE2DB,CORE2DB.medical_api_criticallydiscussion,MEDICAL_RECORDS_ID,CORE2DB.medical_api_medicalrecords,ID,CORE2DB.medical_api_criticallydiscussion(MEDICAL_RECORDS_ID) = CORE2DB.medical_api_medicalrecords(ID),,A,declared_foreign_key,verified,"{""evidence"": ""database_declared_constraint"", ""constraint"": ""medical_api_critical_medical_records_id_7a3dd001_fk_medical_a""}",plan139_four_sources_plan139-20260822T000829Z; constraint medical_api_critical_medical_records_id_7a3dd001_fk_medical_a,
2576,CORE2DB,CORE2DB.medical_api_criticallydiscussioncontrol,CRITICALLY_DISCUSSION_ID,CORE2DB.medical_api_criticallydiscussion,ID,CORE2DB.medical_api_criticallydiscussioncontrol(CRITICALLY_DISCUSSION_ID) = CORE2DB.medical_api_criticallydiscussion(ID),,A,declared_foreign_key,verified,"{""evidence"": ""database_declared_constraint"", ""constraint"": ""medical_api_critical_critically_discussio_11b87052_fk_medical_a""}",plan139_four_sources_plan139-20260822T000829Z; constraint medical_api_critical_critically_discussio_11b87052_fk_medical_a,
2577,CORE2DB,CORE2DB.medical_api_criticallydiscussionlist,CRITICALLY_DISCUSSION_ID,CORE2DB.medical_api_criticallydiscussion,ID,CORE2DB.medical_api_criticallydiscussionlist(CRITICALLY_DISCUSSION_ID) = CORE2DB.medical_api_criticallydiscussion(ID),,A,declared_foreign_key,verified,"{""evidence"": ""database_declared_constraint"", ""constraint"": ""medical_api_critical_critically_discussio_c3e06781_fk_medical_a""}",plan139_four_sources_plan139-20260822T000829Z; constraint medical_api_critical_critically_discussio_c3e06781_fk_medical_a,
2578,CORE2DB,CORE2DB.medical_api_criticallydiscussionlist,PRACTITIONER_ID,CORE2DB.data_api_practitioner,ID,CORE2DB.medical_api_criticallydiscussionlist(PRACTITIONER_ID) = CORE2DB.data_api_practitioner(ID),,A,declared_foreign_key,verified,"{""evidence"": ""database_declared_constraint"", ""constraint"": ""medical_api_critical_practitioner_id_3a6f500d_fk_data_api_""}",plan139_four_sources_plan139-20260822T000829Z; constraint medical_api_critical_practitioner_id_3a6f500d_fk_data_api_,
2579,CORE2DB,CORE2DB.medical_api_criticallyillnotice,MEDICAL_RECORDS_ID,CORE2DB.medical_api_medicalrecords,ID,CORE2DB.medical_api_criticallyillnotice(MEDICAL_RECORDS_ID) = CORE2DB.medical_api_medicalrecords(ID),,A,declared_foreign_key,verified,"{""evidence"": ""database_declared_constraint"", ""constraint"": ""medical_api_critical_medical_records_id_c99cd9e4_fk_medical_a""}",plan139_four_sources_plan139-20260822T000829Z; constraint medical_api_critical_medical_records_id_c99cd9e4_fk_medical_a,
2580,CORE2DB,CORE2DB.medical_api_criticallyillnoticecontrol,CRITICALLY_ILL_NOTICE_ID,CORE2DB.medical_api_criticallyillnotice,ID,CORE2DB.medical_api_criticallyillnoticecontrol(CRITICALLY_ILL_NOTICE_ID) = CORE2DB.medical_api_criticallyillnotice(ID),,A,declared_foreign_key,verified,"{""evidence"": ""database_declared_constraint"", ""constraint"": ""medical_api_critical_critically_ill_notic_be87816d_fk_medical_a""}",plan139_four_sources_plan139-20260822T000829Z; constraint medical_api_critical_critically_ill_notic_be87816d_fk_medical_a,
2581,CORE2DB,CORE2DB.medical_api_criticallyillnoticelist,CRITICALLY_ILL_NOTICE_ID,CORE2DB.medical_api_criticallyillnotice,ID,CORE2DB.medical_api_criticallyillnoticelist(CRITICALLY_ILL_NOTICE_ID) = CORE2DB.medical_api_criticallyillnotice(ID),,A,declared_foreign_key,verified,"{""evidence"": ""database_declared_constraint"", ""constraint"": ""medical_api_critical_critically_ill_notic_fbfce0ea_fk_medical_a""}",plan139_four_sources_plan139-20260822T000829Z; constraint medical_api_critical_critically_ill_notic_fbfce0ea_fk_medical_a,
2582,CORE2DB,CORE2DB.medical_api_criticallyillnoticelist,PRACTITIONER_ID,CORE2DB.data_api_practitioner,ID,CORE2DB.medical_api_criticallyillnoticelist(PRACTITIONER_ID) = CORE2DB.data_api_practitioner(ID),,A,declared_foreign_key,verified,"{""evidence"": ""database_declared_constraint"", ""constraint"": ""medical_api_critical_practitioner_id_1c3602cd_fk_data_api_""}",plan139_four_sources_plan139-20260822T000829Z; constraint medical_api_critical_practitioner_id_1c3602cd_fk_data_api_,
2583,CORE2DB,CORE2DB.medical_api_cytologypathological,MEDICAL_RECORDS_ID,CORE2DB.medical_api_medicalrecords,ID,CORE2DB.medical_api_cytologypathological(MEDICAL_RECORDS_ID) = CORE2DB.medical_api_medicalrecords(ID),,A,declared_foreign_key,verified,"{""evidence"": ""database_declared_constraint"", ""constraint"": ""medical_api_cytology_medical_records_id_bcbb0cdd_fk_medical_a""}",plan139_four_sources_plan139-20260822T000829Z; constraint medical_api_cytology_medical_records_id_bcbb0cdd_fk_medical_a,
2584,CORE2DB,CORE2DB.medical_api_cytologypathologicalcontrol,CYTOLOGY_PATHOLOGICAL_ID,CORE2DB.medical_api_cytologypathological,ID,CORE2DB.medical_api_cytologypathologicalcontrol(CYTOLOGY_PATHOLOGICAL_ID) = CORE2DB.medical_api_cytologypathological(ID),,A,declared_foreign_key,verified,"{""evidence"": ""database_declared_constraint"", ""constraint"": ""medical_api_cytology_cytology_pathologica_6c48c466_fk_medical_a""}",plan139_four_sources_plan139-20260822T000829Z; constraint medical_api_cytology_cytology_pathologica_6c48c466_fk_medical_a,
2585,CORE2DB,CORE2DB.medical_api_cytologypathologicallist,CYTOLOGY_PATHOLOGICAL_ID,CORE2DB.medical_api_cytologypathological,ID,CORE2DB.medical_api_cytologypathologicallist(CYTOLOGY_PATHOLOGICAL_ID) = CORE2DB.medical_api_cytologypathological(ID),,A,declared_foreign_key,verified,"{""evidence"": ""database_declared_constraint"", ""constraint"": ""medical_api_cytology_cytology_pathologica_32eae24f_fk_medical_a""}",plan139_four_sources_plan139-20260822T000829Z; constraint medical_api_cytology_cytology_pathologica_32eae24f_fk_medical_a,
2586,CORE2DB,CORE2DB.medical_api_cytologypathologicallist,PRACTITIONER_ID,CORE2DB.data_api_practitioner,ID,CORE2DB.medical_api_cytologypathologicallist(PRACTITIONER_ID) = CORE2DB.data_api_practitioner(ID),,A,declared_foreign_key,verified,"{""evidence"": ""database_declared_constraint"", ""constraint"": ""medical_api_cytology_practitioner_id_7c068d7c_fk_data_api_""}",plan139_four_sources_plan139-20260822T000829Z; constraint medical_api_cytology_practitioner_id_7c068d7c_fk_data_api_,
2587,CORE2DB,CORE2DB.medical_api_dailycourserecord,DISEASE_COURSE_RECORD_ID,CORE2DB.medical_api_diseasecourserecord,ID,CORE2DB.medical_api_dailycourserecord(DISEASE_COURSE_RECORD_ID) = CORE2DB.medical_api_diseasecourserecord(ID),,A,declared_foreign_key,verified,"{""evidence"": ""database_declared_constraint"", ""constraint"": ""medical_api_dailycou_disease_course_recor_b1f0cb1b_fk_medical_a""}",plan139_four_sources_plan139-20260822T000829Z; constraint medical_api_dailycou_disease_course_recor_b1f0cb1b_fk_medical_a,
2588,CORE2DB,CORE2DB.medical_api_dailycourserecordcontrol,DAILY_COURSE_RECORD_ID,CORE2DB.medical_api_dailycourserecord,ID,CORE2DB.medical_api_dailycourserecordcontrol(DAILY_COURSE_RECORD_ID) = CORE2DB.medical_api_dailycourserecord(ID),,A,declared_foreign_key,verified,"{""evidence"": ""database_declared_constraint"", ""constraint"": ""medical_api_dailycou_daily_course_record__d1476cef_fk_medical_a""}",plan139_four_sources_plan139-20260822T000829Z; constraint medical_api_dailycou_daily_course_record__d1476cef_fk_medical_a,
2589,CORE2DB,CORE2DB.medical_api_dailycourserecordlist,DAILY_COURSE_RECORD_ID,CORE2DB.medical_api_dailycourserecord,ID,CORE2DB.medical_api_dailycourserecordlist(DAILY_COURSE_RECORD_ID) = CORE2DB.medical_api_dailycourserecord(ID),,A,declared_foreign_key,verified,"{""evidence"": ""database_declared_constraint"", ""constraint"": ""medical_api_dailycou_daily_course_record__d383bfa3_fk_medical_a""}",plan139_four_sources_plan139-20260822T000829Z; constraint medical_api_dailycou_daily_course_record__d383bfa3_fk_medical_a,
2590,CORE2DB,CORE2DB.medical_api_dailycourserecordlist,PRACTITIONER_ID,CORE2DB.data_api_practitioner,ID,CORE2DB.medical_api_dailycourserecordlist(PRACTITIONER_ID) = CORE2DB.data_api_practitioner(ID),,A,declared_foreign_key,verified,"{""evidence"": ""database_declared_constraint"", ""constraint"": ""medical_api_dailycou_practitioner_id_d9164747_fk_data_api_""}",plan139_four_sources_plan139-20260822T000829Z; constraint medical_api_dailycou_practitioner_id_d9164747_fk_data_api_,
2591,CORE2DB,CORE2DB.medical_api_deathcasediscussion,MEDICAL_RECORDS_ID,CORE2DB.medical_api_medicalrecords,ID,CORE2DB.medical_api_deathcasediscussion(MEDICAL_RECORDS_ID) = CORE2DB.medical_api_medicalrecords(ID),,A,declared_foreign_key,verified,"{""evidence"": ""database_declared_constraint"", ""constraint"": ""medical_api_deathcas_medical_records_id_0c1090de_fk_medical_a""}",plan139_four_sources_plan139-20260822T000829Z; constraint medical_api_deathcas_medical_records_id_0c1090de_fk_medical_a,
2592,CORE2DB,CORE2DB.medical_api_deathcasediscussioncontrol,DEATH_CASE_DISCUSSION_ID,CORE2DB.medical_api_deathcasediscussion,ID,CORE2DB.medical_api_deathcasediscussioncontrol(DEATH_CASE_DISCUSSION_ID) = CORE2DB.medical_api_deathcasediscussion(ID),,A,declared_foreign_key,verified,"{""evidence"": ""database_declared_constraint"", ""constraint"": ""medical_api_deathcas_death_case_discussio_ec876091_fk_medical_a""}",plan139_four_sources_plan139-20260822T000829Z; constraint medical_api_deathcas_death_case_discussio_ec876091_fk_medical_a,
2593,CORE2DB,CORE2DB.medical_api_deathcasediscussionlist,DEATH_CASE_DISCUSSION_ID,CORE2DB.medical_api_deathcasediscussion,ID,CORE2DB.medical_api_deathcasediscussionlist(DEATH_CASE_DISCUSSION_ID) = CORE2DB.medical_api_deathcasediscussion(ID),,A,declared_foreign_key,verified,"{""evidence"": ""database_declared_constraint"", ""constraint"": ""medical_api_deathcas_death_case_discussio_9b00d0c1_fk_medical_a""}",plan139_four_sources_plan139-20260822T000829Z; constraint medical_api_deathcas_death_case_discussio_9b00d0c1_fk_medical_a,
2594,CORE2DB,CORE2DB.medical_api_deathcasediscussionlist,PRACTITIONER_ID,CORE2DB.data_api_practitioner,ID,CORE2DB.medical_api_deathcasediscussionlist(PRACTITIONER_ID) = CORE2DB.data_api_practitioner(ID),,A,declared_foreign_key,verified,"{""evidence"": ""database_declared_constraint"", ""constraint"": ""medical_api_deathcas_practitioner_id_436bb1f1_fk_data_api_""}",plan139_four_sources_plan139-20260822T000829Z; constraint medical_api_deathcas_practitioner_id_436bb1f1_fk_data_api_,
2595,CORE2DB,CORE2DB.medical_api_deathrecord,MEDICAL_RECORDS_ID,CORE2DB.medical_api_medicalrecords,ID,CORE2DB.medical_api_deathrecord(MEDICAL_RECORDS_ID) = CORE2DB.medical_api_medicalrecords(ID),,A,declared_foreign_key,verified,"{""evidence"": ""database_declared_constraint"", ""constraint"": ""medical_api_deathrec_medical_records_id_0cf291b3_fk_medical_a""}",plan139_four_sources_plan139-20260822T000829Z; constraint medical_api_deathrec_medical_records_id_0cf291b3_fk_medical_a,
2596,CORE2DB,CORE2DB.medical_api_deathrecordcontrol,DEATH_RECORD_ID,CORE2DB.medical_api_deathrecord,ID,CORE2DB.medical_api_deathrecordcontrol(DEATH_RECORD_ID) = CORE2DB.medical_api_deathrecord(ID),,A,declared_foreign_key,verified,"{""evidence"": ""database_declared_constraint"", ""constraint"": ""medical_api_deathrec_death_record_id_43363a51_fk_medical_a""}",plan139_four_sources_plan139-20260822T000829Z; constraint medical_api_deathrec_death_record_id_43363a51_fk_medical_a,
2597,CORE2DB,CORE2DB.medical_api_deathrecordlist,DEATH_RECORD_ID,CORE2DB.medical_api_deathrecord,ID,CORE2DB.medical_api_deathrecordlist(DEATH_RECORD_ID) = CORE2DB.medical_api_deathrecord(ID),,A,declared_foreign_key,verified,"{""evidence"": ""database_declared_constraint"", ""constraint"": ""medical_api_deathrec_death_record_id_003ae7af_fk_medical_a""}",plan139_four_sources_plan139-20260822T000829Z; constraint medical_api_deathrec_death_record_id_003ae7af_fk_medical_a,
2598,CORE2DB,CORE2DB.medical_api_deathrecordlist,PRACTITIONER_ID,CORE2DB.data_api_practitioner,ID,CORE2DB.medical_api_deathrecordlist(PRACTITIONER_ID) = CORE2DB.data_api_practitioner(ID),,A,declared_foreign_key,verified,"{""evidence"": ""database_declared_constraint"", ""constraint"": ""medical_api_deathrec_practitioner_id_9128c355_fk_data_api_""}",plan139_four_sources_plan139-20260822T000829Z; constraint medical_api_deathrec_practitioner_id_9128c355_fk_data_api_,
2599,CORE2DB,CORE2DB.medical_api_diseasecourserecord,MEDICAL_RECORDS_ID,CORE2DB.medical_api_medicalrecords,ID,CORE2DB.medical_api_diseasecourserecord(MEDICAL_RECORDS_ID) = CORE2DB.medical_api_medicalrecords(ID),,A,declared_foreign_key,verified,"{""evidence"": ""database_declared_constraint"", ""constraint"": ""medical_api_diseasec_medical_records_id_b51c6919_fk_medical_a""}",plan139_four_sources_plan139-20260822T000829Z; constraint medical_api_diseasec_medical_records_id_b51c6919_fk_medical_a,
2600,CORE2DB,CORE2DB.medical_api_diseasecourserecordcontrol,DISEASE_COURSE_RECORD_ID,CORE2DB.medical_api_diseasecourserecord,ID,CORE2DB.medical_api_diseasecourserecordcontrol(DISEASE_COURSE_RECORD_ID) = CORE2DB.medical_api_diseasecourserecord(ID),,A,declared_foreign_key,verified,"{""evidence"": ""database_declared_constraint"", ""constraint"": ""medical_api_diseasec_disease_course_recor_e76f64f1_fk_medical_a""}",plan139_four_sources_plan139-20260822T000829Z; constraint medical_api_diseasec_disease_course_recor_e76f64f1_fk_medical_a,
2601,CORE2DB,CORE2DB.medical_api_diseasecourserecordlist,DISEASE_COURSE_RECORD_ID,CORE2DB.medical_api_diseasecourserecord,ID,CORE2DB.medical_api_diseasecourserecordlist(DISEASE_COURSE_RECORD_ID) = CORE2DB.medical_api_diseasecourserecord(ID),,A,declared_foreign_key,verified,"{""evidence"": ""database_declared_constraint"", ""constraint"": ""medical_api_diseasec_disease_course_recor_f9f01db1_fk_medical_a""}",plan139_four_sources_plan139-20260822T000829Z; constraint medical_api_diseasec_disease_course_recor_f9f01db1_fk_medical_a,
2602,CORE2DB,CORE2DB.medical_api_diseasecourserecordlist,PRACTITIONER_ID,CORE2DB.data_api_practitioner,ID,CORE2DB.medical_api_diseasecourserecordlist(PRACTITIONER_ID) = CORE2DB.data_api_practitioner(ID),,A,declared_foreign_key,verified,"{""evidence"": ""database_declared_constraint"", ""constraint"": ""medical_api_diseasec_practitioner_id_4cd00433_fk_data_api_""}",plan139_four_sources_plan139-20260822T000829Z; constraint medical_api_diseasec_practitioner_id_4cd00433_fk_data_api_,
2603,CORE2DB,CORE2DB.medical_api_dispensingbloodrecords,MEDICAL_RECORDS_ID,CORE2DB.medical_api_medicalrecords,ID,CORE2DB.medical_api_dispensingbloodrecords(MEDICAL_RECORDS_ID) = CORE2DB.medical_api_medicalrecords(ID),,A,declared_foreign_key,verified,"{""evidence"": ""database_declared_constraint"", ""constraint"": ""medical_api_dispensi_medical_records_id_04a1d4fe_fk_medical_a""}",plan139_four_sources_plan139-20260822T000829Z; constraint medical_api_dispensi_medical_records_id_04a1d4fe_fk_medical_a,
2604,CORE2DB,CORE2DB.medical_api_dispensingbloodrecordscontrol,DISPENSING_BLOOD_RECORDS_ID,CORE2DB.medical_api_dispensingbloodrecords,ID,CORE2DB.medical_api_dispensingbloodrecordscontrol(DISPENSING_BLOOD_RECORDS_ID) = CORE2DB.medical_api_dispensingbloodrecords(ID),,A,declared_foreign_key,verified,"{""evidence"": ""database_declared_constraint"", ""constraint"": ""medical_api_dispensi_dispensing_blood_rec_86009139_fk_medical_a""}",plan139_four_sources_plan139-20260822T000829Z; constraint medical_api_dispensi_dispensing_blood_rec_86009139_fk_medical_a,
2605,CORE2DB,CORE2DB.medical_api_dispensingbloodrecordslist,DISPENSING_BLOOD_RECORDS_ID,CORE2DB.medical_api_dispensingbloodrecords,ID,CORE2DB.medical_api_dispensingbloodrecordslist(DISPENSING_BLOOD_RECORDS_ID) = CORE2DB.medical_api_dispensingbloodrecords(ID),,A,declared_foreign_key,verified,"{""evidence"": ""database_declared_constraint"", ""constraint"": ""medical_api_dispensi_dispensing_blood_rec_ec3af507_fk_medical_a""}",plan139_four_sources_plan139-20260822T000829Z; constraint medical_api_dispensi_dispensing_blood_rec_ec3af507_fk_medical_a,
2606,CORE2DB,CORE2DB.medical_api_dispensingbloodrecordslist,PRACTITIONER_ID,CORE2DB.data_api_practitioner,ID,CORE2DB.medical_api_dispensingbloodrecordslist(PRACTITIONER_ID) = CORE2DB.data_api_practitioner(ID),,A,declared_foreign_key,verified,"{""evidence"": ""database_declared_constraint"", ""constraint"": ""medical_api_dispensi_practitioner_id_11aaf794_fk_data_api_""}",plan139_four_sources_plan139-20260822T000829Z; constraint medical_api_dispensi_practitioner_id_11aaf794_fk_data_api_,
2607,CORE2DB,CORE2DB.medical_api_ecginspectionreport,MEDICAL_RECORDS_ID,CORE2DB.medical_api_medicalrecords,ID,CORE2DB.medical_api_ecginspectionreport(MEDICAL_RECORDS_ID) = CORE2DB.medical_api_medicalrecords(ID),,A,declared_foreign_key,verified,"{""evidence"": ""database_declared_constraint"", ""constraint"": ""medical_api_ecginspe_medical_records_id_21fb7bdf_fk_medical_a""}",plan139_four_sources_plan139-20260822T000829Z; constraint medical_api_ecginspe_medical_records_id_21fb7bdf_fk_medical_a,
2608,CORE2DB,CORE2DB.medical_api_ecginspectionreportcontrol,ECG_INSPECTION_REPORT_ID,CORE2DB.medical_api_ecginspectionreport,ID,CORE2DB.medical_api_ecginspectionreportcontrol(ECG_INSPECTION_REPORT_ID) = CORE2DB.medical_api_ecginspectionreport(ID),,A,declared_foreign_key,verified,"{""evidence"": ""database_declared_constraint"", ""constraint"": ""medical_api_ecginspe_ecg_inspection_repor_c7375ce3_fk_medical_a""}",plan139_four_sources_plan139-20260822T000829Z; constraint medical_api_ecginspe_ecg_inspection_repor_c7375ce3_fk_medical_a,
2609,CORE2DB,CORE2DB.medical_api_ecginspectionreportlist,ECG_INSPECTION_REPORT_ID,CORE2DB.medical_api_ecginspectionreport,ID,CORE2DB.medical_api_ecginspectionreportlist(ECG_INSPECTION_REPORT_ID) = CORE2DB.medical_api_ecginspectionreport(ID),,A,declared_foreign_key,verified,"{""evidence"": ""database_declared_constraint"", ""constraint"": ""medical_api_ecginspe_ecg_inspection_repor_458aa7bd_fk_medical_a""}",plan139_four_sources_plan139-20260822T000829Z; constraint medical_api_ecginspe_ecg_inspection_repor_458aa7bd_fk_medical_a,
2610,CORE2DB,CORE2DB.medical_api_ecginspectionreportlist,PRACTITIONER_ID,CORE2DB.data_api_practitioner,ID,CORE2DB.medical_api_ecginspectionreportlist(PRACTITIONER_ID) = CORE2DB.data_api_practitioner(ID),,A,declared_foreign_key,verified,"{""evidence"": ""database_declared_constraint"", ""constraint"": ""medical_api_ecginspe_practitioner_id_de4b1737_fk_data_api_""}",plan139_four_sources_plan139-20260822T000829Z; constraint medical_api_ecginspe_practitioner_id_de4b1737_fk_data_api_,
2611,CORE2DB,CORE2DB.medical_api_eeginspectionreport,MEDICAL_RECORDS_ID,CORE2DB.medical_api_medicalrecords,ID,CORE2DB.medical_api_eeginspectionreport(MEDICAL_RECORDS_ID) = CORE2DB.medical_api_medicalrecords(ID),,A,declared_foreign_key,verified,"{""evidence"": ""database_declared_constraint"", ""constraint"": ""medical_api_eeginspe_medical_records_id_ab1646cc_fk_medical_a""}",plan139_four_sources_plan139-20260822T000829Z; constraint medical_api_eeginspe_medical_records_id_ab1646cc_fk_medical_a,
2612,CORE2DB,CORE2DB.medical_api_eeginspectionreportcontrol,EEG_INSPECTION_REPORT_ID,CORE2DB.medical_api_eeginspectionreport,ID,CORE2DB.medical_api_eeginspectionreportcontrol(EEG_INSPECTION_REPORT_ID) = CORE2DB.medical_api_eeginspectionreport(ID),,A,declared_foreign_key,verified,"{""evidence"": ""database_declared_constraint"", ""constraint"": ""medical_api_eeginspe_eeg_inspection_repor_23efabee_fk_medical_a""}",plan139_four_sources_plan139-20260822T000829Z; constraint medical_api_eeginspe_eeg_inspection_repor_23efabee_fk_medical_a,
2613,CORE2DB,CORE2DB.medical_api_eeginspectionreportlist,EEG_INSPECTION_REPORT_ID,CORE2DB.medical_api_eeginspectionreport,ID,CORE2DB.medical_api_eeginspectionreportlist(EEG_INSPECTION_REPORT_ID) = CORE2DB.medical_api_eeginspectionreport(ID),,A,declared_foreign_key,verified,"{""evidence"": ""database_declared_constraint"", ""constraint"": ""medical_api_eeginspe_eeg_inspection_repor_5494a963_fk_medical_a""}",plan139_four_sources_plan139-20260822T000829Z; constraint medical_api_eeginspe_eeg_inspection_repor_5494a963_fk_medical_a,
2614,CORE2DB,CORE2DB.medical_api_eeginspectionreportlist,PRACTITIONER_ID,CORE2DB.data_api_practitioner,ID,CORE2DB.medical_api_eeginspectionreportlist(PRACTITIONER_ID) = CORE2DB.data_api_practitioner(ID),,A,declared_foreign_key,verified,"{""evidence"": ""database_declared_constraint"", ""constraint"": ""medical_api_eeginspe_practitioner_id_7e1711d1_fk_data_api_""}",plan139_four_sources_plan139-20260822T000829Z; constraint medical_api_eeginspe_practitioner_id_7e1711d1_fk_data_api_,
2615,CORE2DB,CORE2DB.medical_api_endoscopeapplyrecord,MEDICAL_RECORDS_ID,CORE2DB.medical_api_medicalrecords,ID,CORE2DB.medical_api_endoscopeapplyrecord(MEDICAL_RECORDS_ID) = CORE2DB.medical_api_medicalrecords(ID),,A,declared_foreign_key,verified,"{""evidence"": ""database_declared_constraint"", ""constraint"": ""medical_api_endoscop_medical_records_id_3cce118b_fk_medical_a""}",plan139_four_sources_plan139-20260822T000829Z; constraint medical_api_endoscop_medical_records_id_3cce118b_fk_medical_a,
2616,CORE2DB,CORE2DB.medical_api_endoscopeapplyrecordcontrol,ENDOSCOPE_APPLY_RECORD_ID,CORE2DB.medical_api_endoscopeapplyrecord,ID,CORE2DB.medical_api_endoscopeapplyrecordcontrol(ENDOSCOPE_APPLY_RECORD_ID) = CORE2DB.medical_api_endoscopeapplyrecord(ID),,A,declared_foreign_key,verified,"{""evidence"": ""database_declared_constraint"", ""constraint"": ""medical_api_endoscop_endoscope_apply_reco_dbac7ae1_fk_medical_a""}",plan139_four_sources_plan139-20260822T000829Z; constraint medical_api_endoscop_endoscope_apply_reco_dbac7ae1_fk_medical_a,
2617,CORE2DB,CORE2DB.medical_api_endoscopeapplyrecordlist,ENDOSCOPE_APPLY_RECORD_ID,CORE2DB.medical_api_endoscopeapplyrecord,ID,CORE2DB.medical_api_endoscopeapplyrecordlist(ENDOSCOPE_APPLY_RECORD_ID) = CORE2DB.medical_api_endoscopeapplyrecord(ID),,A,declared_foreign_key,verified,"{""evidence"": ""database_declared_constraint"", ""constraint"": ""medical_api_endoscop_endoscope_apply_reco_2ba8ad37_fk_medical_a""}",plan139_four_sources_plan139-20260822T000829Z; constraint medical_api_endoscop_endoscope_apply_reco_2ba8ad37_fk_medical_a,
2618,CORE2DB,CORE2DB.medical_api_endoscopeapplyrecordlist,PRACTITIONER_ID,CORE2DB.data_api_practitioner,ID,CORE2DB.medical_api_endoscopeapplyrecordlist(PRACTITIONER_ID) = CORE2DB.data_api_practitioner(ID),,A,declared_foreign_key,verified,"{""evidence"": ""database_declared_constraint"", ""constraint"": ""medical_api_endoscop_practitioner_id_65107c01_fk_data_api_""}",plan139_four_sources_plan139-20260822T000829Z; constraint medical_api_endoscop_practitioner_id_65107c01_fk_data_api_,
2619,CORE2DB,CORE2DB.medical_api_endoscopeinspectionreport,MEDICAL_RECORDS_ID,CORE2DB.medical_api_medicalrecords,ID,CORE2DB.medical_api_endoscopeinspectionreport(MEDICAL_RECORDS_ID) = CORE2DB.medical_api_medicalrecords(ID),,A,declared_foreign_key,verified,"{""evidence"": ""database_declared_constraint"", ""constraint"": ""medical_api_endoscop_medical_records_id_cf9116e4_fk_medical_a""}",plan139_four_sources_plan139-20260822T000829Z; constraint medical_api_endoscop_medical_records_id_cf9116e4_fk_medical_a,
2620,CORE2DB,CORE2DB.medical_api_endoscopeinspectionreportcontrol,ENDOSCOPE_INSPECTION_REPORT_ID,CORE2DB.medical_api_endoscopeinspectionreport,ID,CORE2DB.medical_api_endoscopeinspectionreportcontrol(ENDOSCOPE_INSPECTION_REPORT_ID) = CORE2DB.medical_api_endoscopeinspectionreport(ID),,A,declared_foreign_key,verified,"{""evidence"": ""database_declared_constraint"", ""constraint"": ""medical_api_endoscop_endoscope_inspection_67d09df0_fk_medical_a""}",plan139_four_sources_plan139-20260822T000829Z; constraint medical_api_endoscop_endoscope_inspection_67d09df0_fk_medical_a,
2621,CORE2DB,CORE2DB.medical_api_endoscopeinspectionreportlist,ENDOSCOPE_INSPECTION_REPORT_ID,CORE2DB.medical_api_endoscopeinspectionreport,ID,CORE2DB.medical_api_endoscopeinspectionreportlist(ENDOSCOPE_INSPECTION_REPORT_ID) = CORE2DB.medical_api_endoscopeinspectionreport(ID),,A,declared_foreign_key,verified,"{""evidence"": ""database_declared_constraint"", ""constraint"": ""medical_api_endoscop_endoscope_inspection_86fddc22_fk_medical_a""}",plan139_four_sources_plan139-20260822T000829Z; constraint medical_api_endoscop_endoscope_inspection_86fddc22_fk_medical_a,
2622,CORE2DB,CORE2DB.medical_api_endoscopeinspectionreportlist,PRACTITIONER_ID,CORE2DB.data_api_practitioner,ID,CORE2DB.medical_api_endoscopeinspectionreportlist(PRACTITIONER_ID) = CORE2DB.data_api_practitioner(ID),,A,declared_foreign_key,verified,"{""evidence"": ""database_declared_constraint"", ""constraint"": ""medical_api_endoscop_practitioner_id_9f137697_fk_data_api_""}",plan139_four_sources_plan139-20260822T000829Z; constraint medical_api_endoscop_practitioner_id_9f137697_fk_data_api_,
2623,CORE2DB,CORE2DB.medical_api_fluoroscopicdiagnosisreport,MEDICAL_RECORDS_ID,CORE2DB.medical_api_medicalrecords,ID,CORE2DB.medical_api_fluoroscopicdiagnosisreport(MEDICAL_RECORDS_ID) = CORE2DB.medical_api_medicalrecords(ID),,A,declared_foreign_key,verified,"{""evidence"": ""database_declared_constraint"", ""constraint"": ""medical_api_fluorosc_medical_records_id_86f3e4d8_fk_medical_a""}",plan139_four_sources_plan139-20260822T000829Z; constraint medical_api_fluorosc_medical_records_id_86f3e4d8_fk_medical_a,
2624,CORE2DB,CORE2DB.medical_api_fluoroscopicdiagnosisreportcontrol,FLUOROSCOPIC_DIAGNOSIS_ID,CORE2DB.medical_api_fluoroscopicdiagnosisreport,ID,CORE2DB.medical_api_fluoroscopicdiagnosisreportcontrol(FLUOROSCOPIC_DIAGNOSIS_ID) = CORE2DB.medical_api_fluoroscopicdiagnosisreport(ID),,A,declared_foreign_key,verified,"{""evidence"": ""database_declared_constraint"", ""constraint"": ""medical_api_fluorosc_fluoroscopic_diagnos_79db50af_fk_medical_a""}",plan139_four_sources_plan139-20260822T000829Z; constraint medical_api_fluorosc_fluoroscopic_diagnos_79db50af_fk_medical_a,
2625,CORE2DB,CORE2DB.medical_api_fluoroscopicdiagnosisreportlist,FLUOROSCOPIC_DIAGNOSIS_ID,CORE2DB.medical_api_fluoroscopicdiagnosisreport,ID,CORE2DB.medical_api_fluoroscopicdiagnosisreportlist(FLUOROSCOPIC_DIAGNOSIS_ID) = CORE2DB.medical_api_fluoroscopicdiagnosisreport(ID),,A,declared_foreign_key,verified,"{""evidence"": ""database_declared_constraint"", ""constraint"": ""medical_api_fluorosc_fluoroscopic_diagnos_b581b1e9_fk_medical_a""}",plan139_four_sources_plan139-20260822T000829Z; constraint medical_api_fluorosc_fluoroscopic_diagnos_b581b1e9_fk_medical_a,
2626,CORE2DB,CORE2DB.medical_api_fluoroscopicdiagnosisreportlist,PRACTITIONER_ID,CORE2DB.data_api_practitioner,ID,CORE2DB.medical_api_fluoroscopicdiagnosisreportlist(PRACTITIONER_ID) = CORE2DB.data_api_practitioner(ID),,A,declared_foreign_key,verified,"{""evidence"": ""database_declared_constraint"", ""constraint"": ""medical_api_fluorosc_practitioner_id_aa26516a_fk_data_api_""}",plan139_four_sources_plan139-20260822T000829Z; constraint medical_api_fluorosc_practitioner_id_aa26516a_fk_data_api_,
2627,CORE2DB,CORE2DB.medical_api_gynecologydepartmentspecimens,BIOPSY_CONSULTATION_ID,CORE2DB.medical_api_biopsyconsultation,ID,CORE2DB.medical_api_gynecologydepartmentspecimens(BIOPSY_CONSULTATION_ID) = CORE2DB.medical_api_biopsyconsultation(ID),,A,declared_foreign_key,verified,"{""evidence"": ""database_declared_constraint"", ""constraint"": ""medical_api_gynecolo_biopsy_consultation__aa2afab6_fk_medical_a""}",plan139_four_sources_plan139-20260822T000829Z; constraint medical_api_gynecolo_biopsy_consultation__aa2afab6_fk_medical_a,
2628,CORE2DB,CORE2DB.medical_api_homepagecontrol,HOME_PAGE_ID,CORE2DB.medical_api_medicalrecordhomepage,ID,CORE2DB.medical_api_homepagecontrol(HOME_PAGE_ID) = CORE2DB.medical_api_medicalrecordhomepage(ID),,A,declared_foreign_key,verified,"{""evidence"": ""database_declared_constraint"", ""constraint"": ""medical_api_homepage_home_page_id_e959310b_fk_medical_a""}",plan139_four_sources_plan139-20260822T000829Z; constraint medical_api_homepage_home_page_id_e959310b_fk_medical_a,
2629,CORE2DB,CORE2DB.medical_api_homepagelist,HOME_PAGE_ID,CORE2DB.medical_api_medicalrecordhomepage,ID,CORE2DB.medical_api_homepagelist(HOME_PAGE_ID) = CORE2DB.medical_api_medicalrecordhomepage(ID),,A,declared_foreign_key,verified,"{""evidence"": ""database_declared_constraint"", ""constraint"": ""medical_api_homepage_home_page_id_f4cd84c1_fk_medical_a""}",plan139_four_sources_plan139-20260822T000829Z; constraint medical_api_homepage_home_page_id_f4cd84c1_fk_medical_a,
2630,CORE2DB,CORE2DB.medical_api_homepagelist,PRACTITIONER_ID,CORE2DB.data_api_practitioner,ID,CORE2DB.medical_api_homepagelist(PRACTITIONER_ID) = CORE2DB.data_api_practitioner(ID),,A,declared_foreign_key,verified,"{""evidence"": ""database_declared_constraint"", ""constraint"": ""medical_api_homepage_practitioner_id_f18bd523_fk_data_api_""}",plan139_four_sources_plan139-20260822T000829Z; constraint medical_api_homepage_practitioner_id_f18bd523_fk_data_api_,
2631,CORE2DB,CORE2DB.medical_api_hospitalconsultationrecord,MEDICAL_RECORDS_ID,CORE2DB.medical_api_medicalrecords,ID,CORE2DB.medical_api_hospitalconsultationrecord(MEDICAL_RECORDS_ID) = CORE2DB.medical_api_medicalrecords(ID),,A,declared_foreign_key,verified,"{""evidence"": ""database_declared_constraint"", ""constraint"": ""medical_api_hospital_medical_records_id_fda90954_fk_medical_a""}",plan139_four_sources_plan139-20260822T000829Z; constraint medical_api_hospital_medical_records_id_fda90954_fk_medical_a,
2632,CORE2DB,CORE2DB.medical_api_hospitalconsultationrecordcontrol,HOSPITAL_CONSULTATION_RECORD_ID,CORE2DB.medical_api_hospitalconsultationrecord,ID,CORE2DB.medical_api_hospitalconsultationrecordcontrol(HOSPITAL_CONSULTATION_RECORD_ID) = CORE2DB.medical_api_hospitalconsultationrecord(ID),,A,declared_foreign_key,verified,"{""evidence"": ""database_declared_constraint"", ""constraint"": ""medical_api_hospital_hospital_consultatio_f89fcbf3_fk_medical_a""}",plan139_four_sources_plan139-20260822T000829Z; constraint medical_api_hospital_hospital_consultatio_f89fcbf3_fk_medical_a,
2633,CORE2DB,CORE2DB.medical_api_hospitalconsultationrecordlist,HOSPITAL_CONSULTATION_RECORD_ID,CORE2DB.medical_api_hospitalconsultationrecord,ID,CORE2DB.medical_api_hospitalconsultationrecordlist(HOSPITAL_CONSULTATION_RECORD_ID) = CORE2DB.medical_api_hospitalconsultationrecord(ID),,A,declared_foreign_key,verified,"{""evidence"": ""database_declared_constraint"", ""constraint"": ""medical_api_hospital_hospital_consultatio_7079f715_fk_medical_a""}",plan139_four_sources_plan139-20260822T000829Z; constraint medical_api_hospital_hospital_consultatio_7079f715_fk_medical_a,
2634,CORE2DB,CORE2DB.medical_api_hospitalconsultationrecordlist,PRACTITIONER_ID,CORE2DB.data_api_practitioner,ID,CORE2DB.medical_api_hospitalconsultationrecordlist(PRACTITIONER_ID) = CORE2DB.data_api_practitioner(ID),,A,declared_foreign_key,verified,"{""evidence"": ""database_declared_constraint"", ""constraint"": ""medical_api_hospital_practitioner_id_cb976eb5_fk_data_api_""}",plan139_four_sources_plan139-20260822T000829Z; constraint medical_api_hospital_practitioner_id_cb976eb5_fk_data_api_,
2635,CORE2DB,CORE2DB.medical_api_hospitalexaminationantibioticsreport,MEDICAL_RECORDS_ID,CORE2DB.medical_api_medicalrecords,ID,CORE2DB.medical_api_hospitalexaminationantibioticsreport(MEDICAL_RECORDS_ID) = CORE2DB.medical_api_medicalrecords(ID),,A,declared_foreign_key,verified,"{""evidence"": ""database_declared_constraint"", ""constraint"": ""medical_api_hospital_medical_records_id_abb21a84_fk_medical_a""}",plan139_four_sources_plan139-20260822T000829Z; constraint medical_api_hospital_medical_records_id_abb21a84_fk_medical_a,
2636,CORE2DB,CORE2DB.medical_api_hospitalexaminationantibioticsreportcontrol,EXAMINATION_ANTIBIOTICS_ID,CORE2DB.medical_api_hospitalexaminationantibioticsreport,ID,CORE2DB.medical_api_hospitalexaminationantibioticsreportcontrol(EXAMINATION_ANTIBIOTICS_ID) = CORE2DB.medical_api_hospitalexaminationantibioticsreport(ID),,A,declared_foreign_key,verified,"{""evidence"": ""database_declared_constraint"", ""constraint"": ""medical_api_hospital_examination_antibiot_886ad33d_fk_medical_a""}",plan139_four_sources_plan139-20260822T000829Z; constraint medical_api_hospital_examination_antibiot_886ad33d_fk_medical_a,
2637,CORE2DB,CORE2DB.medical_api_hospitalexaminationantibioticsreportitem,HOSPITAL_EXAMINATION_ANTIBIOTICS_REPORT_ID,CORE2DB.medical_api_hospitalexaminationantibioticsreport,ID,CORE2DB.medical_api_hospitalexaminationantibioticsreportitem(HOSPITAL_EXAMINATION_ANTIBIOTICS_REPORT_ID) = CORE2DB.medical_api_hospitalexaminationantibioticsreport(ID),,A,declared_foreign_key,verified,"{""evidence"": ""database_declared_constraint"", ""constraint"": ""medical_api_hospital_hospital_examination_ec72cbc8_fk_medical_a""}",plan139_four_sources_plan139-20260822T000829Z; constraint medical_api_hospital_hospital_examination_ec72cbc8_fk_medical_a,
2638,CORE2DB,CORE2DB.medical_api_hospitalexaminationantibioticsreportlist,EXAMINATION_ANTIBIOTICS_ID,CORE2DB.medical_api_hospitalexaminationantibioticsreport,ID,CORE2DB.medical_api_hospitalexaminationantibioticsreportlist(EXAMINATION_ANTIBIOTICS_ID) = CORE2DB.medical_api_hospitalexaminationantibioticsreport(ID),,A,declared_foreign_key,verified,"{""evidence"": ""database_declared_constraint"", ""constraint"": ""medical_api_hospital_examination_antibiot_57b1f74d_fk_medical_a""}",plan139_four_sources_plan139-20260822T000829Z; constraint medical_api_hospital_examination_antibiot_57b1f74d_fk_medical_a,
2639,CORE2DB,CORE2DB.medical_api_hospitalexaminationantibioticsreportlist,PRACTITIONER_ID,CORE2DB.data_api_practitioner,ID,CORE2DB.medical_api_hospitalexaminationantibioticsreportlist(PRACTITIONER_ID) = CORE2DB.data_api_practitioner(ID),,A,declared_foreign_key,verified,"{""evidence"": ""database_declared_constraint"", ""constraint"": ""medical_api_hospital_practitioner_id_f4b8c682_fk_data_api_""}",plan139_four_sources_plan139-20260822T000829Z; constraint medical_api_hospital_practitioner_id_f4b8c682_fk_data_api_,
2640,CORE2DB,CORE2DB.medical_api_hospitalexaminationreport,MEDICAL_RECORDS_ID,CORE2DB.medical_api_medicalrecords,ID,CORE2DB.medical_api_hospitalexaminationreport(MEDICAL_RECORDS_ID) = CORE2DB.medical_api_medicalrecords(ID),,A,declared_foreign_key,verified,"{""evidence"": ""database_declared_constraint"", ""constraint"": ""medical_api_hospital_medical_records_id_b1c42ba6_fk_medical_a""}",plan139_four_sources_plan139-20260822T000829Z; constraint medical_api_hospital_medical_records_id_b1c42ba6_fk_medical_a,
2641,CORE2DB,CORE2DB.medical_api_hospitalexaminationreportcontrol,HOSPITAL_EXAMINATION_REPORT_ID,CORE2DB.medical_api_hospitalexaminationreport,ID,CORE2DB.medical_api_hospitalexaminationreportcontrol(HOSPITAL_EXAMINATION_REPORT_ID) = CORE2DB.medical_api_hospitalexaminationreport(ID),,A,declared_foreign_key,verified,"{""evidence"": ""database_declared_constraint"", ""constraint"": ""medical_api_hospital_hospital_examination_aa87696a_fk_medical_a""}",plan139_four_sources_plan139-20260822T000829Z; constraint medical_api_hospital_hospital_examination_aa87696a_fk_medical_a,
2642,CORE2DB,CORE2DB.medical_api_hospitalexaminationreportitem,HOSPITAL_EXAMINATION_REPORT_ID,CORE2DB.medical_api_hospitalexaminationreport,ID,CORE2DB.medical_api_hospitalexaminationreportitem(HOSPITAL_EXAMINATION_REPORT_ID) = CORE2DB.medical_api_hospitalexaminationreport(ID),,A,declared_foreign_key,verified,"{""evidence"": ""database_declared_constraint"", ""constraint"": ""medical_api_hospital_hospital_examination_d9e14fb6_fk_medical_a""}",plan139_four_sources_plan139-20260822T000829Z; constraint medical_api_hospital_hospital_examination_d9e14fb6_fk_medical_a,
2643,CORE2DB,CORE2DB.medical_api_hospitalexaminationreportlist,HOSPITAL_EXAMINATION_REPORT_ID,CORE2DB.medical_api_hospitalexaminationreport,ID,CORE2DB.medical_api_hospitalexaminationreportlist(HOSPITAL_EXAMINATION_REPORT_ID) = CORE2DB.medical_api_hospitalexaminationreport(ID),,A,declared_foreign_key,verified,"{""evidence"": ""database_declared_constraint"", ""constraint"": ""medical_api_hospital_hospital_examination_19240bb8_fk_medical_a""}",plan139_four_sources_plan139-20260822T000829Z; constraint medical_api_hospital_hospital_examination_19240bb8_fk_medical_a,
2644,CORE2DB,CORE2DB.medical_api_hospitalexaminationreportlist,PRACTITIONER_ID,CORE2DB.data_api_practitioner,ID,CORE2DB.medical_api_hospitalexaminationreportlist(PRACTITIONER_ID) = CORE2DB.data_api_practitioner(ID),,A,declared_foreign_key,verified,"{""evidence"": ""database_declared_constraint"", ""constraint"": ""medical_api_hospital_practitioner_id_9177db17_fk_data_api_""}",plan139_four_sources_plan139-20260822T000829Z; constraint medical_api_hospital_practitioner_id_9177db17_fk_data_api_,
2645,CORE2DB,CORE2DB.medical_api_hospitalinfectionquestionnaire,MEDICAL_RECORDS_ID,CORE2DB.medical_api_medicalrecords,ID,CORE2DB.medical_api_hospitalinfectionquestionnaire(MEDICAL_RECORDS_ID) = CORE2DB.medical_api_medicalrecords(ID),,A,declared_foreign_key,verified,"{""evidence"": ""database_declared_constraint"", ""constraint"": ""medical_api_hospital_medical_records_id_6951069e_fk_medical_a""}",plan139_four_sources_plan139-20260822T000829Z; constraint medical_api_hospital_medical_records_id_6951069e_fk_medical_a,
2646,CORE2DB,CORE2DB.medical_api_hospitalinfectionquestionnairecontrol,HOSPITAL_INFECTION_QUESTIONNAIRE_ID,CORE2DB.medical_api_hospitalinfectionquestionnaire,ID,CORE2DB.medical_api_hospitalinfectionquestionnairecontrol(HOSPITAL_INFECTION_QUESTIONNAIRE_ID) = CORE2DB.medical_api_hospitalinfectionquestionnaire(ID),,A,declared_foreign_key,verified,"{""evidence"": ""database_declared_constraint"", ""constraint"": ""medical_api_hospital_hospital_infection_q_5d9eec08_fk_medical_a""}",plan139_four_sources_plan139-20260822T000829Z; constraint medical_api_hospital_hospital_infection_q_5d9eec08_fk_medical_a,
2647,CORE2DB,CORE2DB.medical_api_hospitalinfectionquestionnairelist,HOSPITAL_INFECTION_QUESTIONNAIRE_ID,CORE2DB.medical_api_hospitalinfectionquestionnaire,ID,CORE2DB.medical_api_hospitalinfectionquestionnairelist(HOSPITAL_INFECTION_QUESTIONNAIRE_ID) = CORE2DB.medical_api_hospitalinfectionquestionnaire(ID),,A,declared_foreign_key,verified,"{""evidence"": ""database_declared_constraint"", ""constraint"": ""medical_api_hospital_hospital_infection_q_2873b5b3_fk_medical_a""}",plan139_four_sources_plan139-20260822T000829Z; constraint medical_api_hospital_hospital_infection_q_2873b5b3_fk_medical_a,
2648,CORE2DB,CORE2DB.medical_api_hospitalinfectionquestionnairelist,PRACTITIONER_ID,CORE2DB.data_api_practitioner,ID,CORE2DB.medical_api_hospitalinfectionquestionnairelist(PRACTITIONER_ID) = CORE2DB.data_api_practitioner(ID),,A,declared_foreign_key,verified,"{""evidence"": ""database_declared_constraint"", ""constraint"": ""medical_api_hospital_practitioner_id_f3e71505_fk_data_api_""}",plan139_four_sources_plan139-20260822T000829Z; constraint medical_api_hospital_practitioner_id_f3e71505_fk_data_api_,
2649,CORE2DB,CORE2DB.medical_api_hospitalrecords,MEDICAL_RECORDS_ID,CORE2DB.medical_api_medicalrecords,ID,CORE2DB.medical_api_hospitalrecords(MEDICAL_RECORDS_ID) = CORE2DB.medical_api_medicalrecords(ID),,A,declared_foreign_key,verified,"{""evidence"": ""database_declared_constraint"", ""constraint"": ""medical_api_hospital_medical_records_id_d29802ed_fk_medical_a""}",plan139_four_sources_plan139-20260822T000829Z; constraint medical_api_hospital_medical_records_id_d29802ed_fk_medical_a,
2650,CORE2DB,CORE2DB.medical_api_hospitalrecordscontrol,HOSPITAL_RECORDS_ID,CORE2DB.medical_api_hospitalrecords,ID,CORE2DB.medical_api_hospitalrecordscontrol(HOSPITAL_RECORDS_ID) = CORE2DB.medical_api_hospitalrecords(ID),,A,declared_foreign_key,verified,"{""evidence"": ""database_declared_constraint"", ""constraint"": ""medical_api_hospital_hospital_records_id_78ba9079_fk_medical_a""}",plan139_four_sources_plan139-20260822T000829Z; constraint medical_api_hospital_hospital_records_id_78ba9079_fk_medical_a,
2651,CORE2DB,CORE2DB.medical_api_hospitalrecordslist,HOSPITAL_RECORDS_ID,CORE2DB.medical_api_hospitalrecords,ID,CORE2DB.medical_api_hospitalrecordslist(HOSPITAL_RECORDS_ID) = CORE2DB.medical_api_hospitalrecords(ID),,A,declared_foreign_key,verified,"{""evidence"": ""database_declared_constraint"", ""constraint"": ""medical_api_hospital_hospital_records_id_5ddeef4e_fk_medical_a""}",plan139_four_sources_plan139-20260822T000829Z; constraint medical_api_hospital_hospital_records_id_5ddeef4e_fk_medical_a,
2652,CORE2DB,CORE2DB.medical_api_hospitalrecordslist,PRACTITIONER_ID,CORE2DB.data_api_practitioner,ID,CORE2DB.medical_api_hospitalrecordslist(PRACTITIONER_ID) = CORE2DB.data_api_practitioner(ID),,A,declared_foreign_key,verified,"{""evidence"": ""database_declared_constraint"", ""constraint"": ""medical_api_hospital_practitioner_id_5efce6e9_fk_data_api_""}",plan139_four_sources_plan139-20260822T000829Z; constraint medical_api_hospital_practitioner_id_5efce6e9_fk_data_api_,
2653,CORE2DB,CORE2DB.medical_api_hospitalsatisfactionfollow,PATIENT_ID,CORE2DB.data_api_patient,ID,CORE2DB.medical_api_hospitalsatisfactionfollow(PATIENT_ID) = CORE2DB.data_api_patient(ID),,A,declared_foreign_key,verified,"{""evidence"": ""database_declared_constraint"", ""constraint"": ""medical_api_hospital_patient_id_718b9155_fk_data_api_""}",plan139_four_sources_plan139-20260822T000829Z; constraint medical_api_hospital_patient_id_718b9155_fk_data_api_,
2654,CORE2DB,CORE2DB.medical_api_infectionsite,INFECTION_QUESTIONNAIRE_ID,CORE2DB.medical_api_hospitalinfectionquestionnaire,ID,CORE2DB.medical_api_infectionsite(INFECTION_QUESTIONNAIRE_ID) = CORE2DB.medical_api_hospitalinfectionquestionnaire(ID),,A,declared_foreign_key,verified,"{""evidence"": ""database_declared_constraint"", ""constraint"": ""medical_api_infectio_infection_questionna_39b2e1a2_fk_medical_a""}",plan139_four_sources_plan139-20260822T000829Z; constraint medical_api_infectio_infection_questionna_39b2e1a2_fk_medical_a,
2655,CORE2DB,CORE2DB.medical_api_initialcourserecord,DISEASE_COURSE_RECORD_ID,CORE2DB.medical_api_diseasecourserecord,ID,CORE2DB.medical_api_initialcourserecord(DISEASE_COURSE_RECORD_ID) = CORE2DB.medical_api_diseasecourserecord(ID),,A,declared_foreign_key,verified,"{""evidence"": ""database_declared_constraint"", ""constraint"": ""medical_api_initialc_disease_course_recor_0a904fb8_fk_medical_a""}",plan139_four_sources_plan139-20260822T000829Z; constraint medical_api_initialc_disease_course_recor_0a904fb8_fk_medical_a,
2656,CORE2DB,CORE2DB.medical_api_initialcourserecordcontrol,INITIAL_COURSE_RECORD_ID,CORE2DB.medical_api_initialcourserecord,ID,CORE2DB.medical_api_initialcourserecordcontrol(INITIAL_COURSE_RECORD_ID) = CORE2DB.medical_api_initialcourserecord(ID),,A,declared_foreign_key,verified,"{""evidence"": ""database_declared_constraint"", ""constraint"": ""medical_api_initialc_initial_course_recor_075fecd1_fk_medical_a""}",plan139_four_sources_plan139-20260822T000829Z; constraint medical_api_initialc_initial_course_recor_075fecd1_fk_medical_a,
2657,CORE2DB,CORE2DB.medical_api_initialcourserecordlist,INITIAL_COURSE_RECORD_ID,CORE2DB.medical_api_initialcourserecord,ID,CORE2DB.medical_api_initialcourserecordlist(INITIAL_COURSE_RECORD_ID) = CORE2DB.medical_api_initialcourserecord(ID),,A,declared_foreign_key,verified,"{""evidence"": ""database_declared_constraint"", ""constraint"": ""medical_api_initialc_initial_course_recor_7e8947b9_fk_medical_a""}",plan139_four_sources_plan139-20260822T000829Z; constraint medical_api_initialc_initial_course_recor_7e8947b9_fk_medical_a,
2658,CORE2DB,CORE2DB.medical_api_initialcourserecordlist,PRACTITIONER_ID,CORE2DB.data_api_practitioner,ID,CORE2DB.medical_api_initialcourserecordlist(PRACTITIONER_ID) = CORE2DB.data_api_practitioner(ID),,A,declared_foreign_key,verified,"{""evidence"": ""database_declared_constraint"", ""constraint"": ""medical_api_initialc_practitioner_id_2a548584_fk_data_api_""}",plan139_four_sources_plan139-20260822T000829Z; constraint medical_api_initialc_practitioner_id_2a548584_fk_data_api_,
2659,CORE2DB,CORE2DB.medical_api_inspectionspecimen,ROUTINEBIOPSYCONSULTATION_ID,CORE2DB.medical_api_routinebiopsyconsultation,ID,CORE2DB.medical_api_inspectionspecimen(ROUTINEBIOPSYCONSULTATION_ID) = CORE2DB.medical_api_routinebiopsyconsultation(ID),,A,declared_foreign_key,verified,"{""evidence"": ""database_declared_constraint"", ""constraint"": ""medical_api_inspecti_routinebiopsyconsult_5204e862_fk_medical_a""}",plan139_four_sources_plan139-20260822T000829Z; constraint medical_api_inspecti_routinebiopsyconsult_5204e862_fk_medical_a,
2660,CORE2DB,CORE2DB.medical_api_inspectiontype,MEDICAL_RECORDS_ID,CORE2DB.medical_api_medicalrecords,ID,CORE2DB.medical_api_inspectiontype(MEDICAL_RECORDS_ID) = CORE2DB.medical_api_medicalrecords(ID),,A,declared_foreign_key,verified,"{""evidence"": ""database_declared_constraint"", ""constraint"": ""medical_api_inspecti_medical_records_id_4ae68dc1_fk_medical_a""}",plan139_four_sources_plan139-20260822T000829Z; constraint medical_api_inspecti_medical_records_id_4ae68dc1_fk_medical_a,
2661,CORE2DB,CORE2DB.medical_api_intraoperativefrozensectionconsultation,MEDICAL_RECORDS_ID,CORE2DB.medical_api_medicalrecords,ID,CORE2DB.medical_api_intraoperativefrozensectionconsultation(MEDICAL_RECORDS_ID) = CORE2DB.medical_api_medicalrecords(ID),,A,declared_foreign_key,verified,"{""evidence"": ""database_declared_constraint"", ""constraint"": ""medical_api_intraope_medical_records_id_ef5cd4d9_fk_medical_a""}",plan139_four_sources_plan139-20260822T000829Z; constraint medical_api_intraope_medical_records_id_ef5cd4d9_fk_medical_a,
2662,CORE2DB,CORE2DB.medical_api_intraoperativefrozensectionconsultationcontrol,INTRAOPERATIVE_FROZEN_SECTION_CONSULTATION_ID,CORE2DB.medical_api_intraoperativefrozensectionconsultation,ID,CORE2DB.medical_api_intraoperativefrozensectionconsultationcontrol(INTRAOPERATIVE_FROZEN_SECTION_CONSULTATION_ID) = CORE2DB.medical_api_intraoperativefrozensectionconsultation(ID),,A,declared_foreign_key,verified,"{""evidence"": ""database_declared_constraint"", ""constraint"": ""medical_api_intraope_intraoperative_froze_643f8ed5_fk_medical_a""}",plan139_four_sources_plan139-20260822T000829Z; constraint medical_api_intraope_intraoperative_froze_643f8ed5_fk_medical_a,
2663,CORE2DB,CORE2DB.medical_api_intraoperativefrozensectionconsultationlist,INTRAOPERATIVE_FROZEN_SECTION_CONSULTATION_ID,CORE2DB.medical_api_intraoperativefrozensectionconsultation,ID,CORE2DB.medical_api_intraoperativefrozensectionconsultationlist(INTRAOPERATIVE_FROZEN_SECTION_CONSULTATION_ID) = CORE2DB.medical_api_intraoperativefrozensectionconsultation(ID),,A,declared_foreign_key,verified,"{""evidence"": ""database_declared_constraint"", ""constraint"": ""medical_api_intraope_intraoperative_froze_c87a8a6a_fk_medical_a""}",plan139_four_sources_plan139-20260822T000829Z; constraint medical_api_intraope_intraoperative_froze_c87a8a6a_fk_medical_a,
2664,CORE2DB,CORE2DB.medical_api_intraoperativefrozensectionconsultationlist,PRACTITIONER_ID,CORE2DB.data_api_practitioner,ID,CORE2DB.medical_api_intraoperativefrozensectionconsultationlist(PRACTITIONER_ID) = CORE2DB.data_api_practitioner(ID),,A,declared_foreign_key,verified,"{""evidence"": ""database_declared_constraint"", ""constraint"": ""medical_api_intraope_practitioner_id_4a4aaa0c_fk_data_api_""}",plan139_four_sources_plan139-20260822T000829Z; constraint medical_api_intraope_practitioner_id_4a4aaa0c_fk_data_api_,
2665,CORE2DB,CORE2DB.medical_api_intraoperativefrozenspecimen,INTRAOPERATIVEFROZENSECTIONCONSULTATION_ID,CORE2DB.medical_api_intraoperativefrozensectionconsultation,ID,CORE2DB.medical_api_intraoperativefrozenspecimen(INTRAOPERATIVEFROZENSECTIONCONSULTATION_ID) = CORE2DB.medical_api_intraoperativefrozensectionconsultation(ID),,A,declared_foreign_key,verified,"{""evidence"": ""database_declared_constraint"", ""constraint"": ""medical_api_intraope_intraoperativefrozen_48a6a947_fk_medical_a""}",plan139_four_sources_plan139-20260822T000829Z; constraint medical_api_intraope_intraoperativefrozen_48a6a947_fk_medical_a,
2666,CORE2DB,CORE2DB.medical_api_leavehospitalcontrol,LEAVE_HOSPITAL_ID,CORE2DB.medical_api_leavehospitalrecords,ID,CORE2DB.medical_api_leavehospitalcontrol(LEAVE_HOSPITAL_ID) = CORE2DB.medical_api_leavehospitalrecords(ID),,A,declared_foreign_key,verified,"{""evidence"": ""database_declared_constraint"", ""constraint"": ""medical_api_leavehos_leave_hospital_id_2c75f280_fk_medical_a""}",plan139_four_sources_plan139-20260822T000829Z; constraint medical_api_leavehos_leave_hospital_id_2c75f280_fk_medical_a,
2667,CORE2DB,CORE2DB.medical_api_leavehospitallist,LEAVE_HOSPITAL_ID,CORE2DB.medical_api_leavehospitalrecords,ID,CORE2DB.medical_api_leavehospitallist(LEAVE_HOSPITAL_ID) = CORE2DB.medical_api_leavehospitalrecords(ID),,A,declared_foreign_key,verified,"{""evidence"": ""database_declared_constraint"", ""constraint"": ""medical_api_leavehos_leave_hospital_id_8a94c7a3_fk_medical_a""}",plan139_four_sources_plan139-20260822T000829Z; constraint medical_api_leavehos_leave_hospital_id_8a94c7a3_fk_medical_a,
2668,CORE2DB,CORE2DB.medical_api_leavehospitallist,PRACTITIONER_ID,CORE2DB.data_api_practitioner,ID,CORE2DB.medical_api_leavehospitallist(PRACTITIONER_ID) = CORE2DB.data_api_practitioner(ID),,A,declared_foreign_key,verified,"{""evidence"": ""database_declared_constraint"", ""constraint"": ""medical_api_leavehos_practitioner_id_97517693_fk_data_api_""}",plan139_four_sources_plan139-20260822T000829Z; constraint medical_api_leavehos_practitioner_id_97517693_fk_data_api_,
2669,CORE2DB,CORE2DB.medical_api_leavehospitalrecords,MEDICAL_RECORDS_ID,CORE2DB.medical_api_medicalrecords,ID,CORE2DB.medical_api_leavehospitalrecords(MEDICAL_RECORDS_ID) = CORE2DB.medical_api_medicalrecords(ID),,A,declared_foreign_key,verified,"{""evidence"": ""database_declared_constraint"", ""constraint"": ""medical_api_leavehos_medical_records_id_6a4199fe_fk_medical_a""}",plan139_four_sources_plan139-20260822T000829Z; constraint medical_api_leavehos_medical_records_id_6a4199fe_fk_medical_a,
2670,CORE2DB,CORE2DB.medical_api_leavehospitaltrackfollow,PATIENT_ID,CORE2DB.data_api_patient,ID,CORE2DB.medical_api_leavehospitaltrackfollow(PATIENT_ID) = CORE2DB.data_api_patient(ID),,A,declared_foreign_key,verified,"{""evidence"": ""database_declared_constraint"", ""constraint"": ""medical_api_leavehos_patient_id_1e267d9b_fk_data_api_""}",plan139_four_sources_plan139-20260822T000829Z; constraint medical_api_leavehos_patient_id_1e267d9b_fk_data_api_,
2671,CORE2DB,CORE2DB.medical_api_longadvicerecord,MEDICAL_RECORDS_ID,CORE2DB.medical_api_medicalrecords,ID,CORE2DB.medical_api_longadvicerecord(MEDICAL_RECORDS_ID) = CORE2DB.medical_api_medicalrecords(ID),,A,declared_foreign_key,verified,"{""evidence"": ""database_declared_constraint"", ""constraint"": ""medical_api_longadvi_medical_records_id_3d04404f_fk_medical_a""}",plan139_four_sources_plan139-20260822T000829Z; constraint medical_api_longadvi_medical_records_id_3d04404f_fk_medical_a,
2672,CORE2DB,CORE2DB.medical_api_longadvicerecordcontrol,LONG_ADVICE_RECORD_ID,CORE2DB.medical_api_longadvicerecord,ID,CORE2DB.medical_api_longadvicerecordcontrol(LONG_ADVICE_RECORD_ID) = CORE2DB.medical_api_longadvicerecord(ID),,A,declared_foreign_key,verified,"{""evidence"": ""database_declared_constraint"", ""constraint"": ""medical_api_longadvi_long_advice_record_i_28d0f7f7_fk_medical_a""}",plan139_four_sources_plan139-20260822T000829Z; constraint medical_api_longadvi_long_advice_record_i_28d0f7f7_fk_medical_a,
2673,CORE2DB,CORE2DB.medical_api_longadvicerecordlist,LONG_ADVICE_RECORD_ID,CORE2DB.medical_api_longadvicerecord,ID,CORE2DB.medical_api_longadvicerecordlist(LONG_ADVICE_RECORD_ID) = CORE2DB.medical_api_longadvicerecord(ID),,A,declared_foreign_key,verified,"{""evidence"": ""database_declared_constraint"", ""constraint"": ""medical_api_longadvi_long_advice_record_i_d1448a86_fk_medical_a""}",plan139_four_sources_plan139-20260822T000829Z; constraint medical_api_longadvi_long_advice_record_i_d1448a86_fk_medical_a,
2674,CORE2DB,CORE2DB.medical_api_longadvicerecordlist,PRACTITIONER_ID,CORE2DB.data_api_practitioner,ID,CORE2DB.medical_api_longadvicerecordlist(PRACTITIONER_ID) = CORE2DB.data_api_practitioner(ID),,A,declared_foreign_key,verified,"{""evidence"": ""database_declared_constraint"", ""constraint"": ""medical_api_longadvi_practitioner_id_e26f6f35_fk_data_api_""}",plan139_four_sources_plan139-20260822T000829Z; constraint medical_api_longadvi_practitioner_id_e26f6f35_fk_data_api_,
2675,CORE2DB,CORE2DB.medical_api_medicaloperationrecords,DISEASE_COURSE_RECORD_ID,CORE2DB.medical_api_diseasecourserecord,ID,CORE2DB.medical_api_medicaloperationrecords(DISEASE_COURSE_RECORD_ID) = CORE2DB.medical_api_diseasecourserecord(ID),,A,declared_foreign_key,verified,"{""evidence"": ""database_declared_constraint"", ""constraint"": ""medical_api_medicalo_disease_course_recor_15dd502b_fk_medical_a""}",plan139_four_sources_plan139-20260822T000829Z; constraint medical_api_medicalo_disease_course_recor_15dd502b_fk_medical_a,
2676,CORE2DB,CORE2DB.medical_api_medicaloperationrecordscontrol,MEDICAL_OPERATION_RECORDS_ID,CORE2DB.medical_api_medicaloperationrecords,ID,CORE2DB.medical_api_medicaloperationrecordscontrol(MEDICAL_OPERATION_RECORDS_ID) = CORE2DB.medical_api_medicaloperationrecords(ID),,A,declared_foreign_key,verified,"{""evidence"": ""database_declared_constraint"", ""constraint"": ""medical_api_medicalo_medical_operation_re_d7c8b5b5_fk_medical_a""}",plan139_four_sources_plan139-20260822T000829Z; constraint medical_api_medicalo_medical_operation_re_d7c8b5b5_fk_medical_a,
2677,CORE2DB,CORE2DB.medical_api_medicaloperationrecordslist,MEDICAL_OPERATION_RECORDS_ID,CORE2DB.medical_api_medicaloperationrecords,ID,CORE2DB.medical_api_medicaloperationrecordslist(MEDICAL_OPERATION_RECORDS_ID) = CORE2DB.medical_api_medicaloperationrecords(ID),,A,declared_foreign_key,verified,"{""evidence"": ""database_declared_constraint"", ""constraint"": ""medical_api_medicalo_medical_operation_re_037594bc_fk_medical_a""}",plan139_four_sources_plan139-20260822T000829Z; constraint medical_api_medicalo_medical_operation_re_037594bc_fk_medical_a,
2678,CORE2DB,CORE2DB.medical_api_medicaloperationrecordslist,PRACTITIONER_ID,CORE2DB.data_api_practitioner,ID,CORE2DB.medical_api_medicaloperationrecordslist(PRACTITIONER_ID) = CORE2DB.data_api_practitioner(ID),,A,declared_foreign_key,verified,"{""evidence"": ""database_declared_constraint"", ""constraint"": ""medical_api_medicalo_practitioner_id_6b09c5fe_fk_data_api_""}",plan139_four_sources_plan139-20260822T000829Z; constraint medical_api_medicalo_practitioner_id_6b09c5fe_fk_data_api_,
2679,CORE2DB,CORE2DB.medical_api_medicalrecordhomepage,MEDICAL_RECORDS_ID,CORE2DB.medical_api_medicalrecords,ID,CORE2DB.medical_api_medicalrecordhomepage(MEDICAL_RECORDS_ID) = CORE2DB.medical_api_medicalrecords(ID),,A,declared_foreign_key,verified,"{""evidence"": ""database_declared_constraint"", ""constraint"": ""medical_api_medicalr_medical_records_id_514f0624_fk_medical_a""}",plan139_four_sources_plan139-20260822T000829Z; constraint medical_api_medicalr_medical_records_id_514f0624_fk_medical_a,
2680,CORE2DB,CORE2DB.medical_api_medicalrecordrelationship,MEDICAL_RECORDS_ID,CORE2DB.medical_api_medicalrecords,ID,CORE2DB.medical_api_medicalrecordrelationship(MEDICAL_RECORDS_ID) = CORE2DB.medical_api_medicalrecords(ID),,A,declared_foreign_key,verified,"{""evidence"": ""database_declared_constraint"", ""constraint"": ""medical_api_medicalr_medical_records_id_c60350ad_fk_medical_a""}",plan139_four_sources_plan139-20260822T000829Z; constraint medical_api_medicalr_medical_records_id_c60350ad_fk_medical_a,
2681,CORE2DB,CORE2DB.medical_api_medicalrecords,MEDICAL_RESOURCES_ID,CORE2DB.data_api_medicalresources,ID,CORE2DB.medical_api_medicalrecords(MEDICAL_RESOURCES_ID) = CORE2DB.data_api_medicalresources(ID),,A,declared_foreign_key,verified,"{""evidence"": ""database_declared_constraint"", ""constraint"": ""medical_api_medicalr_medical_resources_id_57ebccb7_fk_data_api_""}",plan139_four_sources_plan139-20260822T000829Z; constraint medical_api_medicalr_medical_resources_id_57ebccb7_fk_data_api_,
2682,CORE2DB,CORE2DB.medical_api_medicalrecords_20260702,MEDICAL_RESOURCES_ID,CORE2DB.data_api_medicalresources,ID,CORE2DB.medical_api_medicalrecords_20260702(MEDICAL_RESOURCES_ID) = CORE2DB.data_api_medicalresources(ID),,A,declared_foreign_key,verified,"{""evidence"": ""database_declared_constraint"", ""constraint"": ""medical_api_medicalrecords_20260702_ibfk_1""}",plan139_four_sources_plan139-20260822T000829Z; constraint medical_api_medicalrecords_20260702_ibfk_1,
2683,CORE2DB,CORE2DB.medical_api_medicalrecordslist,MEDICAL_RECORDS_ID,CORE2DB.medical_api_medicalrecords,ID,CORE2DB.medical_api_medicalrecordslist(MEDICAL_RECORDS_ID) = CORE2DB.medical_api_medicalrecords(ID),,A,declared_foreign_key,verified,"{""evidence"": ""database_declared_constraint"", ""constraint"": ""medical_api_medicalr_medical_records_id_2bfb4fca_fk_medical_a""}",plan139_four_sources_plan139-20260822T000829Z; constraint medical_api_medicalr_medical_records_id_2bfb4fca_fk_medical_a,
2684,CORE2DB,CORE2DB.medical_api_medicalrecordslist,PRACTITIONER_ID,CORE2DB.data_api_practitioner,ID,CORE2DB.medical_api_medicalrecordslist(PRACTITIONER_ID) = CORE2DB.data_api_practitioner(ID),,A,declared_foreign_key,verified,"{""evidence"": ""database_declared_constraint"", ""constraint"": ""medical_api_medicalr_practitioner_id_fa4fe770_fk_data_api_""}",plan139_four_sources_plan139-20260822T000829Z; constraint medical_api_medicalr_practitioner_id_fa4fe770_fk_data_api_,
2685,CORE2DB,CORE2DB.medical_api_microscopeunder,ROUTINEBIOPSYCONSULTATIONREPORT_ID,CORE2DB.medical_api_routinebiopsyconsultationreport,ID,CORE2DB.medical_api_microscopeunder(ROUTINEBIOPSYCONSULTATIONREPORT_ID) = CORE2DB.medical_api_routinebiopsyconsultationreport(ID),,A,declared_foreign_key,verified,"{""evidence"": ""database_declared_constraint"", ""constraint"": ""medical_api_microsco_routinebiopsyconsult_df895f57_fk_medical_a""}",plan139_four_sources_plan139-20260822T000829Z; constraint medical_api_microsco_routinebiopsyconsult_df895f57_fk_medical_a,
2686,CORE2DB,CORE2DB.medical_api_nuclearmedicalinspectionreport,MEDICAL_RECORDS_ID,CORE2DB.medical_api_medicalrecords,ID,CORE2DB.medical_api_nuclearmedicalinspectionreport(MEDICAL_RECORDS_ID) = CORE2DB.medical_api_medicalrecords(ID),,A,declared_foreign_key,verified,"{""evidence"": ""database_declared_constraint"", ""constraint"": ""medical_api_nuclearm_medical_records_id_08c580a8_fk_medical_a""}",plan139_four_sources_plan139-20260822T000829Z; constraint medical_api_nuclearm_medical_records_id_08c580a8_fk_medical_a,
2687,CORE2DB,CORE2DB.medical_api_nuclearmedicalinspectionreportcontrol,NUCLEAR_MEDICAL_INSPECTION_REPORT_ID,CORE2DB.medical_api_nuclearmedicalinspectionreport,ID,CORE2DB.medical_api_nuclearmedicalinspectionreportcontrol(NUCLEAR_MEDICAL_INSPECTION_REPORT_ID) = CORE2DB.medical_api_nuclearmedicalinspectionreport(ID),,A,declared_foreign_key,verified,"{""evidence"": ""database_declared_constraint"", ""constraint"": ""medical_api_nuclearm_nuclear_medical_insp_7c1017ca_fk_medical_a""}",plan139_four_sources_plan139-20260822T000829Z; constraint medical_api_nuclearm_nuclear_medical_insp_7c1017ca_fk_medical_a,
2688,CORE2DB,CORE2DB.medical_api_nuclearmedicalinspectionreportitem,NUCLEAR_MEDICAL_INSPECTION_REPORT_ID,CORE2DB.medical_api_nuclearmedicalinspectionreport,ID,CORE2DB.medical_api_nuclearmedicalinspectionreportitem(NUCLEAR_MEDICAL_INSPECTION_REPORT_ID) = CORE2DB.medical_api_nuclearmedicalinspectionreport(ID),,A,declared_foreign_key,verified,"{""evidence"": ""database_declared_constraint"", ""constraint"": ""medical_api_nuclearm_nuclear_medical_insp_854d73fa_fk_medical_a""}",plan139_four_sources_plan139-20260822T000829Z; constraint medical_api_nuclearm_nuclear_medical_insp_854d73fa_fk_medical_a,
2689,CORE2DB,CORE2DB.medical_api_nuclearmedicalinspectionreportlist,NUCLEAR_MEDICAL_INSPECTION_REPORT_ID,CORE2DB.medical_api_nuclearmedicalinspectionreport,ID,CORE2DB.medical_api_nuclearmedicalinspectionreportlist(NUCLEAR_MEDICAL_INSPECTION_REPORT_ID) = CORE2DB.medical_api_nuclearmedicalinspectionreport(ID),,A,declared_foreign_key,verified,"{""evidence"": ""database_declared_constraint"", ""constraint"": ""medical_api_nuclearm_nuclear_medical_insp_67fd6da9_fk_medical_a""}",plan139_four_sources_plan139-20260822T000829Z; constraint medical_api_nuclearm_nuclear_medical_insp_67fd6da9_fk_medical_a,
2690,CORE2DB,CORE2DB.medical_api_nuclearmedicalinspectionreportlist,PRACTITIONER_ID,CORE2DB.data_api_practitioner,ID,CORE2DB.medical_api_nuclearmedicalinspectionreportlist(PRACTITIONER_ID) = CORE2DB.data_api_practitioner(ID),,A,declared_foreign_key,verified,"{""evidence"": ""database_declared_constraint"", ""constraint"": ""medical_api_nuclearm_practitioner_id_09faff57_fk_data_api_""}",plan139_four_sources_plan139-20260822T000829Z; constraint medical_api_nuclearm_practitioner_id_09faff57_fk_data_api_,
2691,CORE2DB,CORE2DB.medical_api_onedaydeath,MEDICAL_RECORDS_ID,CORE2DB.medical_api_medicalrecords,ID,CORE2DB.medical_api_onedaydeath(MEDICAL_RECORDS_ID) = CORE2DB.medical_api_medicalrecords(ID),,A,declared_foreign_key,verified,"{""evidence"": ""database_declared_constraint"", ""constraint"": ""medical_api_onedayde_medical_records_id_8d7f1785_fk_medical_a""}",plan139_four_sources_plan139-20260822T000829Z; constraint medical_api_onedayde_medical_records_id_8d7f1785_fk_medical_a,
2692,CORE2DB,CORE2DB.medical_api_onedaydeathcontrol,ONE_DAY_DEATH_ID,CORE2DB.medical_api_onedaydeath,ID,CORE2DB.medical_api_onedaydeathcontrol(ONE_DAY_DEATH_ID) = CORE2DB.medical_api_onedaydeath(ID),,A,declared_foreign_key,verified,"{""evidence"": ""database_declared_constraint"", ""constraint"": ""medical_api_onedayde_one_day_death_id_dcc07431_fk_medical_a""}",plan139_four_sources_plan139-20260822T000829Z; constraint medical_api_onedayde_one_day_death_id_dcc07431_fk_medical_a,
2693,CORE2DB,CORE2DB.medical_api_onedaydeathlist,ONE_DAY_DEATH_ID,CORE2DB.medical_api_onedaydeath,ID,CORE2DB.medical_api_onedaydeathlist(ONE_DAY_DEATH_ID) = CORE2DB.medical_api_onedaydeath(ID),,A,declared_foreign_key,verified,"{""evidence"": ""database_declared_constraint"", ""constraint"": ""medical_api_onedayde_one_day_death_id_35cde135_fk_medical_a""}",plan139_four_sources_plan139-20260822T000829Z; constraint medical_api_onedayde_one_day_death_id_35cde135_fk_medical_a,
2694,CORE2DB,CORE2DB.medical_api_onedaydeathlist,PRACTITIONER_ID,CORE2DB.data_api_practitioner,ID,CORE2DB.medical_api_onedaydeathlist(PRACTITIONER_ID) = CORE2DB.data_api_practitioner(ID),,A,declared_foreign_key,verified,"{""evidence"": ""database_declared_constraint"", ""constraint"": ""medical_api_onedayde_practitioner_id_79daf5c9_fk_data_api_""}",plan139_four_sources_plan139-20260822T000829Z; constraint medical_api_onedayde_practitioner_id_79daf5c9_fk_data_api_,
2695,CORE2DB,CORE2DB.medical_api_onedayleavehospital,MEDICAL_RECORDS_ID,CORE2DB.medical_api_medicalrecords,ID,CORE2DB.medical_api_onedayleavehospital(MEDICAL_RECORDS_ID) = CORE2DB.medical_api_medicalrecords(ID),,A,declared_foreign_key,verified,"{""evidence"": ""database_declared_constraint"", ""constraint"": ""medical_api_onedayle_medical_records_id_8fa9b345_fk_medical_a""}",plan139_four_sources_plan139-20260822T000829Z; constraint medical_api_onedayle_medical_records_id_8fa9b345_fk_medical_a,
2696,CORE2DB,CORE2DB.medical_api_onedayleavehospitalcontrol,ONE_DAY_LEAVE_ID,CORE2DB.medical_api_onedayleavehospital,ID,CORE2DB.medical_api_onedayleavehospitalcontrol(ONE_DAY_LEAVE_ID) = CORE2DB.medical_api_onedayleavehospital(ID),,A,declared_foreign_key,verified,"{""evidence"": ""database_declared_constraint"", ""constraint"": ""medical_api_onedayle_one_day_leave_id_d7fcd693_fk_medical_a""}",plan139_four_sources_plan139-20260822T000829Z; constraint medical_api_onedayle_one_day_leave_id_d7fcd693_fk_medical_a,
2697,CORE2DB,CORE2DB.medical_api_onedayleavehospitallist,ONE_DAY_LEAVE_ID,CORE2DB.medical_api_onedayleavehospital,ID,CORE2DB.medical_api_onedayleavehospitallist(ONE_DAY_LEAVE_ID) = CORE2DB.medical_api_onedayleavehospital(ID),,A,declared_foreign_key,verified,"{""evidence"": ""database_declared_constraint"", ""constraint"": ""medical_api_onedayle_one_day_leave_id_a055a7e3_fk_medical_a""}",plan139_four_sources_plan139-20260822T000829Z; constraint medical_api_onedayle_one_day_leave_id_a055a7e3_fk_medical_a,
2698,CORE2DB,CORE2DB.medical_api_onedayleavehospitallist,PRACTITIONER_ID,CORE2DB.data_api_practitioner,ID,CORE2DB.medical_api_onedayleavehospitallist(PRACTITIONER_ID) = CORE2DB.data_api_practitioner(ID),,A,declared_foreign_key,verified,"{""evidence"": ""database_declared_constraint"", ""constraint"": ""medical_api_onedayle_practitioner_id_587f3bc8_fk_data_api_""}",plan139_four_sources_plan139-20260822T000829Z; constraint medical_api_onedayle_practitioner_id_587f3bc8_fk_data_api_,
2699,CORE2DB,CORE2DB.medical_api_otherdiag,MEDICAL_RECORD_HOME_PAGE_ID,CORE2DB.medical_api_medicalrecordhomepage,ID,CORE2DB.medical_api_otherdiag(MEDICAL_RECORD_HOME_PAGE_ID) = CORE2DB.medical_api_medicalrecordhomepage(ID),,A,declared_foreign_key,verified,"{""evidence"": ""database_declared_constraint"", ""constraint"": ""medical_api_otherdia_medical_record_home__05538a32_fk_medical_a""}",plan139_four_sources_plan139-20260822T000829Z; constraint medical_api_otherdia_medical_record_home__05538a32_fk_medical_a,
2700,CORE2DB,CORE2DB.medical_api_outpatientconsultationapplication,MEDICAL_RECORDS_ID,CORE2DB.medical_api_medicalrecords,ID,CORE2DB.medical_api_outpatientconsultationapplication(MEDICAL_RECORDS_ID) = CORE2DB.medical_api_medicalrecords(ID),,A,declared_foreign_key,verified,"{""evidence"": ""database_declared_constraint"", ""constraint"": ""medical_api_outpatie_medical_records_id_0f1b5420_fk_medical_a""}",plan139_four_sources_plan139-20260822T000829Z; constraint medical_api_outpatie_medical_records_id_0f1b5420_fk_medical_a,
2701,CORE2DB,CORE2DB.medical_api_outpatientconsultationapplicationcontrol,OUTPATIENT_CONSULTATION_APPLICATION_ID,CORE2DB.medical_api_outpatientconsultationapplication,ID,CORE2DB.medical_api_outpatientconsultationapplicationcontrol(OUTPATIENT_CONSULTATION_APPLICATION_ID) = CORE2DB.medical_api_outpatientconsultationapplication(ID),,A,declared_foreign_key,verified,"{""evidence"": ""database_declared_constraint"", ""constraint"": ""medical_api_outpatie_outpatient_consultat_35c983d9_fk_medical_a""}",plan139_four_sources_plan139-20260822T000829Z; constraint medical_api_outpatie_outpatient_consultat_35c983d9_fk_medical_a,
2702,CORE2DB,CORE2DB.medical_api_outpatientconsultationapplicationlist,OUTPATIENT_CONSULTATION_APPLICATION_ID,CORE2DB.medical_api_outpatientconsultationapplication,ID,CORE2DB.medical_api_outpatientconsultationapplicationlist(OUTPATIENT_CONSULTATION_APPLICATION_ID) = CORE2DB.medical_api_outpatientconsultationapplication(ID),,A,declared_foreign_key,verified,"{""evidence"": ""database_declared_constraint"", ""constraint"": ""medical_api_outpatie_outpatient_consultat_c424064f_fk_medical_a""}",plan139_four_sources_plan139-20260822T000829Z; constraint medical_api_outpatie_outpatient_consultat_c424064f_fk_medical_a,
2703,CORE2DB,CORE2DB.medical_api_outpatientconsultationapplicationlist,PRACTITIONER_ID,CORE2DB.data_api_practitioner,ID,CORE2DB.medical_api_outpatientconsultationapplicationlist(PRACTITIONER_ID) = CORE2DB.data_api_practitioner(ID),,A,declared_foreign_key,verified,"{""evidence"": ""database_declared_constraint"", ""constraint"": ""medical_api_outpatie_practitioner_id_a4ff49d5_fk_data_api_""}",plan139_four_sources_plan139-20260822T000829Z; constraint medical_api_outpatie_practitioner_id_a4ff49d5_fk_data_api_,
2704,CORE2DB,CORE2DB.medical_api_petctreport,MEDICAL_RECORDS_ID,CORE2DB.medical_api_medicalrecords,ID,CORE2DB.medical_api_petctreport(MEDICAL_RECORDS_ID) = CORE2DB.medical_api_medicalrecords(ID),,A,declared_foreign_key,verified,"{""evidence"": ""database_declared_constraint"", ""constraint"": ""medical_api_petctrep_medical_records_id_d479f4cc_fk_medical_a""}",plan139_four_sources_plan139-20260822T000829Z; constraint medical_api_petctrep_medical_records_id_d479f4cc_fk_medical_a,
2705,CORE2DB,CORE2DB.medical_api_petctreportcontrol,PET_CT_REPORT_ID,CORE2DB.medical_api_petctreport,ID,CORE2DB.medical_api_petctreportcontrol(PET_CT_REPORT_ID) = CORE2DB.medical_api_petctreport(ID),,A,declared_foreign_key,verified,"{""evidence"": ""database_declared_constraint"", ""constraint"": ""medical_api_petctrep_pet_ct_report_id_6100dc8f_fk_medical_a""}",plan139_four_sources_plan139-20260822T000829Z; constraint medical_api_petctrep_pet_ct_report_id_6100dc8f_fk_medical_a,
2706,CORE2DB,CORE2DB.medical_api_petctreportlist,PET_CT_REPORT_ID,CORE2DB.medical_api_petctreport,ID,CORE2DB.medical_api_petctreportlist(PET_CT_REPORT_ID) = CORE2DB.medical_api_petctreport(ID),,A,declared_foreign_key,verified,"{""evidence"": ""database_declared_constraint"", ""constraint"": ""medical_api_petctrep_pet_ct_report_id_cd32811e_fk_medical_a""}",plan139_four_sources_plan139-20260822T000829Z; constraint medical_api_petctrep_pet_ct_report_id_cd32811e_fk_medical_a,
2707,CORE2DB,CORE2DB.medical_api_petctreportlist,PRACTITIONER_ID,CORE2DB.data_api_practitioner,ID,CORE2DB.medical_api_petctreportlist(PRACTITIONER_ID) = CORE2DB.data_api_practitioner(ID),,A,declared_foreign_key,verified,"{""evidence"": ""database_declared_constraint"", ""constraint"": ""medical_api_petctrep_practitioner_id_b2f60dac_fk_data_api_""}",plan139_four_sources_plan139-20260822T000829Z; constraint medical_api_petctrep_practitioner_id_b2f60dac_fk_data_api_,
2708,CORE2DB,CORE2DB.medical_api_postoperativecourserecord,DISEASE_COURSE_RECORD_ID,CORE2DB.medical_api_diseasecourserecord,ID,CORE2DB.medical_api_postoperativecourserecord(DISEASE_COURSE_RECORD_ID) = CORE2DB.medical_api_diseasecourserecord(ID),,A,declared_foreign_key,verified,"{""evidence"": ""database_declared_constraint"", ""constraint"": ""medical_api_postoper_disease_course_recor_2e9db9e6_fk_medical_a""}",plan139_four_sources_plan139-20260822T000829Z; constraint medical_api_postoper_disease_course_recor_2e9db9e6_fk_medical_a,
2709,CORE2DB,CORE2DB.medical_api_postoperativecourserecordcontrol,POST_OPERATIVE_COURSE_RECORD_ID,CORE2DB.medical_api_postoperativecourserecord,ID,CORE2DB.medical_api_postoperativecourserecordcontrol(POST_OPERATIVE_COURSE_RECORD_ID) = CORE2DB.medical_api_postoperativecourserecord(ID),,A,declared_foreign_key,verified,"{""evidence"": ""database_declared_constraint"", ""constraint"": ""medical_api_postoper_post_operative_cours_8c3414e9_fk_medical_a""}",plan139_four_sources_plan139-20260822T000829Z; constraint medical_api_postoper_post_operative_cours_8c3414e9_fk_medical_a,
2710,CORE2DB,CORE2DB.medical_api_postoperativecourserecordlist,POST_OPERATIVE_COURSE_RECORD_ID,CORE2DB.medical_api_postoperativecourserecord,ID,CORE2DB.medical_api_postoperativecourserecordlist(POST_OPERATIVE_COURSE_RECORD_ID) = CORE2DB.medical_api_postoperativecourserecord(ID),,A,declared_foreign_key,verified,"{""evidence"": ""database_declared_constraint"", ""constraint"": ""medical_api_postoper_post_operative_cours_4ea158bb_fk_medical_a""}",plan139_four_sources_plan139-20260822T000829Z; constraint medical_api_postoper_post_operative_cours_4ea158bb_fk_medical_a,
2711,CORE2DB,CORE2DB.medical_api_postoperativecourserecordlist,PRACTITIONER_ID,CORE2DB.data_api_practitioner,ID,CORE2DB.medical_api_postoperativecourserecordlist(PRACTITIONER_ID) = CORE2DB.data_api_practitioner(ID),,A,declared_foreign_key,verified,"{""evidence"": ""database_declared_constraint"", ""constraint"": ""medical_api_postoper_practitioner_id_dd84293d_fk_data_api_""}",plan139_four_sources_plan139-20260822T000829Z; constraint medical_api_postoper_practitioner_id_dd84293d_fk_data_api_,
2712,CORE2DB,CORE2DB.medical_api_preanesthesia,CHECK_RECORD_ID,CORE2DB.medical_api_surgicalsafetycheckrecord,ID,CORE2DB.medical_api_preanesthesia(CHECK_RECORD_ID) = CORE2DB.medical_api_surgicalsafetycheckrecord(ID),,A,declared_foreign_key,verified,"{""evidence"": ""database_declared_constraint"", ""constraint"": ""medical_api_preanest_check_record_id_80970379_fk_medical_a""}",plan139_four_sources_plan139-20260822T000829Z; constraint medical_api_preanest_check_record_id_80970379_fk_medical_a,
2713,CORE2DB,CORE2DB.medical_api_prenatalscreeningapplyrecord,MEDICAL_RECORDS_ID,CORE2DB.medical_api_medicalrecords,ID,CORE2DB.medical_api_prenatalscreeningapplyrecord(MEDICAL_RECORDS_ID) = CORE2DB.medical_api_medicalrecords(ID),,A,declared_foreign_key,verified,"{""evidence"": ""database_declared_constraint"", ""constraint"": ""medical_api_prenatal_medical_records_id_657e5d3a_fk_medical_a""}",plan139_four_sources_plan139-20260822T000829Z; constraint medical_api_prenatal_medical_records_id_657e5d3a_fk_medical_a,
2714,CORE2DB,CORE2DB.medical_api_prenatalscreeningapplyrecordcontrol,PRENATAL_SCREENING_APPLY_RECORD_ID,CORE2DB.medical_api_prenatalscreeningapplyrecord,ID,CORE2DB.medical_api_prenatalscreeningapplyrecordcontrol(PRENATAL_SCREENING_APPLY_RECORD_ID) = CORE2DB.medical_api_prenatalscreeningapplyrecord(ID),,A,declared_foreign_key,verified,"{""evidence"": ""database_declared_constraint"", ""constraint"": ""medical_api_prenatal_prenatal_screening_a_db8656cc_fk_medical_a""}",plan139_four_sources_plan139-20260822T000829Z; constraint medical_api_prenatal_prenatal_screening_a_db8656cc_fk_medical_a,
2715,CORE2DB,CORE2DB.medical_api_prenatalscreeningapplyrecordlist,PRACTITIONER_ID,CORE2DB.data_api_practitioner,ID,CORE2DB.medical_api_prenatalscreeningapplyrecordlist(PRACTITIONER_ID) = CORE2DB.data_api_practitioner(ID),,A,declared_foreign_key,verified,"{""evidence"": ""database_declared_constraint"", ""constraint"": ""medical_api_prenatal_practitioner_id_f35fdc47_fk_data_api_""}",plan139_four_sources_plan139-20260822T000829Z; constraint medical_api_prenatal_practitioner_id_f35fdc47_fk_data_api_,
2716,CORE2DB,CORE2DB.medical_api_prenatalscreeningapplyrecordlist,PRENATAL_SCREENING_APPLY_RECORD_ID,CORE2DB.medical_api_prenatalscreeningapplyrecord,ID,CORE2DB.medical_api_prenatalscreeningapplyrecordlist(PRENATAL_SCREENING_APPLY_RECORD_ID) = CORE2DB.medical_api_prenatalscreeningapplyrecord(ID),,A,declared_foreign_key,verified,"{""evidence"": ""database_declared_constraint"", ""constraint"": ""medical_api_prenatal_prenatal_screening_a_035e14de_fk_medical_a""}",plan139_four_sources_plan139-20260822T000829Z; constraint medical_api_prenatal_prenatal_screening_a_035e14de_fk_medical_a,
2717,CORE2DB,CORE2DB.medical_api_prenatalscreeningreport,MEDICAL_RECORDS_ID,CORE2DB.medical_api_medicalrecords,ID,CORE2DB.medical_api_prenatalscreeningreport(MEDICAL_RECORDS_ID) = CORE2DB.medical_api_medicalrecords(ID),,A,declared_foreign_key,verified,"{""evidence"": ""database_declared_constraint"", ""constraint"": ""medical_api_prenatal_medical_records_id_685278b4_fk_medical_a""}",plan139_four_sources_plan139-20260822T000829Z; constraint medical_api_prenatal_medical_records_id_685278b4_fk_medical_a,
2718,CORE2DB,CORE2DB.medical_api_prenatalscreeningreportcontrol,PRENATAL_SCREENING_REPORT_ID,CORE2DB.medical_api_prenatalscreeningreport,ID,CORE2DB.medical_api_prenatalscreeningreportcontrol(PRENATAL_SCREENING_REPORT_ID) = CORE2DB.medical_api_prenatalscreeningreport(ID),,A,declared_foreign_key,verified,"{""evidence"": ""database_declared_constraint"", ""constraint"": ""medical_api_prenatal_prenatal_screening_r_0c04eef9_fk_medical_a""}",plan139_four_sources_plan139-20260822T000829Z; constraint medical_api_prenatal_prenatal_screening_r_0c04eef9_fk_medical_a,
2719,CORE2DB,CORE2DB.medical_api_prenatalscreeningreportlist,PRACTITIONER_ID,CORE2DB.data_api_practitioner,ID,CORE2DB.medical_api_prenatalscreeningreportlist(PRACTITIONER_ID) = CORE2DB.data_api_practitioner(ID),,A,declared_foreign_key,verified,"{""evidence"": ""database_declared_constraint"", ""constraint"": ""medical_api_prenatal_practitioner_id_fa5d9a74_fk_data_api_""}",plan139_four_sources_plan139-20260822T000829Z; constraint medical_api_prenatal_practitioner_id_fa5d9a74_fk_data_api_,
2720,CORE2DB,CORE2DB.medical_api_prenatalscreeningreportlist,PRENATAL_SCREENING_REPORT_ID,CORE2DB.medical_api_prenatalscreeningreport,ID,CORE2DB.medical_api_prenatalscreeningreportlist(PRENATAL_SCREENING_REPORT_ID) = CORE2DB.medical_api_prenatalscreeningreport(ID),,A,declared_foreign_key,verified,"{""evidence"": ""database_declared_constraint"", ""constraint"": ""medical_api_prenatal_prenatal_screening_r_773762ad_fk_medical_a""}",plan139_four_sources_plan139-20260822T000829Z; constraint medical_api_prenatal_prenatal_screening_r_773762ad_fk_medical_a,
2721,CORE2DB,CORE2DB.medical_api_prenatalscreeningresults,PRENATAL_SCREENING_APPLY_RECORD_ID,CORE2DB.medical_api_prenatalscreeningapplyrecord,ID,CORE2DB.medical_api_prenatalscreeningresults(PRENATAL_SCREENING_APPLY_RECORD_ID) = CORE2DB.medical_api_prenatalscreeningapplyrecord(ID),,A,declared_foreign_key,verified,"{""evidence"": ""database_declared_constraint"", ""constraint"": ""medical_api_prenatal_prenatal_screening_a_420c08d6_fk_medical_a""}",plan139_four_sources_plan139-20260822T000829Z; constraint medical_api_prenatal_prenatal_screening_a_420c08d6_fk_medical_a,
2722,CORE2DB,CORE2DB.medical_api_preoperativediscussion,MEDICAL_RECORDS_ID,CORE2DB.medical_api_medicalrecords,ID,CORE2DB.medical_api_preoperativediscussion(MEDICAL_RECORDS_ID) = CORE2DB.medical_api_medicalrecords(ID),,A,declared_foreign_key,verified,"{""evidence"": ""database_declared_constraint"", ""constraint"": ""medical_api_preopera_medical_records_id_a566f0b9_fk_medical_a""}",plan139_four_sources_plan139-20260822T000829Z; constraint medical_api_preopera_medical_records_id_a566f0b9_fk_medical_a,
2723,CORE2DB,CORE2DB.medical_api_preoperativediscussioncontrol,PREOPERATIVE_DISCUSSION_ID,CORE2DB.medical_api_preoperativediscussion,ID,CORE2DB.medical_api_preoperativediscussioncontrol(PREOPERATIVE_DISCUSSION_ID) = CORE2DB.medical_api_preoperativediscussion(ID),,A,declared_foreign_key,verified,"{""evidence"": ""database_declared_constraint"", ""constraint"": ""medical_api_preopera_preoperative_discuss_7ccc5d48_fk_medical_a""}",plan139_four_sources_plan139-20260822T000829Z; constraint medical_api_preopera_preoperative_discuss_7ccc5d48_fk_medical_a,
2724,CORE2DB,CORE2DB.medical_api_preoperativediscussionlist,PRACTITIONER_ID,CORE2DB.data_api_practitioner,ID,CORE2DB.medical_api_preoperativediscussionlist(PRACTITIONER_ID) = CORE2DB.data_api_practitioner(ID),,A,declared_foreign_key,verified,"{""evidence"": ""database_declared_constraint"", ""constraint"": ""medical_api_preopera_practitioner_id_76ec080c_fk_data_api_""}",plan139_four_sources_plan139-20260822T000829Z; constraint medical_api_preopera_practitioner_id_76ec080c_fk_data_api_,
2725,CORE2DB,CORE2DB.medical_api_preoperativediscussionlist,PREOPERATIVE_DISCUSSION_ID,CORE2DB.medical_api_preoperativediscussion,ID,CORE2DB.medical_api_preoperativediscussionlist(PREOPERATIVE_DISCUSSION_ID) = CORE2DB.medical_api_preoperativediscussion(ID),,A,declared_foreign_key,verified,"{""evidence"": ""database_declared_constraint"", ""constraint"": ""medical_api_preopera_preoperative_discuss_a1ff4c36_fk_medical_a""}",plan139_four_sources_plan139-20260822T000829Z; constraint medical_api_preopera_preoperative_discuss_a1ff4c36_fk_medical_a,
2726,CORE2DB,CORE2DB.medical_api_preoperativesummary,DISEASE_COURSE_RECORD_ID,CORE2DB.medical_api_diseasecourserecord,ID,CORE2DB.medical_api_preoperativesummary(DISEASE_COURSE_RECORD_ID) = CORE2DB.medical_api_diseasecourserecord(ID),,A,declared_foreign_key,verified,"{""evidence"": ""database_declared_constraint"", ""constraint"": ""medical_api_preopera_disease_course_recor_e1f79e93_fk_medical_a""}",plan139_four_sources_plan139-20260822T000829Z; constraint medical_api_preopera_disease_course_recor_e1f79e93_fk_medical_a,
2727,CORE2DB,CORE2DB.medical_api_preoperativesummarycontrol,PREOPERATIVE_SUMMARY_ID,CORE2DB.medical_api_preoperativesummary,ID,CORE2DB.medical_api_preoperativesummarycontrol(PREOPERATIVE_SUMMARY_ID) = CORE2DB.medical_api_preoperativesummary(ID),,A,declared_foreign_key,verified,"{""evidence"": ""database_declared_constraint"", ""constraint"": ""medical_api_preopera_preoperative_summary_9e80ab22_fk_medical_a""}",plan139_four_sources_plan139-20260822T000829Z; constraint medical_api_preopera_preoperative_summary_9e80ab22_fk_medical_a,
2728,CORE2DB,CORE2DB.medical_api_preoperativesummarylist,PRACTITIONER_ID,CORE2DB.data_api_practitioner,ID,CORE2DB.medical_api_preoperativesummarylist(PRACTITIONER_ID) = CORE2DB.data_api_practitioner(ID),,A,declared_foreign_key,verified,"{""evidence"": ""database_declared_constraint"", ""constraint"": ""medical_api_preopera_practitioner_id_fe5a312d_fk_data_api_""}",plan139_four_sources_plan139-20260822T000829Z; constraint medical_api_preopera_practitioner_id_fe5a312d_fk_data_api_,
2729,CORE2DB,CORE2DB.medical_api_preoperativesummarylist,PREOPERATIVE_SUMMARY_ID,CORE2DB.medical_api_preoperativesummary,ID,CORE2DB.medical_api_preoperativesummarylist(PREOPERATIVE_SUMMARY_ID) = CORE2DB.medical_api_preoperativesummary(ID),,A,declared_foreign_key,verified,"{""evidence"": ""database_declared_constraint"", ""constraint"": ""medical_api_preopera_preoperative_summary_c8aece07_fk_medical_a""}",plan139_four_sources_plan139-20260822T000829Z; constraint medical_api_preopera_preoperative_summary_c8aece07_fk_medical_a,
2730,CORE2DB,CORE2DB.medical_api_puncturecytologypathological,MEDICAL_RECORDS_ID,CORE2DB.medical_api_medicalrecords,ID,CORE2DB.medical_api_puncturecytologypathological(MEDICAL_RECORDS_ID) = CORE2DB.medical_api_medicalrecords(ID),,A,declared_foreign_key,verified,"{""evidence"": ""database_declared_constraint"", ""constraint"": ""medical_api_puncture_medical_records_id_a235864d_fk_medical_a""}",plan139_four_sources_plan139-20260822T000829Z; constraint medical_api_puncture_medical_records_id_a235864d_fk_medical_a,
2731,CORE2DB,CORE2DB.medical_api_puncturecytologypathologicalcontrol,PUNCTURE_CYTOLOGY_PATHOLOGICAL_ID,CORE2DB.medical_api_puncturecytologypathological,ID,CORE2DB.medical_api_puncturecytologypathologicalcontrol(PUNCTURE_CYTOLOGY_PATHOLOGICAL_ID) = CORE2DB.medical_api_puncturecytologypathological(ID),,A,declared_foreign_key,verified,"{""evidence"": ""database_declared_constraint"", ""constraint"": ""medical_api_puncture_puncture_cytology_pa_2c39f527_fk_medical_a""}",plan139_four_sources_plan139-20260822T000829Z; constraint medical_api_puncture_puncture_cytology_pa_2c39f527_fk_medical_a,
2732,CORE2DB,CORE2DB.medical_api_puncturecytologypathologicallist,PRACTITIONER_ID,CORE2DB.data_api_practitioner,ID,CORE2DB.medical_api_puncturecytologypathologicallist(PRACTITIONER_ID) = CORE2DB.data_api_practitioner(ID),,A,declared_foreign_key,verified,"{""evidence"": ""database_declared_constraint"", ""constraint"": ""medical_api_puncture_practitioner_id_87829fea_fk_data_api_""}",plan139_four_sources_plan139-20260822T000829Z; constraint medical_api_puncture_practitioner_id_87829fea_fk_data_api_,
2733,CORE2DB,CORE2DB.medical_api_puncturecytologypathologicallist,PUNCTURE_CYTOLOGY_PATHOLOGICAL_ID,CORE2DB.medical_api_puncturecytologypathological,ID,CORE2DB.medical_api_puncturecytologypathologicallist(PUNCTURE_CYTOLOGY_PATHOLOGICAL_ID) = CORE2DB.medical_api_puncturecytologypathological(ID),,A,declared_foreign_key,verified,"{""evidence"": ""database_declared_constraint"", ""constraint"": ""medical_api_puncture_puncture_cytology_pa_67597c32_fk_medical_a""}",plan139_four_sources_plan139-20260822T000829Z; constraint medical_api_puncture_puncture_cytology_pa_67597c32_fk_medical_a,
2734,CORE2DB,CORE2DB.medical_api_radiodiagnosisreport,RADIOSCOPY_APPLY_RECORD_ID,CORE2DB.medical_api_radioscopyapplyrecord,ID,CORE2DB.medical_api_radiodiagnosisreport(RADIOSCOPY_APPLY_RECORD_ID) = CORE2DB.medical_api_radioscopyapplyrecord(ID),,A,declared_foreign_key,verified,"{""evidence"": ""database_declared_constraint"", ""constraint"": ""medical_api_radiodia_radioscopy_apply_rec_b4b11776_fk_medical_a""}",plan139_four_sources_plan139-20260822T000829Z; constraint medical_api_radiodia_radioscopy_apply_rec_b4b11776_fk_medical_a,
2735,CORE2DB,CORE2DB.medical_api_radiodiagnosisreportcontrol,RADIO_DIAGNOSIS_REPORT_ID,CORE2DB.medical_api_radiodiagnosisreport,ID,CORE2DB.medical_api_radiodiagnosisreportcontrol(RADIO_DIAGNOSIS_REPORT_ID) = CORE2DB.medical_api_radiodiagnosisreport(ID),,A,declared_foreign_key,verified,"{""evidence"": ""database_declared_constraint"", ""constraint"": ""medical_api_radiodia_radio_diagnosis_repo_71fc6b62_fk_medical_a""}",plan139_four_sources_plan139-20260822T000829Z; constraint medical_api_radiodia_radio_diagnosis_repo_71fc6b62_fk_medical_a,
2736,CORE2DB,CORE2DB.medical_api_radiodiagnosisreportlist,PRACTITIONER_ID,CORE2DB.data_api_practitioner,ID,CORE2DB.medical_api_radiodiagnosisreportlist(PRACTITIONER_ID) = CORE2DB.data_api_practitioner(ID),,A,declared_foreign_key,verified,"{""evidence"": ""database_declared_constraint"", ""constraint"": ""medical_api_radiodia_practitioner_id_8f2fd989_fk_data_api_""}",plan139_four_sources_plan139-20260822T000829Z; constraint medical_api_radiodia_practitioner_id_8f2fd989_fk_data_api_,
2737,CORE2DB,CORE2DB.medical_api_radiodiagnosisreportlist,RADIO_DIAGNOSIS_REPORT_ID,CORE2DB.medical_api_radiodiagnosisreport,ID,CORE2DB.medical_api_radiodiagnosisreportlist(RADIO_DIAGNOSIS_REPORT_ID) = CORE2DB.medical_api_radiodiagnosisreport(ID),,A,declared_foreign_key,verified,"{""evidence"": ""database_declared_constraint"", ""constraint"": ""medical_api_radiodia_radio_diagnosis_repo_bbed26ba_fk_medical_a""}",plan139_four_sources_plan139-20260822T000829Z; constraint medical_api_radiodia_radio_diagnosis_repo_bbed26ba_fk_medical_a,
2738,CORE2DB,CORE2DB.medical_api_radioscopyapplyrecord,MEDICAL_RECORDS_ID,CORE2DB.medical_api_medicalrecords,ID,CORE2DB.medical_api_radioscopyapplyrecord(MEDICAL_RECORDS_ID) = CORE2DB.medical_api_medicalrecords(ID),,A,declared_foreign_key,verified,"{""evidence"": ""database_declared_constraint"", ""constraint"": ""medical_api_radiosco_medical_records_id_667a0257_fk_medical_a""}",plan139_four_sources_plan139-20260822T000829Z; constraint medical_api_radiosco_medical_records_id_667a0257_fk_medical_a,
2739,CORE2DB,CORE2DB.medical_api_radioscopyapplyrecordcontrol,RADIOSCOPY_APPLY_RECORD_ID,CORE2DB.medical_api_radioscopyapplyrecord,ID,CORE2DB.medical_api_radioscopyapplyrecordcontrol(RADIOSCOPY_APPLY_RECORD_ID) = CORE2DB.medical_api_radioscopyapplyrecord(ID),,A,declared_foreign_key,verified,"{""evidence"": ""database_declared_constraint"", ""constraint"": ""medical_api_radiosco_radioscopy_apply_rec_e2a3abfc_fk_medical_a""}",plan139_four_sources_plan139-20260822T000829Z; constraint medical_api_radiosco_radioscopy_apply_rec_e2a3abfc_fk_medical_a,
2740,CORE2DB,CORE2DB.medical_api_radioscopyapplyrecordlist,PRACTITIONER_ID,CORE2DB.data_api_practitioner,ID,CORE2DB.medical_api_radioscopyapplyrecordlist(PRACTITIONER_ID) = CORE2DB.data_api_practitioner(ID),,A,declared_foreign_key,verified,"{""evidence"": ""database_declared_constraint"", ""constraint"": ""medical_api_radiosco_practitioner_id_c6afcc42_fk_data_api_""}",plan139_four_sources_plan139-20260822T000829Z; constraint medical_api_radiosco_practitioner_id_c6afcc42_fk_data_api_,
2741,CORE2DB,CORE2DB.medical_api_radioscopyapplyrecordlist,RADIOSCOPY_APPLY_RECORD_ID,CORE2DB.medical_api_radioscopyapplyrecord,ID,CORE2DB.medical_api_radioscopyapplyrecordlist(RADIOSCOPY_APPLY_RECORD_ID) = CORE2DB.medical_api_radioscopyapplyrecord(ID),,A,declared_foreign_key,verified,"{""evidence"": ""database_declared_constraint"", ""constraint"": ""medical_api_radiosco_radioscopy_apply_rec_65e2c911_fk_medical_a""}",plan139_four_sources_plan139-20260822T000829Z; constraint medical_api_radiosco_radioscopy_apply_rec_65e2c911_fk_medical_a,
2742,CORE2DB,CORE2DB.medical_api_riskfactors,INFECTION_QUESTIONNAIRE_ID,CORE2DB.medical_api_hospitalinfectionquestionnaire,ID,CORE2DB.medical_api_riskfactors(INFECTION_QUESTIONNAIRE_ID) = CORE2DB.medical_api_hospitalinfectionquestionnaire(ID),,A,declared_foreign_key,verified,"{""evidence"": ""database_declared_constraint"", ""constraint"": ""medical_api_riskfact_infection_questionna_a8bf1575_fk_medical_a""}",plan139_four_sources_plan139-20260822T000829Z; constraint medical_api_riskfact_infection_questionna_a8bf1575_fk_medical_a,
2743,CORE2DB,CORE2DB.medical_api_routinebiopsyconsultation,MEDICAL_RECORDS_ID,CORE2DB.medical_api_medicalrecords,ID,CORE2DB.medical_api_routinebiopsyconsultation(MEDICAL_RECORDS_ID) = CORE2DB.medical_api_medicalrecords(ID),,A,declared_foreign_key,verified,"{""evidence"": ""database_declared_constraint"", ""constraint"": ""medical_api_routineb_medical_records_id_1e7fa7a7_fk_medical_a""}",plan139_four_sources_plan139-20260822T000829Z; constraint medical_api_routineb_medical_records_id_1e7fa7a7_fk_medical_a,
2744,CORE2DB,CORE2DB.medical_api_routinebiopsyconsultationcontrol,ROUTINE_BIOPSY_CONSULTATION_ID,CORE2DB.medical_api_routinebiopsyconsultation,ID,CORE2DB.medical_api_routinebiopsyconsultationcontrol(ROUTINE_BIOPSY_CONSULTATION_ID) = CORE2DB.medical_api_routinebiopsyconsultation(ID),,A,declared_foreign_key,verified,"{""evidence"": ""database_declared_constraint"", ""constraint"": ""medical_api_routineb_routine_biopsy_consu_1984da07_fk_medical_a""}",plan139_four_sources_plan139-20260822T000829Z; constraint medical_api_routineb_routine_biopsy_consu_1984da07_fk_medical_a,
2745,CORE2DB,CORE2DB.medical_api_routinebiopsyconsultationlist,PRACTITIONER_ID,CORE2DB.data_api_practitioner,ID,CORE2DB.medical_api_routinebiopsyconsultationlist(PRACTITIONER_ID) = CORE2DB.data_api_practitioner(ID),,A,declared_foreign_key,verified,"{""evidence"": ""database_declared_constraint"", ""constraint"": ""medical_api_routineb_practitioner_id_75519dbf_fk_data_api_""}",plan139_four_sources_plan139-20260822T000829Z; constraint medical_api_routineb_practitioner_id_75519dbf_fk_data_api_,
2746,CORE2DB,CORE2DB.medical_api_routinebiopsyconsultationlist,ROUTINE_BIOPSY_CONSULTATION_ID,CORE2DB.medical_api_routinebiopsyconsultation,ID,CORE2DB.medical_api_routinebiopsyconsultationlist(ROUTINE_BIOPSY_CONSULTATION_ID) = CORE2DB.medical_api_routinebiopsyconsultation(ID),,A,declared_foreign_key,verified,"{""evidence"": ""database_declared_constraint"", ""constraint"": ""medical_api_routineb_routine_biopsy_consu_e28dea8c_fk_medical_a""}",plan139_four_sources_plan139-20260822T000829Z; constraint medical_api_routineb_routine_biopsy_consu_e28dea8c_fk_medical_a,
2747,CORE2DB,CORE2DB.medical_api_routinebiopsyconsultationreport,MEDICAL_RECORDS_ID,CORE2DB.medical_api_medicalrecords,ID,CORE2DB.medical_api_routinebiopsyconsultationreport(MEDICAL_RECORDS_ID) = CORE2DB.medical_api_medicalrecords(ID),,A,declared_foreign_key,verified,"{""evidence"": ""database_declared_constraint"", ""constraint"": ""medical_api_routineb_medical_records_id_e4f74ade_fk_medical_a""}",plan139_four_sources_plan139-20260822T000829Z; constraint medical_api_routineb_medical_records_id_e4f74ade_fk_medical_a,
2748,CORE2DB,CORE2DB.medical_api_routinebiopsyconsultationreportcontrol,ROUTINE_BIOPSY_CONSULTATION_REPORT_ID,CORE2DB.medical_api_routinebiopsyconsultationreport,ID,CORE2DB.medical_api_routinebiopsyconsultationreportcontrol(ROUTINE_BIOPSY_CONSULTATION_REPORT_ID) = CORE2DB.medical_api_routinebiopsyconsultationreport(ID),,A,declared_foreign_key,verified,"{""evidence"": ""database_declared_constraint"", ""constraint"": ""medical_api_routineb_routine_biopsy_consu_24089712_fk_medical_a""}",plan139_four_sources_plan139-20260822T000829Z; constraint medical_api_routineb_routine_biopsy_consu_24089712_fk_medical_a,
2749,CORE2DB,CORE2DB.medical_api_routinebiopsyconsultationreportlist,PRACTITIONER_ID,CORE2DB.data_api_practitioner,ID,CORE2DB.medical_api_routinebiopsyconsultationreportlist(PRACTITIONER_ID) = CORE2DB.data_api_practitioner(ID),,A,declared_foreign_key,verified,"{""evidence"": ""database_declared_constraint"", ""constraint"": ""medical_api_routineb_practitioner_id_fb6abf33_fk_data_api_""}",plan139_four_sources_plan139-20260822T000829Z; constraint medical_api_routineb_practitioner_id_fb6abf33_fk_data_api_,
2750,CORE2DB,CORE2DB.medical_api_routinebiopsyconsultationreportlist,ROUTINE_BIOPSY_CONSULTATION_REPORT_ID,CORE2DB.medical_api_routinebiopsyconsultationreport,ID,CORE2DB.medical_api_routinebiopsyconsultationreportlist(ROUTINE_BIOPSY_CONSULTATION_REPORT_ID) = CORE2DB.medical_api_routinebiopsyconsultationreport(ID),,A,declared_foreign_key,verified,"{""evidence"": ""database_declared_constraint"", ""constraint"": ""medical_api_routineb_routine_biopsy_consu_899a0d9a_fk_medical_a""}",plan139_four_sources_plan139-20260822T000829Z; constraint medical_api_routineb_routine_biopsy_consu_899a0d9a_fk_medical_a,
2751,CORE2DB,CORE2DB.medical_api_salvagerecord,DISEASE_COURSE_RECORD_ID,CORE2DB.medical_api_diseasecourserecord,ID,CORE2DB.medical_api_salvagerecord(DISEASE_COURSE_RECORD_ID) = CORE2DB.medical_api_diseasecourserecord(ID),,A,declared_foreign_key,verified,"{""evidence"": ""database_declared_constraint"", ""constraint"": ""medical_api_salvager_disease_course_recor_4882748a_fk_medical_a""}",plan139_four_sources_plan139-20260822T000829Z; constraint medical_api_salvager_disease_course_recor_4882748a_fk_medical_a,
2752,CORE2DB,CORE2DB.medical_api_salvagerecord_inspect,INSPECTIONTYPE_ID,CORE2DB.medical_api_inspectiontype,ID,CORE2DB.medical_api_salvagerecord_inspect(INSPECTIONTYPE_ID) = CORE2DB.medical_api_inspectiontype(ID),,A,declared_foreign_key,verified,"{""evidence"": ""database_declared_constraint"", ""constraint"": ""medical_api_salvager_inspectiontype_id_53ad3aec_fk_medical_a""}",plan139_four_sources_plan139-20260822T000829Z; constraint medical_api_salvager_inspectiontype_id_53ad3aec_fk_medical_a,
2753,CORE2DB,CORE2DB.medical_api_salvagerecord_inspect,SALVAGERECORD_ID,CORE2DB.medical_api_salvagerecord,ID,CORE2DB.medical_api_salvagerecord_inspect(SALVAGERECORD_ID) = CORE2DB.medical_api_salvagerecord(ID),,A,declared_foreign_key,verified,"{""evidence"": ""database_declared_constraint"", ""constraint"": ""medical_api_salvager_salvagerecord_id_735fde1a_fk_medical_a""}",plan139_four_sources_plan139-20260822T000829Z; constraint medical_api_salvager_salvagerecord_id_735fde1a_fk_medical_a,
2754,CORE2DB,CORE2DB.medical_api_salvagerecordcontrol,SALVAGE_RECORD_ID,CORE2DB.medical_api_salvagerecord,ID,CORE2DB.medical_api_salvagerecordcontrol(SALVAGE_RECORD_ID) = CORE2DB.medical_api_salvagerecord(ID),,A,declared_foreign_key,verified,"{""evidence"": ""database_declared_constraint"", ""constraint"": ""medical_api_salvager_salvage_record_id_1532e463_fk_medical_a""}",plan139_four_sources_plan139-20260822T000829Z; constraint medical_api_salvager_salvage_record_id_1532e463_fk_medical_a,
2755,CORE2DB,CORE2DB.medical_api_salvagerecordlist,PRACTITIONER_ID,CORE2DB.data_api_practitioner,ID,CORE2DB.medical_api_salvagerecordlist(PRACTITIONER_ID) = CORE2DB.data_api_practitioner(ID),,A,declared_foreign_key,verified,"{""evidence"": ""database_declared_constraint"", ""constraint"": ""medical_api_salvager_practitioner_id_e18b7d43_fk_data_api_""}",plan139_four_sources_plan139-20260822T000829Z; constraint medical_api_salvager_practitioner_id_e18b7d43_fk_data_api_,
2756,CORE2DB,CORE2DB.medical_api_salvagerecordlist,SALVAGE_RECORD_ID,CORE2DB.medical_api_salvagerecord,ID,CORE2DB.medical_api_salvagerecordlist(SALVAGE_RECORD_ID) = CORE2DB.medical_api_salvagerecord(ID),,A,declared_foreign_key,verified,"{""evidence"": ""database_declared_constraint"", ""constraint"": ""medical_api_salvager_salvage_record_id_e0f1c09a_fk_medical_a""}",plan139_four_sources_plan139-20260822T000829Z; constraint medical_api_salvager_salvage_record_id_e0f1c09a_fk_medical_a,
2757,CORE2DB,CORE2DB.medical_api_shifthandoverrecords,DISEASE_COURSE_RECORD_ID,CORE2DB.medical_api_diseasecourserecord,ID,CORE2DB.medical_api_shifthandoverrecords(DISEASE_COURSE_RECORD_ID) = CORE2DB.medical_api_diseasecourserecord(ID),,A,declared_foreign_key,verified,"{""evidence"": ""database_declared_constraint"", ""constraint"": ""medical_api_shifthan_disease_course_recor_b45b8654_fk_medical_a""}",plan139_four_sources_plan139-20260822T000829Z; constraint medical_api_shifthan_disease_course_recor_b45b8654_fk_medical_a,
2758,CORE2DB,CORE2DB.medical_api_shifthandoverrecordscontrol,SHIFT_HANDOVER_ID,CORE2DB.medical_api_shifthandoverrecords,ID,CORE2DB.medical_api_shifthandoverrecordscontrol(SHIFT_HANDOVER_ID) = CORE2DB.medical_api_shifthandoverrecords(ID),,A,declared_foreign_key,verified,"{""evidence"": ""database_declared_constraint"", ""constraint"": ""medical_api_shifthan_shift_handover_id_0c3f429d_fk_medical_a""}",plan139_four_sources_plan139-20260822T000829Z; constraint medical_api_shifthan_shift_handover_id_0c3f429d_fk_medical_a,
2759,CORE2DB,CORE2DB.medical_api_shifthandoverrecordslist,PRACTITIONER_ID,CORE2DB.data_api_practitioner,ID,CORE2DB.medical_api_shifthandoverrecordslist(PRACTITIONER_ID) = CORE2DB.data_api_practitioner(ID),,A,declared_foreign_key,verified,"{""evidence"": ""database_declared_constraint"", ""constraint"": ""medical_api_shifthan_practitioner_id_dafbb542_fk_data_api_""}",plan139_four_sources_plan139-20260822T000829Z; constraint medical_api_shifthan_practitioner_id_dafbb542_fk_data_api_,
2760,CORE2DB,CORE2DB.medical_api_shifthandoverrecordslist,SHIFT_HANDOVER_ID,CORE2DB.medical_api_shifthandoverrecords,ID,CORE2DB.medical_api_shifthandoverrecordslist(SHIFT_HANDOVER_ID) = CORE2DB.medical_api_shifthandoverrecords(ID),,A,declared_foreign_key,verified,"{""evidence"": ""database_declared_constraint"", ""constraint"": ""medical_api_shifthan_shift_handover_id_ff011351_fk_medical_a""}",plan139_four_sources_plan139-20260822T000829Z; constraint medical_api_shifthan_shift_handover_id_ff011351_fk_medical_a,
2761,CORE2DB,CORE2DB.medical_api_shortadvicerecord,MEDICAL_RECORDS_ID,CORE2DB.medical_api_medicalrecords,ID,CORE2DB.medical_api_shortadvicerecord(MEDICAL_RECORDS_ID) = CORE2DB.medical_api_medicalrecords(ID),,A,declared_foreign_key,verified,"{""evidence"": ""database_declared_constraint"", ""constraint"": ""medical_api_shortadv_medical_records_id_3fb9627f_fk_medical_a""}",plan139_four_sources_plan139-20260822T000829Z; constraint medical_api_shortadv_medical_records_id_3fb9627f_fk_medical_a,
2762,CORE2DB,CORE2DB.medical_api_shortadvicerecordcontrol,SHORT_ADVICE_RECORD_ID,CORE2DB.medical_api_shortadvicerecord,ID,CORE2DB.medical_api_shortadvicerecordcontrol(SHORT_ADVICE_RECORD_ID) = CORE2DB.medical_api_shortadvicerecord(ID),,A,declared_foreign_key,verified,"{""evidence"": ""database_declared_constraint"", ""constraint"": ""medical_api_shortadv_short_advice_record__b3ca5280_fk_medical_a""}",plan139_four_sources_plan139-20260822T000829Z; constraint medical_api_shortadv_short_advice_record__b3ca5280_fk_medical_a,
2763,CORE2DB,CORE2DB.medical_api_shortadvicerecordlist,PRACTITIONER_ID,CORE2DB.data_api_practitioner,ID,CORE2DB.medical_api_shortadvicerecordlist(PRACTITIONER_ID) = CORE2DB.data_api_practitioner(ID),,A,declared_foreign_key,verified,"{""evidence"": ""database_declared_constraint"", ""constraint"": ""medical_api_shortadv_practitioner_id_8f6cabad_fk_data_api_""}",plan139_four_sources_plan139-20260822T000829Z; constraint medical_api_shortadv_practitioner_id_8f6cabad_fk_data_api_,
2764,CORE2DB,CORE2DB.medical_api_shortadvicerecordlist,SHORT_ADVICE_RECORD_ID,CORE2DB.medical_api_shortadvicerecord,ID,CORE2DB.medical_api_shortadvicerecordlist(SHORT_ADVICE_RECORD_ID) = CORE2DB.medical_api_shortadvicerecord(ID),,A,declared_foreign_key,verified,"{""evidence"": ""database_declared_constraint"", ""constraint"": ""medical_api_shortadv_short_advice_record__2da5cd0d_fk_medical_a""}",plan139_four_sources_plan139-20260822T000829Z; constraint medical_api_shortadv_short_advice_record__2da5cd0d_fk_medical_a,
2765,CORE2DB,CORE2DB.medical_api_specimeninfo,BIOPSY_CONSULTATION_ID,CORE2DB.medical_api_biopsyconsultation,ID,CORE2DB.medical_api_specimeninfo(BIOPSY_CONSULTATION_ID) = CORE2DB.medical_api_biopsyconsultation(ID),,A,declared_foreign_key,verified,"{""evidence"": ""database_declared_constraint"", ""constraint"": ""medical_api_specimen_biopsy_consultation__0fc1bd42_fk_medical_a""}",plan139_four_sources_plan139-20260822T000829Z; constraint medical_api_specimen_biopsy_consultation__0fc1bd42_fk_medical_a,
2766,CORE2DB,CORE2DB.medical_api_spectreport,MEDICAL_RECORDS_ID,CORE2DB.medical_api_medicalrecords,ID,CORE2DB.medical_api_spectreport(MEDICAL_RECORDS_ID) = CORE2DB.medical_api_medicalrecords(ID),,A,declared_foreign_key,verified,"{""evidence"": ""database_declared_constraint"", ""constraint"": ""medical_api_spectrep_medical_records_id_fb525f79_fk_medical_a""}",plan139_four_sources_plan139-20260822T000829Z; constraint medical_api_spectrep_medical_records_id_fb525f79_fk_medical_a,
2767,CORE2DB,CORE2DB.medical_api_spectreportcontrol,SPECT_REPORT_ID,CORE2DB.medical_api_spectreport,ID,CORE2DB.medical_api_spectreportcontrol(SPECT_REPORT_ID) = CORE2DB.medical_api_spectreport(ID),,A,declared_foreign_key,verified,"{""evidence"": ""database_declared_constraint"", ""constraint"": ""medical_api_spectrep_spect_report_id_88cbcdca_fk_medical_a""}",plan139_four_sources_plan139-20260822T000829Z; constraint medical_api_spectrep_spect_report_id_88cbcdca_fk_medical_a,
2768,CORE2DB,CORE2DB.medical_api_spectreportlist,PRACTITIONER_ID,CORE2DB.data_api_practitioner,ID,CORE2DB.medical_api_spectreportlist(PRACTITIONER_ID) = CORE2DB.data_api_practitioner(ID),,A,declared_foreign_key,verified,"{""evidence"": ""database_declared_constraint"", ""constraint"": ""medical_api_spectrep_practitioner_id_a0402d3a_fk_data_api_""}",plan139_four_sources_plan139-20260822T000829Z; constraint medical_api_spectrep_practitioner_id_a0402d3a_fk_data_api_,
2769,CORE2DB,CORE2DB.medical_api_spectreportlist,SPECT_REPORT_ID,CORE2DB.medical_api_spectreport,ID,CORE2DB.medical_api_spectreportlist(SPECT_REPORT_ID) = CORE2DB.medical_api_spectreport(ID),,A,declared_foreign_key,verified,"{""evidence"": ""database_declared_constraint"", ""constraint"": ""medical_api_spectrep_spect_report_id_92cc7491_fk_medical_a""}",plan139_four_sources_plan139-20260822T000829Z; constraint medical_api_spectrep_spect_report_id_92cc7491_fk_medical_a,
2770,CORE2DB,CORE2DB.medical_api_stagesummary,DISEASE_COURSE_RECORD_ID,CORE2DB.medical_api_diseasecourserecord,ID,CORE2DB.medical_api_stagesummary(DISEASE_COURSE_RECORD_ID) = CORE2DB.medical_api_diseasecourserecord(ID),,A,declared_foreign_key,verified,"{""evidence"": ""database_declared_constraint"", ""constraint"": ""medical_api_stagesum_disease_course_recor_1e8bc3f5_fk_medical_a""}",plan139_four_sources_plan139-20260822T000829Z; constraint medical_api_stagesum_disease_course_recor_1e8bc3f5_fk_medical_a,
2771,CORE2DB,CORE2DB.medical_api_stagesummarycontrol,STAGE_SUMMARY_ID,CORE2DB.medical_api_stagesummary,ID,CORE2DB.medical_api_stagesummarycontrol(STAGE_SUMMARY_ID) = CORE2DB.medical_api_stagesummary(ID),,A,declared_foreign_key,verified,"{""evidence"": ""database_declared_constraint"", ""constraint"": ""medical_api_stagesum_stage_summary_id_062e9eb9_fk_medical_a""}",plan139_four_sources_plan139-20260822T000829Z; constraint medical_api_stagesum_stage_summary_id_062e9eb9_fk_medical_a,
2772,CORE2DB,CORE2DB.medical_api_stagesummarylist,PRACTITIONER_ID,CORE2DB.data_api_practitioner,ID,CORE2DB.medical_api_stagesummarylist(PRACTITIONER_ID) = CORE2DB.data_api_practitioner(ID),,A,declared_foreign_key,verified,"{""evidence"": ""database_declared_constraint"", ""constraint"": ""medical_api_stagesum_practitioner_id_da049a8f_fk_data_api_""}",plan139_four_sources_plan139-20260822T000829Z; constraint medical_api_stagesum_practitioner_id_da049a8f_fk_data_api_,
2773,CORE2DB,CORE2DB.medical_api_stagesummarylist,STAGE_SUMMARY_ID,CORE2DB.medical_api_stagesummary,ID,CORE2DB.medical_api_stagesummarylist(STAGE_SUMMARY_ID) = CORE2DB.medical_api_stagesummary(ID),,A,declared_foreign_key,verified,"{""evidence"": ""database_declared_constraint"", ""constraint"": ""medical_api_stagesum_stage_summary_id_295738e7_fk_medical_a""}",plan139_four_sources_plan139-20260822T000829Z; constraint medical_api_stagesum_stage_summary_id_295738e7_fk_medical_a,
2774,CORE2DB,CORE2DB.medical_api_subjecttransferrecord,DISEASE_COURSE_RECORD_ID,CORE2DB.medical_api_diseasecourserecord,ID,CORE2DB.medical_api_subjecttransferrecord(DISEASE_COURSE_RECORD_ID) = CORE2DB.medical_api_diseasecourserecord(ID),,A,declared_foreign_key,verified,"{""evidence"": ""database_declared_constraint"", ""constraint"": ""medical_api_subjectt_disease_course_recor_446108b5_fk_medical_a""}",plan139_four_sources_plan139-20260822T000829Z; constraint medical_api_subjectt_disease_course_recor_446108b5_fk_medical_a,
2775,CORE2DB,CORE2DB.medical_api_subjecttransferrecordcontrol,SUBJECT_TRANSFER_RECORD_ID,CORE2DB.medical_api_subjecttransferrecord,ID,CORE2DB.medical_api_subjecttransferrecordcontrol(SUBJECT_TRANSFER_RECORD_ID) = CORE2DB.medical_api_subjecttransferrecord(ID),,A,declared_foreign_key,verified,"{""evidence"": ""database_declared_constraint"", ""constraint"": ""medical_api_subjectt_subject_transfer_rec_4ef88780_fk_medical_a""}",plan139_four_sources_plan139-20260822T000829Z; constraint medical_api_subjectt_subject_transfer_rec_4ef88780_fk_medical_a,
2776,CORE2DB,CORE2DB.medical_api_subjecttransferrecordlist,PRACTITIONER_ID,CORE2DB.data_api_practitioner,ID,CORE2DB.medical_api_subjecttransferrecordlist(PRACTITIONER_ID) = CORE2DB.data_api_practitioner(ID),,A,declared_foreign_key,verified,"{""evidence"": ""database_declared_constraint"", ""constraint"": ""medical_api_subjectt_practitioner_id_aadaa60a_fk_data_api_""}",plan139_four_sources_plan139-20260822T000829Z; constraint medical_api_subjectt_practitioner_id_aadaa60a_fk_data_api_,
2777,CORE2DB,CORE2DB.medical_api_subjecttransferrecordlist,SUBJECT_TRANSFER_RECORD_ID,CORE2DB.medical_api_subjecttransferrecord,ID,CORE2DB.medical_api_subjecttransferrecordlist(SUBJECT_TRANSFER_RECORD_ID) = CORE2DB.medical_api_subjecttransferrecord(ID),,A,declared_foreign_key,verified,"{""evidence"": ""database_declared_constraint"", ""constraint"": ""medical_api_subjectt_subject_transfer_rec_e850a8b6_fk_medical_a""}",plan139_four_sources_plan139-20260822T000829Z; constraint medical_api_subjectt_subject_transfer_rec_e850a8b6_fk_medical_a,
2778,CORE2DB,CORE2DB.medical_api_successionrecords,DISEASE_COURSE_RECORD_ID,CORE2DB.medical_api_diseasecourserecord,ID,CORE2DB.medical_api_successionrecords(DISEASE_COURSE_RECORD_ID) = CORE2DB.medical_api_diseasecourserecord(ID),,A,declared_foreign_key,verified,"{""evidence"": ""database_declared_constraint"", ""constraint"": ""medical_api_successi_disease_course_recor_e077a4b3_fk_medical_a""}",plan139_four_sources_plan139-20260822T000829Z; constraint medical_api_successi_disease_course_recor_e077a4b3_fk_medical_a,
2779,CORE2DB,CORE2DB.medical_api_successionrecordscontrol,SUCCESSION_RECORDS_ID,CORE2DB.medical_api_successionrecords,ID,CORE2DB.medical_api_successionrecordscontrol(SUCCESSION_RECORDS_ID) = CORE2DB.medical_api_successionrecords(ID),,A,declared_foreign_key,verified,"{""evidence"": ""database_declared_constraint"", ""constraint"": ""medical_api_successi_succession_records_i_0c6778a5_fk_medical_a""}",plan139_four_sources_plan139-20260822T000829Z; constraint medical_api_successi_succession_records_i_0c6778a5_fk_medical_a,
2780,CORE2DB,CORE2DB.medical_api_successionrecordslist,PRACTITIONER_ID,CORE2DB.data_api_practitioner,ID,CORE2DB.medical_api_successionrecordslist(PRACTITIONER_ID) = CORE2DB.data_api_practitioner(ID),,A,declared_foreign_key,verified,"{""evidence"": ""database_declared_constraint"", ""constraint"": ""medical_api_successi_practitioner_id_4daba6a0_fk_data_api_""}",plan139_four_sources_plan139-20260822T000829Z; constraint medical_api_successi_practitioner_id_4daba6a0_fk_data_api_,
2781,CORE2DB,CORE2DB.medical_api_successionrecordslist,SUCCESSION_RECORDS_ID,CORE2DB.medical_api_successionrecords,ID,CORE2DB.medical_api_successionrecordslist(SUCCESSION_RECORDS_ID) = CORE2DB.medical_api_successionrecords(ID),,A,declared_foreign_key,verified,"{""evidence"": ""database_declared_constraint"", ""constraint"": ""medical_api_successi_succession_records_i_c822ac9f_fk_medical_a""}",plan139_four_sources_plan139-20260822T000829Z; constraint medical_api_successi_succession_records_i_c822ac9f_fk_medical_a,
2782,CORE2DB,CORE2DB.medical_api_surgery,MEDICALRECORDHOMEPAGE_ID,CORE2DB.medical_api_medicalrecordhomepage,ID,CORE2DB.medical_api_surgery(MEDICALRECORDHOMEPAGE_ID) = CORE2DB.medical_api_medicalrecordhomepage(ID),,A,declared_foreign_key,verified,"{""evidence"": ""database_declared_constraint"", ""constraint"": ""medical_api_surgery_medicalrecordhomepag_15e6769b_fk_medical_a""}",plan139_four_sources_plan139-20260822T000829Z; constraint medical_api_surgery_medicalrecordhomepag_15e6769b_fk_medical_a,
2783,CORE2DB,CORE2DB.medical_api_surgicalapplyreport,MEDICAL_RECORDS_ID,CORE2DB.medical_api_medicalrecords,ID,CORE2DB.medical_api_surgicalapplyreport(MEDICAL_RECORDS_ID) = CORE2DB.medical_api_medicalrecords(ID),,A,declared_foreign_key,verified,"{""evidence"": ""database_declared_constraint"", ""constraint"": ""medical_api_surgical_medical_records_id_056bae86_fk_medical_a""}",plan139_four_sources_plan139-20260822T000829Z; constraint medical_api_surgical_medical_records_id_056bae86_fk_medical_a,
2784,CORE2DB,CORE2DB.medical_api_surgicalapplyreportcontrol,SURGICAL_APPLY_REPORT_ID,CORE2DB.medical_api_surgicalapplyreport,ID,CORE2DB.medical_api_surgicalapplyreportcontrol(SURGICAL_APPLY_REPORT_ID) = CORE2DB.medical_api_surgicalapplyreport(ID),,A,declared_foreign_key,verified,"{""evidence"": ""database_declared_constraint"", ""constraint"": ""medical_api_surgical_surgical_apply_repor_a44ef2a9_fk_medical_a""}",plan139_four_sources_plan139-20260822T000829Z; constraint medical_api_surgical_surgical_apply_repor_a44ef2a9_fk_medical_a,
2785,CORE2DB,CORE2DB.medical_api_surgicalapplyreportlist,PRACTITIONER_ID,CORE2DB.data_api_practitioner,ID,CORE2DB.medical_api_surgicalapplyreportlist(PRACTITIONER_ID) = CORE2DB.data_api_practitioner(ID),,A,declared_foreign_key,verified,"{""evidence"": ""database_declared_constraint"", ""constraint"": ""medical_api_surgical_practitioner_id_c1fc89e0_fk_data_api_""}",plan139_four_sources_plan139-20260822T000829Z; constraint medical_api_surgical_practitioner_id_c1fc89e0_fk_data_api_,
2786,CORE2DB,CORE2DB.medical_api_surgicalapplyreportlist,SURGICAL_APPLY_REPORT_ID,CORE2DB.medical_api_surgicalapplyreport,ID,CORE2DB.medical_api_surgicalapplyreportlist(SURGICAL_APPLY_REPORT_ID) = CORE2DB.medical_api_surgicalapplyreport(ID),,A,declared_foreign_key,verified,"{""evidence"": ""database_declared_constraint"", ""constraint"": ""medical_api_surgical_surgical_apply_repor_f0c44c44_fk_medical_a""}",plan139_four_sources_plan139-20260822T000829Z; constraint medical_api_surgical_surgical_apply_repor_f0c44c44_fk_medical_a,
2787,CORE2DB,CORE2DB.medical_api_surgicalrecordsheet,MEDICAL_RECORDS_ID,CORE2DB.medical_api_medicalrecords,ID,CORE2DB.medical_api_surgicalrecordsheet(MEDICAL_RECORDS_ID) = CORE2DB.medical_api_medicalrecords(ID),,A,declared_foreign_key,verified,"{""evidence"": ""database_declared_constraint"", ""constraint"": ""medical_api_surgical_medical_records_id_f742b6af_fk_medical_a""}",plan139_four_sources_plan139-20260822T000829Z; constraint medical_api_surgical_medical_records_id_f742b6af_fk_medical_a,
2788,CORE2DB,CORE2DB.medical_api_surgicalrecordsheetcontrol,SURGICAL_RECORD_SHEET_ID,CORE2DB.medical_api_surgicalrecordsheet,ID,CORE2DB.medical_api_surgicalrecordsheetcontrol(SURGICAL_RECORD_SHEET_ID) = CORE2DB.medical_api_surgicalrecordsheet(ID),,A,declared_foreign_key,verified,"{""evidence"": ""database_declared_constraint"", ""constraint"": ""medical_api_surgical_surgical_record_shee_49684403_fk_medical_a""}",plan139_four_sources_plan139-20260822T000829Z; constraint medical_api_surgical_surgical_record_shee_49684403_fk_medical_a,
2789,CORE2DB,CORE2DB.medical_api_surgicalrecordsheetlist,PRACTITIONER_ID,CORE2DB.data_api_practitioner,ID,CORE2DB.medical_api_surgicalrecordsheetlist(PRACTITIONER_ID) = CORE2DB.data_api_practitioner(ID),,A,declared_foreign_key,verified,"{""evidence"": ""database_declared_constraint"", ""constraint"": ""medical_api_surgical_practitioner_id_88c025b5_fk_data_api_""}",plan139_four_sources_plan139-20260822T000829Z; constraint medical_api_surgical_practitioner_id_88c025b5_fk_data_api_,
2790,CORE2DB,CORE2DB.medical_api_surgicalrecordsheetlist,SURGICAL_RECORD_SHEET_ID,CORE2DB.medical_api_surgicalrecordsheet,ID,CORE2DB.medical_api_surgicalrecordsheetlist(SURGICAL_RECORD_SHEET_ID) = CORE2DB.medical_api_surgicalrecordsheet(ID),,A,declared_foreign_key,verified,"{""evidence"": ""database_declared_constraint"", ""constraint"": ""medical_api_surgical_surgical_record_shee_727e72b4_fk_medical_a""}",plan139_four_sources_plan139-20260822T000829Z; constraint medical_api_surgical_surgical_record_shee_727e72b4_fk_medical_a,
2791,CORE2DB,CORE2DB.medical_api_surgicalrisk,MEDICAL_RECORDS_ID,CORE2DB.medical_api_medicalrecords,ID,CORE2DB.medical_api_surgicalrisk(MEDICAL_RECORDS_ID) = CORE2DB.medical_api_medicalrecords(ID),,A,declared_foreign_key,verified,"{""evidence"": ""database_declared_constraint"", ""constraint"": ""medical_api_surgical_medical_records_id_2fa9a4d6_fk_medical_a""}",plan139_four_sources_plan139-20260822T000829Z; constraint medical_api_surgical_medical_records_id_2fa9a4d6_fk_medical_a,
2792,CORE2DB,CORE2DB.medical_api_surgicalriskcontrol,SURGICAL_RISK_ID,CORE2DB.medical_api_surgicalrisk,ID,CORE2DB.medical_api_surgicalriskcontrol(SURGICAL_RISK_ID) = CORE2DB.medical_api_surgicalrisk(ID),,A,declared_foreign_key,verified,"{""evidence"": ""database_declared_constraint"", ""constraint"": ""medical_api_surgical_surgical_risk_id_66e77142_fk_medical_a""}",plan139_four_sources_plan139-20260822T000829Z; constraint medical_api_surgical_surgical_risk_id_66e77142_fk_medical_a,
2793,CORE2DB,CORE2DB.medical_api_surgicalrisklist,PRACTITIONER_ID,CORE2DB.data_api_practitioner,ID,CORE2DB.medical_api_surgicalrisklist(PRACTITIONER_ID) = CORE2DB.data_api_practitioner(ID),,A,declared_foreign_key,verified,"{""evidence"": ""database_declared_constraint"", ""constraint"": ""medical_api_surgical_practitioner_id_a04e3f6e_fk_data_api_""}",plan139_four_sources_plan139-20260822T000829Z; constraint medical_api_surgical_practitioner_id_a04e3f6e_fk_data_api_,
2794,CORE2DB,CORE2DB.medical_api_surgicalrisklist,SURGICAL_RISK_ID,CORE2DB.medical_api_surgicalrisk,ID,CORE2DB.medical_api_surgicalrisklist(SURGICAL_RISK_ID) = CORE2DB.medical_api_surgicalrisk(ID),,A,declared_foreign_key,verified,"{""evidence"": ""database_declared_constraint"", ""constraint"": ""medical_api_surgical_surgical_risk_id_77d128b8_fk_medical_a""}",plan139_four_sources_plan139-20260822T000829Z; constraint medical_api_surgical_surgical_risk_id_77d128b8_fk_medical_a,
2795,CORE2DB,CORE2DB.medical_api_surgicalsafetycheckrecord,MEDICAL_RECORDS_ID,CORE2DB.medical_api_medicalrecords,ID,CORE2DB.medical_api_surgicalsafetycheckrecord(MEDICAL_RECORDS_ID) = CORE2DB.medical_api_medicalrecords(ID),,A,declared_foreign_key,verified,"{""evidence"": ""database_declared_constraint"", ""constraint"": ""medical_api_surgical_medical_records_id_a0e7cb0d_fk_medical_a""}",plan139_four_sources_plan139-20260822T000829Z; constraint medical_api_surgical_medical_records_id_a0e7cb0d_fk_medical_a,
2796,CORE2DB,CORE2DB.medical_api_surgicalsafetycheckrecordcontrol,SURGICAL_SAFETY_CHECK_RECORD_ID,CORE2DB.medical_api_surgicalsafetycheckrecord,ID,CORE2DB.medical_api_surgicalsafetycheckrecordcontrol(SURGICAL_SAFETY_CHECK_RECORD_ID) = CORE2DB.medical_api_surgicalsafetycheckrecord(ID),,A,declared_foreign_key,verified,"{""evidence"": ""database_declared_constraint"", ""constraint"": ""medical_api_surgical_surgical_safety_chec_a07da737_fk_medical_a""}",plan139_four_sources_plan139-20260822T000829Z; constraint medical_api_surgical_surgical_safety_chec_a07da737_fk_medical_a,
2797,CORE2DB,CORE2DB.medical_api_surgicalsafetycheckrecordlist,PRACTITIONER_ID,CORE2DB.data_api_practitioner,ID,CORE2DB.medical_api_surgicalsafetycheckrecordlist(PRACTITIONER_ID) = CORE2DB.data_api_practitioner(ID),,A,declared_foreign_key,verified,"{""evidence"": ""database_declared_constraint"", ""constraint"": ""medical_api_surgical_practitioner_id_a5507ea4_fk_data_api_""}",plan139_four_sources_plan139-20260822T000829Z; constraint medical_api_surgical_practitioner_id_a5507ea4_fk_data_api_,
2798,CORE2DB,CORE2DB.medical_api_surgicalsafetycheckrecordlist,SURGICAL_SAFETY_CHECK_RECORD_ID,CORE2DB.medical_api_surgicalsafetycheckrecord,ID,CORE2DB.medical_api_surgicalsafetycheckrecordlist(SURGICAL_SAFETY_CHECK_RECORD_ID) = CORE2DB.medical_api_surgicalsafetycheckrecord(ID),,A,declared_foreign_key,verified,"{""evidence"": ""database_declared_constraint"", ""constraint"": ""medical_api_surgical_surgical_safety_chec_2b69c51f_fk_medical_a""}",plan139_four_sources_plan139-20260822T000829Z; constraint medical_api_surgical_surgical_safety_chec_2b69c51f_fk_medical_a,
2799,CORE2DB,CORE2DB.medical_api_tctgynecologicalcytologyapply,MEDICAL_RECORDS_ID,CORE2DB.medical_api_medicalrecords,ID,CORE2DB.medical_api_tctgynecologicalcytologyapply(MEDICAL_RECORDS_ID) = CORE2DB.medical_api_medicalrecords(ID),,A,declared_foreign_key,verified,"{""evidence"": ""database_declared_constraint"", ""constraint"": ""medical_api_tctgynec_medical_records_id_f948e27c_fk_medical_a""}",plan139_four_sources_plan139-20260822T000829Z; constraint medical_api_tctgynec_medical_records_id_f948e27c_fk_medical_a,
2800,CORE2DB,CORE2DB.medical_api_tctgynecologicalcytologyapplycontrol,TCT_GYNECOLOGICAL_CYTOLOGY_APPLY_ID,CORE2DB.medical_api_tctgynecologicalcytologyapply,ID,CORE2DB.medical_api_tctgynecologicalcytologyapplycontrol(TCT_GYNECOLOGICAL_CYTOLOGY_APPLY_ID) = CORE2DB.medical_api_tctgynecologicalcytologyapply(ID),,A,declared_foreign_key,verified,"{""evidence"": ""database_declared_constraint"", ""constraint"": ""medical_api_tctgynec_tct_gynecological_cy_0ab40b34_fk_medical_a""}",plan139_four_sources_plan139-20260822T000829Z; constraint medical_api_tctgynec_tct_gynecological_cy_0ab40b34_fk_medical_a,
2801,CORE2DB,CORE2DB.medical_api_tctgynecologicalcytologyapplylist,PRACTITIONER_ID,CORE2DB.data_api_practitioner,ID,CORE2DB.medical_api_tctgynecologicalcytologyapplylist(PRACTITIONER_ID) = CORE2DB.data_api_practitioner(ID),,A,declared_foreign_key,verified,"{""evidence"": ""database_declared_constraint"", ""constraint"": ""medical_api_tctgynec_practitioner_id_55a6111a_fk_data_api_""}",plan139_four_sources_plan139-20260822T000829Z; constraint medical_api_tctgynec_practitioner_id_55a6111a_fk_data_api_,
2802,CORE2DB,CORE2DB.medical_api_tctgynecologicalcytologyapplylist,TCT_GYNECOLOGICAL_CYTOLOGY_APPLY_ID,CORE2DB.medical_api_tctgynecologicalcytologyapply,ID,CORE2DB.medical_api_tctgynecologicalcytologyapplylist(TCT_GYNECOLOGICAL_CYTOLOGY_APPLY_ID) = CORE2DB.medical_api_tctgynecologicalcytologyapply(ID),,A,declared_foreign_key,verified,"{""evidence"": ""database_declared_constraint"", ""constraint"": ""medical_api_tctgynec_tct_gynecological_cy_9270bf4d_fk_medical_a""}",plan139_four_sources_plan139-20260822T000829Z; constraint medical_api_tctgynec_tct_gynecological_cy_9270bf4d_fk_medical_a,
2803,CORE2DB,CORE2DB.medical_api_tctgynecologicalcytologyresult,TCT_APPLY_ID,CORE2DB.medical_api_tctgynecologicalcytologyapply,ID,CORE2DB.medical_api_tctgynecologicalcytologyresult(TCT_APPLY_ID) = CORE2DB.medical_api_tctgynecologicalcytologyapply(ID),,A,declared_foreign_key,verified,"{""evidence"": ""database_declared_constraint"", ""constraint"": ""medical_api_tctgynec_tct_apply_id_6284003f_fk_medical_a""}",plan139_four_sources_plan139-20260822T000829Z; constraint medical_api_tctgynec_tct_apply_id_6284003f_fk_medical_a,
2804,CORE2DB,CORE2DB.medical_api_thyroidiodinereport,MEDICAL_RECORDS_ID,CORE2DB.medical_api_medicalrecords,ID,CORE2DB.medical_api_thyroidiodinereport(MEDICAL_RECORDS_ID) = CORE2DB.medical_api_medicalrecords(ID),,A,declared_foreign_key,verified,"{""evidence"": ""database_declared_constraint"", ""constraint"": ""medical_api_thyroidi_medical_records_id_98beb6d9_fk_medical_a""}",plan139_four_sources_plan139-20260822T000829Z; constraint medical_api_thyroidi_medical_records_id_98beb6d9_fk_medical_a,
2805,CORE2DB,CORE2DB.medical_api_thyroidiodinereportcontrol,THYROID_IODINE_REPORT_ID,CORE2DB.medical_api_thyroidiodinereport,ID,CORE2DB.medical_api_thyroidiodinereportcontrol(THYROID_IODINE_REPORT_ID) = CORE2DB.medical_api_thyroidiodinereport(ID),,A,declared_foreign_key,verified,"{""evidence"": ""database_declared_constraint"", ""constraint"": ""medical_api_thyroidi_thyroid_iodine_repor_bee29619_fk_medical_a""}",plan139_four_sources_plan139-20260822T000829Z; constraint medical_api_thyroidi_thyroid_iodine_repor_bee29619_fk_medical_a,
2806,CORE2DB,CORE2DB.medical_api_thyroidiodinereportlist,PRACTITIONER_ID,CORE2DB.data_api_practitioner,ID,CORE2DB.medical_api_thyroidiodinereportlist(PRACTITIONER_ID) = CORE2DB.data_api_practitioner(ID),,A,declared_foreign_key,verified,"{""evidence"": ""database_declared_constraint"", ""constraint"": ""medical_api_thyroidi_practitioner_id_faf03039_fk_data_api_""}",plan139_four_sources_plan139-20260822T000829Z; constraint medical_api_thyroidi_practitioner_id_faf03039_fk_data_api_,
2807,CORE2DB,CORE2DB.medical_api_thyroidiodinereportlist,THYROID_IODINE_REPORT_ID,CORE2DB.medical_api_thyroidiodinereport,ID,CORE2DB.medical_api_thyroidiodinereportlist(THYROID_IODINE_REPORT_ID) = CORE2DB.medical_api_thyroidiodinereport(ID),,A,declared_foreign_key,verified,"{""evidence"": ""database_declared_constraint"", ""constraint"": ""medical_api_thyroidi_thyroid_iodine_repor_cccfef30_fk_medical_a""}",plan139_four_sources_plan139-20260822T000829Z; constraint medical_api_thyroidi_thyroid_iodine_repor_cccfef30_fk_medical_a,
2808,CORE2DB,CORE2DB.medical_api_transferoutrecord,DISEASE_COURSE_RECORD_ID,CORE2DB.medical_api_diseasecourserecord,ID,CORE2DB.medical_api_transferoutrecord(DISEASE_COURSE_RECORD_ID) = CORE2DB.medical_api_diseasecourserecord(ID),,A,declared_foreign_key,verified,"{""evidence"": ""database_declared_constraint"", ""constraint"": ""medical_api_transfer_disease_course_recor_31960828_fk_medical_a""}",plan139_four_sources_plan139-20260822T000829Z; constraint medical_api_transfer_disease_course_recor_31960828_fk_medical_a,
2809,CORE2DB,CORE2DB.medical_api_transferoutrecordcontrol,TRANSFER_OUT_RECORD_ID,CORE2DB.medical_api_transferoutrecord,ID,CORE2DB.medical_api_transferoutrecordcontrol(TRANSFER_OUT_RECORD_ID) = CORE2DB.medical_api_transferoutrecord(ID),,A,declared_foreign_key,verified,"{""evidence"": ""database_declared_constraint"", ""constraint"": ""medical_api_transfer_transfer_out_record__32b48764_fk_medical_a""}",plan139_four_sources_plan139-20260822T000829Z; constraint medical_api_transfer_transfer_out_record__32b48764_fk_medical_a,
2810,CORE2DB,CORE2DB.medical_api_transferoutrecordlist,PRACTITIONER_ID,CORE2DB.data_api_practitioner,ID,CORE2DB.medical_api_transferoutrecordlist(PRACTITIONER_ID) = CORE2DB.data_api_practitioner(ID),,A,declared_foreign_key,verified,"{""evidence"": ""database_declared_constraint"", ""constraint"": ""medical_api_transfer_practitioner_id_25032b84_fk_data_api_""}",plan139_four_sources_plan139-20260822T000829Z; constraint medical_api_transfer_practitioner_id_25032b84_fk_data_api_,
2811,CORE2DB,CORE2DB.medical_api_transferoutrecordlist,TRANSFER_OUT_RECORD_ID,CORE2DB.medical_api_transferoutrecord,ID,CORE2DB.medical_api_transferoutrecordlist(TRANSFER_OUT_RECORD_ID) = CORE2DB.medical_api_transferoutrecord(ID),,A,declared_foreign_key,verified,"{""evidence"": ""database_declared_constraint"", ""constraint"": ""medical_api_transfer_transfer_out_record__d23623eb_fk_medical_a""}",plan139_four_sources_plan139-20260822T000829Z; constraint medical_api_transfer_transfer_out_record__d23623eb_fk_medical_a,
2812,CORE2DB,CORE2DB.medical_api_transfusionrecords,DISEASE_COURSE_RECORD_ID,CORE2DB.medical_api_diseasecourserecord,ID,CORE2DB.medical_api_transfusionrecords(DISEASE_COURSE_RECORD_ID) = CORE2DB.medical_api_diseasecourserecord(ID),,A,declared_foreign_key,verified,"{""evidence"": ""database_declared_constraint"", ""constraint"": ""medical_api_transfus_disease_course_recor_8244693e_fk_medical_a""}",plan139_four_sources_plan139-20260822T000829Z; constraint medical_api_transfus_disease_course_recor_8244693e_fk_medical_a,
2813,CORE2DB,CORE2DB.medical_api_transfusionrecordscontrol,TRANSFUSION_RECORDS_ID,CORE2DB.medical_api_transfusionrecords,ID,CORE2DB.medical_api_transfusionrecordscontrol(TRANSFUSION_RECORDS_ID) = CORE2DB.medical_api_transfusionrecords(ID),,A,declared_foreign_key,verified,"{""evidence"": ""database_declared_constraint"", ""constraint"": ""medical_api_transfus_transfusion_records__b02fb2fe_fk_medical_a""}",plan139_four_sources_plan139-20260822T000829Z; constraint medical_api_transfus_transfusion_records__b02fb2fe_fk_medical_a,
2814,CORE2DB,CORE2DB.medical_api_transfusionrecordslist,PRACTITIONER_ID,CORE2DB.data_api_practitioner,ID,CORE2DB.medical_api_transfusionrecordslist(PRACTITIONER_ID) = CORE2DB.data_api_practitioner(ID),,A,declared_foreign_key,verified,"{""evidence"": ""database_declared_constraint"", ""constraint"": ""medical_api_transfus_practitioner_id_0822ef04_fk_data_api_""}",plan139_four_sources_plan139-20260822T000829Z; constraint medical_api_transfus_practitioner_id_0822ef04_fk_data_api_,
2815,CORE2DB,CORE2DB.medical_api_transfusionrecordslist,TRANSFUSION_RECORDS_ID,CORE2DB.medical_api_transfusionrecords,ID,CORE2DB.medical_api_transfusionrecordslist(TRANSFUSION_RECORDS_ID) = CORE2DB.medical_api_transfusionrecords(ID),,A,declared_foreign_key,verified,"{""evidence"": ""database_declared_constraint"", ""constraint"": ""medical_api_transfus_transfusion_records__33f28033_fk_medical_a""}",plan139_four_sources_plan139-20260822T000829Z; constraint medical_api_transfus_transfusion_records__33f28033_fk_medical_a,
2816,CORE2DB,CORE2DB.medical_api_tumorspecimens,BIOPSY_CONSULTATION_ID,CORE2DB.medical_api_biopsyconsultation,ID,CORE2DB.medical_api_tumorspecimens(BIOPSY_CONSULTATION_ID) = CORE2DB.medical_api_biopsyconsultation(ID),,A,declared_foreign_key,verified,"{""evidence"": ""database_declared_constraint"", ""constraint"": ""medical_api_tumorspe_biopsy_consultation__83d72abc_fk_medical_a""}",plan139_four_sources_plan139-20260822T000829Z; constraint medical_api_tumorspe_biopsy_consultation__83d72abc_fk_medical_a,
2817,CORE2DB,CORE2DB.medical_api_ultrasoniccheckreports,MEDICAL_RECORDS_ID,CORE2DB.medical_api_medicalrecords,ID,CORE2DB.medical_api_ultrasoniccheckreports(MEDICAL_RECORDS_ID) = CORE2DB.medical_api_medicalrecords(ID),,A,declared_foreign_key,verified,"{""evidence"": ""database_declared_constraint"", ""constraint"": ""medical_api_ultrason_medical_records_id_18be2c16_fk_medical_a""}",plan139_four_sources_plan139-20260822T000829Z; constraint medical_api_ultrason_medical_records_id_18be2c16_fk_medical_a,
2818,CORE2DB,CORE2DB.medical_api_ultrasoniccheckreportscontrol,ULTRASONIC_CHECK_REPORTS_ID,CORE2DB.medical_api_ultrasoniccheckreports,ID,CORE2DB.medical_api_ultrasoniccheckreportscontrol(ULTRASONIC_CHECK_REPORTS_ID) = CORE2DB.medical_api_ultrasoniccheckreports(ID),,A,declared_foreign_key,verified,"{""evidence"": ""database_declared_constraint"", ""constraint"": ""medical_api_ultrason_ultrasonic_check_rep_2014c4d2_fk_medical_a""}",plan139_four_sources_plan139-20260822T000829Z; constraint medical_api_ultrason_ultrasonic_check_rep_2014c4d2_fk_medical_a,
2819,CORE2DB,CORE2DB.medical_api_ultrasoniccheckreportslist,PRACTITIONER_ID,CORE2DB.data_api_practitioner,ID,CORE2DB.medical_api_ultrasoniccheckreportslist(PRACTITIONER_ID) = CORE2DB.data_api_practitioner(ID),,A,declared_foreign_key,verified,"{""evidence"": ""database_declared_constraint"", ""constraint"": ""medical_api_ultrason_practitioner_id_af9f0e59_fk_data_api_""}",plan139_four_sources_plan139-20260822T000829Z; constraint medical_api_ultrason_practitioner_id_af9f0e59_fk_data_api_,
2820,CORE2DB,CORE2DB.medical_api_ultrasoniccheckreportslist,ULTRASONIC_CHECK_REPORTS_ID,CORE2DB.medical_api_ultrasoniccheckreports,ID,CORE2DB.medical_api_ultrasoniccheckreportslist(ULTRASONIC_CHECK_REPORTS_ID) = CORE2DB.medical_api_ultrasoniccheckreports(ID),,A,declared_foreign_key,verified,"{""evidence"": ""database_declared_constraint"", ""constraint"": ""medical_api_ultrason_ultrasonic_check_rep_00942bf5_fk_medical_a""}",plan139_four_sources_plan139-20260822T000829Z; constraint medical_api_ultrason_ultrasonic_check_rep_00942bf5_fk_medical_a,
2821,CORE2DB,CORE2DB.medical_api_vertigodiseasefollow,PATIENT_ID,CORE2DB.data_api_patient,ID,CORE2DB.medical_api_vertigodiseasefollow(PATIENT_ID) = CORE2DB.data_api_patient(ID),,A,declared_foreign_key,verified,"{""evidence"": ""database_declared_constraint"", ""constraint"": ""medical_api_vertigod_patient_id_424ccaab_fk_data_api_""}",plan139_four_sources_plan139-20260822T000829Z; constraint medical_api_vertigod_patient_id_424ccaab_fk_data_api_,
2822,CORE2DB,CORE2DB.medical_api_wardroundrecord,DISEASE_COURSE_RECORD_ID,CORE2DB.medical_api_diseasecourserecord,ID,CORE2DB.medical_api_wardroundrecord(DISEASE_COURSE_RECORD_ID) = CORE2DB.medical_api_diseasecourserecord(ID),,A,declared_foreign_key,verified,"{""evidence"": ""database_declared_constraint"", ""constraint"": ""medical_api_wardroun_disease_course_recor_d206eda0_fk_medical_a""}",plan139_four_sources_plan139-20260822T000829Z; constraint medical_api_wardroun_disease_course_recor_d206eda0_fk_medical_a,
2823,CORE2DB,CORE2DB.medical_api_wardroundrecordcontrol,WARD_ROUND_RECORD_ID,CORE2DB.medical_api_wardroundrecord,ID,CORE2DB.medical_api_wardroundrecordcontrol(WARD_ROUND_RECORD_ID) = CORE2DB.medical_api_wardroundrecord(ID),,A,declared_foreign_key,verified,"{""evidence"": ""database_declared_constraint"", ""constraint"": ""medical_api_wardroun_ward_round_record_id_03e52641_fk_medical_a""}",plan139_four_sources_plan139-20260822T000829Z; constraint medical_api_wardroun_ward_round_record_id_03e52641_fk_medical_a,
2824,CORE2DB,CORE2DB.medical_api_wardroundrecordlist,PRACTITIONER_ID,CORE2DB.data_api_practitioner,ID,CORE2DB.medical_api_wardroundrecordlist(PRACTITIONER_ID) = CORE2DB.data_api_practitioner(ID),,A,declared_foreign_key,verified,"{""evidence"": ""database_declared_constraint"", ""constraint"": ""medical_api_wardroun_practitioner_id_1442de19_fk_data_api_""}",plan139_four_sources_plan139-20260822T000829Z; constraint medical_api_wardroun_practitioner_id_1442de19_fk_data_api_,
2825,CORE2DB,CORE2DB.medical_api_wardroundrecordlist,WARD_ROUND_RECORD_ID,CORE2DB.medical_api_wardroundrecord,ID,CORE2DB.medical_api_wardroundrecordlist(WARD_ROUND_RECORD_ID) = CORE2DB.medical_api_wardroundrecord(ID),,A,declared_foreign_key,verified,"{""evidence"": ""database_declared_constraint"", ""constraint"": ""medical_api_wardroun_ward_round_record_id_aecd6ff1_fk_medical_a""}",plan139_four_sources_plan139-20260822T000829Z; constraint medical_api_wardroun_ward_round_record_id_aecd6ff1_fk_medical_a,
2826,CORE2DB,CORE2DB.medical_tem_admissioncardtem,OUT_RECORD_TEM_ID,CORE2DB.medical_tem_outrecordtem,ID,CORE2DB.medical_tem_admissioncardtem(OUT_RECORD_TEM_ID) = CORE2DB.medical_tem_outrecordtem(ID),,A,declared_foreign_key,verified,"{""evidence"": ""database_declared_constraint"", ""constraint"": ""medical_tem_admissio_out_record_tem_id_69aca194_fk_medical_t""}",plan139_four_sources_plan139-20260822T000829Z; constraint medical_tem_admissio_out_record_tem_id_69aca194_fk_medical_t,
2827,CORE2DB,CORE2DB.medical_tem_associatedcustom,TEMPLATE_ID,CORE2DB.medical_tem_filesystem,ID,CORE2DB.medical_tem_associatedcustom(TEMPLATE_ID) = CORE2DB.medical_tem_filesystem(ID),,A,declared_foreign_key,verified,"{""evidence"": ""database_declared_constraint"", ""constraint"": ""medical_tem_associat_template_id_15747be9_fk_medical_t""}",plan139_four_sources_plan139-20260822T000829Z; constraint medical_tem_associat_template_id_15747be9_fk_medical_t,
2828,CORE2DB,CORE2DB.medical_tem_associatedfixed,TEMPLATE_ID,CORE2DB.medical_tem_filesystem,ID,CORE2DB.medical_tem_associatedfixed(TEMPLATE_ID) = CORE2DB.medical_tem_filesystem(ID),,A,declared_foreign_key,verified,"{""evidence"": ""database_declared_constraint"", ""constraint"": ""medical_tem_associat_template_id_80f55acd_fk_medical_t""}",plan139_four_sources_plan139-20260822T000829Z; constraint medical_tem_associat_template_id_80f55acd_fk_medical_t,
2829,CORE2DB,CORE2DB.medical_tem_auditoryimplantquestionnaireevatem,AUDITORY_EVA_ID,CORE2DB.medical_tem_auditoryimplantquestionnairetem,ID,CORE2DB.medical_tem_auditoryimplantquestionnaireevatem(AUDITORY_EVA_ID) = CORE2DB.medical_tem_auditoryimplantquestionnairetem(ID),,A,declared_foreign_key,verified,"{""evidence"": ""database_declared_constraint"", ""constraint"": ""medical_tem_auditory_auditory_eva_id_b59fcc03_fk_medical_t""}",plan139_four_sources_plan139-20260822T000829Z; constraint medical_tem_auditory_auditory_eva_id_b59fcc03_fk_medical_t,
2830,CORE2DB,CORE2DB.medical_tem_auditoryimplantquestionnairehistorytem,AUDITORY_HISTORY_ID,CORE2DB.medical_tem_auditoryimplantquestionnairetem,ID,CORE2DB.medical_tem_auditoryimplantquestionnairehistorytem(AUDITORY_HISTORY_ID) = CORE2DB.medical_tem_auditoryimplantquestionnairetem(ID),,A,declared_foreign_key,verified,"{""evidence"": ""database_declared_constraint"", ""constraint"": ""medical_tem_auditory_auditory_history_id_e388abf3_fk_medical_t""}",plan139_four_sources_plan139-20260822T000829Z; constraint medical_tem_auditory_auditory_history_id_e388abf3_fk_medical_t,
2831,CORE2DB,CORE2DB.medical_tem_auditoryimplantquestionnairetem,QUESTIONNAIRE_ID,CORE2DB.medical_tem_questionnairetem,ID,CORE2DB.medical_tem_auditoryimplantquestionnairetem(QUESTIONNAIRE_ID) = CORE2DB.medical_tem_questionnairetem(ID),,A,declared_foreign_key,verified,"{""evidence"": ""database_declared_constraint"", ""constraint"": ""medical_tem_auditory_questionnaire_id_7901e0ab_fk_medical_t""}",plan139_four_sources_plan139-20260822T000829Z; constraint medical_tem_auditory_questionnaire_id_7901e0ab_fk_medical_t,
2832,CORE2DB,CORE2DB.medical_tem_chinafirstoutrecordtem,OUT_RECORD_TEM_ID,CORE2DB.medical_tem_outrecordtem,ID,CORE2DB.medical_tem_chinafirstoutrecordtem(OUT_RECORD_TEM_ID) = CORE2DB.medical_tem_outrecordtem(ID),,A,declared_foreign_key,verified,"{""evidence"": ""database_declared_constraint"", ""constraint"": ""medical_tem_chinafir_out_record_tem_id_7db9cb00_fk_medical_t""}",plan139_four_sources_plan139-20260822T000829Z; constraint medical_tem_chinafir_out_record_tem_id_7db9cb00_fk_medical_t,
2833,CORE2DB,CORE2DB.medical_tem_chinarepeatedoutrecordtem,OUT_RECORD_TEM_ID,CORE2DB.medical_tem_outrecordtem,ID,CORE2DB.medical_tem_chinarepeatedoutrecordtem(OUT_RECORD_TEM_ID) = CORE2DB.medical_tem_outrecordtem(ID),,A,declared_foreign_key,verified,"{""evidence"": ""database_declared_constraint"", ""constraint"": ""medical_tem_chinarep_out_record_tem_id_77643359_fk_medical_t""}",plan139_four_sources_plan139-20260822T000829Z; constraint medical_tem_chinarep_out_record_tem_id_77643359_fk_medical_t,
2834,CORE2DB,CORE2DB.medical_tem_chronicotitismediainquiringsheetevatem,CHRONIC_EVA_ID,CORE2DB.medical_tem_chronicotitismediainquiringsheettem,ID,CORE2DB.medical_tem_chronicotitismediainquiringsheetevatem(CHRONIC_EVA_ID) = CORE2DB.medical_tem_chronicotitismediainquiringsheettem(ID),,A,declared_foreign_key,verified,"{""evidence"": ""database_declared_constraint"", ""constraint"": ""medical_tem_chronico_chronic_eva_id_f1e64959_fk_medical_t""}",plan139_four_sources_plan139-20260822T000829Z; constraint medical_tem_chronico_chronic_eva_id_f1e64959_fk_medical_t,
2835,CORE2DB,CORE2DB.medical_tem_chronicotitismediainquiringsheethistorytem,CHRONIC_HISTORY_ID,CORE2DB.medical_tem_chronicotitismediainquiringsheettem,ID,CORE2DB.medical_tem_chronicotitismediainquiringsheethistorytem(CHRONIC_HISTORY_ID) = CORE2DB.medical_tem_chronicotitismediainquiringsheettem(ID),,A,declared_foreign_key,verified,"{""evidence"": ""database_declared_constraint"", ""constraint"": ""medical_tem_chronico_chronic_history_id_db23c930_fk_medical_t""}",plan139_four_sources_plan139-20260822T000829Z; constraint medical_tem_chronico_chronic_history_id_db23c930_fk_medical_t,
2836,CORE2DB,CORE2DB.medical_tem_chronicotitismediainquiringsheettem,QUESTIONNAIRE_ID,CORE2DB.medical_tem_questionnairetem,ID,CORE2DB.medical_tem_chronicotitismediainquiringsheettem(QUESTIONNAIRE_ID) = CORE2DB.medical_tem_questionnairetem(ID),,A,declared_foreign_key,verified,"{""evidence"": ""database_declared_constraint"", ""constraint"": ""medical_tem_chronico_questionnaire_id_06605998_fk_medical_t""}",plan139_four_sources_plan139-20260822T000829Z; constraint medical_tem_chronico_questionnaire_id_06605998_fk_medical_t,
2837,CORE2DB,CORE2DB.medical_tem_commonlanguage,TEMPLATE_ID,CORE2DB.medical_tem_filesystem,ID,CORE2DB.medical_tem_commonlanguage(TEMPLATE_ID) = CORE2DB.medical_tem_filesystem(ID),,A,declared_foreign_key,verified,"{""evidence"": ""database_declared_constraint"", ""constraint"": ""medical_tem_commonla_template_id_76c23faa_fk_medical_t""}",plan139_four_sources_plan139-20260822T000829Z; constraint medical_tem_commonla_template_id_76c23faa_fk_medical_t,
2838,CORE2DB,CORE2DB.medical_tem_criticallydiscussiontem,TEMPLATE_ID,CORE2DB.medical_tem_filesystem,ID,CORE2DB.medical_tem_criticallydiscussiontem(TEMPLATE_ID) = CORE2DB.medical_tem_filesystem(ID),,A,declared_foreign_key,verified,"{""evidence"": ""database_declared_constraint"", ""constraint"": ""medical_tem_critical_template_id_74ce2b0a_fk_medical_t""}",plan139_four_sources_plan139-20260822T000829Z; constraint medical_tem_critical_template_id_74ce2b0a_fk_medical_t,
2839,CORE2DB,CORE2DB.medical_tem_dailycourserecordtem,DISEASE_COURSE_RECORD_TEM_ID,CORE2DB.medical_tem_diseasecourserecordtem,ID,CORE2DB.medical_tem_dailycourserecordtem(DISEASE_COURSE_RECORD_TEM_ID) = CORE2DB.medical_tem_diseasecourserecordtem(ID),,A,declared_foreign_key,verified,"{""evidence"": ""database_declared_constraint"", ""constraint"": ""medical_tem_dailycou_disease_course_recor_a03f008f_fk_medical_t""}",plan139_four_sources_plan139-20260822T000829Z; constraint medical_tem_dailycou_disease_course_recor_a03f008f_fk_medical_t,
2840,CORE2DB,CORE2DB.medical_tem_deathcasediscussiontem,TEMPLATE_ID,CORE2DB.medical_tem_filesystem,ID,CORE2DB.medical_tem_deathcasediscussiontem(TEMPLATE_ID) = CORE2DB.medical_tem_filesystem(ID),,A,declared_foreign_key,verified,"{""evidence"": ""database_declared_constraint"", ""constraint"": ""medical_tem_deathcas_template_id_a4f86148_fk_medical_t""}",plan139_four_sources_plan139-20260822T000829Z; constraint medical_tem_deathcas_template_id_a4f86148_fk_medical_t,
2841,CORE2DB,CORE2DB.medical_tem_deathrecordtem,TEMPLATE_ID,CORE2DB.medical_tem_filesystem,ID,CORE2DB.medical_tem_deathrecordtem(TEMPLATE_ID) = CORE2DB.medical_tem_filesystem(ID),,A,declared_foreign_key,verified,"{""evidence"": ""database_declared_constraint"", ""constraint"": ""medical_tem_deathrec_template_id_2da3b870_fk_medical_t""}",plan139_four_sources_plan139-20260822T000829Z; constraint medical_tem_deathrec_template_id_2da3b870_fk_medical_t,
2842,CORE2DB,CORE2DB.medical_tem_diseasecourserecordtem,TEMPLATE_ID,CORE2DB.medical_tem_filesystem,ID,CORE2DB.medical_tem_diseasecourserecordtem(TEMPLATE_ID) = CORE2DB.medical_tem_filesystem(ID),,A,declared_foreign_key,verified,"{""evidence"": ""database_declared_constraint"", ""constraint"": ""medical_tem_diseasec_template_id_98dbf829_fk_medical_t""}",plan139_four_sources_plan139-20260822T000829Z; constraint medical_tem_diseasec_template_id_98dbf829_fk_medical_t,
2843,CORE2DB,CORE2DB.medical_tem_emergencyfirstoutrecordtem,OUT_RECORD_TEM_ID,CORE2DB.medical_tem_outrecordtem,ID,CORE2DB.medical_tem_emergencyfirstoutrecordtem(OUT_RECORD_TEM_ID) = CORE2DB.medical_tem_outrecordtem(ID),,A,declared_foreign_key,verified,"{""evidence"": ""database_declared_constraint"", ""constraint"": ""medical_tem_emergenc_out_record_tem_id_df01fedf_fk_medical_t""}",plan139_four_sources_plan139-20260822T000829Z; constraint medical_tem_emergenc_out_record_tem_id_df01fedf_fk_medical_t,
2844,CORE2DB,CORE2DB.medical_tem_emergencyrepeatedoutrecordtem,OUT_RECORD_TEM_ID,CORE2DB.medical_tem_outrecordtem,ID,CORE2DB.medical_tem_emergencyrepeatedoutrecordtem(OUT_RECORD_TEM_ID) = CORE2DB.medical_tem_outrecordtem(ID),,A,declared_foreign_key,verified,"{""evidence"": ""database_declared_constraint"", ""constraint"": ""medical_tem_emergenc_out_record_tem_id_85899364_fk_medical_t""}",plan139_four_sources_plan139-20260822T000829Z; constraint medical_tem_emergenc_out_record_tem_id_85899364_fk_medical_t,
2845,CORE2DB,CORE2DB.medical_tem_filesystem,FILE_SYS_ID,CORE2DB.medical_tem_filesystem,ID,CORE2DB.medical_tem_filesystem(FILE_SYS_ID) = CORE2DB.medical_tem_filesystem(ID),,A,declared_foreign_key,verified,"{""evidence"": ""database_declared_constraint"", ""constraint"": ""medical_tem_filesyst_file_sys_id_43d978fe_fk_medical_t""}",plan139_four_sources_plan139-20260822T000829Z; constraint medical_tem_filesyst_file_sys_id_43d978fe_fk_medical_t,
2846,CORE2DB,CORE2DB.medical_tem_firstoutrecordtem,OUT_RECORD_TEM_ID,CORE2DB.medical_tem_outrecordtem,ID,CORE2DB.medical_tem_firstoutrecordtem(OUT_RECORD_TEM_ID) = CORE2DB.medical_tem_outrecordtem(ID),,A,declared_foreign_key,verified,"{""evidence"": ""database_declared_constraint"", ""constraint"": ""medical_tem_firstout_out_record_tem_id_17f833b8_fk_medical_t""}",plan139_four_sources_plan139-20260822T000829Z; constraint medical_tem_firstout_out_record_tem_id_17f833b8_fk_medical_t,
2847,CORE2DB,CORE2DB.medical_tem_firstoutrecordvisitonetem,OUT_RECORD_TEM_ID,CORE2DB.medical_tem_outrecordtem,ID,CORE2DB.medical_tem_firstoutrecordvisitonetem(OUT_RECORD_TEM_ID) = CORE2DB.medical_tem_outrecordtem(ID),,A,declared_foreign_key,verified,"{""evidence"": ""database_declared_constraint"", ""constraint"": ""medical_tem_firstout_out_record_tem_id_5ca3e8c3_fk_medical_t""}",plan139_four_sources_plan139-20260822T000829Z; constraint medical_tem_firstout_out_record_tem_id_5ca3e8c3_fk_medical_t,
2848,CORE2DB,CORE2DB.medical_tem_headnecktumourspecialcasesevatem,HEAD_EVA_ID,CORE2DB.medical_tem_headnecktumourspecialcasestem,ID,CORE2DB.medical_tem_headnecktumourspecialcasesevatem(HEAD_EVA_ID) = CORE2DB.medical_tem_headnecktumourspecialcasestem(ID),,A,declared_foreign_key,verified,"{""evidence"": ""database_declared_constraint"", ""constraint"": ""medical_tem_headneck_head_eva_id_c0fe3c11_fk_medical_t""}",plan139_four_sources_plan139-20260822T000829Z; constraint medical_tem_headneck_head_eva_id_c0fe3c11_fk_medical_t,
2849,CORE2DB,CORE2DB.medical_tem_headnecktumourspecialcasestem,QUESTIONNAIRE_ID,CORE2DB.medical_tem_questionnairetem,ID,CORE2DB.medical_tem_headnecktumourspecialcasestem(QUESTIONNAIRE_ID) = CORE2DB.medical_tem_questionnairetem(ID),,A,declared_foreign_key,verified,"{""evidence"": ""database_declared_constraint"", ""constraint"": ""medical_tem_headneck_questionnaire_id_fc4a0f97_fk_medical_t""}",plan139_four_sources_plan139-20260822T000829Z; constraint medical_tem_headneck_questionnaire_id_fc4a0f97_fk_medical_t,
2850,CORE2DB,CORE2DB.medical_tem_hospitalconsultationrecordtem,TEMPLATE_ID,CORE2DB.medical_tem_filesystem,ID,CORE2DB.medical_tem_hospitalconsultationrecordtem(TEMPLATE_ID) = CORE2DB.medical_tem_filesystem(ID),,A,declared_foreign_key,verified,"{""evidence"": ""database_declared_constraint"", ""constraint"": ""medical_tem_hospital_template_id_ee7f9ca9_fk_medical_t""}",plan139_four_sources_plan139-20260822T000829Z; constraint medical_tem_hospital_template_id_ee7f9ca9_fk_medical_t,
2851,CORE2DB,CORE2DB.medical_tem_hospitalrecordstem,TEMPLATE_ID,CORE2DB.medical_tem_filesystem,ID,CORE2DB.medical_tem_hospitalrecordstem(TEMPLATE_ID) = CORE2DB.medical_tem_filesystem(ID),,A,declared_foreign_key,verified,"{""evidence"": ""database_declared_constraint"", ""constraint"": ""medical_tem_hospital_template_id_a5b74218_fk_medical_t""}",plan139_four_sources_plan139-20260822T000829Z; constraint medical_tem_hospital_template_id_a5b74218_fk_medical_t,
2852,CORE2DB,CORE2DB.medical_tem_initialcourserecordtem,DISEASE_COURSE_RECORD_TEM_ID,CORE2DB.medical_tem_diseasecourserecordtem,ID,CORE2DB.medical_tem_initialcourserecordtem(DISEASE_COURSE_RECORD_TEM_ID) = CORE2DB.medical_tem_diseasecourserecordtem(ID),,A,declared_foreign_key,verified,"{""evidence"": ""database_declared_constraint"", ""constraint"": ""medical_tem_initialc_disease_course_recor_4227eccb_fk_medical_t""}",plan139_four_sources_plan139-20260822T000829Z; constraint medical_tem_initialc_disease_course_recor_4227eccb_fk_medical_t,
2853,CORE2DB,CORE2DB.medical_tem_leavehospitalrecordstem,TEMPLATE_ID,CORE2DB.medical_tem_filesystem,ID,CORE2DB.medical_tem_leavehospitalrecordstem(TEMPLATE_ID) = CORE2DB.medical_tem_filesystem(ID),,A,declared_foreign_key,verified,"{""evidence"": ""database_declared_constraint"", ""constraint"": ""medical_tem_leavehos_template_id_bd5e43b6_fk_medical_t""}",plan139_four_sources_plan139-20260822T000829Z; constraint medical_tem_leavehos_template_id_bd5e43b6_fk_medical_t,
2854,CORE2DB,CORE2DB.medical_tem_medicaloperationrecordstem,DISEASE_COURSE_RECORD_TEM_ID,CORE2DB.medical_tem_diseasecourserecordtem,ID,CORE2DB.medical_tem_medicaloperationrecordstem(DISEASE_COURSE_RECORD_TEM_ID) = CORE2DB.medical_tem_diseasecourserecordtem(ID),,A,declared_foreign_key,verified,"{""evidence"": ""database_declared_constraint"", ""constraint"": ""medical_tem_medicalo_disease_course_recor_7a379baa_fk_medical_t""}",plan139_four_sources_plan139-20260822T000829Z; constraint medical_tem_medicalo_disease_course_recor_7a379baa_fk_medical_t,
2855,CORE2DB,CORE2DB.medical_tem_multidisciplinaryrecordtem,OUT_RECORD_TEM_ID,CORE2DB.medical_tem_outrecordtem,ID,CORE2DB.medical_tem_multidisciplinaryrecordtem(OUT_RECORD_TEM_ID) = CORE2DB.medical_tem_outrecordtem(ID),,A,declared_foreign_key,verified,"{""evidence"": ""database_declared_constraint"", ""constraint"": ""medical_tem_multidis_out_record_tem_id_6f1ed0e5_fk_medical_t""}",plan139_four_sources_plan139-20260822T000829Z; constraint medical_tem_multidis_out_record_tem_id_6f1ed0e5_fk_medical_t,
2856,CORE2DB,CORE2DB.medical_tem_observerecordtem,OUTPATIENT_DISEASE_COURSE_RECORD_TEM_ID,CORE2DB.medical_tem_outpatientdiseasecourserecordtem,ID,CORE2DB.medical_tem_observerecordtem(OUTPATIENT_DISEASE_COURSE_RECORD_TEM_ID) = CORE2DB.medical_tem_outpatientdiseasecourserecordtem(ID),,A,declared_foreign_key,verified,"{""evidence"": ""database_declared_constraint"", ""constraint"": ""medical_tem_observer_outpatient_disease_c_fd178cce_fk_medical_t""}",plan139_four_sources_plan139-20260822T000829Z; constraint medical_tem_observer_outpatient_disease_c_fd178cce_fk_medical_t,
2857,CORE2DB,CORE2DB.medical_tem_onedaydeathtem,TEMPLATE_ID,CORE2DB.medical_tem_filesystem,ID,CORE2DB.medical_tem_onedaydeathtem(TEMPLATE_ID) = CORE2DB.medical_tem_filesystem(ID),,A,declared_foreign_key,verified,"{""evidence"": ""database_declared_constraint"", ""constraint"": ""medical_tem_onedayde_template_id_36cc9783_fk_medical_t""}",plan139_four_sources_plan139-20260822T000829Z; constraint medical_tem_onedayde_template_id_36cc9783_fk_medical_t,
2858,CORE2DB,CORE2DB.medical_tem_onedayleavehospitaltem,TEMPLATE_ID,CORE2DB.medical_tem_filesystem,ID,CORE2DB.medical_tem_onedayleavehospitaltem(TEMPLATE_ID) = CORE2DB.medical_tem_filesystem(ID),,A,declared_foreign_key,verified,"{""evidence"": ""database_declared_constraint"", ""constraint"": ""medical_tem_onedayle_template_id_5902c41d_fk_medical_t""}",plan139_four_sources_plan139-20260822T000829Z; constraint medical_tem_onedayle_template_id_5902c41d_fk_medical_t,
2859,CORE2DB,CORE2DB.medical_tem_outpatientdiseasecourserecordtem,OUT_RECORD_TEM_ID,CORE2DB.medical_tem_outrecordtem,ID,CORE2DB.medical_tem_outpatientdiseasecourserecordtem(OUT_RECORD_TEM_ID) = CORE2DB.medical_tem_outrecordtem(ID),,A,declared_foreign_key,verified,"{""evidence"": ""database_declared_constraint"", ""constraint"": ""medical_tem_outpatie_out_record_tem_id_74fd3dd5_fk_medical_t""}",plan139_four_sources_plan139-20260822T000829Z; constraint medical_tem_outpatie_out_record_tem_id_74fd3dd5_fk_medical_t,
2860,CORE2DB,CORE2DB.medical_tem_outpatientsalvagerecordtem,OUTPATIENT_DISEASE_COURSE_RECORD_TEM_ID,CORE2DB.medical_tem_outpatientdiseasecourserecordtem,ID,CORE2DB.medical_tem_outpatientsalvagerecordtem(OUTPATIENT_DISEASE_COURSE_RECORD_TEM_ID) = CORE2DB.medical_tem_outpatientdiseasecourserecordtem(ID),,A,declared_foreign_key,verified,"{""evidence"": ""database_declared_constraint"", ""constraint"": ""medical_tem_outpatie_outpatient_disease_c_b4cb2feb_fk_medical_t""}",plan139_four_sources_plan139-20260822T000829Z; constraint medical_tem_outpatie_outpatient_disease_c_b4cb2feb_fk_medical_t,
2861,CORE2DB,CORE2DB.medical_tem_outpatientwardroundrecordtem,OUTPATIENT_DISEASE_COURSE_RECORD_TEM_ID,CORE2DB.medical_tem_outpatientdiseasecourserecordtem,ID,CORE2DB.medical_tem_outpatientwardroundrecordtem(OUTPATIENT_DISEASE_COURSE_RECORD_TEM_ID) = CORE2DB.medical_tem_outpatientdiseasecourserecordtem(ID),,A,declared_foreign_key,verified,"{""evidence"": ""database_declared_constraint"", ""constraint"": ""medical_tem_outpatie_outpatient_disease_c_4257baad_fk_medical_t""}",plan139_four_sources_plan139-20260822T000829Z; constraint medical_tem_outpatie_outpatient_disease_c_4257baad_fk_medical_t,
2862,CORE2DB,CORE2DB.medical_tem_outrecordtem,PRACTITIONER_ID,CORE2DB.data_api_practitioner,ID,CORE2DB.medical_tem_outrecordtem(PRACTITIONER_ID) = CORE2DB.data_api_practitioner(ID),,A,declared_foreign_key,verified,"{""evidence"": ""database_declared_constraint"", ""constraint"": ""medical_tem_outrecor_practitioner_id_7c5f9131_fk_data_api_""}",plan139_four_sources_plan139-20260822T000829Z; constraint medical_tem_outrecor_practitioner_id_7c5f9131_fk_data_api_,
2863,CORE2DB,CORE2DB.medical_tem_outviewrecordtem,OUT_RECORD_TEM_ID,CORE2DB.medical_tem_outrecordtem,ID,CORE2DB.medical_tem_outviewrecordtem(OUT_RECORD_TEM_ID) = CORE2DB.medical_tem_outrecordtem(ID),,A,declared_foreign_key,verified,"{""evidence"": ""database_declared_constraint"", ""constraint"": ""medical_tem_outviewr_out_record_tem_id_ac0e6863_fk_medical_t""}",plan139_four_sources_plan139-20260822T000829Z; constraint medical_tem_outviewr_out_record_tem_id_ac0e6863_fk_medical_t,
2864,CORE2DB,CORE2DB.medical_tem_paragraph,OUT_RECORD_TEM_ID,CORE2DB.medical_tem_outrecordtem,ID,CORE2DB.medical_tem_paragraph(OUT_RECORD_TEM_ID) = CORE2DB.medical_tem_outrecordtem(ID),,A,declared_foreign_key,verified,"{""evidence"": ""database_declared_constraint"", ""constraint"": ""medical_tem_paragrap_out_record_tem_id_6dcd9502_fk_medical_t""}",plan139_four_sources_plan139-20260822T000829Z; constraint medical_tem_paragrap_out_record_tem_id_6dcd9502_fk_medical_t,
2865,CORE2DB,CORE2DB.medical_tem_patientinspectioncertificatetem,OUT_RECORD_TEM_ID,CORE2DB.medical_tem_outrecordtem,ID,CORE2DB.medical_tem_patientinspectioncertificatetem(OUT_RECORD_TEM_ID) = CORE2DB.medical_tem_outrecordtem(ID),,A,declared_foreign_key,verified,"{""evidence"": ""database_declared_constraint"", ""constraint"": ""medical_tem_patienti_out_record_tem_id_a9eacb85_fk_medical_t""}",plan139_four_sources_plan139-20260822T000829Z; constraint medical_tem_patienti_out_record_tem_id_a9eacb85_fk_medical_t,
2866,CORE2DB,CORE2DB.medical_tem_postoperativecourserecordtem,DISEASE_COURSE_RECORD_TEM_ID,CORE2DB.medical_tem_diseasecourserecordtem,ID,CORE2DB.medical_tem_postoperativecourserecordtem(DISEASE_COURSE_RECORD_TEM_ID) = CORE2DB.medical_tem_diseasecourserecordtem(ID),,A,declared_foreign_key,verified,"{""evidence"": ""database_declared_constraint"", ""constraint"": ""medical_tem_postoper_disease_course_recor_e89b716e_fk_medical_t""}",plan139_four_sources_plan139-20260822T000829Z; constraint medical_tem_postoper_disease_course_recor_e89b716e_fk_medical_t,
2867,CORE2DB,CORE2DB.medical_tem_preoperativediscussiontem,TEMPLATE_ID,CORE2DB.medical_tem_filesystem,ID,CORE2DB.medical_tem_preoperativediscussiontem(TEMPLATE_ID) = CORE2DB.medical_tem_filesystem(ID),,A,declared_foreign_key,verified,"{""evidence"": ""database_declared_constraint"", ""constraint"": ""medical_tem_preopera_template_id_e3e67fcc_fk_medical_t""}",plan139_four_sources_plan139-20260822T000829Z; constraint medical_tem_preopera_template_id_e3e67fcc_fk_medical_t,
2868,CORE2DB,CORE2DB.medical_tem_preoperativesummarytem,DISEASE_COURSE_RECORD_TEM_ID,CORE2DB.medical_tem_diseasecourserecordtem,ID,CORE2DB.medical_tem_preoperativesummarytem(DISEASE_COURSE_RECORD_TEM_ID) = CORE2DB.medical_tem_diseasecourserecordtem(ID),,A,declared_foreign_key,verified,"{""evidence"": ""database_declared_constraint"", ""constraint"": ""medical_tem_preopera_disease_course_recor_d531c01b_fk_medical_t""}",plan139_four_sources_plan139-20260822T000829Z; constraint medical_tem_preopera_disease_course_recor_d531c01b_fk_medical_t,
2869,CORE2DB,CORE2DB.medical_tem_questionnairetem,TEMPLATE_ID,CORE2DB.medical_tem_filesystem,ID,CORE2DB.medical_tem_questionnairetem(TEMPLATE_ID) = CORE2DB.medical_tem_filesystem(ID),,A,declared_foreign_key,verified,"{""evidence"": ""database_declared_constraint"", ""constraint"": ""medical_tem_question_template_id_88ec147a_fk_medical_t""}",plan139_four_sources_plan139-20260822T000829Z; constraint medical_tem_question_template_id_88ec147a_fk_medical_t,
2870,CORE2DB,CORE2DB.medical_tem_repeatedoutrecordtem,OUT_RECORD_TEM_ID,CORE2DB.medical_tem_outrecordtem,ID,CORE2DB.medical_tem_repeatedoutrecordtem(OUT_RECORD_TEM_ID) = CORE2DB.medical_tem_outrecordtem(ID),,A,declared_foreign_key,verified,"{""evidence"": ""database_declared_constraint"", ""constraint"": ""medical_tem_repeated_out_record_tem_id_24b62188_fk_medical_t""}",plan139_four_sources_plan139-20260822T000829Z; constraint medical_tem_repeated_out_record_tem_id_24b62188_fk_medical_t,
2871,CORE2DB,CORE2DB.medical_tem_repeatoutrecordvisitthreetem,OUT_RECORD_TEM_ID,CORE2DB.medical_tem_outrecordtem,ID,CORE2DB.medical_tem_repeatoutrecordvisitthreetem(OUT_RECORD_TEM_ID) = CORE2DB.medical_tem_outrecordtem(ID),,A,declared_foreign_key,verified,"{""evidence"": ""database_declared_constraint"", ""constraint"": ""medical_tem_repeatou_out_record_tem_id_06b6b50e_fk_medical_t""}",plan139_four_sources_plan139-20260822T000829Z; constraint medical_tem_repeatou_out_record_tem_id_06b6b50e_fk_medical_t,
2872,CORE2DB,CORE2DB.medical_tem_repeatoutrecordvisittwotem,OUT_RECORD_TEM_ID,CORE2DB.medical_tem_outrecordtem,ID,CORE2DB.medical_tem_repeatoutrecordvisittwotem(OUT_RECORD_TEM_ID) = CORE2DB.medical_tem_outrecordtem(ID),,A,declared_foreign_key,verified,"{""evidence"": ""database_declared_constraint"", ""constraint"": ""medical_tem_repeatou_out_record_tem_id_4a44dcfa_fk_medical_t""}",plan139_four_sources_plan139-20260822T000829Z; constraint medical_tem_repeatou_out_record_tem_id_4a44dcfa_fk_medical_t,
2873,CORE2DB,CORE2DB.medical_tem_rhinologypasthistorytem,RHINOLOGY_PAST_HISTORY_ID,CORE2DB.medical_tem_rhinologytem,ID,CORE2DB.medical_tem_rhinologypasthistorytem(RHINOLOGY_PAST_HISTORY_ID) = CORE2DB.medical_tem_rhinologytem(ID),,A,declared_foreign_key,verified,"{""evidence"": ""database_declared_constraint"", ""constraint"": ""medical_tem_rhinolog_rhinology_past_histo_5967dbc7_fk_medical_t""}",plan139_four_sources_plan139-20260822T000829Z; constraint medical_tem_rhinolog_rhinology_past_histo_5967dbc7_fk_medical_t,
2874,CORE2DB,CORE2DB.medical_tem_rhinologyspecialisttem,RHINOLOGY_SPECIALIST_ID,CORE2DB.medical_tem_rhinologytem,ID,CORE2DB.medical_tem_rhinologyspecialisttem(RHINOLOGY_SPECIALIST_ID) = CORE2DB.medical_tem_rhinologytem(ID),,A,declared_foreign_key,verified,"{""evidence"": ""database_declared_constraint"", ""constraint"": ""medical_tem_rhinolog_rhinology_specialist_7e14d41b_fk_medical_t""}",plan139_four_sources_plan139-20260822T000829Z; constraint medical_tem_rhinolog_rhinology_specialist_7e14d41b_fk_medical_t,
2875,CORE2DB,CORE2DB.medical_tem_rhinologytem,QUESTIONNAIRE_ID,CORE2DB.medical_tem_questionnairetem,ID,CORE2DB.medical_tem_rhinologytem(QUESTIONNAIRE_ID) = CORE2DB.medical_tem_questionnairetem(ID),,A,declared_foreign_key,verified,"{""evidence"": ""database_declared_constraint"", ""constraint"": ""medical_tem_rhinolog_questionnaire_id_d010888c_fk_medical_t""}",plan139_four_sources_plan139-20260822T000829Z; constraint medical_tem_rhinolog_questionnaire_id_d010888c_fk_medical_t,
2876,CORE2DB,CORE2DB.medical_tem_salvagerecordtem,DISEASE_COURSE_RECORD_TEM_ID,CORE2DB.medical_tem_diseasecourserecordtem,ID,CORE2DB.medical_tem_salvagerecordtem(DISEASE_COURSE_RECORD_TEM_ID) = CORE2DB.medical_tem_diseasecourserecordtem(ID),,A,declared_foreign_key,verified,"{""evidence"": ""database_declared_constraint"", ""constraint"": ""medical_tem_salvager_disease_course_recor_3846c54d_fk_medical_t""}",plan139_four_sources_plan139-20260822T000829Z; constraint medical_tem_salvager_disease_course_recor_3846c54d_fk_medical_t,
2877,CORE2DB,CORE2DB.medical_tem_shifthandoverrecordstem,DISEASE_COURSE_RECORD_TEM_ID,CORE2DB.medical_tem_diseasecourserecordtem,ID,CORE2DB.medical_tem_shifthandoverrecordstem(DISEASE_COURSE_RECORD_TEM_ID) = CORE2DB.medical_tem_diseasecourserecordtem(ID),,A,declared_foreign_key,verified,"{""evidence"": ""database_declared_constraint"", ""constraint"": ""medical_tem_shifthan_disease_course_recor_3a6b96a8_fk_medical_t""}",plan139_four_sources_plan139-20260822T000829Z; constraint medical_tem_shifthan_disease_course_recor_3a6b96a8_fk_medical_t,
2878,CORE2DB,CORE2DB.medical_tem_specialinspecttreatmentagreementtem,OUT_RECORD_TEM_ID,CORE2DB.medical_tem_outrecordtem,ID,CORE2DB.medical_tem_specialinspecttreatmentagreementtem(OUT_RECORD_TEM_ID) = CORE2DB.medical_tem_outrecordtem(ID),,A,declared_foreign_key,verified,"{""evidence"": ""database_declared_constraint"", ""constraint"": ""medical_tem_speciali_out_record_tem_id_d3e2052d_fk_medical_t""}",plan139_four_sources_plan139-20260822T000829Z; constraint medical_tem_speciali_out_record_tem_id_d3e2052d_fk_medical_t,
2879,CORE2DB,CORE2DB.medical_tem_specialistcasetem,SPECIALIST_ID,CORE2DB.medical_tem_vertigodiseasetem,ID,CORE2DB.medical_tem_specialistcasetem(SPECIALIST_ID) = CORE2DB.medical_tem_vertigodiseasetem(ID),,A,declared_foreign_key,verified,"{""evidence"": ""database_declared_constraint"", ""constraint"": ""medical_tem_speciali_specialist_id_fca8086e_fk_medical_t""}",plan139_four_sources_plan139-20260822T000829Z; constraint medical_tem_speciali_specialist_id_fca8086e_fk_medical_t,
2880,CORE2DB,CORE2DB.medical_tem_specialistcasetem,SPECIALISTCASEABSTRACT_PTR_ID,CORE2DB.clinic_api_specialistcaseabstract,ID,CORE2DB.medical_tem_specialistcasetem(SPECIALISTCASEABSTRACT_PTR_ID) = CORE2DB.clinic_api_specialistcaseabstract(ID),,A,declared_foreign_key,verified,"{""evidence"": ""database_declared_constraint"", ""constraint"": ""medical_tem_speciali_specialistcaseabstra_a942a5a0_fk_clinic_ap""}",plan139_four_sources_plan139-20260822T000829Z; constraint medical_tem_speciali_specialistcaseabstra_a942a5a0_fk_clinic_ap,
2881,CORE2DB,CORE2DB.medical_tem_stagesummarytem,DISEASE_COURSE_RECORD_TEM_ID,CORE2DB.medical_tem_diseasecourserecordtem,ID,CORE2DB.medical_tem_stagesummarytem(DISEASE_COURSE_RECORD_TEM_ID) = CORE2DB.medical_tem_diseasecourserecordtem(ID),,A,declared_foreign_key,verified,"{""evidence"": ""database_declared_constraint"", ""constraint"": ""medical_tem_stagesum_disease_course_recor_1432aec4_fk_medical_t""}",plan139_four_sources_plan139-20260822T000829Z; constraint medical_tem_stagesum_disease_course_recor_1432aec4_fk_medical_t,
2882,CORE2DB,CORE2DB.medical_tem_subjecttransferrecordtem,DISEASE_COURSE_RECORD_TEM_ID,CORE2DB.medical_tem_diseasecourserecordtem,ID,CORE2DB.medical_tem_subjecttransferrecordtem(DISEASE_COURSE_RECORD_TEM_ID) = CORE2DB.medical_tem_diseasecourserecordtem(ID),,A,declared_foreign_key,verified,"{""evidence"": ""database_declared_constraint"", ""constraint"": ""medical_tem_subjectt_disease_course_recor_af8bbdf3_fk_medical_t""}",plan139_four_sources_plan139-20260822T000829Z; constraint medical_tem_subjectt_disease_course_recor_af8bbdf3_fk_medical_t,
2883,CORE2DB,CORE2DB.medical_tem_successionrecordstem,DISEASE_COURSE_RECORD_TEM_ID,CORE2DB.medical_tem_diseasecourserecordtem,ID,CORE2DB.medical_tem_successionrecordstem(DISEASE_COURSE_RECORD_TEM_ID) = CORE2DB.medical_tem_diseasecourserecordtem(ID),,A,declared_foreign_key,verified,"{""evidence"": ""database_declared_constraint"", ""constraint"": ""medical_tem_successi_disease_course_recor_ef736895_fk_medical_t""}",plan139_four_sources_plan139-20260822T000829Z; constraint medical_tem_successi_disease_course_recor_ef736895_fk_medical_t,
2884,CORE2DB,CORE2DB.medical_tem_surgicalrecordsheettem,TEMPLATE_ID,CORE2DB.medical_tem_filesystem,ID,CORE2DB.medical_tem_surgicalrecordsheettem(TEMPLATE_ID) = CORE2DB.medical_tem_filesystem(ID),,A,declared_foreign_key,verified,"{""evidence"": ""database_declared_constraint"", ""constraint"": ""medical_tem_surgical_template_id_43d66fa5_fk_medical_t""}",plan139_four_sources_plan139-20260822T000829Z; constraint medical_tem_surgical_template_id_43d66fa5_fk_medical_t,
2885,CORE2DB,CORE2DB.medical_tem_throatcurrenthistorytem,THROAT_CURRENT_ID,CORE2DB.medical_tem_throattem,ID,CORE2DB.medical_tem_throatcurrenthistorytem(THROAT_CURRENT_ID) = CORE2DB.medical_tem_throattem(ID),,A,declared_foreign_key,verified,"{""evidence"": ""database_declared_constraint"", ""constraint"": ""medical_tem_throatcu_throat_current_id_61eca3b5_fk_medical_t""}",plan139_four_sources_plan139-20260822T000829Z; constraint medical_tem_throatcu_throat_current_id_61eca3b5_fk_medical_t,
2886,CORE2DB,CORE2DB.medical_tem_throatexaminationtem,THROAT_EXAM_ID,CORE2DB.medical_tem_throattem,ID,CORE2DB.medical_tem_throatexaminationtem(THROAT_EXAM_ID) = CORE2DB.medical_tem_throattem(ID),,A,declared_foreign_key,verified,"{""evidence"": ""database_declared_constraint"", ""constraint"": ""medical_tem_throatex_throat_exam_id_1f5b68de_fk_medical_t""}",plan139_four_sources_plan139-20260822T000829Z; constraint medical_tem_throatex_throat_exam_id_1f5b68de_fk_medical_t,
2887,CORE2DB,CORE2DB.medical_tem_throatpasthistorytem,THROAT_PAST_ID,CORE2DB.medical_tem_throattem,ID,CORE2DB.medical_tem_throatpasthistorytem(THROAT_PAST_ID) = CORE2DB.medical_tem_throattem(ID),,A,declared_foreign_key,verified,"{""evidence"": ""database_declared_constraint"", ""constraint"": ""medical_tem_throatpa_throat_past_id_0b107bb5_fk_medical_t""}",plan139_four_sources_plan139-20260822T000829Z; constraint medical_tem_throatpa_throat_past_id_0b107bb5_fk_medical_t,
2888,CORE2DB,CORE2DB.medical_tem_throattem,QUESTIONNAIRE_ID,CORE2DB.medical_tem_questionnairetem,ID,CORE2DB.medical_tem_throattem(QUESTIONNAIRE_ID) = CORE2DB.medical_tem_questionnairetem(ID),,A,declared_foreign_key,verified,"{""evidence"": ""database_declared_constraint"", ""constraint"": ""medical_tem_throatte_questionnaire_id_de5a356c_fk_medical_t""}",plan139_four_sources_plan139-20260822T000829Z; constraint medical_tem_throatte_questionnaire_id_de5a356c_fk_medical_t,
2889,CORE2DB,CORE2DB.medical_tem_transferoutrecordtem,DISEASE_COURSE_RECORD_TEM_ID,CORE2DB.medical_tem_diseasecourserecordtem,ID,CORE2DB.medical_tem_transferoutrecordtem(DISEASE_COURSE_RECORD_TEM_ID) = CORE2DB.medical_tem_diseasecourserecordtem(ID),,A,declared_foreign_key,verified,"{""evidence"": ""database_declared_constraint"", ""constraint"": ""medical_tem_transfer_disease_course_recor_d361763b_fk_medical_t""}",plan139_four_sources_plan139-20260822T000829Z; constraint medical_tem_transfer_disease_course_recor_d361763b_fk_medical_t,
2890,CORE2DB,CORE2DB.medical_tem_transfusionrecordstem,DISEASE_COURSE_RECORD_TEM_ID,CORE2DB.medical_tem_diseasecourserecordtem,ID,CORE2DB.medical_tem_transfusionrecordstem(DISEASE_COURSE_RECORD_TEM_ID) = CORE2DB.medical_tem_diseasecourserecordtem(ID),,A,declared_foreign_key,verified,"{""evidence"": ""database_declared_constraint"", ""constraint"": ""medical_tem_transfus_disease_course_recor_bac8072f_fk_medical_t""}",plan139_four_sources_plan139-20260822T000829Z; constraint medical_tem_transfus_disease_course_recor_bac8072f_fk_medical_t,
2891,CORE2DB,CORE2DB.medical_tem_unplannedvisittem,OUT_RECORD_TEM_ID,CORE2DB.medical_tem_outrecordtem,ID,CORE2DB.medical_tem_unplannedvisittem(OUT_RECORD_TEM_ID) = CORE2DB.medical_tem_outrecordtem(ID),,A,declared_foreign_key,verified,"{""evidence"": ""database_declared_constraint"", ""constraint"": ""medical_tem_unplanne_out_record_tem_id_eb66f11c_fk_medical_t""}",plan139_four_sources_plan139-20260822T000829Z; constraint medical_tem_unplanne_out_record_tem_id_eb66f11c_fk_medical_t,
2892,CORE2DB,CORE2DB.medical_tem_vertigodiseaseabrtem,ABR_ID,CORE2DB.medical_tem_vertigodiseasetem,ID,CORE2DB.medical_tem_vertigodiseaseabrtem(ABR_ID) = CORE2DB.medical_tem_vertigodiseasetem(ID),,A,declared_foreign_key,verified,"{""evidence"": ""database_declared_constraint"", ""constraint"": ""medical_tem_vertigod_abr_id_4641b308_fk_medical_t""}",plan139_four_sources_plan139-20260822T000829Z; constraint medical_tem_vertigod_abr_id_4641b308_fk_medical_t,
2893,CORE2DB,CORE2DB.medical_tem_vertigodiseasechtem,CH_ID,CORE2DB.medical_tem_vertigodiseasetem,ID,CORE2DB.medical_tem_vertigodiseasechtem(CH_ID) = CORE2DB.medical_tem_vertigodiseasetem(ID),,A,declared_foreign_key,verified,"{""evidence"": ""database_declared_constraint"", ""constraint"": ""medical_tem_vertigod_ch_id_d1912cc3_fk_medical_t""}",plan139_four_sources_plan139-20260822T000829Z; constraint medical_tem_vertigod_ch_id_d1912cc3_fk_medical_t,
2894,CORE2DB,CORE2DB.medical_tem_vertigodiseasecochleatem,COCHLEA_ID,CORE2DB.medical_tem_vertigodiseasetem,ID,CORE2DB.medical_tem_vertigodiseasecochleatem(COCHLEA_ID) = CORE2DB.medical_tem_vertigodiseasetem(ID),,A,declared_foreign_key,verified,"{""evidence"": ""database_declared_constraint"", ""constraint"": ""medical_tem_vertigod_cochlea_id_0f400c7c_fk_medical_t""}",plan139_four_sources_plan139-20260822T000829Z; constraint medical_tem_vertigod_cochlea_id_0f400c7c_fk_medical_t,
2895,CORE2DB,CORE2DB.medical_tem_vertigodiseasecurrenthistorytem,VERTIGO_HISTORY_ID,CORE2DB.medical_tem_vertigodiseasetem,ID,CORE2DB.medical_tem_vertigodiseasecurrenthistorytem(VERTIGO_HISTORY_ID) = CORE2DB.medical_tem_vertigodiseasetem(ID),,A,declared_foreign_key,verified,"{""evidence"": ""database_declared_constraint"", ""constraint"": ""medical_tem_vertigod_vertigo_history_id_9df2d78b_fk_medical_t""}",plan139_four_sources_plan139-20260822T000829Z; constraint medical_tem_vertigod_vertigo_history_id_9df2d78b_fk_medical_t,
2896,CORE2DB,CORE2DB.medical_tem_vertigodiseasedpoaetem,DPOAE_ID,CORE2DB.medical_tem_vertigodiseasetem,ID,CORE2DB.medical_tem_vertigodiseasedpoaetem(DPOAE_ID) = CORE2DB.medical_tem_vertigodiseasetem(ID),,A,declared_foreign_key,verified,"{""evidence"": ""database_declared_constraint"", ""constraint"": ""medical_tem_vertigod_dpoae_id_4fa83881_fk_medical_t""}",plan139_four_sources_plan139-20260822T000829Z; constraint medical_tem_vertigod_dpoae_id_4fa83881_fk_medical_t,
2897,CORE2DB,CORE2DB.medical_tem_vertigodiseasehittem,HIT_ID,CORE2DB.medical_tem_vertigodiseasetem,ID,CORE2DB.medical_tem_vertigodiseasehittem(HIT_ID) = CORE2DB.medical_tem_vertigodiseasetem(ID),,A,declared_foreign_key,verified,"{""evidence"": ""database_declared_constraint"", ""constraint"": ""medical_tem_vertigod_hit_id_85c0338d_fk_medical_t""}",plan139_four_sources_plan139-20260822T000829Z; constraint medical_tem_vertigod_hit_id_85c0338d_fk_medical_t,
2898,CORE2DB,CORE2DB.medical_tem_vertigodiseasepasthistorytem,VERTIGO_PAST_HISTORY_ID,CORE2DB.medical_tem_vertigodiseasetem,ID,CORE2DB.medical_tem_vertigodiseasepasthistorytem(VERTIGO_PAST_HISTORY_ID) = CORE2DB.medical_tem_vertigodiseasetem(ID),,A,declared_foreign_key,verified,"{""evidence"": ""database_declared_constraint"", ""constraint"": ""medical_tem_vertigod_vertigo_past_history_397a6c4c_fk_medical_t""}",plan139_four_sources_plan139-20260822T000829Z; constraint medical_tem_vertigod_vertigo_past_history_397a6c4c_fk_medical_t,
2899,CORE2DB,CORE2DB.medical_tem_vertigodiseasepuretem,PURE_ID,CORE2DB.medical_tem_vertigodiseasetem,ID,CORE2DB.medical_tem_vertigodiseasepuretem(PURE_ID) = CORE2DB.medical_tem_vertigodiseasetem(ID),,A,declared_foreign_key,verified,"{""evidence"": ""database_declared_constraint"", ""constraint"": ""medical_tem_vertigod_pure_id_90ff3921_fk_medical_t""}",plan139_four_sources_plan139-20260822T000829Z; constraint medical_tem_vertigod_pure_id_90ff3921_fk_medical_t,
2900,CORE2DB,CORE2DB.medical_tem_vertigodiseasestimulateabrtem,STIMULATE_ABR_ID,CORE2DB.medical_tem_vertigodiseasetem,ID,CORE2DB.medical_tem_vertigodiseasestimulateabrtem(STIMULATE_ABR_ID) = CORE2DB.medical_tem_vertigodiseasetem(ID),,A,declared_foreign_key,verified,"{""evidence"": ""database_declared_constraint"", ""constraint"": ""medical_tem_vertigod_stimulate_abr_id_05ce38eb_fk_medical_t""}",plan139_four_sources_plan139-20260822T000829Z; constraint medical_tem_vertigod_stimulate_abr_id_05ce38eb_fk_medical_t,
2901,CORE2DB,CORE2DB.medical_tem_vertigodiseasetem,QUESTIONNAIRE_ID,CORE2DB.medical_tem_questionnairetem,ID,CORE2DB.medical_tem_vertigodiseasetem(QUESTIONNAIRE_ID) = CORE2DB.medical_tem_questionnairetem(ID),,A,declared_foreign_key,verified,"{""evidence"": ""database_declared_constraint"", ""constraint"": ""medical_tem_vertigod_questionnaire_id_9cb172b6_fk_medical_t""}",plan139_four_sources_plan139-20260822T000829Z; constraint medical_tem_vertigod_questionnaire_id_9cb172b6_fk_medical_t,
2902,CORE2DB,CORE2DB.medical_tem_vertigodiseasetympanogramtem,TYMPANOGRAM_ID,CORE2DB.medical_tem_vertigodiseasetem,ID,CORE2DB.medical_tem_vertigodiseasetympanogramtem(TYMPANOGRAM_ID) = CORE2DB.medical_tem_vertigodiseasetem(ID),,A,declared_foreign_key,verified,"{""evidence"": ""database_declared_constraint"", ""constraint"": ""medical_tem_vertigod_tympanogram_id_fed75faa_fk_medical_t""}",plan139_four_sources_plan139-20260822T000829Z; constraint medical_tem_vertigod_tympanogram_id_fed75faa_fk_medical_t,
2903,CORE2DB,CORE2DB.medical_tem_vertigodiseasevattem,VAT_ID,CORE2DB.medical_tem_vertigodiseasetem,ID,CORE2DB.medical_tem_vertigodiseasevattem(VAT_ID) = CORE2DB.medical_tem_vertigodiseasetem(ID),,A,declared_foreign_key,verified,"{""evidence"": ""database_declared_constraint"", ""constraint"": ""medical_tem_vertigod_vat_id_dfb89dca_fk_medical_t""}",plan139_four_sources_plan139-20260822T000829Z; constraint medical_tem_vertigod_vat_id_dfb89dca_fk_medical_t,
2904,CORE2DB,CORE2DB.medical_tem_vertigodiseasevemptem,VEMP_ID,CORE2DB.medical_tem_vertigodiseasetem,ID,CORE2DB.medical_tem_vertigodiseasevemptem(VEMP_ID) = CORE2DB.medical_tem_vertigodiseasetem(ID),,A,declared_foreign_key,verified,"{""evidence"": ""database_declared_constraint"", ""constraint"": ""medical_tem_vertigod_vemp_id_79cfff80_fk_medical_t""}",plan139_four_sources_plan139-20260822T000829Z; constraint medical_tem_vertigod_vemp_id_79cfff80_fk_medical_t,
2905,CORE2DB,CORE2DB.medical_tem_visualrecordtem,OUT_RECORD_TEM_ID,CORE2DB.medical_tem_outrecordtem,ID,CORE2DB.medical_tem_visualrecordtem(OUT_RECORD_TEM_ID) = CORE2DB.medical_tem_outrecordtem(ID),,A,declared_foreign_key,verified,"{""evidence"": ""database_declared_constraint"", ""constraint"": ""medical_tem_visualre_out_record_tem_id_a7122c52_fk_medical_t""}",plan139_four_sources_plan139-20260822T000829Z; constraint medical_tem_visualre_out_record_tem_id_a7122c52_fk_medical_t,
2906,CORE2DB,CORE2DB.medical_tem_wardroundrecordtem,DISEASE_COURSE_RECORD_TEM_ID,CORE2DB.medical_tem_diseasecourserecordtem,ID,CORE2DB.medical_tem_wardroundrecordtem(DISEASE_COURSE_RECORD_TEM_ID) = CORE2DB.medical_tem_diseasecourserecordtem(ID),,A,declared_foreign_key,verified,"{""evidence"": ""database_declared_constraint"", ""constraint"": ""medical_tem_wardroun_disease_course_recor_a5d1dcb6_fk_medical_t""}",plan139_four_sources_plan139-20260822T000829Z; constraint medical_tem_wardroun_disease_course_recor_a5d1dcb6_fk_medical_t,
2907,CORE2DB,CORE2DB.notification_groupmessage,GROUP_ID,CORE2DB.notification_manypracboardrooms,ID,CORE2DB.notification_groupmessage(GROUP_ID) = CORE2DB.notification_manypracboardrooms(ID),,A,declared_foreign_key,verified,"{""evidence"": ""database_declared_constraint"", ""constraint"": ""notification_groupme_group_id_c97c829a_fk_notificat""}",plan139_four_sources_plan139-20260822T000829Z; constraint notification_groupme_group_id_c97c829a_fk_notificat,
2908,CORE2DB,CORE2DB.notification_groupmessage,SENDER_ID,CORE2DB.data_api_practitioner,ID,CORE2DB.notification_groupmessage(SENDER_ID) = CORE2DB.data_api_practitioner(ID),,A,declared_foreign_key,verified,"{""evidence"": ""database_declared_constraint"", ""constraint"": ""notification_groupme_sender_id_a6ce93a5_fk_data_api_""}",plan139_four_sources_plan139-20260822T000829Z; constraint notification_groupme_sender_id_a6ce93a5_fk_data_api_,
2909,CORE2DB,CORE2DB.notification_liveboardrooms,GROUP_OWNER_ID,CORE2DB.data_api_practitioner,ID,CORE2DB.notification_liveboardrooms(GROUP_OWNER_ID) = CORE2DB.data_api_practitioner(ID),,A,declared_foreign_key,verified,"{""evidence"": ""database_declared_constraint"", ""constraint"": ""notification_liveboa_group_owner_id_e7498e96_fk_data_api_""}",plan139_four_sources_plan139-20260822T000829Z; constraint notification_liveboa_group_owner_id_e7498e96_fk_data_api_,
2910,CORE2DB,CORE2DB.notification_liveboardrooms,LIVE_ROOM_ID,CORE2DB.notification_liveroom,ID,CORE2DB.notification_liveboardrooms(LIVE_ROOM_ID) = CORE2DB.notification_liveroom(ID),,A,declared_foreign_key,verified,"{""evidence"": ""database_declared_constraint"", ""constraint"": ""notification_liveboa_live_room_id_2698126d_fk_notificat""}",plan139_four_sources_plan139-20260822T000829Z; constraint notification_liveboa_live_room_id_2698126d_fk_notificat,
2911,CORE2DB,CORE2DB.notification_liveboardrooms_group_prac,LIVEBOARDROOMS_ID,CORE2DB.notification_liveboardrooms,ID,CORE2DB.notification_liveboardrooms_group_prac(LIVEBOARDROOMS_ID) = CORE2DB.notification_liveboardrooms(ID),,A,declared_foreign_key,verified,"{""evidence"": ""database_declared_constraint"", ""constraint"": ""notification_liveboa_liveboardrooms_id_6df0c8ea_fk_notificat""}",plan139_four_sources_plan139-20260822T000829Z; constraint notification_liveboa_liveboardrooms_id_6df0c8ea_fk_notificat,
2912,CORE2DB,CORE2DB.notification_liveboardrooms_group_prac,PRACTITIONER_ID,CORE2DB.data_api_practitioner,ID,CORE2DB.notification_liveboardrooms_group_prac(PRACTITIONER_ID) = CORE2DB.data_api_practitioner(ID),,A,declared_foreign_key,verified,"{""evidence"": ""database_declared_constraint"", ""constraint"": ""notification_liveboa_practitioner_id_067344af_fk_data_api_""}",plan139_four_sources_plan139-20260822T000829Z; constraint notification_liveboa_practitioner_id_067344af_fk_data_api_,
2913,CORE2DB,CORE2DB.notification_liveboardrooms_group_visitor,LIVEBOARDROOMS_ID,CORE2DB.notification_liveboardrooms,ID,CORE2DB.notification_liveboardrooms_group_visitor(LIVEBOARDROOMS_ID) = CORE2DB.notification_liveboardrooms(ID),,A,declared_foreign_key,verified,"{""evidence"": ""database_declared_constraint"", ""constraint"": ""notification_liveboa_liveboardrooms_id_7dd13123_fk_notificat""}",plan139_four_sources_plan139-20260822T000829Z; constraint notification_liveboa_liveboardrooms_id_7dd13123_fk_notificat,
2914,CORE2DB,CORE2DB.notification_liveboardrooms_group_visitor,VISITORS_ID,CORE2DB.data_api_visitors,ID,CORE2DB.notification_liveboardrooms_group_visitor(VISITORS_ID) = CORE2DB.data_api_visitors(ID),,A,declared_foreign_key,verified,"{""evidence"": ""database_declared_constraint"", ""constraint"": ""notification_liveboa_visitors_id_64a3ba6e_fk_data_api_""}",plan139_four_sources_plan139-20260822T000829Z; constraint notification_liveboa_visitors_id_64a3ba6e_fk_data_api_,
2915,CORE2DB,CORE2DB.notification_liveroom,HOSPITAL_ID,CORE2DB.data_api_hospital,ID,CORE2DB.notification_liveroom(HOSPITAL_ID) = CORE2DB.data_api_hospital(ID),,A,declared_foreign_key,verified,"{""evidence"": ""database_declared_constraint"", ""constraint"": ""notification_liveroo_hospital_id_f4056e7f_fk_data_api_""}",plan139_four_sources_plan139-20260822T000829Z; constraint notification_liveroo_hospital_id_f4056e7f_fk_data_api_,
2916,CORE2DB,CORE2DB.notification_manypracboardrooms,GROUP_OWNER_ID,CORE2DB.data_api_practitioner,ID,CORE2DB.notification_manypracboardrooms(GROUP_OWNER_ID) = CORE2DB.data_api_practitioner(ID),,A,declared_foreign_key,verified,"{""evidence"": ""database_declared_constraint"", ""constraint"": ""notification_manypra_group_owner_id_31d64137_fk_data_api_""}",plan139_four_sources_plan139-20260822T000829Z; constraint notification_manypra_group_owner_id_31d64137_fk_data_api_,
2917,CORE2DB,CORE2DB.notification_manypracboardrooms_blacklist,MANYPRACBOARDROOMS_ID,CORE2DB.notification_manypracboardrooms,ID,CORE2DB.notification_manypracboardrooms_blacklist(MANYPRACBOARDROOMS_ID) = CORE2DB.notification_manypracboardrooms(ID),,A,declared_foreign_key,verified,"{""evidence"": ""database_declared_constraint"", ""constraint"": ""notification_manypra_manypracboardrooms_i_2f8f82a5_fk_notificat""}",plan139_four_sources_plan139-20260822T000829Z; constraint notification_manypra_manypracboardrooms_i_2f8f82a5_fk_notificat,
2918,CORE2DB,CORE2DB.notification_manypracboardrooms_blacklist,PRACTITIONER_ID,CORE2DB.data_api_practitioner,ID,CORE2DB.notification_manypracboardrooms_blacklist(PRACTITIONER_ID) = CORE2DB.data_api_practitioner(ID),,A,declared_foreign_key,verified,"{""evidence"": ""database_declared_constraint"", ""constraint"": ""notification_manypra_practitioner_id_7aaeab25_fk_data_api_""}",plan139_four_sources_plan139-20260822T000829Z; constraint notification_manypra_practitioner_id_7aaeab25_fk_data_api_,
2919,CORE2DB,CORE2DB.notification_manypracboardrooms_group_prac,MANYPRACBOARDROOMS_ID,CORE2DB.notification_manypracboardrooms,ID,CORE2DB.notification_manypracboardrooms_group_prac(MANYPRACBOARDROOMS_ID) = CORE2DB.notification_manypracboardrooms(ID),,A,declared_foreign_key,verified,"{""evidence"": ""database_declared_constraint"", ""constraint"": ""notification_manypra_manypracboardrooms_i_a19dc7f6_fk_notificat""}",plan139_four_sources_plan139-20260822T000829Z; constraint notification_manypra_manypracboardrooms_i_a19dc7f6_fk_notificat,
2920,CORE2DB,CORE2DB.notification_manypracboardrooms_group_prac,PRACTITIONER_ID,CORE2DB.data_api_practitioner,ID,CORE2DB.notification_manypracboardrooms_group_prac(PRACTITIONER_ID) = CORE2DB.data_api_practitioner(ID),,A,declared_foreign_key,verified,"{""evidence"": ""database_declared_constraint"", ""constraint"": ""notification_manypra_practitioner_id_327a52a0_fk_data_api_""}",plan139_four_sources_plan139-20260822T000829Z; constraint notification_manypra_practitioner_id_327a52a0_fk_data_api_,
2921,CORE2DB,CORE2DB.notification_savednotis,TO_PRACTITIONER_ID,CORE2DB.data_api_practitioner,ID,CORE2DB.notification_savednotis(TO_PRACTITIONER_ID) = CORE2DB.data_api_practitioner(ID),,A,declared_foreign_key,verified,"{""evidence"": ""database_declared_constraint"", ""constraint"": ""notification_savedno_to_practitioner_id_5085d5e8_fk_data_api_""}",plan139_four_sources_plan139-20260822T000829Z; constraint notification_savedno_to_practitioner_id_5085d5e8_fk_data_api_,
2922,CORE2DB,CORE2DB.notification_savednotis,TRANSACT_ID,CORE2DB.transfer_api_transhospitaltransact,ID,CORE2DB.notification_savednotis(TRANSACT_ID) = CORE2DB.transfer_api_transhospitaltransact(ID),,A,declared_foreign_key,verified,"{""evidence"": ""database_declared_constraint"", ""constraint"": ""notification_savedno_transact_id_329de394_fk_transfer_""}",plan139_four_sources_plan139-20260822T000829Z; constraint notification_savedno_transact_id_329de394_fk_transfer_,
2923,CORE2DB,CORE2DB.notification_scene,LIVE_ROOM_ID,CORE2DB.notification_liveroom,ID,CORE2DB.notification_scene(LIVE_ROOM_ID) = CORE2DB.notification_liveroom(ID),,A,declared_foreign_key,verified,"{""evidence"": ""database_declared_constraint"", ""constraint"": ""notification_scene_live_room_id_f236b855_fk_notificat""}",plan139_four_sources_plan139-20260822T000829Z; constraint notification_scene_live_room_id_f236b855_fk_notificat,
2924,CORE2DB,CORE2DB.otp_static_staticdevice,USER_ID,CORE2DB.auth_api_userprofile,ID,CORE2DB.otp_static_staticdevice(USER_ID) = CORE2DB.auth_api_userprofile(ID),,A,declared_foreign_key,verified,"{""evidence"": ""database_declared_constraint"", ""constraint"": ""otp_static_staticdev_user_id_7f9cff2b_fk_auth_api_""}",plan139_four_sources_plan139-20260822T000829Z; constraint otp_static_staticdev_user_id_7f9cff2b_fk_auth_api_,
2925,CORE2DB,CORE2DB.otp_static_statictoken,DEVICE_ID,CORE2DB.otp_static_staticdevice,ID,CORE2DB.otp_static_statictoken(DEVICE_ID) = CORE2DB.otp_static_staticdevice(ID),,A,declared_foreign_key,verified,"{""evidence"": ""database_declared_constraint"", ""constraint"": ""otp_static_statictok_device_id_74b7c7d1_fk_otp_stati""}",plan139_four_sources_plan139-20260822T000829Z; constraint otp_static_statictok_device_id_74b7c7d1_fk_otp_stati,
2926,CORE2DB,CORE2DB.otp_totp_totpdevice,USER_ID,CORE2DB.auth_api_userprofile,ID,CORE2DB.otp_totp_totpdevice(USER_ID) = CORE2DB.auth_api_userprofile(ID),,A,declared_foreign_key,verified,"{""evidence"": ""database_declared_constraint"", ""constraint"": ""otp_totp_totpdevice_user_id_0fb18292_fk_auth_api_userprofile_id""}",plan139_four_sources_plan139-20260822T000829Z; constraint otp_totp_totpdevice_user_id_0fb18292_fk_auth_api_userprofile_id,
2927,CORE2DB,CORE2DB.speechinput_uploadaudioforms,USER_ID,CORE2DB.auth_api_userprofile,ID,CORE2DB.speechinput_uploadaudioforms(USER_ID) = CORE2DB.auth_api_userprofile(ID),,A,declared_foreign_key,verified,"{""evidence"": ""database_declared_constraint"", ""constraint"": ""speechinput_uploadau_user_id_11460181_fk_auth_api_""}",plan139_four_sources_plan139-20260822T000829Z; constraint speechinput_uploadau_user_id_11460181_fk_auth_api_,
2928,CORE2DB,CORE2DB.transfer_api_controltransprocess,TRANS_ID,CORE2DB.transfer_api_transhospitaltransact,ID,CORE2DB.transfer_api_controltransprocess(TRANS_ID) = CORE2DB.transfer_api_transhospitaltransact(ID),,A,declared_foreign_key,verified,"{""evidence"": ""database_declared_constraint"", ""constraint"": ""transfer_api_control_trans_id_034b93e1_fk_transfer_""}",plan139_four_sources_plan139-20260822T000829Z; constraint transfer_api_control_trans_id_034b93e1_fk_transfer_,
2929,CORE2DB,CORE2DB.transfer_api_transferapply,TRANSHOSPITALTRANSACT_ID,CORE2DB.transfer_api_transhospitaltransact,ID,CORE2DB.transfer_api_transferapply(TRANSHOSPITALTRANSACT_ID) = CORE2DB.transfer_api_transhospitaltransact(ID),,A,declared_foreign_key,verified,"{""evidence"": ""database_declared_constraint"", ""constraint"": ""transfer_api_transfe_transhospitaltransac_6deba902_fk_transfer_""}",plan139_four_sources_plan139-20260822T000829Z; constraint transfer_api_transfe_transhospitaltransac_6deba902_fk_transfer_,
2930,CORE2DB,CORE2DB.transfer_api_transhospitaltransact,PATIENTRECORD_ID,CORE2DB.data_api_medicalresources,ID,CORE2DB.transfer_api_transhospitaltransact(PATIENTRECORD_ID) = CORE2DB.data_api_medicalresources(ID),,A,declared_foreign_key,verified,"{""evidence"": ""database_declared_constraint"", ""constraint"": ""transfer_api_transho_PatientRecord_id_47fc4def_fk_data_api_""}",plan139_four_sources_plan139-20260822T000829Z; constraint transfer_api_transho_PatientRecord_id_47fc4def_fk_data_api_,
2931,CORE2DB,CORE2DB.transfer_api_transhospitaltransact,FROM_HOSPITAL_ID,CORE2DB.data_api_hospital,ID,CORE2DB.transfer_api_transhospitaltransact(FROM_HOSPITAL_ID) = CORE2DB.data_api_hospital(ID),,A,declared_foreign_key,verified,"{""evidence"": ""database_declared_constraint"", ""constraint"": ""transfer_api_transho_from_hospital_id_bbf24132_fk_data_api_""}",plan139_four_sources_plan139-20260822T000829Z; constraint transfer_api_transho_from_hospital_id_bbf24132_fk_data_api_,
2932,CORE2DB,CORE2DB.transfer_api_transhospitaltransact,FROM_PRACTITIONER_ID,CORE2DB.data_api_practitioner,ID,CORE2DB.transfer_api_transhospitaltransact(FROM_PRACTITIONER_ID) = CORE2DB.data_api_practitioner(ID),,A,declared_foreign_key,verified,"{""evidence"": ""database_declared_constraint"", ""constraint"": ""transfer_api_transho_from_practitioner_id_cd59d284_fk_data_api_""}",plan139_four_sources_plan139-20260822T000829Z; constraint transfer_api_transho_from_practitioner_id_cd59d284_fk_data_api_,
2933,CORE2DB,CORE2DB.transfer_api_transhospitaltransact,FROM_SUBJECT_ID,CORE2DB.data_api_transsubject,ID,CORE2DB.transfer_api_transhospitaltransact(FROM_SUBJECT_ID) = CORE2DB.data_api_transsubject(ID),,A,declared_foreign_key,verified,"{""evidence"": ""database_declared_constraint"", ""constraint"": ""transfer_api_transho_from_subject_id_62ea80a0_fk_data_api_""}",plan139_four_sources_plan139-20260822T000829Z; constraint transfer_api_transho_from_subject_id_62ea80a0_fk_data_api_,
2934,CORE2DB,CORE2DB.transfer_api_transhospitaltransact,TO_HOSPITAL_ID,CORE2DB.data_api_hospital,ID,CORE2DB.transfer_api_transhospitaltransact(TO_HOSPITAL_ID) = CORE2DB.data_api_hospital(ID),,A,declared_foreign_key,verified,"{""evidence"": ""database_declared_constraint"", ""constraint"": ""transfer_api_transho_to_hospital_id_60f07cef_fk_data_api_""}",plan139_four_sources_plan139-20260822T000829Z; constraint transfer_api_transho_to_hospital_id_60f07cef_fk_data_api_,
2935,CORE2DB,CORE2DB.transfer_api_transhospitaltransact,TO_PRACTITIONER_ID,CORE2DB.data_api_practitioner,ID,CORE2DB.transfer_api_transhospitaltransact(TO_PRACTITIONER_ID) = CORE2DB.data_api_practitioner(ID),,A,declared_foreign_key,verified,"{""evidence"": ""database_declared_constraint"", ""constraint"": ""transfer_api_transho_to_practitioner_id_63c07e35_fk_data_api_""}",plan139_four_sources_plan139-20260822T000829Z; constraint transfer_api_transho_to_practitioner_id_63c07e35_fk_data_api_,
2936,CORE2DB,CORE2DB.transfer_api_transhospitaltransact,TO_SUBJECT_ID,CORE2DB.data_api_transsubject,ID,CORE2DB.transfer_api_transhospitaltransact(TO_SUBJECT_ID) = CORE2DB.data_api_transsubject(ID),,A,declared_foreign_key,verified,"{""evidence"": ""database_declared_constraint"", ""constraint"": ""transfer_api_transho_to_subject_id_5eda5069_fk_data_api_""}",plan139_four_sources_plan139-20260822T000829Z; constraint transfer_api_transho_to_subject_id_5eda5069_fk_data_api_,
2937,CORE2DB,CORE2DB.two_factor_phonedevice,USER_ID,CORE2DB.auth_api_userprofile,ID,CORE2DB.two_factor_phonedevice(USER_ID) = CORE2DB.auth_api_userprofile(ID),,A,declared_foreign_key,verified,"{""evidence"": ""database_declared_constraint"", ""constraint"": ""two_factor_phonedevi_user_id_54718003_fk_auth_api_""}",plan139_four_sources_plan139-20260822T000829Z; constraint two_factor_phonedevi_user_id_54718003_fk_auth_api_,
3220,OA,OA.EZOFFICE.EZ_FLOW_GE_BYTEARRAY,DEPLOYMENT_ID_,OA.EZOFFICE.EZ_FLOW_RE_DEPLOYMENT,ID_,OA.EZOFFICE.EZ_FLOW_GE_BYTEARRAY(DEPLOYMENT_ID_) = OA.EZOFFICE.EZ_FLOW_RE_DEPLOYMENT(ID_),,A,declared_foreign_key,verified,"{""evidence"": ""database_declared_constraint"", ""constraint"": ""ACT_FK_BYTEARR_DEPL""}",plan139_four_sources_oa-20260822; constraint ACT_FK_BYTEARR_DEPL,
3221,OA,OA.EZOFFICE.EZ_FLOW_ID_MEMBERSHIP,GROUP_ID_,OA.EZOFFICE.EZ_FLOW_ID_GROUP,ID_,OA.EZOFFICE.EZ_FLOW_ID_MEMBERSHIP(GROUP_ID_) = OA.EZOFFICE.EZ_FLOW_ID_GROUP(ID_),,A,declared_foreign_key,verified,"{""evidence"": ""database_declared_constraint"", ""constraint"": ""ACT_FK_MEMB_GROUP""}",plan139_four_sources_oa-20260822; constraint ACT_FK_MEMB_GROUP,
3222,OA,OA.EZOFFICE.EZ_FLOW_ID_MEMBERSHIP,USER_ID_,OA.EZOFFICE.EZ_FLOW_ID_USER,ID_,OA.EZOFFICE.EZ_FLOW_ID_MEMBERSHIP(USER_ID_) = OA.EZOFFICE.EZ_FLOW_ID_USER(ID_),,A,declared_foreign_key,verified,"{""evidence"": ""database_declared_constraint"", ""constraint"": ""ACT_FK_MEMB_USER""}",plan139_four_sources_oa-20260822; constraint ACT_FK_MEMB_USER,
3223,OA,OA.EZOFFICE.EZ_FLOW_RU_EVENT_SUBSCR,EXECUTION_ID_,OA.EZOFFICE.EZ_FLOW_RU_EXECUTION,ID_,OA.EZOFFICE.EZ_FLOW_RU_EVENT_SUBSCR(EXECUTION_ID_) = OA.EZOFFICE.EZ_FLOW_RU_EXECUTION(ID_),,A,declared_foreign_key,verified,"{""evidence"": ""database_declared_constraint"", ""constraint"": ""ACT_FK_EVENT_EXEC""}",plan139_four_sources_oa-20260822; constraint ACT_FK_EVENT_EXEC,
3224,OA,OA.EZOFFICE.EZ_FLOW_RU_EXECUTION,PARENT_ID_,OA.EZOFFICE.EZ_FLOW_RU_EXECUTION,ID_,OA.EZOFFICE.EZ_FLOW_RU_EXECUTION(PARENT_ID_) = OA.EZOFFICE.EZ_FLOW_RU_EXECUTION(ID_),,A,declared_foreign_key,verified,"{""evidence"": ""database_declared_constraint"", ""constraint"": ""ACT_FK_EXE_PARENT""}",plan139_four_sources_oa-20260822; constraint ACT_FK_EXE_PARENT,
3225,OA,OA.EZOFFICE.EZ_FLOW_RU_EXECUTION,SUPER_EXEC_,OA.EZOFFICE.EZ_FLOW_RU_EXECUTION,ID_,OA.EZOFFICE.EZ_FLOW_RU_EXECUTION(SUPER_EXEC_) = OA.EZOFFICE.EZ_FLOW_RU_EXECUTION(ID_),,A,declared_foreign_key,verified,"{""evidence"": ""database_declared_constraint"", ""constraint"": ""ACT_FK_EXE_SUPER""}",plan139_four_sources_oa-20260822; constraint ACT_FK_EXE_SUPER,
3226,OA,OA.EZOFFICE.EZ_FLOW_RU_IDENTITYLINK,TASK_ID_,OA.EZOFFICE.EZ_FLOW_RU_TASK,ID_,OA.EZOFFICE.EZ_FLOW_RU_IDENTITYLINK(TASK_ID_) = OA.EZOFFICE.EZ_FLOW_RU_TASK(ID_),,A,declared_foreign_key,verified,"{""evidence"": ""database_declared_constraint"", ""constraint"": ""ACT_FK_TSKASS_TASK""}",plan139_four_sources_oa-20260822; constraint ACT_FK_TSKASS_TASK,
3227,OA,OA.EZOFFICE.EZ_FLOW_RU_JOB,EXCEPTION_STACK_ID_,OA.EZOFFICE.EZ_FLOW_GE_BYTEARRAY,ID_,OA.EZOFFICE.EZ_FLOW_RU_JOB(EXCEPTION_STACK_ID_) = OA.EZOFFICE.EZ_FLOW_GE_BYTEARRAY(ID_),,A,declared_foreign_key,verified,"{""evidence"": ""database_declared_constraint"", ""constraint"": ""ACT_FK_JOB_EXCEPTION""}",plan139_four_sources_oa-20260822; constraint ACT_FK_JOB_EXCEPTION,
3228,OA,OA.EZOFFICE.EZ_FLOW_RU_TASK,EXECUTION_ID_,OA.EZOFFICE.EZ_FLOW_RU_EXECUTION,ID_,OA.EZOFFICE.EZ_FLOW_RU_TASK(EXECUTION_ID_) = OA.EZOFFICE.EZ_FLOW_RU_EXECUTION(ID_),,A,declared_foreign_key,verified,"{""evidence"": ""database_declared_constraint"", ""constraint"": ""ACT_FK_TASK_EXE""}",plan139_four_sources_oa-20260822; constraint ACT_FK_TASK_EXE,
3229,OA,OA.EZOFFICE.EZ_FLOW_RU_TASK,PROC_DEF_ID_,OA.EZOFFICE.EZ_FLOW_RE_PROCDEF,ID_,OA.EZOFFICE.EZ_FLOW_RU_TASK(PROC_DEF_ID_) = OA.EZOFFICE.EZ_FLOW_RE_PROCDEF(ID_),,A,declared_foreign_key,verified,"{""evidence"": ""database_declared_constraint"", ""constraint"": ""ACT_FK_TASK_PROCDEF""}",plan139_four_sources_oa-20260822; constraint ACT_FK_TASK_PROCDEF,
3230,OA,OA.EZOFFICE.EZ_FLOW_RU_VARIABLE,BYTEARRAY_ID_,OA.EZOFFICE.EZ_FLOW_GE_BYTEARRAY,ID_,OA.EZOFFICE.EZ_FLOW_RU_VARIABLE(BYTEARRAY_ID_) = OA.EZOFFICE.EZ_FLOW_GE_BYTEARRAY(ID_),,A,declared_foreign_key,verified,"{""evidence"": ""database_declared_constraint"", ""constraint"": ""ACT_FK_VAR_BYTEARRAY""}",plan139_four_sources_oa-20260822; constraint ACT_FK_VAR_BYTEARRAY,
3231,OA,OA.EZOFFICE.EZ_FLOW_RU_VARIABLE,EXECUTION_ID_,OA.EZOFFICE.EZ_FLOW_RU_EXECUTION,ID_,OA.EZOFFICE.EZ_FLOW_RU_VARIABLE(EXECUTION_ID_) = OA.EZOFFICE.EZ_FLOW_RU_EXECUTION(ID_),,A,declared_foreign_key,verified,"{""evidence"": ""database_declared_constraint"", ""constraint"": ""ACT_FK_VAR_EXE""}",plan139_four_sources_oa-20260822; constraint ACT_FK_VAR_EXE,
3232,OA,OA.EZOFFICE.EZ_FLOW_RU_VARIABLE,PROC_INST_ID_,OA.EZOFFICE.EZ_FLOW_RU_EXECUTION,ID_,OA.EZOFFICE.EZ_FLOW_RU_VARIABLE(PROC_INST_ID_) = OA.EZOFFICE.EZ_FLOW_RU_EXECUTION(ID_),,A,declared_foreign_key,verified,"{""evidence"": ""database_declared_constraint"", ""constraint"": ""ACT_FK_VAR_PROCINST""}",plan139_four_sources_oa-20260822; constraint ACT_FK_VAR_PROCINST,
3233,OA,OA.EZOFFICE.EZ_KNOWLEDGE_DOCUMENT,KNOWLEDGEID,OA.EZOFFICE.EZ_KNOWLEDGE_CATEGORY,ID,OA.EZOFFICE.EZ_KNOWLEDGE_DOCUMENT(KNOWLEDGEID) = OA.EZOFFICE.EZ_KNOWLEDGE_CATEGORY(ID),,A,declared_foreign_key,verified,"{""evidence"": ""database_declared_constraint"", ""constraint"": ""FK_EZ_KD_KDID""}",plan139_four_sources_oa-20260822; constraint FK_EZ_KD_KDID,
3234,OA,OA.EZOFFICE.EZ_ZHIDAO_QUESTION,CLASSID,OA.EZOFFICE.EZ_ZHIDAO_CLASS,ID,OA.EZOFFICE.EZ_ZHIDAO_QUESTION(CLASSID) = OA.EZOFFICE.EZ_ZHIDAO_CLASS(ID),,A,declared_foreign_key,verified,"{""evidence"": ""database_declared_constraint"", ""constraint"": ""FK_CLASSID""}",plan139_four_sources_oa-20260822; constraint FK_CLASSID,
3235,OA,OA.EZOFFICE.GJ_EMPLOYEECHANGE,EMPCHANGE_CHANGETYPE,OA.EZOFFICE.GJ_EMPCHANGETYPE,ID,OA.EZOFFICE.GJ_EMPLOYEECHANGE(EMPCHANGE_CHANGETYPE) = OA.EZOFFICE.GJ_EMPCHANGETYPE(ID),,A,declared_foreign_key,verified,"{""evidence"": ""database_declared_constraint"", ""constraint"": ""fk_gj_employeechange""}",plan139_four_sources_oa-20260822; constraint fk_gj_employeechange,
3236,OA,OA.EZOFFICE.GJ_GOODSSTOCK,GOODS_ID,OA.EZOFFICE.GJ_GOODS,GOODS_ID,OA.EZOFFICE.GJ_GOODSSTOCK(GOODS_ID) = OA.EZOFFICE.GJ_GOODS(GOODS_ID),,A,declared_foreign_key,verified,"{""evidence"": ""database_declared_constraint"", ""constraint"": ""FK_GJ_GOODS_REFERENCE_GJ_GOOD2""}",plan139_four_sources_oa-20260822; constraint FK_GJ_GOODS_REFERENCE_GJ_GOOD2,
3237,OA,OA.EZOFFICE.GJ_GOODSSTOCK,STOCK_ID,OA.EZOFFICE.GJ_STOCK,STOCK_ID,OA.EZOFFICE.GJ_GOODSSTOCK(STOCK_ID) = OA.EZOFFICE.GJ_STOCK(STOCK_ID),,A,declared_foreign_key,verified,"{""evidence"": ""database_declared_constraint"", ""constraint"": ""FK_GJ_GOODS_REFERENCE_GJ_STOC3""}",plan139_four_sources_oa-20260822; constraint FK_GJ_GOODS_REFERENCE_GJ_STOC3,
3238,OA,OA.EZOFFICE.GOV_PLEASECHECKCOMMENT,PLEASECHECK_ID,OA.EZOFFICE.GOV_PLEASECHECK,PLEASECHECK_ID,OA.EZOFFICE.GOV_PLEASECHECKCOMMENT(PLEASECHECK_ID) = OA.EZOFFICE.GOV_PLEASECHECK(PLEASECHECK_ID),,A,declared_foreign_key,verified,"{""evidence"": ""database_declared_constraint"", ""constraint"": ""FK_GOV_PLEA_REFERENCE_GOV_PLEA""}",plan139_four_sources_oa-20260822; constraint FK_GOV_PLEA_REFERENCE_GOV_PLEA,
3239,OA,OA.EZOFFICE.GOV_SENDFILECHECKCOMMENT,SENDFILECHECK_ID,OA.EZOFFICE.GOV_SENDFILECHECK,SENDFILECHECK_ID,OA.EZOFFICE.GOV_SENDFILECHECKCOMMENT(SENDFILECHECK_ID) = OA.EZOFFICE.GOV_SENDFILECHECK(SENDFILECHECK_ID),,A,declared_foreign_key,verified,"{""evidence"": ""database_declared_constraint"", ""constraint"": ""FK_GOV_SEND_REFERENCE_GOV_SEND""}",plan139_four_sources_oa-20260822; constraint FK_GOV_SEND_REFERENCE_GOV_SEND,
3240,OA,OA.EZOFFICE.GOV_TELGRAPHCHECKCOMMENT,TELGRAPHCHECK_ID,OA.EZOFFICE.GOV_TELGRAPHCHECK,TELGRAPHCHECK_ID,OA.EZOFFICE.GOV_TELGRAPHCHECKCOMMENT(TELGRAPHCHECK_ID) = OA.EZOFFICE.GOV_TELGRAPHCHECK(TELGRAPHCHECK_ID),,A,declared_foreign_key,verified,"{""evidence"": ""database_declared_constraint"", ""constraint"": ""FK_GOV_TELG_REFERENCE_GOV_TELG""}",plan139_four_sources_oa-20260822; constraint FK_GOV_TELG_REFERENCE_GOV_TELG,
3241,OA,OA.EZOFFICE.HR_S_PAY_BASE,RATIO_ID,OA.EZOFFICE.HR_S_RATIO_SETTING,RATIO_ID,OA.EZOFFICE.HR_S_PAY_BASE(RATIO_ID) = OA.EZOFFICE.HR_S_RATIO_SETTING(RATIO_ID),,A,declared_foreign_key,verified,"{""evidence"": ""database_declared_constraint"", ""constraint"": ""FK_HR_S_PAY_REF_HR_S_RAT""}",plan139_four_sources_oa-20260822; constraint FK_HR_S_PAY_REF_HR_S_RAT,
3242,OA,OA.EZOFFICE.HR_S_PAY_BASE_CHANG,RATIO_ID,OA.EZOFFICE.HR_S_RATIO_SETTING,RATIO_ID,OA.EZOFFICE.HR_S_PAY_BASE_CHANG(RATIO_ID) = OA.EZOFFICE.HR_S_RATIO_SETTING(RATIO_ID),,A,declared_foreign_key,verified,"{""evidence"": ""database_declared_constraint"", ""constraint"": ""FK_HR_S_PAY_CHANG_REF_HR_S_RAT""}",plan139_four_sources_oa-20260822; constraint FK_HR_S_PAY_CHANG_REF_HR_S_RAT,
3243,OA,OA.EZOFFICE.OA_ANSWERSHEETCONTENT,ANSWERSHEETID,OA.EZOFFICE.OA_ANSWERSHEET,ANSWERSHEETID,OA.EZOFFICE.OA_ANSWERSHEETCONTENT(ANSWERSHEETID) = OA.EZOFFICE.OA_ANSWERSHEET(ANSWERSHEETID),,A,declared_foreign_key,verified,"{""evidence"": ""database_declared_constraint"", ""constraint"": ""FK_OA_ANSWE_ANSWERSHE_OA_ANSWE""}",plan139_four_sources_oa-20260822; constraint FK_OA_ANSWE_ANSWERSHE_OA_ANSWE,
3244,OA,OA.EZOFFICE.OA_ANSWERSHEETOPTION,CONTENTID,OA.EZOFFICE.OA_ANSWERSHEETCONTENT,CONTENTID,OA.EZOFFICE.OA_ANSWERSHEETOPTION(CONTENTID) = OA.EZOFFICE.OA_ANSWERSHEETCONTENT(CONTENTID),,A,declared_foreign_key,verified,"{""evidence"": ""database_declared_constraint"", ""constraint"": ""FK_OA_ANSWE_REFERENCE_OA_ANSWE""}",plan139_four_sources_oa-20260822; constraint FK_OA_ANSWE_REFERENCE_OA_ANSWE,
3245,OA,OA.EZOFFICE.OA_ARCHIVESBORROW,FILE_ID,OA.EZOFFICE.OA_ARCHIVESFILE,FILE_ID,OA.EZOFFICE.OA_ARCHIVESBORROW(FILE_ID) = OA.EZOFFICE.OA_ARCHIVESFILE(FILE_ID),,A,declared_foreign_key,verified,"{""evidence"": ""database_declared_constraint"", ""constraint"": ""FK_OA_ARCHI_OA_ARCHIBORROW""}",plan139_four_sources_oa-20260822; constraint FK_OA_ARCHI_OA_ARCHIBORROW,
3246,OA,OA.EZOFFICE.OA_ARCHIVESDOSSIERACCESSORY,DOSSIER_ID,OA.EZOFFICE.OA_ARCHIVESDOSSIER,DOSSIER_ID,OA.EZOFFICE.OA_ARCHIVESDOSSIERACCESSORY(DOSSIER_ID) = OA.EZOFFICE.OA_ARCHIVESDOSSIER(DOSSIER_ID),,A,declared_foreign_key,verified,"{""evidence"": ""database_declared_constraint"", ""constraint"": ""FK_OA_ARCHI_DOSS_DOSS_OA_ARCHI""}",plan139_four_sources_oa-20260822; constraint FK_OA_ARCHI_DOSS_DOSS_OA_ARCHI,
3247,OA,OA.EZOFFICE.OA_ARCHIVESFILE,DOSSIER_ID,OA.EZOFFICE.OA_ARCHIVESDOSSIER,DOSSIER_ID,OA.EZOFFICE.OA_ARCHIVESFILE(DOSSIER_ID) = OA.EZOFFICE.OA_ARCHIVESDOSSIER(DOSSIER_ID),,A,declared_foreign_key,verified,"{""evidence"": ""database_declared_constraint"", ""constraint"": ""FK_OA_ARCHI_FILE_DOSS_OA_ARCHI""}",plan139_four_sources_oa-20260822; constraint FK_OA_ARCHI_FILE_DOSS_OA_ARCHI,
3248,OA,OA.EZOFFICE.OA_ARCHIVESFILEACCESSORY,FILE_ID,OA.EZOFFICE.OA_ARCHIVESFILE,FILE_ID,OA.EZOFFICE.OA_ARCHIVESFILEACCESSORY(FILE_ID) = OA.EZOFFICE.OA_ARCHIVESFILE(FILE_ID),,A,declared_foreign_key,verified,"{""evidence"": ""database_declared_constraint"", ""constraint"": ""FK_OA_ARCHI_FILE_FILE_OA_ARCHI""}",plan139_four_sources_oa-20260822; constraint FK_OA_ARCHI_FILE_FILE_OA_ARCHI,
3249,OA,OA.EZOFFICE.OA_ASSOCIATEINFO,ASSOCIATEINFO,OA.EZOFFICE.OA_INFORMATION,INFORMATION_ID,OA.EZOFFICE.OA_ASSOCIATEINFO(ASSOCIATEINFO) = OA.EZOFFICE.OA_INFORMATION(INFORMATION_ID),,A,declared_foreign_key,verified,"{""evidence"": ""database_declared_constraint"", ""constraint"": ""FK_OA_ASSOC_INFOR1""}",plan139_four_sources_oa-20260822; constraint FK_OA_ASSOC_INFOR1,
3250,OA,OA.EZOFFICE.OA_BDROOMAPPACCESSORY,BOARDROOMAPPLYID,OA.EZOFFICE.OA_BOARDROOMAPPLY,BOARDROOMAPPLYID,OA.EZOFFICE.OA_BDROOMAPPACCESSORY(BOARDROOMAPPLYID) = OA.EZOFFICE.OA_BOARDROOMAPPLY(BOARDROOMAPPLYID),,A,declared_foreign_key,verified,"{""evidence"": ""database_declared_constraint"", ""constraint"": ""FK_OA_BDROO_BOARDROOM_OA_BOARD""}",plan139_four_sources_oa-20260822; constraint FK_OA_BDROO_BOARDROOM_OA_BOARD,
3251,OA,OA.EZOFFICE.OA_BDROOMEQU,BOARDROOMID,OA.EZOFFICE.OA_BOARDROOM,BOARDROOMID,OA.EZOFFICE.OA_BDROOMEQU(BOARDROOMID) = OA.EZOFFICE.OA_BOARDROOM(BOARDROOMID),,A,declared_foreign_key,verified,"{""evidence"": ""database_declared_constraint"", ""constraint"": ""fk_OA_BDROOMEQU""}",plan139_four_sources_oa-20260822; constraint fk_OA_BDROOMEQU,
3252,OA,OA.EZOFFICE.OA_BOARDROOMAPPLY,BDROOMAPPTYPEID,OA.EZOFFICE.OA_BDROOMAPPTYPE,BDROOMAPPTYPEID,OA.EZOFFICE.OA_BOARDROOMAPPLY(BDROOMAPPTYPEID) = OA.EZOFFICE.OA_BDROOMAPPTYPE(BDROOMAPPTYPEID),,A,declared_foreign_key,verified,"{""evidence"": ""database_declared_constraint"", ""constraint"": ""FK_OA_BDAPP_REFERENCE_OA_BDTYP""}",plan139_four_sources_oa-20260822; constraint FK_OA_BDAPP_REFERENCE_OA_BDTYP,
3253,OA,OA.EZOFFICE.OA_BOARDROOMAPPLY,BOARDROOMID,OA.EZOFFICE.OA_BOARDROOM,BOARDROOMID,OA.EZOFFICE.OA_BOARDROOMAPPLY(BOARDROOMID) = OA.EZOFFICE.OA_BOARDROOM(BOARDROOMID),,A,declared_foreign_key,verified,"{""evidence"": ""database_declared_constraint"", ""constraint"": ""FK_OA_BOARD_BOARDROOM_OA_BOARD""}",plan139_four_sources_oa-20260822; constraint FK_OA_BOARD_BOARDROOM_OA_BOARD,
3254,OA,OA.EZOFFICE.OA_BOOKS,BOOKSTYPEID,OA.EZOFFICE.OA_BOOKSTYPE,BOOKSTYPEID,OA.EZOFFICE.OA_BOOKS(BOOKSTYPEID) = OA.EZOFFICE.OA_BOOKSTYPE(BOOKSTYPEID),,A,declared_foreign_key,verified,"{""evidence"": ""database_declared_constraint"", ""constraint"": ""FK_OA_BOOKSTYPE_OA_BOOKS""}",plan139_four_sources_oa-20260822; constraint FK_OA_BOOKSTYPE_OA_BOOKS,
3255,OA,OA.EZOFFICE.OA_BOOKS,LIBRARYID,OA.EZOFFICE.OA_LIBRARY,LIBRARYID,OA.EZOFFICE.OA_BOOKS(LIBRARYID) = OA.EZOFFICE.OA_LIBRARY(LIBRARYID),,A,declared_foreign_key,verified,"{""evidence"": ""database_declared_constraint"", ""constraint"": ""FK_OA_BOOKS_BOOKS_LIB_OA_LIBRA""}",plan139_four_sources_oa-20260822; constraint FK_OA_BOOKS_BOOKS_LIB_OA_LIBRA,
3256,OA,OA.EZOFFICE.OA_BOOKS,RECORDID,OA.EZOFFICE.OA_RECORDTYPE,RECORDID,OA.EZOFFICE.OA_BOOKS(RECORDID) = OA.EZOFFICE.OA_RECORDTYPE(RECORDID),,A,declared_foreign_key,verified,"{""evidence"": ""database_declared_constraint"", ""constraint"": ""FK_OA_BOOKS_OA_RECORTYPE""}",plan139_four_sources_oa-20260822; constraint FK_OA_BOOKS_OA_RECORTYPE,
3257,OA,OA.EZOFFICE.OA_BOOKSTYPE,RECORDID,OA.EZOFFICE.OA_RECORDTYPE,RECORDID,OA.EZOFFICE.OA_BOOKSTYPE(RECORDID) = OA.EZOFFICE.OA_RECORDTYPE(RECORDID),,A,declared_foreign_key,verified,"{""evidence"": ""database_declared_constraint"", ""constraint"": ""FK_OA_BOOKSTYPE_OA_RECORTPYE""}",plan139_four_sources_oa-20260822; constraint FK_OA_BOOKSTYPE_OA_RECORTPYE,
3258,OA,OA.EZOFFICE.OA_BOOKSTYPE,LIBRARYID,OA.EZOFFICE.OA_LIBRARY,LIBRARYID,OA.EZOFFICE.OA_BOOKSTYPE(LIBRARYID) = OA.EZOFFICE.OA_LIBRARY(LIBRARYID),,A,declared_foreign_key,verified,"{""evidence"": ""database_declared_constraint"", ""constraint"": ""FK_OA_BOOKS_LIBRARY_B_OA_LIBRA""}",plan139_four_sources_oa-20260822; constraint FK_OA_BOOKS_LIBRARY_B_OA_LIBRA,
3259,OA,OA.EZOFFICE.OA_BORROWAPPLY,CODE,OA.EZOFFICE.OA_BOOKS,CODE,OA.EZOFFICE.OA_BORROWAPPLY(CODE) = OA.EZOFFICE.OA_BOOKS(CODE),,A,declared_foreign_key,verified,"{""evidence"": ""database_declared_constraint"", ""constraint"": ""FK_OA_BORRO_BORROWAPP_OA_BOOKS""}",plan139_four_sources_oa-20260822; constraint FK_OA_BORRO_BORROWAPP_OA_BOOKS,
3260,OA,OA.EZOFFICE.OA_BUDGETDETAIL,BUDGETID,OA.EZOFFICE.OA_BUDGET,BUDGETID,OA.EZOFFICE.OA_BUDGETDETAIL(BUDGETID) = OA.EZOFFICE.OA_BUDGET(BUDGETID),,A,declared_foreign_key,verified,"{""evidence"": ""database_declared_constraint"", ""constraint"": ""FK_OA_BUDGE_OA_BUDGEDETAIL""}",plan139_four_sources_oa-20260822; constraint FK_OA_BUDGE_OA_BUDGEDETAIL,
3261,OA,OA.EZOFFICE.OA_BUDGETDETAIL,BUDGETPARENTID,OA.EZOFFICE.OA_BUDGET,BUDGETID,OA.EZOFFICE.OA_BUDGETDETAIL(BUDGETPARENTID) = OA.EZOFFICE.OA_BUDGET(BUDGETID),,A,declared_foreign_key,verified,"{""evidence"": ""database_declared_constraint"", ""constraint"": ""FK_OA_BUDGE_OA_BUDGEDETAIL2""}",plan139_four_sources_oa-20260822; constraint FK_OA_BUDGE_OA_BUDGEDETAIL2,
3262,OA,OA.EZOFFICE.OA_BUDGETEQUIPMENT,BUDGETDETAILID,OA.EZOFFICE.OA_BUDGETDETAIL,BUDGETDETAILID,OA.EZOFFICE.OA_BUDGETEQUIPMENT(BUDGETDETAILID) = OA.EZOFFICE.OA_BUDGETDETAIL(BUDGETDETAILID),,A,declared_foreign_key,verified,"{""evidence"": ""database_declared_constraint"", ""constraint"": ""FK_OA_BUDGE_OA_BUDGEEQUIPMENT""}",plan139_four_sources_oa-20260822; constraint FK_OA_BUDGE_OA_BUDGEEQUIPMENT,
3263,OA,OA.EZOFFICE.OA_DEFFIELD,TABLE_ID,OA.EZOFFICE.OA_DEFTABLE,TABLE_ID,OA.EZOFFICE.OA_DEFFIELD(TABLE_ID) = OA.EZOFFICE.OA_DEFTABLE(TABLE_ID),,A,declared_foreign_key,verified,"{""evidence"": ""database_declared_constraint"", ""constraint"": ""FK_OA_DEFFI_REFERENCE_OA_DEFTA""}",plan139_four_sources_oa-20260822; constraint FK_OA_DEFFI_REFERENCE_OA_DEFTA,
3264,OA,OA.EZOFFICE.OA_DEFLISTFIELD,LIST_ID,OA.EZOFFICE.OA_DEFLIST,LIST_ID,OA.EZOFFICE.OA_DEFLISTFIELD(LIST_ID) = OA.EZOFFICE.OA_DEFLIST(LIST_ID),,A,declared_foreign_key,verified,"{""evidence"": ""database_declared_constraint"", ""constraint"": ""FK_OA_DEFLI_REFERENCE_OA_DEFLI""}",plan139_four_sources_oa-20260822; constraint FK_OA_DEFLI_REFERENCE_OA_DEFLI,
3265,OA,OA.EZOFFICE.OA_DEFSHOWRELATION,LIST_ID,OA.EZOFFICE.OA_DEFLIST,LIST_ID,OA.EZOFFICE.OA_DEFSHOWRELATION(LIST_ID) = OA.EZOFFICE.OA_DEFLIST(LIST_ID),,A,declared_foreign_key,verified,"{""evidence"": ""database_declared_constraint"", ""constraint"": ""FK_OA_DEFSH_REFERENCE_OA_DEFLI""}",plan139_four_sources_oa-20260822; constraint FK_OA_DEFSH_REFERENCE_OA_DEFLI,
3266,OA,OA.EZOFFICE.OA_DOSSIER_ACCESSORY,DOSSIER_ID,OA.EZOFFICE.OA_DOSSIER,DOSSIER_ID,OA.EZOFFICE.OA_DOSSIER_ACCESSORY(DOSSIER_ID) = OA.EZOFFICE.OA_DOSSIER(DOSSIER_ID),,A,declared_foreign_key,verified,"{""evidence"": ""database_declared_constraint"", ""constraint"": ""FK_DOSSDOSSI""}",plan139_four_sources_oa-20260822; constraint FK_DOSSDOSSI,
3267,OA,OA.EZOFFICE.OA_EMPTYPE_EMP,EMPTYPEID,OA.EZOFFICE.OA_EMPTYPE,EMPTYPEID,OA.EZOFFICE.OA_EMPTYPE_EMP(EMPTYPEID) = OA.EZOFFICE.OA_EMPTYPE(EMPTYPEID),,A,declared_foreign_key,verified,"{""evidence"": ""database_declared_constraint"", ""constraint"": ""FK_OA_EMPTY_EMPTYPE_E_OA_EMPTY""}",plan139_four_sources_oa-20260822; constraint FK_OA_EMPTY_EMPTYPE_E_OA_EMPTY,
3268,OA,OA.EZOFFICE.OA_EQUIPMENT,EQUIPMENTSORTID,OA.EZOFFICE.OA_EQUIPMENTTYPE,EQUIPMENTSORTID,OA.EZOFFICE.OA_EQUIPMENT(EQUIPMENTSORTID) = OA.EZOFFICE.OA_EQUIPMENTTYPE(EQUIPMENTSORTID),,A,declared_foreign_key,verified,"{""evidence"": ""database_declared_constraint"", ""constraint"": ""FK_OA_EQUIP_EQUIPMENT""}",plan139_four_sources_oa-20260822; constraint FK_OA_EQUIP_EQUIPMENT,
3269,OA,OA.EZOFFICE.OA_EQUIPMENTAPPLY,EQUIPMENTID,OA.EZOFFICE.OA_EQUIPMENT,EQUIPMENTID,OA.EZOFFICE.OA_EQUIPMENTAPPLY(EQUIPMENTID) = OA.EZOFFICE.OA_EQUIPMENT(EQUIPMENTID),,A,declared_foreign_key,verified,"{""evidence"": ""database_declared_constraint"", ""constraint"": ""FK_OA_EQUIP_EQUIPMENT_OA_EQUIP""}",plan139_four_sources_oa-20260822; constraint FK_OA_EQUIP_EQUIPMENT_OA_EQUIP,
3270,OA,OA.EZOFFICE.OA_EVENTATTENDER,EVENT_ID,OA.EZOFFICE.OA_EVENT,EVENT_ID,OA.EZOFFICE.OA_EVENTATTENDER(EVENT_ID) = OA.EZOFFICE.OA_EVENT(EVENT_ID),,A,declared_foreign_key,verified,"{""evidence"": ""database_declared_constraint"", ""constraint"": ""FK_OA_EVENTATTEND_REF_EVENT""}",plan139_four_sources_oa-20260822; constraint FK_OA_EVENTATTEND_REF_EVENT,
3271,OA,OA.EZOFFICE.OA_EXAMINATION_ANSWER_ITEM,ANSWER_ID,OA.EZOFFICE.OA_EXAMINATION_ANSWER,ANSWER_ID,OA.EZOFFICE.OA_EXAMINATION_ANSWER_ITEM(ANSWER_ID) = OA.EZOFFICE.OA_EXAMINATION_ANSWER(ANSWER_ID),,A,declared_foreign_key,verified,"{""evidence"": ""database_declared_constraint"", ""constraint"": ""FK_OA_ANSWER_ITEM""}",plan139_four_sources_oa-20260822; constraint FK_OA_ANSWER_ITEM,
3272,OA,OA.EZOFFICE.OA_EXAMINATION_ITEM,EXAMINATION_ID,OA.EZOFFICE.OA_EXAMINATION_STOCK,EXAMINATION_ID,OA.EZOFFICE.OA_EXAMINATION_ITEM(EXAMINATION_ID) = OA.EZOFFICE.OA_EXAMINATION_STOCK(EXAMINATION_ID),,A,declared_foreign_key,verified,"{""evidence"": ""database_declared_constraint"", ""constraint"": ""fk_OA_EXAMINATION_ITEM""}",plan139_four_sources_oa-20260822; constraint fk_OA_EXAMINATION_ITEM,
3273,OA,OA.EZOFFICE.OA_EXAMINATION_SELFTEST_ITEM,SELFTESTID,OA.EZOFFICE.OA_EXAMINATION_SELFTEST,SELFTESTID,OA.EZOFFICE.OA_EXAMINATION_SELFTEST_ITEM(SELFTESTID) = OA.EZOFFICE.OA_EXAMINATION_SELFTEST(SELFTESTID),,A,declared_foreign_key,verified,"{""evidence"": ""database_declared_constraint"", ""constraint"": ""fk_exaomination_selftest_item""}",plan139_four_sources_oa-20260822; constraint fk_exaomination_selftest_item,
3274,OA,OA.EZOFFICE.OA_EXAMINATION_STOCK,EXAMINATION_TYPE,OA.EZOFFICE.OA_EXAMINATION_TYPE,TYPEID,OA.EZOFFICE.OA_EXAMINATION_STOCK(EXAMINATION_TYPE) = OA.EZOFFICE.OA_EXAMINATION_TYPE(TYPEID),,A,declared_foreign_key,verified,"{""evidence"": ""database_declared_constraint"", ""constraint"": ""FK_OA_EXAMINATION_STOCK""}",plan139_four_sources_oa-20260822; constraint FK_OA_EXAMINATION_STOCK,
3275,OA,OA.EZOFFICE.OA_FORUM,CLASS_ID,OA.EZOFFICE.OA_FORUMCLASS,CLASS_ID,OA.EZOFFICE.OA_FORUM(CLASS_ID) = OA.EZOFFICE.OA_FORUMCLASS(CLASS_ID),,A,declared_foreign_key,verified,"{""evidence"": ""database_declared_constraint"", ""constraint"": ""FK_OA_FORUM_REFERENCE_OA_FORUM""}",plan139_four_sources_oa-20260822; constraint FK_OA_FORUM_REFERENCE_OA_FORUM,
3276,OA,OA.EZOFFICE.OA_HEADSEAL,HEAD_ID,OA.EZOFFICE.OA_INFORMATIONHEAD,HEAD_ID,OA.EZOFFICE.OA_HEADSEAL(HEAD_ID) = OA.EZOFFICE.OA_INFORMATIONHEAD(HEAD_ID),,A,declared_foreign_key,verified,"{""evidence"": ""database_declared_constraint"", ""constraint"": ""FK_OA_HEADS_REF_OA_INFORHEAD""}",plan139_four_sources_oa-20260822; constraint FK_OA_HEADS_REF_OA_INFORHEAD,
3277,OA,OA.EZOFFICE.OA_HEADSEAL,SEAL_ID,OA.EZOFFICE.OA_INFORMATIONSEAL,SEAL_ID,OA.EZOFFICE.OA_HEADSEAL(SEAL_ID) = OA.EZOFFICE.OA_INFORMATIONSEAL(SEAL_ID),,A,declared_foreign_key,verified,"{""evidence"": ""database_declared_constraint"", ""constraint"": ""FK_OA_HEADS_REF_OA_INFORSEAL""}",plan139_four_sources_oa-20260822; constraint FK_OA_HEADS_REF_OA_INFORSEAL,
3278,OA,OA.EZOFFICE.OA_HOS_CheckWork_DeptEmpSet,DEPTSETID,OA.EZOFFICE.OA_HOS_CheckWork_DeptSet,DEPTSETID,OA.EZOFFICE.OA_HOS_CheckWork_DeptEmpSet(DEPTSETID) = OA.EZOFFICE.OA_HOS_CheckWork_DeptSet(DEPTSETID),,A,declared_foreign_key,verified,"{""evidence"": ""database_declared_constraint"", ""constraint"": ""FK__OA_HOS_Ch__deptS__08E10149""}",plan139_four_sources_oa-20260822; constraint FK__OA_HOS_Ch__deptS__08E10149,
3279,OA,OA.EZOFFICE.OA_HOS_CheckWork_DeptEmpSet,EMPID,OA.EZOFFICE.ORG_EMPLOYEE,EMP_ID,OA.EZOFFICE.OA_HOS_CheckWork_DeptEmpSet(EMPID) = OA.EZOFFICE.ORG_EMPLOYEE(EMP_ID),,A,declared_foreign_key,verified,"{""evidence"": ""database_declared_constraint"", ""constraint"": ""FK__OA_HOS_Ch__empId__07ECDD10""}",plan139_four_sources_oa-20260822; constraint FK__OA_HOS_Ch__empId__07ECDD10,
3280,OA,OA.EZOFFICE.OA_HPRECORD,HP_TYPE,OA.EZOFFICE.OA_HORTATIONPUNISHCLASS,ID,OA.EZOFFICE.OA_HPRECORD(HP_TYPE) = OA.EZOFFICE.OA_HORTATIONPUNISHCLASS(ID),,A,declared_foreign_key,verified,"{""evidence"": ""database_declared_constraint"", ""constraint"": ""fk_OA_hprecord""}",plan139_four_sources_oa-20260822; constraint fk_OA_hprecord,
3281,OA,OA.EZOFFICE.OA_INFORHISTORYACCESSORY,HISTORY_ID,OA.EZOFFICE.OA_INFORMATIONHISTORY,HISTORY_ID,OA.EZOFFICE.OA_INFORHISTORYACCESSORY(HISTORY_ID) = OA.EZOFFICE.OA_INFORMATIONHISTORY(HISTORY_ID),,A,declared_foreign_key,verified,"{""evidence"": ""database_declared_constraint"", ""constraint"": ""FK_OA_ACCE_REF_OA_INFORHISTORY""}",plan139_four_sources_oa-20260822; constraint FK_OA_ACCE_REF_OA_INFORHISTORY,
3282,OA,OA.EZOFFICE.OA_INFORMATION,CHANNEL_ID,OA.EZOFFICE.OA_INFORMATIONCHANNEL,CHANNEL_ID,OA.EZOFFICE.OA_INFORMATION(CHANNEL_ID) = OA.EZOFFICE.OA_INFORMATIONCHANNEL(CHANNEL_ID),,A,declared_foreign_key,verified,"{""evidence"": ""database_declared_constraint"", ""constraint"": ""FK_OA_INFOR_REF_OA_CHANNEL""}",plan139_four_sources_oa-20260822; constraint FK_OA_INFOR_REF_OA_CHANNEL,
3283,OA,OA.EZOFFICE.OA_INFORMATIONACCESSORY,INFORMATION_ID,OA.EZOFFICE.OA_INFORMATION,INFORMATION_ID,OA.EZOFFICE.OA_INFORMATIONACCESSORY(INFORMATION_ID) = OA.EZOFFICE.OA_INFORMATION(INFORMATION_ID),,A,declared_foreign_key,verified,"{""evidence"": ""database_declared_constraint"", ""constraint"": ""FK_OA_ACCESORY_REF_OA_INFOR""}",plan139_four_sources_oa-20260822; constraint FK_OA_ACCESORY_REF_OA_INFOR,
3284,OA,OA.EZOFFICE.OA_INFORMATIONBROWSER,INFORMATION_ID,OA.EZOFFICE.OA_INFORMATION,INFORMATION_ID,OA.EZOFFICE.OA_INFORMATIONBROWSER(INFORMATION_ID) = OA.EZOFFICE.OA_INFORMATION(INFORMATION_ID),,A,declared_foreign_key,verified,"{""evidence"": ""database_declared_constraint"", ""constraint"": ""FK_OA_BROWSER_REF_OA_INFOR""}",plan139_four_sources_oa-20260822; constraint FK_OA_BROWSER_REF_OA_INFOR,
3285,OA,OA.EZOFFICE.OA_INFORMATIONCOMMENT,INFORMATION_ID,OA.EZOFFICE.OA_INFORMATION,INFORMATION_ID,OA.EZOFFICE.OA_INFORMATIONCOMMENT(INFORMATION_ID) = OA.EZOFFICE.OA_INFORMATION(INFORMATION_ID),,A,declared_foreign_key,verified,"{""evidence"": ""database_declared_constraint"", ""constraint"": ""FK_OA_COMMENT_REF_OA_INFOR""}",plan139_four_sources_oa-20260822; constraint FK_OA_COMMENT_REF_OA_INFOR,
3286,OA,OA.EZOFFICE.OA_INFORMATIONHISTORY,INFORMATION_ID,OA.EZOFFICE.OA_INFORMATION,INFORMATION_ID,OA.EZOFFICE.OA_INFORMATIONHISTORY(INFORMATION_ID) = OA.EZOFFICE.OA_INFORMATION(INFORMATION_ID),,A,declared_foreign_key,verified,"{""evidence"": ""database_declared_constraint"", ""constraint"": ""FK_OA_HISTORY_REF_OA_INFOR""}",plan139_four_sources_oa-20260822; constraint FK_OA_HISTORY_REF_OA_INFOR,
3287,OA,OA.EZOFFICE.OA_KEEPWATCHPLAN_DETAIL,PLAN_ID,OA.EZOFFICE.OA_KEEPWATCHPLAN,PLAN_ID,OA.EZOFFICE.OA_KEEPWATCHPLAN_DETAIL(PLAN_ID) = OA.EZOFFICE.OA_KEEPWATCHPLAN(PLAN_ID),,A,declared_foreign_key,verified,"{""evidence"": ""database_declared_constraint"", ""constraint"": ""FOREIGN_PLAN_DETAIL""}",plan139_four_sources_oa-20260822; constraint FOREIGN_PLAN_DETAIL,
3288,OA,OA.EZOFFICE.OA_LINKMAN,CLASS_ID,OA.EZOFFICE.OA_LINKMANCLASS,CLASS_ID,OA.EZOFFICE.OA_LINKMAN(CLASS_ID) = OA.EZOFFICE.OA_LINKMANCLASS(CLASS_ID),,A,declared_foreign_key,verified,"{""evidence"": ""database_declared_constraint"", ""constraint"": ""FK_OA_LINKM_REFERENCE_OA_LINKM""}",plan139_four_sources_oa-20260822; constraint FK_OA_LINKM_REFERENCE_OA_LINKM,
3289,OA,OA.EZOFFICE.OA_MAILACCESSORY,MAIL_ID,OA.EZOFFICE.OA_MAILINTERIOR,MAIL_ID,OA.EZOFFICE.OA_MAILACCESSORY(MAIL_ID) = OA.EZOFFICE.OA_MAILINTERIOR(MAIL_ID),,A,declared_foreign_key,verified,"{""evidence"": ""database_declared_constraint"", ""constraint"": ""FK_OA_ACCESSORY_REF_OA_MAILI""}",plan139_four_sources_oa-20260822; constraint FK_OA_ACCESSORY_REF_OA_MAILI,
3290,OA,OA.EZOFFICE.OA_MAILATTACH,MAILDEPUTY_ID,OA.EZOFFICE.OA_MAILDEPUTY,MAILDEPUTY_ID,OA.EZOFFICE.OA_MAILATTACH(MAILDEPUTY_ID) = OA.EZOFFICE.OA_MAILDEPUTY(MAILDEPUTY_ID),,A,declared_foreign_key,verified,"{""evidence"": ""database_declared_constraint"", ""constraint"": ""FK_OA_MAILATTACH_REF_OA_DEPUTY""}",plan139_four_sources_oa-20260822; constraint FK_OA_MAILATTACH_REF_OA_DEPUTY,
3291,OA,OA.EZOFFICE.OA_MAIL_USER,MAIL_ID,OA.EZOFFICE.OA_MAILINTERIOR,MAIL_ID,OA.EZOFFICE.OA_MAIL_USER(MAIL_ID) = OA.EZOFFICE.OA_MAILINTERIOR(MAIL_ID),,A,declared_foreign_key,verified,"{""evidence"": ""database_declared_constraint"", ""constraint"": ""FK_OA_USER_REF_OA_MAILINTERIOR""}",plan139_four_sources_oa-20260822; constraint FK_OA_USER_REF_OA_MAILINTERIOR,
3292,OA,OA.EZOFFICE.OA_NETADDRESS,CLASS_ID,OA.EZOFFICE.OA_NETADDRESSCLASS,CLASS_ID,OA.EZOFFICE.OA_NETADDRESS(CLASS_ID) = OA.EZOFFICE.OA_NETADDRESSCLASS(CLASS_ID),,A,declared_foreign_key,verified,"{""evidence"": ""database_declared_constraint"", ""constraint"": ""FK_OA_NETADDRESS_REF_OA_CLASS""}",plan139_four_sources_oa-20260822; constraint FK_OA_NETADDRESS_REF_OA_CLASS,
3293,OA,OA.EZOFFICE.OA_NETSURVEYITEM,SURVEY_ID,OA.EZOFFICE.OA_NETSURVEY,SURVEY_ID,OA.EZOFFICE.OA_NETSURVEYITEM(SURVEY_ID) = OA.EZOFFICE.OA_NETSURVEY(SURVEY_ID),,A,declared_foreign_key,verified,"{""evidence"": ""database_declared_constraint"", ""constraint"": ""FK_OA_SURITEM_REF_OA_NETSURVEY""}",plan139_four_sources_oa-20260822; constraint FK_OA_SURITEM_REF_OA_NETSURVEY,
3294,OA,OA.EZOFFICE.OA_NETSURVEYVOTE,ITEM_ID,OA.EZOFFICE.OA_NETSURVEYITEM,ITEM_ID,OA.EZOFFICE.OA_NETSURVEYVOTE(ITEM_ID) = OA.EZOFFICE.OA_NETSURVEYITEM(ITEM_ID),,A,declared_foreign_key,verified,"{""evidence"": ""database_declared_constraint"", ""constraint"": ""FK_OA_VOTE_REF_OA_SURVEYITEM""}",plan139_four_sources_oa-20260822; constraint FK_OA_VOTE_REF_OA_SURVEYITEM,
3295,OA,OA.EZOFFICE.OA_PROJECTSTEP,CLASS_ID,OA.EZOFFICE.OA_WORKPROJECTCLASS,CLASS_ID,OA.EZOFFICE.OA_PROJECTSTEP(CLASS_ID) = OA.EZOFFICE.OA_WORKPROJECTCLASS(CLASS_ID),,A,declared_foreign_key,verified,"{""evidence"": ""database_declared_constraint"", ""constraint"": ""FK_OA_PROJE_REFERENCE_OA_WORKP""}",plan139_four_sources_oa-20260822; constraint FK_OA_PROJE_REFERENCE_OA_WORKP,
3296,OA,OA.EZOFFICE.OA_QUESTHEME,QUESTIONNAIREID,OA.EZOFFICE.OA_QUESTIONNAIRE,QUESTIONNAIREID,OA.EZOFFICE.OA_QUESTHEME(QUESTIONNAIREID) = OA.EZOFFICE.OA_QUESTIONNAIRE(QUESTIONNAIREID),,A,declared_foreign_key,verified,"{""evidence"": ""database_declared_constraint"", ""constraint"": ""FK_OA_QUEST_QUESTIONN_OA_QUEST""}",plan139_four_sources_oa-20260822; constraint FK_OA_QUEST_QUESTIONN_OA_QUEST,
3297,OA,OA.EZOFFICE.OA_TASKEXEC,TASK_ID,OA.EZOFFICE.OA_TASK,TASK_ID,OA.EZOFFICE.OA_TASKEXEC(TASK_ID) = OA.EZOFFICE.OA_TASK(TASK_ID),,A,declared_foreign_key,verified,"{""evidence"": ""database_declared_constraint"", ""constraint"": ""FK_OA_TASKEXEC_REF_OA_TASK""}",plan139_four_sources_oa-20260822; constraint FK_OA_TASKEXEC_REF_OA_TASK,
3298,OA,OA.EZOFFICE.OA_THEMEOPTION,QUESTHEMEID,OA.EZOFFICE.OA_QUESTHEME,QUESTHEMEID,OA.EZOFFICE.OA_THEMEOPTION(QUESTHEMEID) = OA.EZOFFICE.OA_QUESTHEME(QUESTHEMEID),,A,declared_foreign_key,verified,"{""evidence"": ""database_declared_constraint"", ""constraint"": ""FK_OA_THEME_THEME_THE_OA_QUEST""}",plan139_four_sources_oa-20260822; constraint FK_OA_THEME_THEME_THE_OA_QUEST,
3299,OA,OA.EZOFFICE.OA_TRAINRECORD,TRAIN_CLASS,OA.EZOFFICE.OA_TRAINCLASS,ID,OA.EZOFFICE.OA_TRAINRECORD(TRAIN_CLASS) = OA.EZOFFICE.OA_TRAINCLASS(ID),,A,declared_foreign_key,verified,"{""evidence"": ""database_declared_constraint"", ""constraint"": ""FK_OA_TRAINRECORD""}",plan139_four_sources_oa-20260822; constraint FK_OA_TRAINRECORD,
3300,OA,OA.EZOFFICE.OA_TRAINRECORD,TRAIN_METHOD,OA.EZOFFICE.oa_sysdict,DICTID,OA.EZOFFICE.OA_TRAINRECORD(TRAIN_METHOD) = OA.EZOFFICE.oa_sysdict(DICTID),,A,declared_foreign_key,verified,"{""evidence"": ""database_declared_constraint"", ""constraint"": ""FK_OA_TR_REFERENCE_OA_SYSDICT""}",plan139_four_sources_oa-20260822; constraint FK_OA_TR_REFERENCE_OA_SYSDICT,
3301,OA,OA.EZOFFICE.OA_TRAINRECORD,TRAIN_EMP_TYPE,OA.EZOFFICE.oa_sysdict,DICTID,OA.EZOFFICE.OA_TRAINRECORD(TRAIN_EMP_TYPE) = OA.EZOFFICE.oa_sysdict(DICTID),,A,declared_foreign_key,verified,"{""evidence"": ""database_declared_constraint"", ""constraint"": ""FK_OA_TR_REFERENCE_OA_SYSDICT2""}",plan139_four_sources_oa-20260822; constraint FK_OA_TR_REFERENCE_OA_SYSDICT2,
3302,OA,OA.EZOFFICE.OA_VOITURE,VOITURETYPEID,OA.EZOFFICE.OA_VOITURETYPE,VOITURETYPEID,OA.EZOFFICE.OA_VOITURE(VOITURETYPEID) = OA.EZOFFICE.OA_VOITURETYPE(VOITURETYPEID),,A,declared_foreign_key,verified,"{""evidence"": ""database_declared_constraint"", ""constraint"": ""FK_OA_VOITU_VOITURETY_OA_VOITU""}",plan139_four_sources_oa-20260822; constraint FK_OA_VOITU_VOITURETY_OA_VOITU,
3303,OA,OA.EZOFFICE.OA_VOITUREAPPLY,VOITUREID,OA.EZOFFICE.OA_VOITURE,VOITUREID,OA.EZOFFICE.OA_VOITUREAPPLY(VOITUREID) = OA.EZOFFICE.OA_VOITURE(VOITUREID),,A,declared_foreign_key,verified,"{""evidence"": ""database_declared_constraint"", ""constraint"": ""FK_OA_VOITU_APPLY_OA_VOITUER""}",plan139_four_sources_oa-20260822; constraint FK_OA_VOITU_APPLY_OA_VOITUER,
3304,OA,OA.EZOFFICE.OA_VOITUREAUDITING,APPLYID,OA.EZOFFICE.OA_VOITUREAPPLY,APPLYID,OA.EZOFFICE.OA_VOITUREAUDITING(APPLYID) = OA.EZOFFICE.OA_VOITUREAPPLY(APPLYID),,A,declared_foreign_key,verified,"{""evidence"": ""database_declared_constraint"", ""constraint"": ""FK_OA_VOITUAUDI_OA_VOITUAPP""}",plan139_four_sources_oa-20260822; constraint FK_OA_VOITUAUDI_OA_VOITUAPP,
3305,OA,OA.EZOFFICE.OA_VOITURECANCEL,APPLYID,OA.EZOFFICE.OA_VOITUREAPPLY,APPLYID,OA.EZOFFICE.OA_VOITURECANCEL(APPLYID) = OA.EZOFFICE.OA_VOITUREAPPLY(APPLYID),,A,declared_foreign_key,verified,"{""evidence"": ""database_declared_constraint"", ""constraint"": ""FK_OA_VOITUCAN_OA_VOITUAPP""}",plan139_four_sources_oa-20260822; constraint FK_OA_VOITUCAN_OA_VOITUAPP,
3306,OA,OA.EZOFFICE.OA_VOITUREFEE,VOITUREID,OA.EZOFFICE.OA_VOITURE,VOITUREID,OA.EZOFFICE.OA_VOITUREFEE(VOITUREID) = OA.EZOFFICE.OA_VOITURE(VOITUREID),,A,declared_foreign_key,verified,"{""evidence"": ""database_declared_constraint"", ""constraint"": ""FK_OA_VOITU_VOITUREFE_OA_VOITU""}",plan139_four_sources_oa-20260822; constraint FK_OA_VOITU_VOITUREFE_OA_VOITU,
3307,OA,OA.EZOFFICE.OA_VOITUREMAINTAIN,VOITUREID,OA.EZOFFICE.OA_VOITURE,VOITUREID,OA.EZOFFICE.OA_VOITUREMAINTAIN(VOITUREID) = OA.EZOFFICE.OA_VOITURE(VOITUREID),,A,declared_foreign_key,verified,"{""evidence"": ""database_declared_constraint"", ""constraint"": ""FK_OA_VOITU_VOITUREMA_OA_VOITU""}",plan139_four_sources_oa-20260822; constraint FK_OA_VOITU_VOITUREMA_OA_VOITU,
3308,OA,OA.EZOFFICE.OA_VOITURESEND,APPLYID,OA.EZOFFICE.OA_VOITUREAPPLY,APPLYID,OA.EZOFFICE.OA_VOITURESEND(APPLYID) = OA.EZOFFICE.OA_VOITUREAPPLY(APPLYID),,A,declared_foreign_key,verified,"{""evidence"": ""database_declared_constraint"", ""constraint"": ""FK_OA_VOITU_VOITUREAP_OA_VOITU""}",plan139_four_sources_oa-20260822; constraint FK_OA_VOITU_VOITUREAP_OA_VOITU,
3309,OA,OA.EZOFFICE.OA_VOITURESEND,VOITUREID,OA.EZOFFICE.OA_VOITURE,VOITUREID,OA.EZOFFICE.OA_VOITURESEND(VOITUREID) = OA.EZOFFICE.OA_VOITURE(VOITUREID),,A,declared_foreign_key,verified,"{""evidence"": ""database_declared_constraint"", ""constraint"": ""FK_OA_VOITU_VOITURESE_OA_VOITU""}",plan139_four_sources_oa-20260822; constraint FK_OA_VOITU_VOITURESE_OA_VOITU,
3310,OA,OA.EZOFFICE.OA_WISHCARD,CARDCLASS_ID,OA.EZOFFICE.OA_CARDCLASS,CARDCLASS_ID,OA.EZOFFICE.OA_WISHCARD(CARDCLASS_ID) = OA.EZOFFICE.OA_CARDCLASS(CARDCLASS_ID),,A,declared_foreign_key,verified,"{""evidence"": ""database_declared_constraint"", ""constraint"": ""FK_OA_WISHC_REFERENCE_OA_CARDC""}",plan139_four_sources_oa-20260822; constraint FK_OA_WISHC_REFERENCE_OA_CARDC,
3311,OA,OA.EZOFFICE.OA_WORKPROJECT,CLASS_ID,OA.EZOFFICE.OA_WORKPROJECTCLASS,CLASS_ID,OA.EZOFFICE.OA_WORKPROJECT(CLASS_ID) = OA.EZOFFICE.OA_WORKPROJECTCLASS(CLASS_ID),,A,declared_foreign_key,verified,"{""evidence"": ""database_declared_constraint"", ""constraint"": ""FK_OA_WORKP_REFERENCE_OA_WORKP""}",plan139_four_sources_oa-20260822; constraint FK_OA_WORKP_REFERENCE_OA_WORKP,
3312,OA,OA.EZOFFICE.OA_WORKPROJECTTASK,PROJECT_ID,OA.EZOFFICE.OA_WORKPROJECT,PROJECT_ID,OA.EZOFFICE.OA_WORKPROJECTTASK(PROJECT_ID) = OA.EZOFFICE.OA_WORKPROJECT(PROJECT_ID),,A,declared_foreign_key,verified,"{""evidence"": ""database_declared_constraint"", ""constraint"": ""FK_OA_WORKL_REFERENCE_OA_WORK""}",plan139_four_sources_oa-20260822; constraint FK_OA_WORKL_REFERENCE_OA_WORK,
3313,OA,OA.EZOFFICE.OA_WORKREPORTLEADER,REPORT_ID,OA.EZOFFICE.OA_WORKREPORT,REPORT_ID,OA.EZOFFICE.OA_WORKREPORTLEADER(REPORT_ID) = OA.EZOFFICE.OA_WORKREPORT(REPORT_ID),,A,declared_foreign_key,verified,"{""evidence"": ""database_declared_constraint"", ""constraint"": ""FK_OA_REPORTLEAD_REF_OA_REPORT""}",plan139_four_sources_oa-20260822; constraint FK_OA_REPORTLEAD_REF_OA_REPORT,
3314,OA,OA.EZOFFICE.OA_WORKREPORTPOSTIL,REPORT_ID,OA.EZOFFICE.OA_WORKREPORT,REPORT_ID,OA.EZOFFICE.OA_WORKREPORTPOSTIL(REPORT_ID) = OA.EZOFFICE.OA_WORKREPORT(REPORT_ID),,A,declared_foreign_key,verified,"{""evidence"": ""database_declared_constraint"", ""constraint"": ""FK_OA_WORKPOSTIL_REF_OA_REPORT""}",plan139_four_sources_oa-20260822; constraint FK_OA_WORKPOSTIL_REF_OA_REPORT,
3315,OA,OA.EZOFFICE.ORG_EMPLOYEE_CONTRACT,CONTRACT_STYLE,OA.EZOFFICE.ORG_EMPLOYEE_CONTRACT_TYPE,ID,OA.EZOFFICE.ORG_EMPLOYEE_CONTRACT(CONTRACT_STYLE) = OA.EZOFFICE.ORG_EMPLOYEE_CONTRACT_TYPE(ID),,A,declared_foreign_key,verified,"{""evidence"": ""database_declared_constraint"", ""constraint"": ""FK_EMPLOYEE_CONTRACT_TYPE""}",plan139_four_sources_oa-20260822; constraint FK_EMPLOYEE_CONTRACT_TYPE,
3316,OA,OA.EZOFFICE.ORG_EMPLOYEE_CONTRACT,EMP_ID,OA.EZOFFICE.ORG_EMPLOYEE,EMP_ID,OA.EZOFFICE.ORG_EMPLOYEE_CONTRACT(EMP_ID) = OA.EZOFFICE.ORG_EMPLOYEE(EMP_ID),,A,declared_foreign_key,verified,"{""evidence"": ""database_declared_constraint"", ""constraint"": ""fk_ORG_EMPLOYEE_CONTRACT""}",plan139_four_sources_oa-20260822; constraint fk_ORG_EMPLOYEE_CONTRACT,
3317,OA,OA.EZOFFICE.ORG_EMPLOYEE_EDUSTORY,EMP_ID,OA.EZOFFICE.ORG_EMPLOYEE,EMP_ID,OA.EZOFFICE.ORG_EMPLOYEE_EDUSTORY(EMP_ID) = OA.EZOFFICE.ORG_EMPLOYEE(EMP_ID),,A,declared_foreign_key,verified,"{""evidence"": ""database_declared_constraint"", ""constraint"": ""fk_ORG_EMPLOYEE_EDUSTORY""}",plan139_four_sources_oa-20260822; constraint fk_ORG_EMPLOYEE_EDUSTORY,
3318,OA,OA.EZOFFICE.ORG_EMPLOYEE_TRAINHISTORY,EMP_ID,OA.EZOFFICE.ORG_EMPLOYEE,EMP_ID,OA.EZOFFICE.ORG_EMPLOYEE_TRAINHISTORY(EMP_ID) = OA.EZOFFICE.ORG_EMPLOYEE(EMP_ID),,A,declared_foreign_key,verified,"{""evidence"": ""database_declared_constraint"", ""constraint"": ""fkORG_EMPLOYEE_TRAINHISTORY""}",plan139_four_sources_oa-20260822; constraint fkORG_EMPLOYEE_TRAINHISTORY,
3319,OA,OA.EZOFFICE.ORG_EMPLOYEE_competence,EMP_ID,OA.EZOFFICE.ORG_EMPLOYEE,EMP_ID,OA.EZOFFICE.ORG_EMPLOYEE_competence(EMP_ID) = OA.EZOFFICE.ORG_EMPLOYEE(EMP_ID),,A,declared_foreign_key,verified,"{""evidence"": ""database_declared_constraint"", ""constraint"": ""fk_ORG_EMPLOYEE_competence""}",plan139_four_sources_oa-20260822; constraint fk_ORG_EMPLOYEE_competence,
3320,OA,OA.EZOFFICE.ORG_GROUP,GROUP_CLASS_ID,OA.EZOFFICE.org_group_class,ID,OA.EZOFFICE.ORG_GROUP(GROUP_CLASS_ID) = OA.EZOFFICE.org_group_class(ID),,A,declared_foreign_key,verified,"{""evidence"": ""database_declared_constraint"", ""constraint"": ""fk_group_class_id""}",plan139_four_sources_oa-20260822; constraint fk_group_class_id,
3321,OA,OA.EZOFFICE.ORG_ORGANIZATION_USER,EMP_ID,OA.EZOFFICE.ORG_EMPLOYEE,EMP_ID,OA.EZOFFICE.ORG_ORGANIZATION_USER(EMP_ID) = OA.EZOFFICE.ORG_EMPLOYEE(EMP_ID),,A,declared_foreign_key,verified,"{""evidence"": ""database_declared_constraint"", ""constraint"": ""FK_ORG_ORGA_REFERENCE_ORG_EMPL""}",plan139_four_sources_oa-20260822; constraint FK_ORG_ORGA_REFERENCE_ORG_EMPL,
3322,OA,OA.EZOFFICE.ORG_ORGANIZATION_USER,ORG_ID,OA.EZOFFICE.ORG_ORGANIZATION,ORG_ID,OA.EZOFFICE.ORG_ORGANIZATION_USER(ORG_ID) = OA.EZOFFICE.ORG_ORGANIZATION(ORG_ID),,A,declared_foreign_key,verified,"{""evidence"": ""database_declared_constraint"", ""constraint"": ""FK_ORG_ORGA_REFERENCE_ORG_ORGA""}",plan139_four_sources_oa-20260822; constraint FK_ORG_ORGA_REFERENCE_ORG_ORGA,
3323,OA,OA.EZOFFICE.ORG_RIGHTSCOPE,EMP_ID,OA.EZOFFICE.ORG_EMPLOYEE,EMP_ID,OA.EZOFFICE.ORG_RIGHTSCOPE(EMP_ID) = OA.EZOFFICE.ORG_EMPLOYEE(EMP_ID),,A,declared_foreign_key,verified,"{""evidence"": ""database_declared_constraint"", ""constraint"": ""FK_ORG_RIGH_REFERENCE_ORG_EMPL""}",plan139_four_sources_oa-20260822; constraint FK_ORG_RIGH_REFERENCE_ORG_EMPL,
3324,OA,OA.EZOFFICE.ORG_RIGHTSCOPE,RIGHT_ID,OA.EZOFFICE.ORG_RIGHT,RIGHT_ID,OA.EZOFFICE.ORG_RIGHTSCOPE(RIGHT_ID) = OA.EZOFFICE.ORG_RIGHT(RIGHT_ID),,A,declared_foreign_key,verified,"{""evidence"": ""database_declared_constraint"", ""constraint"": ""FK_ORG_RIGH_REFERENCE_ORG_RIGH""}",plan139_four_sources_oa-20260822; constraint FK_ORG_RIGH_REFERENCE_ORG_RIGH,
3325,OA,OA.EZOFFICE.ORG_ROLE,ROLE_CLASS_ID,OA.EZOFFICE.org_role_class,ID,OA.EZOFFICE.ORG_ROLE(ROLE_CLASS_ID) = OA.EZOFFICE.org_role_class(ID),,A,declared_foreign_key,verified,"{""evidence"": ""database_declared_constraint"", ""constraint"": ""fk_role_class_id""}",plan139_four_sources_oa-20260822; constraint fk_role_class_id,
3326,OA,OA.EZOFFICE.ORG_ROLE_EXCHANGE,ROLE_ID,OA.EZOFFICE.ORG_ROLE,ROLE_ID,OA.EZOFFICE.ORG_ROLE_EXCHANGE(ROLE_ID) = OA.EZOFFICE.ORG_ROLE(ROLE_ID),,A,declared_foreign_key,verified,"{""evidence"": ""database_declared_constraint"", ""constraint"": ""FK_ORG_ROLEEX_R_ORG_ROLE""}",plan139_four_sources_oa-20260822; constraint FK_ORG_ROLEEX_R_ORG_ROLE,
3327,OA,OA.EZOFFICE.ORG_ROLE_EXCHANGE,HANDROLE_ID,OA.EZOFFICE.ORG_HANDROLE,HANDROLE_ID,OA.EZOFFICE.ORG_ROLE_EXCHANGE(HANDROLE_ID) = OA.EZOFFICE.ORG_HANDROLE(HANDROLE_ID),,A,declared_foreign_key,verified,"{""evidence"": ""database_declared_constraint"", ""constraint"": ""FK_ORG_ROLE_REFERENCE_ORG_HAND""}",plan139_four_sources_oa-20260822; constraint FK_ORG_ROLE_REFERENCE_ORG_HAND,
3328,OA,OA.EZOFFICE.ORG_ROLE_RIGHT,RIGHT_ID,OA.EZOFFICE.ORG_RIGHT,RIGHT_ID,OA.EZOFFICE.ORG_ROLE_RIGHT(RIGHT_ID) = OA.EZOFFICE.ORG_RIGHT(RIGHT_ID),,A,declared_foreign_key,verified,"{""evidence"": ""database_declared_constraint"", ""constraint"": ""FK_ORG_ROLE_REFERENCE_ORG_RIGH""}",plan139_four_sources_oa-20260822; constraint FK_ORG_ROLE_REFERENCE_ORG_RIGH,
3329,OA,OA.EZOFFICE.ORG_ROLE_RIGHT,ROLE_ID,OA.EZOFFICE.ORG_ROLE,ROLE_ID,OA.EZOFFICE.ORG_ROLE_RIGHT(ROLE_ID) = OA.EZOFFICE.ORG_ROLE(ROLE_ID),,A,declared_foreign_key,verified,"{""evidence"": ""database_declared_constraint"", ""constraint"": ""FK_ORG_ROLE_REFERENCE_ORG_ROLE""}",plan139_four_sources_oa-20260822; constraint FK_ORG_ROLE_REFERENCE_ORG_ROLE,
3330,OA,OA.EZOFFICE.ORG_USER_GROUP,EMP_ID,OA.EZOFFICE.ORG_EMPLOYEE,EMP_ID,OA.EZOFFICE.ORG_USER_GROUP(EMP_ID) = OA.EZOFFICE.ORG_EMPLOYEE(EMP_ID),,A,declared_foreign_key,verified,"{""evidence"": ""database_declared_constraint"", ""constraint"": ""FK_ORG_GROUP_REF_ORG_EMPL""}",plan139_four_sources_oa-20260822; constraint FK_ORG_GROUP_REF_ORG_EMPL,
3331,OA,OA.EZOFFICE.ORG_USER_GROUP,GROUP_ID,OA.EZOFFICE.ORG_GROUP,GROUP_ID,OA.EZOFFICE.ORG_USER_GROUP(GROUP_ID) = OA.EZOFFICE.ORG_GROUP(GROUP_ID),,A,declared_foreign_key,verified,"{""evidence"": ""database_declared_constraint"", ""constraint"": ""FK_ORG_GROUP_USER_REF""}",plan139_four_sources_oa-20260822; constraint FK_ORG_GROUP_USER_REF,
3332,OA,OA.EZOFFICE.ORG_USER_ROLE,EMP_ID,OA.EZOFFICE.ORG_EMPLOYEE,EMP_ID,OA.EZOFFICE.ORG_USER_ROLE(EMP_ID) = OA.EZOFFICE.ORG_EMPLOYEE(EMP_ID),,A,declared_foreign_key,verified,"{""evidence"": ""database_declared_constraint"", ""constraint"": ""FK_ORG_USER_REFERENCE_ORG_EMPL""}",plan139_four_sources_oa-20260822; constraint FK_ORG_USER_REFERENCE_ORG_EMPL,
3333,OA,OA.EZOFFICE.ORG_USER_ROLE,ROLE_ID,OA.EZOFFICE.ORG_ROLE,ROLE_ID,OA.EZOFFICE.ORG_USER_ROLE(ROLE_ID) = OA.EZOFFICE.ORG_ROLE(ROLE_ID),,A,declared_foreign_key,verified,"{""evidence"": ""database_declared_constraint"", ""constraint"": ""FK_ORG_USER_REFERENCE_ORG_ROLE""}",plan139_four_sources_oa-20260822; constraint FK_ORG_USER_REFERENCE_ORG_ROLE,
3334,OA,OA.EZOFFICE.TM_arrangeDetail_dept,DETAILID,OA.EZOFFICE.TM_arrangeDetail_deptType,ID,OA.EZOFFICE.TM_arrangeDetail_dept(DETAILID) = OA.EZOFFICE.TM_arrangeDetail_deptType(ID),,A,declared_foreign_key,verified,"{""evidence"": ""database_declared_constraint"", ""constraint"": ""FK__TM_arrang__detai__4D01216C""}",plan139_four_sources_oa-20260822; constraint FK__TM_arrang__detai__4D01216C,
3335,OA,OA.EZOFFICE.TM_arrangeDetail_deptType,SETUPID,OA.EZOFFICE.TM_arrangeSetup,ID,OA.EZOFFICE.TM_arrangeDetail_deptType(SETUPID) = OA.EZOFFICE.TM_arrangeSetup(ID),,A,declared_foreign_key,verified,"{""evidence"": ""database_declared_constraint"", ""constraint"": ""FK__TM_arrang__setup__483C6C4F""}",plan139_four_sources_oa-20260822; constraint FK__TM_arrang__setup__483C6C4F,
3336,OA,OA.EZOFFICE.TM_arrangeStudent,ARRANGESETID,OA.EZOFFICE.TM_arrangeSetup,ID,OA.EZOFFICE.TM_arrangeStudent(ARRANGESETID) = OA.EZOFFICE.TM_arrangeSetup(ID),,A,declared_foreign_key,verified,"{""evidence"": ""database_declared_constraint"", ""constraint"": ""FK__TM_arrang__arran__51C5D689""}",plan139_four_sources_oa-20260822; constraint FK__TM_arrang__arran__51C5D689,
3337,OA,OA.EZOFFICE.TM_arrangeStudent,STUDENTID,OA.EZOFFICE.TM_student,ID,OA.EZOFFICE.TM_arrangeStudent(STUDENTID) = OA.EZOFFICE.TM_student(ID),,A,declared_foreign_key,verified,"{""evidence"": ""database_declared_constraint"", ""constraint"": ""FK__TM_arrang__stude__52B9FAC2""}",plan139_four_sources_oa-20260822; constraint FK__TM_arrang__stude__52B9FAC2,
3338,OA,OA.EZOFFICE.TM_student,BASEID,OA.EZOFFICE.TM_base,ID,OA.EZOFFICE.TM_student(BASEID) = OA.EZOFFICE.TM_base(ID),,A,declared_foreign_key,verified,"{""evidence"": ""database_declared_constraint"", ""constraint"": ""FK__TM_studen__baseI__315906F7""}",plan139_four_sources_oa-20260822; constraint FK__TM_studen__baseI__315906F7,
3339,OA,OA.EZOFFICE.WF_ACTIVITY,WF_WORKFLOWPROCESS_ID,OA.EZOFFICE.WF_WORKFLOWPROCESS,WF_WORKFLOWPROCESS_ID,OA.EZOFFICE.WF_ACTIVITY(WF_WORKFLOWPROCESS_ID) = OA.EZOFFICE.WF_WORKFLOWPROCESS(WF_WORKFLOWPROCESS_ID),,A,declared_foreign_key,verified,"{""evidence"": ""database_declared_constraint"", ""constraint"": ""FK_WF_ACTIV_REF_WF_WORKF""}",plan139_four_sources_oa-20260822; constraint FK_WF_ACTIV_REF_WF_WORKF,
3340,OA,OA.EZOFFICE.WF_DEALWITHCOMMENT,WF_DEALWITH_ID,OA.EZOFFICE.WF_DEALWITH,WF_DEALWITH_ID,OA.EZOFFICE.WF_DEALWITHCOMMENT(WF_DEALWITH_ID) = OA.EZOFFICE.WF_DEALWITH(WF_DEALWITH_ID),,A,declared_foreign_key,verified,"{""evidence"": ""database_declared_constraint"", ""constraint"": ""FK_WF_DEALW_REF_WF_DEALW""}",plan139_four_sources_oa-20260822; constraint FK_WF_DEALW_REF_WF_DEALW,
3341,OA,OA.EZOFFICE.WF_IMMOBILITYFIELD,WF_IMMOFORM_ID,OA.EZOFFICE.WF_IMMOBILITYFORM,WF_IMMOFORM_ID,OA.EZOFFICE.WF_IMMOBILITYFIELD(WF_IMMOFORM_ID) = OA.EZOFFICE.WF_IMMOBILITYFORM(WF_IMMOFORM_ID),,A,declared_foreign_key,verified,"{""evidence"": ""database_declared_constraint"", ""constraint"": ""FK_WF_IMMOB_REFERENCE_WF_IMMOB""}",plan139_four_sources_oa-20260822; constraint FK_WF_IMMOB_REFERENCE_WF_IMMOB,
3342,OA,OA.EZOFFICE.WF_PRESS,WF_ACTIVITY_ID,OA.EZOFFICE.WF_ACTIVITY,WF_ACTIVITY_ID,OA.EZOFFICE.WF_PRESS(WF_ACTIVITY_ID) = OA.EZOFFICE.WF_ACTIVITY(WF_ACTIVITY_ID),,A,declared_foreign_key,verified,"{""evidence"": ""database_declared_constraint"", ""constraint"": ""FK_WF_PRESS_REF_WF_ACTIV""}",plan139_four_sources_oa-20260822; constraint FK_WF_PRESS_REF_WF_ACTIV,
3343,OA,OA.EZOFFICE.WF_PROCEEDPRESS,WF_PROCEEDACTIVITY_ID,OA.EZOFFICE.WF_PROCEEDACTIVITY,WF_PROCEEDACTIVITY_ID,OA.EZOFFICE.WF_PROCEEDPRESS(WF_PROCEEDACTIVITY_ID) = OA.EZOFFICE.WF_PROCEEDACTIVITY(WF_PROCEEDACTIVITY_ID),,A,declared_foreign_key,verified,"{""evidence"": ""database_declared_constraint"", ""constraint"": ""FK_WF_PRESS_REF_WF_PROCE""}",plan139_four_sources_oa-20260822; constraint FK_WF_PRESS_REF_WF_PROCE,
3344,OA,OA.EZOFFICE.WF_PROCEEDREADWRITECONTROL,WF_PROCEEDACTIVITY_ID,OA.EZOFFICE.WF_PROCEEDACTIVITY,WF_PROCEEDACTIVITY_ID,OA.EZOFFICE.WF_PROCEEDREADWRITECONTROL(WF_PROCEEDACTIVITY_ID) = OA.EZOFFICE.WF_PROCEEDACTIVITY(WF_PROCEEDACTIVITY_ID),,A,declared_foreign_key,verified,"{""evidence"": ""database_declared_constraint"", ""constraint"": ""FK_WF_RWCONTROL_REF_WF_PROCE""}",plan139_four_sources_oa-20260822; constraint FK_WF_RWCONTROL_REF_WF_PROCE,
3345,OA,OA.EZOFFICE.WF_PROCEEDTR,WF_PROCEEDTRANSITION_ID,OA.EZOFFICE.WF_PROCEEDTRANSITION,WF_PROCEEDTRANSITION_ID,OA.EZOFFICE.WF_PROCEEDTR(WF_PROCEEDTRANSITION_ID) = OA.EZOFFICE.WF_PROCEEDTRANSITION(WF_PROCEEDTRANSITION_ID),,A,declared_foreign_key,verified,"{""evidence"": ""database_declared_constraint"", ""constraint"": ""FK_WF_PT_REF_WF_PROCE""}",plan139_four_sources_oa-20260822; constraint FK_WF_PT_REF_WF_PROCE,
3346,OA,OA.EZOFFICE.WF_PROCEEDTRANSITION,WF_PROCEEDACTIVITY_ID,OA.EZOFFICE.WF_PROCEEDACTIVITY,WF_PROCEEDACTIVITY_ID,OA.EZOFFICE.WF_PROCEEDTRANSITION(WF_PROCEEDACTIVITY_ID) = OA.EZOFFICE.WF_PROCEEDACTIVITY(WF_PROCEEDACTIVITY_ID),,A,declared_foreign_key,verified,"{""evidence"": ""database_declared_constraint"", ""constraint"": ""FK_WF_TRANSITION_REF_WF_PROCE""}",plan139_four_sources_oa-20260822; constraint FK_WF_TRANSITION_REF_WF_PROCE,
3347,OA,OA.EZOFFICE.WF_READWRITECONTROL,WF_ACTIVITY_ID,OA.EZOFFICE.WF_ACTIVITY,WF_ACTIVITY_ID,OA.EZOFFICE.WF_READWRITECONTROL(WF_ACTIVITY_ID) = OA.EZOFFICE.WF_ACTIVITY(WF_ACTIVITY_ID),,A,declared_foreign_key,verified,"{""evidence"": ""database_declared_constraint"", ""constraint"": ""FK_WF_READW_REF_WF_ACTIV""}",plan139_four_sources_oa-20260822; constraint FK_WF_READW_REF_WF_ACTIV,
3348,OA,OA.EZOFFICE.WF_TRANSITION,TRANSITIONFROM,OA.EZOFFICE.WF_ACTIVITY,WF_ACTIVITY_ID,OA.EZOFFICE.WF_TRANSITION(TRANSITIONFROM) = OA.EZOFFICE.WF_ACTIVITY(WF_ACTIVITY_ID),,A,declared_foreign_key,verified,"{""evidence"": ""database_declared_constraint"", ""constraint"": ""FK_WF_TRANS_REF_WF_ACTI1""}",plan139_four_sources_oa-20260822; constraint FK_WF_TRANS_REF_WF_ACTI1,
3349,OA,OA.EZOFFICE.WF_TRANSITIONRESTRICTION,WF_TRANSITION_ID,OA.EZOFFICE.WF_TRANSITION,WF_TRANSITION_ID,OA.EZOFFICE.WF_TRANSITIONRESTRICTION(WF_TRANSITION_ID) = OA.EZOFFICE.WF_TRANSITION(WF_TRANSITION_ID),,A,declared_foreign_key,verified,"{""evidence"": ""database_declared_constraint"", ""constraint"": ""FK_WF_TRANS_REF_WF_TRANS""}",plan139_four_sources_oa-20260822; constraint FK_WF_TRANS_REF_WF_TRANS,
3350,OA,OA.EZOFFICE.WF_WORKFLOWPROCESS,WF_PACKAGE_ID,OA.EZOFFICE.WF_PACKAGE,WF_PACKAGE_ID,OA.EZOFFICE.WF_WORKFLOWPROCESS(WF_PACKAGE_ID) = OA.EZOFFICE.WF_PACKAGE(WF_PACKAGE_ID),,A,declared_foreign_key,verified,"{""evidence"": ""database_declared_constraint"", ""constraint"": ""FK_WF_WORKF_REF_WF_PACKA""}",plan139_four_sources_oa-20260822; constraint FK_WF_WORKF_REF_WF_PACKA,
3351,OA,OA.EZOFFICE.WF_WORKFLOWWRITECONTROL,WF_WORKFLOWPROCESS_ID,OA.EZOFFICE.WF_WORKFLOWPROCESS,WF_WORKFLOWPROCESS_ID,OA.EZOFFICE.WF_WORKFLOWWRITECONTROL(WF_WORKFLOWPROCESS_ID) = OA.EZOFFICE.WF_WORKFLOWPROCESS(WF_WORKFLOWPROCESS_ID),,A,declared_foreign_key,verified,"{""evidence"": ""database_declared_constraint"", ""constraint"": ""FK_WF_WORKF_REF_WF_WORKF""}",plan139_four_sources_oa-20260822; constraint FK_WF_WORKF_REF_WF_WORKF,
3352,OA,OA.EZOFFICE.hr_kq_impmx,ID,OA.EZOFFICE.hr_kq_imp,ID,OA.EZOFFICE.hr_kq_impmx(ID) = OA.EZOFFICE.hr_kq_imp(ID),,A,declared_foreign_key,verified,"{""evidence"": ""database_declared_constraint"", ""constraint"": ""FK_KQ_IM_REFERENCE_KQ_IM""}",plan139_four_sources_oa-20260822; constraint FK_KQ_IM_REFERENCE_KQ_IM,
3353,OA,OA.EZOFFICE.oa_portal_layout,FOOTER_ID,OA.EZOFFICE.oa_portal_header_footer,ID,OA.EZOFFICE.oa_portal_layout(FOOTER_ID) = OA.EZOFFICE.oa_portal_header_footer(ID),,A,declared_foreign_key,verified,"{""evidence"": ""database_declared_constraint"", ""constraint"": ""fk_layout_footer""}",plan139_four_sources_oa-20260822; constraint fk_layout_footer,
3354,OA,OA.EZOFFICE.oa_portal_layout,HEADER_ID,OA.EZOFFICE.oa_portal_header_footer,ID,OA.EZOFFICE.oa_portal_layout(HEADER_ID) = OA.EZOFFICE.oa_portal_header_footer(ID),,A,declared_foreign_key,verified,"{""evidence"": ""database_declared_constraint"", ""constraint"": ""fk_layout_header""}",plan139_four_sources_oa-20260822; constraint fk_layout_header,
3355,OA,OA.EZOFFICE.oa_portal_layout,TEMPLATE_ID,OA.EZOFFICE.oa_portal_template,TEMPLATE_ID,OA.EZOFFICE.oa_portal_layout(TEMPLATE_ID) = OA.EZOFFICE.oa_portal_template(TEMPLATE_ID),,A,declared_foreign_key,verified,"{""evidence"": ""database_declared_constraint"", ""constraint"": ""fk_layout_template""}",plan139_four_sources_oa-20260822; constraint fk_layout_template,
3356,OA,OA.EZOFFICE.oa_portal_layout,TYPE_ID,OA.EZOFFICE.oa_portal_type,ID,OA.EZOFFICE.oa_portal_layout(TYPE_ID) = OA.EZOFFICE.oa_portal_type(ID),,A,declared_foreign_key,verified,"{""evidence"": ""database_declared_constraint"", ""constraint"": ""fk_layout_type""}",plan139_four_sources_oa-20260822; constraint fk_layout_type,
3357,OA,OA.EZOFFICE.oa_portal_portlet_setting,LAYOUT_ID,OA.EZOFFICE.oa_portal_layout,LAYOUT_ID,OA.EZOFFICE.oa_portal_portlet_setting(LAYOUT_ID) = OA.EZOFFICE.oa_portal_layout(LAYOUT_ID),,A,declared_foreign_key,verified,"{""evidence"": ""database_declared_constraint"", ""constraint"": ""fk_layout_portlet_setting""}",plan139_four_sources_oa-20260822; constraint fk_layout_portlet_setting,
3358,OA,OA.EZOFFICE.oa_portal_portlet_setting,PORTLET_ID,OA.EZOFFICE.oa_portal_portlet,PORTLET_ID,OA.EZOFFICE.oa_portal_portlet_setting(PORTLET_ID) = OA.EZOFFICE.oa_portal_portlet(PORTLET_ID),,A,declared_foreign_key,verified,"{""evidence"": ""database_declared_constraint"", ""constraint"": ""fk_portlet_setting""}",plan139_four_sources_oa-20260822; constraint fk_portlet_setting,
3359,OA,OA.EZOFFICE.tArea,AREATYPE_ID,OA.EZOFFICE.tAreatype,AREATYPE_ID,OA.EZOFFICE.tArea(AREATYPE_ID) = OA.EZOFFICE.tAreatype(AREATYPE_ID),,A,declared_foreign_key,verified,"{""evidence"": ""database_declared_constraint"", ""constraint"": ""FK__TAREA__AREATYPE___675524F5""}",plan139_four_sources_oa-20260822; constraint FK__TAREA__AREATYPE___675524F5,
3360,OA,OA.EZOFFICE.tArea,PAGE_ID,OA.EZOFFICE.tPage,PAGE_ID,OA.EZOFFICE.tArea(PAGE_ID) = OA.EZOFFICE.tPage(PAGE_ID),,A,declared_foreign_key,verified,"{""evidence"": ""database_declared_constraint"", ""constraint"": ""FK__TAREA__PAGE_ID__666100BC""}",plan139_four_sources_oa-20260822; constraint FK__TAREA__PAGE_ID__666100BC,
3361,EMR,EMR.EPR_INPATIENT,UHID,EMR.EPR_INPATIENT_DOCINDEX,UHID,EMR.EPR_INPATIENT.UHID = EMR.EPR_INPATIENT_DOCINDEX.UHID,N:1,A,,draft,,住院病历段落 → 病历索引主表（证据：UHID 共享（96表）+ EPR_INPATIENT 注释'住院病历段落信息表' 存储内容，DOCINDEX 为索引表）,
3362,EMR,EMR.EPR_OUTPATIENT,UHID,EMR.EPR_OUTPATIENT_DOCINDEX,UHID,EMR.EPR_OUTPATIENT.UHID = EMR.EPR_OUTPATIENT_DOCINDEX.UHID,N:1,A,,draft,,门诊病历段落 → 门诊索引主表（证据：UHID 共享 + 注释'门诊病历信息表/索引信息表'）,
3363,EMR,EMR.EPR_OPERATION_APPLY,PATIENT_ID,EMR.EPR_INPATIENT_DOCINDEX,UHID,EMR.EPR_OPERATION_APPLY.PATIENT_ID = EMR.EPR_INPATIENT_DOCINDEX.UHID,N:1,B,,draft,,手术申请 → 患者索引（证据：PATIENT_ID 24表共享；手术申请表注释'通过申请单号和手术申请单明细表关联'）,
3364,EMR,EMR.EPR_BLOOD_APPLY,PATIENT_ID,EMR.EPR_INPATIENT_DOCINDEX,UHID,EMR.EPR_BLOOD_APPLY.PATIENT_ID = EMR.EPR_INPATIENT_DOCINDEX.UHID,N:1,B,,draft,,输血申请 → 患者索引（证据：PATIENT_ID 共享 + 注释'通过申请单号和输血申请单明细表关联'）,
3365,EMR,EMR.EPR_PACS_APPLY,PATIENT_ID,EMR.EPR_INPATIENT_DOCINDEX,UHID,EMR.EPR_PACS_APPLY.PATIENT_ID = EMR.EPR_INPATIENT_DOCINDEX.UHID,N:1,B,,draft,,检查申请 → 患者索引（证据：PATIENT_ID 共享 + 注释'通过申请单号和检查申请单明细表关联'）,
3366,EMR,EMR.EPR_PATHOLOGY_APPLY,PATIENT_ID,EMR.EPR_INPATIENT_DOCINDEX,UHID,EMR.EPR_PATHOLOGY_APPLY.PATIENT_ID = EMR.EPR_INPATIENT_DOCINDEX.UHID,N:1,B,,draft,,病理申请 → 患者索引（证据：PATIENT_ID 共享 + 注释'通过申请单号和病理申请单明细表关联'）,
3367,EMR,EMR.EPR_QC_RESULT,UHID,EMR.EPR_INPATIENT_DOCINDEX,UHID,EMR.EPR_QC_RESULT.UHID = EMR.EPR_INPATIENT_DOCINDEX.UHID,N:1,A,,draft,,质控结果 → 患者索引（证据：UHID 共享 + 注释'质控结果表' + 含 SN/DOC_TYPE_ID）,
3368,EMR,EMR.EPR_QC_RESULT,SN,EMR.EPR_INPATIENT,SN,EMR.EPR_QC_RESULT.SN = EMR.EPR_INPATIENT.SN,N:1,B,,draft,,质控结果 → 具体病历段落（证据：SN 215表共享（文档序列号））,
3369,EMR,EMR.EPR_OPERATION_LOG,"UHID,PARAGRAPH_ID",EMR.EPR_INPATIENT,"UHID,ID","EMR.EPR_OPERATION_LOG.UHID,PARAGRAPH_ID = EMR.EPR_INPATIENT.UHID,ID",N:1,B,,draft,,病历操作日志 → 病历段落（证据：UHID+PARAGRAPH_ID 组合键；注释'记录病历操作详细信息'）,
3370,EMR,EMR.BAGL_BASY,标识号,EMR.EPR_INPATIENT_DOCINDEX,UHID,EMR.BAGL_BASY.标识号 = EMR.EPR_INPATIENT_DOCINDEX.UHID,1:1,C,,draft,,病案首页 → 病历索引（跨命名体系，需人工确认）（证据：BAGL_BASY 列名'标识号'对应 UHID 语义；病案首页与病历索引同一患者）,
3371,EMR,EMR.BAGL_BAZD,病案号,EMR.BAGL_BASY,病案号,EMR.BAGL_BAZD.病案号 = EMR.BAGL_BASY.病案号,N:1,C,,draft,,病案诊断 → 病案首页（证据：同前缀表共享'病案号'（中文列名体系））,
3372,EMR,EMR.BAGL_BASS,病案号,EMR.BAGL_BASY,病案号,EMR.BAGL_BASS.病案号 = EMR.BAGL_BASY.病案号,N:1,C,,draft,,病案手术 → 病案首页（证据：同前缀表共享'病案号'）,
3373,EMR,EMR.EPR_NURSING_RECORD,HOSPITAL_CODE,EMR.EPR_INPATIENT_DOCINDEX,P_HOSPITAL_CODE,EMR.EPR_NURSING_RECORD.HOSPITAL_CODE = EMR.EPR_INPATIENT_DOCINDEX.P_HOSPITAL_CODE,N:1,C,,draft,,护理记录 → 患者索引（证据：HOSPITAL_CODE 字段名对齐；护理记录挂住院患者）,
3374,EMR,EMR.EPR_OUTPATIENT_DOCINDEX,R_UHID,EMR.EPR_INPATIENT_DOCINDEX,UHID,EMR.EPR_OUTPATIENT_DOCINDEX.R_UHID = EMR.EPR_INPATIENT_DOCINDEX.UHID,N:1,B,,draft,,门诊索引 → 住院索引（跨就诊关联）（证据：R_UHID 字段存在（可能是'关联住院UHID'））,
3375,EMR,EMR.COM_EMPLOYEE,SN,EMR.EPR_INPATIENT,CREATE_USER_SN,EMR.COM_EMPLOYEE.SN = EMR.EPR_INPATIENT.CREATE_USER_SN,1:N,B,,draft,,员工字典 → 病历创建者（证据：SN 215表共享 + CREATE_USER_SN 112表共享）,
3376,EMR,EMR.EMRSD_CONTENT,UHID,EMR.EPR_INPATIENT_DOCINDEX,UHID,EMR.EMRSD_CONTENT.UHID = EMR.EPR_INPATIENT_DOCINDEX.UHID,N:1,A,,draft,,EMR 段落内容 → 病历索引（证据：EMRSD 系列（EMRSD1-22）全含 UHID；为病历打散内容）,
3377,DRG,bus_system.diseases_related_group,adrg_code,bus_system.basic_adrg_rule,adrgcode,bus_system.diseases_related_group.adrg_code = bus_system.basic_adrg_rule.adrgcode,N:1,A,,draft,,DRG分组→ADRG规则（adrg_code共享31表）,
3378,DRG,bus_system.diseases_related_group,mdc_code,bus_system.basic_mdc,mdccode,bus_system.diseases_related_group.mdc_code = bus_system.basic_mdc.mdccode,N:1,A,,draft,,DRG分组→MDC大类（mdc_code共享30表）,
3379,DRG,bus_system.basic_adrg_rule,diagcode,bus_system.basic_diagnosis_code,diagnosis_code,bus_system.basic_adrg_rule.diagcode = bus_system.basic_diagnosis_code.diagnosis_code,N:1,B,,draft,,ADRG规则→诊断编码字典,
3380,DRG,bus_system.basic_ccmcc,adrg_code,bus_system.diseases_related_group,adrg_code,bus_system.basic_ccmcc.adrg_code = bus_system.diseases_related_group.adrg_code,N:1,B,,draft,,CC/MCC→DRG分组,
3381,DRG,bus_system.basic_ccmcc_exclusion,adrg_code,bus_system.diseases_related_group,adrg_code,bus_system.basic_ccmcc_exclusion.adrg_code = bus_system.diseases_related_group.adrg_code,N:1,B,,draft,,CC/MCC排除表→DRG分组,
3382,DRG,dw.case_base_group_df,drg_code,bus_system.diseases_related_group,code,dw.case_base_group_df.drg_code = bus_system.diseases_related_group.code,N:1,A,,draft,,病案分组结果→DRG分组定义（17万行事实表）,
3383,DRG,dw.case_base_group_df,adrg_code,bus_system.diseases_related_group,adrg_code,dw.case_base_group_df.adrg_code = bus_system.diseases_related_group.adrg_code,N:1,A,,draft,,病案→ADRG（adrg_code一致性）,
3384,DRG,dw.case_base_group_df,case_id,dw.case_base_df,case_id,dw.case_base_group_df.case_id = dw.case_base_df.case_id,1:1,A,,draft,,分组结果→病案基础（case_id一对一，17万行）,
3385,DRG,dwd.case_group_result_di,drg_code,bus_system.diseases_related_group,code,dwd.case_group_result_di.drg_code = bus_system.diseases_related_group.code,N:1,A,,draft,,分组结果明细→DRG定义（17万行）,
3386,DRG,dw.balance_statistics_month_di,drg_code,bus_system.diseases_related_group,code,dw.balance_statistics_month_di.drg_code = bus_system.diseases_related_group.code,N:1,A,,draft,,月度结算统计→DRG分组（balance_statistics系列共享drg/adrg/mdc/rw）,
3387,DRG,bus_system.basic_diag_trea_code,diagnosis_code,bus_system.basic_diagnosis_code,diagnosis_code,bus_system.basic_diag_trea_code.diagnosis_code = bus_system.basic_diagnosis_code.diagnosis_code,N:1,B,,draft,,诊断治疗编码→诊断字典,
3388,DRG,opendata.dept_high_low_case_month_di,drg_code,bus_system.diseases_related_group,code,opendata.dept_high_low_case_month_di.drg_code = bus_system.diseases_related_group.code,N:1,B,,draft,,科室高低值分析→DRG分组,
