schema,table,comment,row_count_stats,column_count,domain,grain,pk,confidence,note,source
AnyImage.db_datareader,CDR_CHECK_REPORT,,,0,超声内镜系统,,,live_metadata,,platform
AnyImage.dbo,ADBVersion,,1,0,超声内镜系统,,,live_metadata,,platform
AnyImage.dbo,ADBVersion_UpdateLog,,143,0,超声内镜系统,,,live_metadata,,platform
AnyImage.dbo,AManager_UpdateLog,,10,0,超声内镜系统,,,live_metadata,,platform
AnyImage.dbo,chkpoint,,0,0,超声内镜系统,,,live_metadata,,platform
AnyImage.dbo,chkpoint_lox,,0,0,超声内镜系统,,,live_metadata,,platform
AnyImage.dbo,com_downloadfile,,3,0,超声内镜系统,,,live_metadata,,platform
AnyImage.dbo,downloadfile_log,,127,0,超声内镜系统,,,live_metadata,,platform
AnyImage.dbo,EMR_EXAM_IMAGE_MAP_RULE,,153,0,超声内镜系统,,,live_metadata,,platform
AnyImage.dbo,EMR_EXAM_IMAGE_PATH,,,0,超声内镜系统,,,live_metadata,,platform
AnyImage.dbo,EMR_EXAM_IMAGE_REP,,,0,超声内镜系统,,,live_metadata,,platform
AnyImage.dbo,EMR_EXAM_IMAGE_REP_FINAL_CACHE,,0,0,超声内镜系统,,,live_metadata,,platform
AnyImage.dbo,EMR_EXAM_IMAGE_REP_WORK,,220889,0,超声内镜系统,,,live_metadata,,platform
AnyImage.dbo,exam_info,,,0,超声内镜系统,,,live_metadata,,platform
AnyImage.dbo,FXJCPT_ESB_BS25016 ,,,0,超声内镜系统,,,live_metadata,,platform
AnyImage.dbo,GZLSJTJ,,156,0,超声内镜系统,,,live_metadata,,platform
AnyImage.dbo,MEIDIKANG20260625,,1580333,0,超声内镜系统,,,live_metadata,,platform
AnyImage.dbo,OracleGGTranTables,,0,0,超声内镜系统,,,live_metadata,,platform
AnyImage.dbo,OracleGGVersion,,1,0,超声内镜系统,,,live_metadata,,platform
AnyImage.dbo,PT_Report_ES,,,0,超声内镜系统,,,live_metadata,,platform
AnyImage.dbo,PT_Report_US,,,0,超声内镜系统,,,live_metadata,,platform
AnyImage.dbo,T_ITF_ES,,,0,超声内镜系统,,,live_metadata,,platform
AnyImage.dbo,T_ITF_ES_ReportCount,,,0,超声内镜系统,,,live_metadata,,platform
AnyImage.dbo,T_ITF_US,,,0,超声内镜系统,,,live_metadata,,platform
AnyImage.dbo,T_ITF_US_ReportCount,,,0,超声内镜系统,,,live_metadata,,platform
AnyImage.dbo,V_EMR_EXAM_IMAGE_REP,,,0,超声内镜系统,,,live_metadata,,platform
AnyImage.dbo,V_EMR_EXAM_IMAGE_REP_BASE,,,0,超声内镜系统,,,live_metadata,,platform
AnyImage.dbo,V_EMR_EXAM_IMAGE_REP_PREP,,,0,超声内镜系统,,,live_metadata,,platform
AnyImage.dbo,YJ_JCBG,,,0,超声内镜系统,,,live_metadata,,platform
AnyImage.grid,纤维结肠镜$,,2452,0,超声内镜系统,,,live_metadata,,platform
AnyImage.grid,纤维十二指肠镜$,,4503,0,超声内镜系统,,,live_metadata,,platform
AnyImage.grid,统计视图ES,,,0,超声内镜系统,,,live_metadata,,platform
AnyImage.grid,统计视图US部位,,,0,超声内镜系统,,,live_metadata,,platform
AnyImage.grid,质量评分视图US,,,0,超声内镜系统,,,live_metadata,,platform
AnyImage.grid,ADataFix,,3,0,超声内镜系统,,,live_metadata,,platform
AnyImage.grid,ATSKBFocusSummary_Day,,0,0,超声内镜系统,,,live_metadata,,platform
AnyImage.grid,ATSKBFocusSummary_Month,,0,0,超声内镜系统,,,live_metadata,,platform
AnyImage.grid,ATSKBFocusSummary_Week,,0,0,超声内镜系统,,,live_metadata,,platform
AnyImage.grid,ATSKBFocusSummary_Year,,0,0,超声内镜系统,,,live_metadata,,platform
AnyImage.grid,ATSKBHideSetting,,0,0,超声内镜系统,,,live_metadata,,platform
AnyImage.grid,ATSKBStructuredSummary_Day,,0,0,超声内镜系统,,,live_metadata,,platform
AnyImage.grid,ATSKBStructuredSummary_Month,,0,0,超声内镜系统,,,live_metadata,,platform
AnyImage.grid,ATSKBStructuredSummary_Week,,0,0,超声内镜系统,,,live_metadata,,platform
AnyImage.grid,ATSKBStructuredSummary_Year,,0,0,超声内镜系统,,,live_metadata,,platform
AnyImage.grid,ATSKBTemplateSummary_Day,,0,0,超声内镜系统,,,live_metadata,,platform
AnyImage.grid,ATSKBTemplateSummary_Month,,0,0,超声内镜系统,,,live_metadata,,platform
AnyImage.grid,ATSKBTemplateSummary_Week,,0,0,超声内镜系统,,,live_metadata,,platform
AnyImage.grid,ATSKBTemplateSummary_Year,,0,0,超声内镜系统,,,live_metadata,,platform
AnyImage.grid,AWebConfig,,0,0,超声内镜系统,,,live_metadata,,platform
AnyImage.grid,AWebControlData,,0,0,超声内镜系统,,,live_metadata,,platform
AnyImage.grid,AWebQueryRealName,,0,0,超声内镜系统,,,live_metadata,,platform
AnyImage.grid,BHosCheckES,,81021,0,超声内镜系统,,,live_metadata,,platform
AnyImage.grid,BHosCheckES_NavRecord,,8,0,超声内镜系统,,,live_metadata,,platform
AnyImage.grid,BHosCheckES_OPLogs,,0,0,超声内镜系统,,,live_metadata,,platform
AnyImage.grid,BHosCheckES_Process,,0,0,超声内镜系统,,,live_metadata,,platform
AnyImage.grid,BHosCheckES_PsItems,,60288,0,超声内镜系统,,,live_metadata,,platform
AnyImage.grid,BHosCheckES_Research_Phrases,,0,0,超声内镜系统,,,live_metadata,,platform
AnyImage.grid,BHosCheckES_ShuHou,,0,0,超声内镜系统,,,live_metadata,,platform
AnyImage.grid,BHosCheckES_ShuQian,,0,0,超声内镜系统,,,live_metadata,,platform
AnyImage.grid,BHosCheckES_SKBCollectionDetail,,57983,0,超声内镜系统,,,live_metadata,,platform
AnyImage.grid,BHosCheckES_UpdateLog_2016,,1769,0,超声内镜系统,,,live_metadata,,platform
AnyImage.grid,BHosCheckES_UpdateLog_2017,,1,0,超声内镜系统,,,live_metadata,,platform
AnyImage.grid,BHosCheckES_UpdateLog_2018,,7840,0,超声内镜系统,,,live_metadata,,platform
AnyImage.grid,BHosCheckES_UpdateLog_2019,,27952,0,超声内镜系统,,,live_metadata,,platform
AnyImage.grid,BHosCheckES_UpdateLog_2020,,51731,0,超声内镜系统,,,live_metadata,,platform
AnyImage.grid,BHosCheckES_UpdateLog_2021,,97268,0,超声内镜系统,,,live_metadata,,platform
AnyImage.grid,BHosCheckES_UpdateLog_2022,,70370,0,超声内镜系统,,,live_metadata,,platform
AnyImage.grid,BHosCheckES_UpdateLog_2023,,68025,0,超声内镜系统,,,live_metadata,,platform
AnyImage.grid,BHosCheckES_UpdateLog_2024,,61721,0,超声内镜系统,,,live_metadata,,platform
AnyImage.grid,BHosCheckES_UpdateLog_2025,,83169,0,超声内镜系统,,,live_metadata,,platform
AnyImage.grid,BHosCheckES_UpdateLog_2026,,38477,0,超声内镜系统,,,live_metadata,,platform
AnyImage.grid,BHosCheckESXMLLog,,238574,0,超声内镜系统,,,live_metadata,,platform
AnyImage.grid,BHOSCHECKIMAGEINFOES,,,0,超声内镜系统,,,live_metadata,,platform
AnyImage.grid,BHOSCHECKIMAGEINFOUS,,,0,超声内镜系统,,,live_metadata,,platform
AnyImage.grid,BHosCheckUS,,922579,0,超声内镜系统,,,live_metadata,,platform
AnyImage.grid,BHosCheckUS_OPLogs,,0,0,超声内镜系统,,,live_metadata,,platform
AnyImage.grid,BHosCheckUS_Research_Phrases,,0,0,超声内镜系统,,,live_metadata,,platform
AnyImage.grid,BHosCheckUS_SKBCollectionDetail,,404630,0,超声内镜系统,,,live_metadata,,platform
AnyImage.grid,BHosCheckUS_UpdateLog_2023,,148396,0,超声内镜系统,,,live_metadata,,platform
AnyImage.grid,BHosCheckUS_UpdateLog_2024,,304690,0,超声内镜系统,,,live_metadata,,platform
AnyImage.grid,BHosCheckUS_UpdateLog_2025,,280694,0,超声内镜系统,,,live_metadata,,platform
AnyImage.grid,BHosCheckUS_UpdateLog_2026,,171417,0,超声内镜系统,,,live_metadata,,platform
AnyImage.grid,BHosCrisisValueUS,,0,0,超声内镜系统,,,live_metadata,,platform
AnyImage.grid,BHosDecontamination,,399,0,超声内镜系统,,,live_metadata,,platform
AnyImage.grid,BHosDepartmentES,,0,0,超声内镜系统,,,live_metadata,,platform
AnyImage.grid,BHosDepartmentRIS,,0,0,超声内镜系统,,,live_metadata,,platform
AnyImage.grid,BHosManagerResearchRecord,,0,0,超声内镜系统,,,live_metadata,,platform
AnyImage.grid,BHosPatient,,662065,0,超声内镜系统,,,live_metadata,,platform
AnyImage.grid,BHosPatientSourceES,,3,0,超声内镜系统,,,live_metadata,,platform
AnyImage.grid,BHosPatientSourceUS,,3,0,超声内镜系统,,,live_metadata,,platform
AnyImage.grid,BHosRptRecord,,0,0,超声内镜系统,,,live_metadata,,platform
AnyImage.grid,BHosSB,,0,0,超声内镜系统,,,live_metadata,,platform
AnyImage.grid,BHosSBType,,9,0,超声内镜系统,,,live_metadata,,platform
AnyImage.grid,BHosSequence_BHosCheckES,,1,0,超声内镜系统,,,live_metadata,,platform
AnyImage.grid,BHosSequence_BHosCheckUS,,1,0,超声内镜系统,,,live_metadata,,platform
AnyImage.grid,BHosSequence_BHosPatient,,1,0,超声内镜系统,,,live_metadata,,platform
AnyImage.grid,BHosSFNotes,,0,0,超声内镜系统,,,live_metadata,,platform
AnyImage.grid,BHosViewApplyInfoES,,,0,超声内镜系统,,,live_metadata,,platform
AnyImage.grid,BHosViewApplyInfoUS,,,0,超声内镜系统,,,live_metadata,,platform
AnyImage.grid,BHosViewCheckESRpt,,,0,超声内镜系统,,,live_metadata,,platform
AnyImage.grid,BHosViewCheckESStatView,,,0,超声内镜系统,,,live_metadata,,platform
AnyImage.grid,BHosViewCheckESStatViewEx,,,0,超声内镜系统,,,live_metadata,,platform
AnyImage.grid,BHosViewCheckUSRpt,,,0,超声内镜系统,,,live_metadata,,platform
AnyImage.grid,BHosViewSchInfo,,,0,超声内镜系统,,,live_metadata,,platform
AnyImage.grid,BHosXXJ,,5,0,超声内镜系统,,,live_metadata,,platform
AnyImage.grid,BHosXXUser,,0,0,超声内镜系统,,,live_metadata,,platform
AnyImage.grid,BZ_all_BHosQualityScore,,0,0,超声内镜系统,,,live_metadata,,platform
AnyImage.grid,BZ_all_BHosQualityScoreItems,,24,0,超声内镜系统,,,live_metadata,,platform
AnyImage.grid,BZ_all_BHosQualityScoreType,,2,0,超声内镜系统,,,live_metadata,,platform
AnyImage.grid,BZ_all_HP,,5,0,超声内镜系统,,,live_metadata,,platform
AnyImage.grid,BZ_all_Sex,字典，保存性别信息,2,0,超声内镜系统,,,live_metadata,,platform
AnyImage.grid,BZ_all_SKBPart,,,0,超声内镜系统,,,live_metadata,,platform
AnyImage.grid,BZ_all_SpecialChar,,0,0,超声内镜系统,,,live_metadata,,platform
AnyImage.grid,BZ_all_SpecialWords,,77,0,超声内镜系统,,,live_metadata,,platform
AnyImage.grid,BZ_ES_Accord,,2,0,超声内镜系统,,,live_metadata,,platform
AnyImage.grid,BZ_ES_ApplyType,,3,0,超声内镜系统,,,live_metadata,,platform
AnyImage.grid,BZ_ES_ASAFenJiZiDian,,6,0,超声内镜系统,,,live_metadata,,platform
AnyImage.grid,BZ_ES_Assistant,,15,0,超声内镜系统,,,live_metadata,,platform
AnyImage.grid,BZ_ES_bingfazheng,,12,0,超声内镜系统,,,live_metadata,,platform
AnyImage.grid,BZ_ES_CDZBZLMark,,2,0,超声内镜系统,,,live_metadata,,platform
AnyImage.grid,BZ_ES_CDZBZLType,,3,0,超声内镜系统,,,live_metadata,,platform
AnyImage.grid,BZ_ES_CDZBZLZD,,4,0,超声内镜系统,,,live_metadata,,platform
AnyImage.grid,BZ_ES_DDHMB,,3,0,超声内镜系统,,,live_metadata,,platform
AnyImage.grid,BZ_ES_Department,,19,0,超声内镜系统,,,live_metadata,,platform
AnyImage.grid,BZ_ES_DiseaseType,,7,0,超声内镜系统,,,live_metadata,,platform
AnyImage.grid,BZ_ES_Dr,,21,0,超声内镜系统,,,live_metadata,,platform
AnyImage.grid,BZ_ES_EndoNum,,11,0,超声内镜系统,,,live_metadata,,platform
AnyImage.grid,BZ_ES_Eq,,31,0,超声内镜系统,,,live_metadata,,platform
AnyImage.grid,BZ_ES_EqMode,,11,0,超声内镜系统,,,live_metadata,,platform
AnyImage.grid,BZ_ES_ExamItem,,4,0,超声内镜系统,,,live_metadata,,platform
AnyImage.grid,BZ_ES_ExamPart,,4,0,超声内镜系统,,,live_metadata,,platform
AnyImage.grid,BZ_ES_ExamRoom,,10,0,超声内镜系统,,,live_metadata,,platform
AnyImage.grid,BZ_ES_ExamType,,11,0,超声内镜系统,,,live_metadata,,platform
AnyImage.grid,BZ_ES_ExamTypeFromCheckType,,10,0,超声内镜系统,,,live_metadata,,platform
AnyImage.grid,BZ_ES_gaoweirenqun,,4,0,超声内镜系统,,,live_metadata,,platform
AnyImage.grid,BZ_ES_Indication,,28,0,超声内镜系统,,,live_metadata,,platform
AnyImage.grid,BZ_ES_JCXL,,3,0,超声内镜系统,,,live_metadata,,platform
AnyImage.grid,BZ_ES_KangNingXueJiZiDian,,4,0,超声内镜系统,,,live_metadata,,platform
AnyImage.grid,BZ_ES_MaZuiLeiXingZiDian,,4,0,超声内镜系统,,,live_metadata,,platform
AnyImage.grid,BZ_ES_MaZuiYaoPinZiDian,,8,0,超声内镜系统,,,live_metadata,,platform
AnyImage.grid,BZ_ES_MZDr,,4,0,超声内镜系统,,,live_metadata,,platform
AnyImage.grid,BZ_ES_Number,,5,0,超声内镜系统,,,live_metadata,,platform
AnyImage.grid,BZ_ES_OPSItem,,42,0,超声内镜系统,,,live_metadata,,platform
AnyImage.grid,BZ_ES_PartDic,,55,0,超声内镜系统,,,live_metadata,,platform
AnyImage.grid,BZ_ES_PartRelation,,3,0,超声内镜系统,,,live_metadata,,platform
AnyImage.grid,BZ_ES_PSItems,,23,0,超声内镜系统,,,live_metadata,,platform
AnyImage.grid,BZ_ES_ranse,,6,0,超声内镜系统,,,live_metadata,,platform
AnyImage.grid,BZ_ES_ReportStaus,,3,0,超声内镜系统,,,live_metadata,,platform
AnyImage.grid,BZ_ES_ReturnReason,,3,0,超声内镜系统,,,live_metadata,,platform
AnyImage.grid,BZ_ES_tuijingshichang,,3,0,超声内镜系统,,,live_metadata,,platform
AnyImage.grid,BZ_ES_WJCleanDrugs,,0,0,超声内镜系统,,,live_metadata,,platform
AnyImage.grid,BZ_ES_WordSystem,,,0,超声内镜系统,,,live_metadata,,platform
AnyImage.grid,BZ_ES_ZAOAI,,0,0,超声内镜系统,,,live_metadata,,platform
AnyImage.grid,BZ_ES_ZLLX,,35,0,超声内镜系统,,,live_metadata,,platform
AnyImage.grid,BZ_US_Accord,,2,0,超声内镜系统,,,live_metadata,,platform
AnyImage.grid,BZ_US_ApplyType,,0,0,超声内镜系统,,,live_metadata,,platform
AnyImage.grid,BZ_US_Assistant,,30,0,超声内镜系统,,,live_metadata,,platform
AnyImage.grid,BZ_US_CLItems,,76,0,超声内镜系统,,,live_metadata,,platform
AnyImage.grid,BZ_US_Department,,19,0,超声内镜系统,,,live_metadata,,platform
AnyImage.grid,BZ_US_Dr,,33,0,超声内镜系统,,,live_metadata,,platform
AnyImage.grid,BZ_US_Eq,,26,0,超声内镜系统,,,live_metadata,,platform
AnyImage.grid,BZ_US_EqMode,,6,0,超声内镜系统,,,live_metadata,,platform
AnyImage.grid,BZ_US_ExamItem,,284,0,超声内镜系统,,,live_metadata,,platform
AnyImage.grid,BZ_US_ExamPart,,76,0,超声内镜系统,,,live_metadata,,platform
AnyImage.grid,BZ_US_ExamRoom,,10,0,超声内镜系统,,,live_metadata,,platform
AnyImage.grid,BZ_US_ExamType,,12,0,超声内镜系统,,,live_metadata,,platform
AnyImage.grid,BZ_US_ExamTypeFromCheckType,,0,0,超声内镜系统,,,live_metadata,,platform
AnyImage.grid,BZ_US_GZLTJFS,,174,0,超声内镜系统,,,live_metadata,,platform
AnyImage.grid,BZ_US_JCQY,,0,0,超声内镜系统,,,live_metadata,,platform
AnyImage.grid,BZ_US_PartDic,,6,0,超声内镜系统,,,live_metadata,,platform
AnyImage.grid,BZ_US_PartRelation,,0,0,超声内镜系统,,,live_metadata,,platform
AnyImage.grid,BZ_US_PatientSource,,3,0,超声内镜系统,,,live_metadata,,platform
AnyImage.grid,BZ_US_TemplateTypeFromCheckType,,0,0,超声内镜系统,,,live_metadata,,platform
AnyImage.grid,BZ_US_TJFS,,0,0,超声内镜系统,,,live_metadata,,platform
AnyImage.grid,BZ_US_ZKBZ,,2,0,超声内镜系统,,,live_metadata,,platform
AnyImage.grid,CUPPIC,,0,0,超声内镜系统,,,live_metadata,,platform
AnyImage.grid,GZLFSTJ,,,0,超声内镜系统,,,live_metadata,,platform
AnyImage.grid,InterfaceMap,,3,0,超声内镜系统,,,live_metadata,,platform
AnyImage.grid,PaperType,,3,0,超声内镜系统,,,live_metadata,,platform
AnyImage.grid,Template0,,13,0,超声内镜系统,,,live_metadata,,platform
AnyImage.grid,Template1,,816,0,超声内镜系统,,,live_metadata,,platform
AnyImage.grid,TemplateImage,,0,0,超声内镜系统,,,live_metadata,,platform
AnyImage.grid,v5_BHosViewMissionListES,,,0,超声内镜系统,,,live_metadata,,platform
AnyImage.grid,v5_BHosViewMissionListUS,,,0,超声内镜系统,,,live_metadata,,platform
AnyImage.grid,v5_BHosViewScheduleES,,,0,超声内镜系统,,,live_metadata,,platform
AnyImage.grid,v5_BHosViewScheduleUS,,,0,超声内镜系统,,,live_metadata,,platform
AnyImage.grid,V_NIS_OPERATION_B,,,0,超声内镜系统,,,live_metadata,,platform
AnyImage.grid,WebArchived_BHosCheckES,,609,0,超声内镜系统,,,live_metadata,,platform
AnyImage.grid,WebArchived_BHosCheckUS,,7469,0,超声内镜系统,,,live_metadata,,platform
AnyImage.grid,WJZHistory,,1,0,超声内镜系统,,,live_metadata,,platform
AnyImageSLES.dbo,检查记录,,,0,超声内镜系统,,,live_metadata,,platform
AnyImageSLES.dbo,ADBVersion,,1,0,超声内镜系统,,,live_metadata,,platform
AnyImageSLES.dbo,RIS_PATIENT_INFO,,,0,超声内镜系统,,,live_metadata,,platform
AnyImageSLES.dbo,V_ESBHL_CHECK_ROD,,,0,超声内镜系统,,,live_metadata,,platform
AnyImageSLES.dbo,VS_BHosCheckES,,,0,超声内镜系统,,,live_metadata,,platform
AnyImageSLES.dbo,VS_Report_MDK,,,0,超声内镜系统,,,live_metadata,,platform
AnyImageSLES.dbo,VS_RequestProcedure_MDK,,,0,超声内镜系统,,,live_metadata,,platform
AnyImageSLES.dbo,VS_ServiceRequest_MDK,,,0,超声内镜系统,,,live_metadata,,platform
AnyImageSLES.grid,统计视图ES,,,0,超声内镜系统,,,live_metadata,,platform
AnyImageSLES.grid,ADataFix,,3,0,超声内镜系统,,,live_metadata,,platform
AnyImageSLES.grid,BHosCheckES,,156700,0,超声内镜系统,,,live_metadata,,platform
AnyImageSLES.grid,BHosCheckES_NavRecord,,0,0,超声内镜系统,,,live_metadata,,platform
AnyImageSLES.grid,BHosCheckES_UpdateLog_2015,,10,0,超声内镜系统,,,live_metadata,,platform
AnyImageSLES.grid,BHosCheckES_UpdateLog_2016,,40393,0,超声内镜系统,,,live_metadata,,platform
AnyImageSLES.grid,BHosCheckES_UpdateLog_2017,,83360,0,超声内镜系统,,,live_metadata,,platform
AnyImageSLES.grid,BHosCheckES_UpdateLog_2018,,45826,0,超声内镜系统,,,live_metadata,,platform
AnyImageSLES.grid,BHosCheckESXMLLog,,114268,0,超声内镜系统,,,live_metadata,,platform
AnyImageSLES.grid,BHosDecontamination,,6,0,超声内镜系统,,,live_metadata,,platform
AnyImageSLES.grid,BHosDepartmentES,,0,0,超声内镜系统,,,live_metadata,,platform
AnyImageSLES.grid,BHosPatient,,120446,0,超声内镜系统,,,live_metadata,,platform
AnyImageSLES.grid,BHosPatientSourceES,,3,0,超声内镜系统,,,live_metadata,,platform
AnyImageSLES.grid,BHosSB,,4,0,超声内镜系统,,,live_metadata,,platform
AnyImageSLES.grid,BHosSBType,,9,0,超声内镜系统,,,live_metadata,,platform
AnyImageSLES.grid,BHosSequence_BHosCheckES,,1,0,超声内镜系统,,,live_metadata,,platform
AnyImageSLES.grid,BHosSequence_BHosPatient,,1,0,超声内镜系统,,,live_metadata,,platform
AnyImageSLES.grid,BHosSFNotes,,0,0,超声内镜系统,,,live_metadata,,platform
AnyImageSLES.grid,BHosXXJ,,5,0,超声内镜系统,,,live_metadata,,platform
AnyImageSLES.grid,BHosXXUser,,0,0,超声内镜系统,,,live_metadata,,platform
AnyImageSLES.grid,BZ_all_HP,,6,0,超声内镜系统,,,live_metadata,,platform
AnyImageSLES.grid,BZ_all_Sex,字典，保存性别信息,2,0,超声内镜系统,,,live_metadata,,platform
AnyImageSLES.grid,BZ_ES_Accord,,2,0,超声内镜系统,,,live_metadata,,platform
AnyImageSLES.grid,BZ_ES_ApplyType,,0,0,超声内镜系统,,,live_metadata,,platform
AnyImageSLES.grid,BZ_ES_ASAFenJiZiDian,,6,0,超声内镜系统,,,live_metadata,,platform
AnyImageSLES.grid,BZ_ES_Assistant,,7,0,超声内镜系统,,,live_metadata,,platform
AnyImageSLES.grid,BZ_ES_bingfazheng,,12,0,超声内镜系统,,,live_metadata,,platform
AnyImageSLES.grid,BZ_ES_CDZBZLZD,,4,0,超声内镜系统,,,live_metadata,,platform
AnyImageSLES.grid,BZ_ES_DDHMB,,3,0,超声内镜系统,,,live_metadata,,platform
AnyImageSLES.grid,BZ_ES_Department,,8,0,超声内镜系统,,,live_metadata,,platform
AnyImageSLES.grid,BZ_ES_DiseaseType,,7,0,超声内镜系统,,,live_metadata,,platform
AnyImageSLES.grid,BZ_ES_Dr,,22,0,超声内镜系统,,,live_metadata,,platform
AnyImageSLES.grid,BZ_ES_Eq,,8,0,超声内镜系统,,,live_metadata,,platform
AnyImageSLES.grid,BZ_ES_EqMode,,1,0,超声内镜系统,,,live_metadata,,platform
AnyImageSLES.grid,BZ_ES_ExamItem,,4,0,超声内镜系统,,,live_metadata,,platform
AnyImageSLES.grid,BZ_ES_ExamPart,,4,0,超声内镜系统,,,live_metadata,,platform
AnyImageSLES.grid,BZ_ES_ExamRoom,,7,0,超声内镜系统,,,live_metadata,,platform
AnyImageSLES.grid,BZ_ES_ExamType,,4,0,超声内镜系统,,,live_metadata,,platform
AnyImageSLES.grid,BZ_ES_ExamTypeFromCheckType,,10,0,超声内镜系统,,,live_metadata,,platform
AnyImageSLES.grid,BZ_ES_gaoweirenqun,,4,0,超声内镜系统,,,live_metadata,,platform
AnyImageSLES.grid,BZ_ES_KangNingXueJiZiDian,,4,0,超声内镜系统,,,live_metadata,,platform
AnyImageSLES.grid,BZ_ES_MaZuiLeiXingZiDian,,2,0,超声内镜系统,,,live_metadata,,platform
AnyImageSLES.grid,BZ_ES_MaZuiYaoPinZiDian,,8,0,超声内镜系统,,,live_metadata,,platform
AnyImageSLES.grid,BZ_ES_Number,,5,0,超声内镜系统,,,live_metadata,,platform
AnyImageSLES.grid,BZ_ES_OPSItem,,42,0,超声内镜系统,,,live_metadata,,platform
AnyImageSLES.grid,BZ_ES_PartDic,,55,0,超声内镜系统,,,live_metadata,,platform
AnyImageSLES.grid,BZ_ES_PartRelation,,3,0,超声内镜系统,,,live_metadata,,platform
AnyImageSLES.grid,BZ_ES_PSItems,,23,0,超声内镜系统,,,live_metadata,,platform
AnyImageSLES.grid,BZ_ES_ranse,,6,0,超声内镜系统,,,live_metadata,,platform
AnyImageSLES.grid,BZ_ES_ReportStaus,,3,0,超声内镜系统,,,live_metadata,,platform
AnyImageSLES.grid,BZ_ES_ReturnReason,,3,0,超声内镜系统,,,live_metadata,,platform
AnyImageSLES.grid,BZ_ES_tuijingshichang,,3,0,超声内镜系统,,,live_metadata,,platform
AnyImageSLES.grid,BZ_ES_WordSystem,,,0,超声内镜系统,,,live_metadata,,platform
AnyImageSLES.grid,CUPPIC,,0,0,超声内镜系统,,,live_metadata,,platform
AnyImageSLES.grid,InterfaceMap,,3,0,超声内镜系统,,,live_metadata,,platform
AnyImageSLES.grid,PaperType,,3,0,超声内镜系统,,,live_metadata,,platform
AnyImageSLES.grid,Template0,,6,0,超声内镜系统,,,live_metadata,,platform
AnyImageSLES.grid,Template1,,270,0,超声内镜系统,,,live_metadata,,platform
AnyImageSLES.grid,v5_BHosViewMissionListES,,,0,超声内镜系统,,,live_metadata,,platform
AnyImageSLES.grid,v5_BHosViewScheduleES,,,0,超声内镜系统,,,live_metadata,,platform
AnyImageSLES.v5,ACmdGroup,,22,0,超声内镜系统,,,live_metadata,,platform
AnyImageSLES.v5,ACommands,其中保存了系统中所有的命令，ManID=0表示系统内置的命令，ManID>0表示某个管理器中特有的命令（二次开发创建的）。ManID与CmdID字段组成唯一索引。,57,0,超声内镜系统,,,live_metadata,,platform
AnyImageSLES.v5,AComputer,保存系统中所有登录到本系统的计算机的基本信息,31,0,超声内镜系统,,,live_metadata,,platform
AnyImageSLES.v5,ADataFix,,16,0,超声内镜系统,,,live_metadata,,platform
AnyImageSLES.v5,ADepartment,保存一家用户的部门信息，在用户管理器、设备管理器等管理器中用到作为主表。在用户管理器中将被用于保存用户所在部门的角色信息,1,0,超声内镜系统,,,live_metadata,,platform
AnyImageSLES.v5,AdverseEventsActionsMode,,8,0,超声内镜系统,,,live_metadata,,platform
AnyImageSLES.v5,AdverseEventsEverity,,10,0,超声内镜系统,,,live_metadata,,platform
AnyImageSLES.v5,AdverseEventsOutcomesMode,,3,0,超声内镜系统,,,live_metadata,,platform
AnyImageSLES.v5,AExportDataBase,,0,0,超声内镜系统,,,live_metadata,,platform
AnyImageSLES.v5,AExportTable,,0,0,超声内镜系统,,,live_metadata,,platform
AnyImageSLES.v5,AExportTableField,,0,0,超声内镜系统,,,live_metadata,,platform
AnyImageSLES.v5,AFavoriteAttention,,0,0,超声内镜系统,,,live_metadata,,platform
AnyImageSLES.v5,AFavoriteExDisplayFields,,0,0,超声内镜系统,,,live_metadata,,platform
AnyImageSLES.v5,AFavoriteExFolder,,3,0,超声内镜系统,,,live_metadata,,platform
AnyImageSLES.v5,AFavoriteExFolderItem,,0,0,超声内镜系统,,,live_metadata,,platform
AnyImageSLES.v5,AFavoriteExQueryField,,0,0,超声内镜系统,,,live_metadata,,platform
AnyImageSLES.v5,AFavoriteItems,,0,0,超声内镜系统,,,live_metadata,,platform
AnyImageSLES.v5,AFavoritePrivateAttribute,,0,0,超声内镜系统,,,live_metadata,,platform
AnyImageSLES.v5,AFavoritePublicAttribute,,6,0,超声内镜系统,,,live_metadata,,platform
AnyImageSLES.v5,AFavoriteQueryField,,0,0,超声内镜系统,,,live_metadata,,platform
AnyImageSLES.v5,AGroupFields,,0,0,超声内镜系统,,,live_metadata,,platform
AnyImageSLES.v5,AManager,保存系统中管理器的信息。管理器是流程节点的静态模板，是系统中最重要的概念之一。,1,0,超声内镜系统,,,live_metadata,,platform
AnyImageSLES.v5,AManagerCaptureMode,,1,0,超声内镜系统,,,live_metadata,,platform
AnyImageSLES.v5,AManagerCapturePlan,,3,0,超声内镜系统,,,live_metadata,,platform
AnyImageSLES.v5,AManagerFilter,,3,0,超声内镜系统,,,live_metadata,,platform
AnyImageSLES.v5,AManagerModel,,1,0,超声内镜系统,,,live_metadata,,platform
AnyImageSLES.v5,AManagerRule,,3,0,超声内镜系统,,,live_metadata,,platform
AnyImageSLES.v5,AManagerValidate,"数据有效性验证的数据表,保证一个管理器中数据的有效性",0,0,超声内镜系统,,,live_metadata,,platform
AnyImageSLES.v5,AMissionList,,20,0,超声内镜系统,,,live_metadata,,platform
AnyImageSLES.v5,AMissionListDisplayFields,,17,0,超声内镜系统,,,live_metadata,,platform
AnyImageSLES.v5,AMissionListFieldStyle,,5,0,超声内镜系统,,,live_metadata,,platform
AnyImageSLES.v5,AMissionListQueryField,,100,0,超声内镜系统,,,live_metadata,,platform
AnyImageSLES.v5,AnyMedExportFieldSetting,,0,0,超声内镜系统,,,live_metadata,,platform
AnyImageSLES.v5,AnyMedUploadInfo,,0,0,超声内镜系统,,,live_metadata,,platform
AnyImageSLES.v5,AnyStat,,26,0,超声内镜系统,,,live_metadata,,platform
AnyImageSLES.v5,AnyStatExport,,2,0,超声内镜系统,,,live_metadata,,platform
AnyImageSLES.v5,AnyStat_Filter,,1,0,超声内镜系统,,,live_metadata,,platform
AnyImageSLES.v5,AnyStat_QueryShortCut,,0,0,超声内镜系统,,,live_metadata,,platform
AnyImageSLES.v5,AnyStatSetting,,0,0,超声内镜系统,,,live_metadata,,platform
AnyImageSLES.v5,AnyStat_Sub,,14,0,超声内镜系统,,,live_metadata,,platform
AnyImageSLES.v5,AOptionPropClient,保存用户更改之后的系统属性值，字段的说明信息参考AOptionProp,3466,0,超声内镜系统,,,live_metadata,,platform
AnyImageSLES.v5,AQC_CheckValue,,0,0,超声内镜系统,,,live_metadata,,platform
AnyImageSLES.v5,AQC_Class,,20,0,超声内镜系统,,,live_metadata,,platform
AnyImageSLES.v5,AQC_ClassValue,,0,0,超声内镜系统,,,live_metadata,,platform
AnyImageSLES.v5,AQC_DrDayValue,,0,0,超声内镜系统,,,live_metadata,,platform
AnyImageSLES.v5,AQC_DrMonthValue,,0,0,超声内镜系统,,,live_metadata,,platform
AnyImageSLES.v5,AQC_DrYearValue,,0,0,超声内镜系统,,,live_metadata,,platform
AnyImageSLES.v5,AQC_Item,,107,0,超声内镜系统,,,live_metadata,,platform
AnyImageSLES.v5,AQC_ItemValue,,0,0,超声内镜系统,,,live_metadata,,platform
AnyImageSLES.v5,AQueryField,,10,0,超声内镜系统,,,live_metadata,,platform
AnyImageSLES.v5,AQueryFieldSetting,,13,0,超声内镜系统,,,live_metadata,,platform
AnyImageSLES.v5,AQueryMenu,,0,0,超声内镜系统,,,live_metadata,,platform
AnyImageSLES.v5,AQueryResultDisplayFields,,1,0,超声内镜系统,,,live_metadata,,platform
AnyImageSLES.v5,AQueryResultFieldStyle,,0,0,超声内镜系统,,,live_metadata,,platform
AnyImageSLES.v5,AQueryShortCut,保存数据检索中快捷方式的有关内容，每个用户在每个流程节点中的快捷方式的定义是不同的。参考程序中的数据检索功能,0,0,超声内镜系统,,,live_metadata,,platform
AnyImageSLES.v5,AQueryShortCutEx,保存数据检索中快捷方式的有关内容，每个用户在每个流程节点中的快捷方式的定义是不同的。参考程序中的数据检索功能,5,0,超声内镜系统,,,live_metadata,,platform
AnyImageSLES.v5,AQuestionItems,,0,0,超声内镜系统,,,live_metadata,,platform
AnyImageSLES.v5,AQuestionnaire,,5,0,超声内镜系统,,,live_metadata,,platform
AnyImageSLES.v5,ARegEdit,模拟注册表信息的文件，该文件应该具有高效的检索性能,81,0,超声内镜系统,,,live_metadata,,platform
AnyImageSLES.v5,AReportFilterModel,,0,0,超声内镜系统,,,live_metadata,,platform
AnyImageSLES.v5,AReportFilters,,0,0,超声内镜系统,,,live_metadata,,platform
AnyImageSLES.v5,AReportSetting,,6,0,超声内镜系统,,,live_metadata,,platform
AnyImageSLES.v5,AReportTemplate,,8,0,超声内镜系统,,,live_metadata,,platform
AnyImageSLES.v5,AResearchItems,,0,0,超声内镜系统,,,live_metadata,,platform
AnyImageSLES.v5,AResearchLinkField,,0,0,超声内镜系统,,,live_metadata,,platform
AnyImageSLES.v5,AResearchModel,,0,0,超声内镜系统,,,live_metadata,,platform
AnyImageSLES.v5,AResearchPublicAttribute,,0,0,超声内镜系统,,,live_metadata,,platform
AnyImageSLES.v5,ARFID,,0,0,超声内镜系统,,,live_metadata,,platform
AnyImageSLES.v5,ARole,"保存系统中的角色信息,保存系统中所有的角色的列表，ManID＝0表示系统内置角色，ManID>0表示某个管理器角色。ManID和RoleID组成唯一索引。CmdGroups保存当前角色所有命令组的组合值。",6,0,超声内镜系统,,,live_metadata,,platform
AnyImageSLES.v5,ASampleSource,,1,0,超声内镜系统,,,live_metadata,,platform
AnyImageSLES.v5,ASecurity,,3,0,超声内镜系统,,,live_metadata,,platform
AnyImageSLES.v5,ASeqNode,流程节点数据表2005－08－09,3,0,超声内镜系统,,,live_metadata,,platform
AnyImageSLES.v5,ASeqNodeAndCmdRelation,,62,0,超声内镜系统,,,live_metadata,,platform
AnyImageSLES.v5,ASeqNodeCmd,,17,0,超声内镜系统,,,live_metadata,,platform
AnyImageSLES.v5,ASeqNodeCmdType,,6,0,超声内镜系统,,,live_metadata,,platform
AnyImageSLES.v5,ASeqNodeControledField,节点受控字段数据表，例如复诊号，必须是只读的，也就是字段的状态数据表。,0,0,超声内镜系统,,,live_metadata,,platform
AnyImageSLES.v5,ASeqNodeModel,节点模型数据表，保存节点的基本定义信息，基本结构同AManagerModel表，是AManagerModel的派生表,3,0,超声内镜系统,,,live_metadata,,platform
AnyImageSLES.v5,ASeqNodeRule,,0,0,超声内镜系统,,,live_metadata,,platform
AnyImageSLES.v5,ASequence,保存流程定义信息,1,0,超声内镜系统,,,live_metadata,,platform
AnyImageSLES.v5,ASFContent,,0,0,超声内镜系统,,,live_metadata,,platform
AnyImageSLES.v5,ASFDrRole,,0,0,超声内镜系统,,,live_metadata,,platform
AnyImageSLES.v5,ASFItems,,0,0,超声内镜系统,,,live_metadata,,platform
AnyImageSLES.v5,ASFMethod,,0,0,超声内镜系统,,,live_metadata,,platform
AnyImageSLES.v5,ASFMission,,0,0,超声内镜系统,,,live_metadata,,platform
AnyImageSLES.v5,ASFMissionList,,0,0,超声内镜系统,,,live_metadata,,platform
AnyImageSLES.v5,ASFModel,,5,0,超声内镜系统,,,live_metadata,,platform
AnyImageSLES.v5,ASFNotes,,0,0,超声内镜系统,,,live_metadata,,platform
AnyImageSLES.v5,ASFNotesEX,,0,0,超声内镜系统,,,live_metadata,,platform
AnyImageSLES.v5,ASFPublicAttribute,,11,0,超声内镜系统,,,live_metadata,,platform
AnyImageSLES.v5,ASFTime,,0,0,超声内镜系统,,,live_metadata,,platform
AnyImageSLES.v5,ASFType,,16,0,超声内镜系统,,,live_metadata,,platform
AnyImageSLES.v5,ASketchMapDic,,8,0,超声内镜系统,,,live_metadata,,platform
AnyImageSLES.v5,ASketchMapMarkColor,,6,0,超声内镜系统,,,live_metadata,,platform
AnyImageSLES.v5,ASketchMapMarks,,25487,0,超声内镜系统,,,live_metadata,,platform
AnyImageSLES.v5,ASketchMapMarkSolution,,24,0,超声内镜系统,,,live_metadata,,platform
AnyImageSLES.v5,ASketchMapRegion,,31,0,超声内镜系统,,,live_metadata,,platform
AnyImageSLES.v5,ASketchMapRelation,,33,0,超声内镜系统,,,live_metadata,,platform
AnyImageSLES.v5,ASketchMapSource,,1,0,超声内镜系统,,,live_metadata,,platform
AnyImageSLES.v5,ASolution,保存方案的定义信息。对于一家企业，一个解决方案就够了，方案与方案之间的访问就是企业之间数据的交流,1,0,超声内镜系统,,,live_metadata,,platform
AnyImageSLES.v5,ASpeechModel,,26,0,超声内镜系统,,,live_metadata,,platform
AnyImageSLES.v5,ASR_Attribute,,0,0,超声内镜系统,,,live_metadata,,platform
AnyImageSLES.v5,ASR_AttributeValue,,0,0,超声内镜系统,,,live_metadata,,platform
AnyImageSLES.v5,ASR_Class,,0,0,超声内镜系统,,,live_metadata,,platform
AnyImageSLES.v5,ASR_Class_Value,,0,0,超声内镜系统,,,live_metadata,,platform
AnyImageSLES.v5,ASysSetting,,316,0,超声内镜系统,,,live_metadata,,platform
AnyImageSLES.v5,ATable,保存系统中所有的数据表的基本信息,60,0,超声内镜系统,,,live_metadata,,platform
AnyImageSLES.v5,ATableField,保存所有数据表中每个字段的定义信息,578,0,超声内镜系统,,,live_metadata,,platform
AnyImageSLES.v5,Audit,,0,0,超声内镜系统,,,live_metadata,,platform
AnyImageSLES.v5,AuditLogin,,227,0,超声内镜系统,,,live_metadata,,platform
AnyImageSLES.v5,AUI,保存界面文件的数据表，界面文件保存界面中各种视图中的控件信息,3,0,超声内镜系统,,,live_metadata,,platform
AnyImageSLES.v5,AUIGroups,,3,0,超声内镜系统,,,live_metadata,,platform
AnyImageSLES.v5,AUser,,2,0,超声内镜系统,,,live_metadata,,platform
AnyImageSLES.v5,AUserGroup,,0,0,超声内镜系统,,,live_metadata,,platform
AnyImageSLES.v5,AUserRoleManager,,0,0,超声内镜系统,,,live_metadata,,platform
AnyImageSLES.v5,AVersion,,1,0,超声内镜系统,,,live_metadata,,platform
AnyImageSLES.v5,AVwSystemLog,,,0,超声内镜系统,,,live_metadata,,platform
AnyImageSLES.v5,AVwTableFieldView,,,0,超声内镜系统,,,live_metadata,,platform
AnyImageSLES.v5,AWordTemplateCatalog,,100,0,超声内镜系统,,,live_metadata,,platform
AnyImageSLES.v5,AWordTemplateContent,,244,0,超声内镜系统,,,live_metadata,,platform
AnyImageSLES.v5,AWordTemplateModel,,3,0,超声内镜系统,,,live_metadata,,platform
AnyImageSLES.v5,AWordTemplateSetting,,0,0,超声内镜系统,,,live_metadata,,platform
AnyImageSLES.v5,AZCheckType,,12,0,超声内镜系统,,,live_metadata,,platform
AnyImageSLES.v5,AZCommonICD,,513,0,超声内镜系统,,,live_metadata,,platform
AnyImageSLES.v5,AZComplicationType,,9,0,超声内镜系统,,,live_metadata,,platform
AnyImageSLES.v5,AZDataCtrl,字典，控件的类型,27,0,超声内镜系统,,,live_metadata,,platform
AnyImageSLES.v5,AZDataType,字典，数据类型,26,0,超声内镜系统,,,live_metadata,,platform
AnyImageSLES.v5,AZFilterType,,2,0,超声内镜系统,,,live_metadata,,platform
AnyImageSLES.v5,AZICD,,11291,0,超声内镜系统,,,live_metadata,,platform
AnyImageSLES.v5,AZSex,字典，保存性别信息,2,0,超声内镜系统,,,live_metadata,,platform
AnyImageSLES.v5,AZTmpStructured,,0,0,超声内镜系统,,,live_metadata,,platform
AnyImageSLES.v5,AZTmpStructuredQuery,,0,0,超声内镜系统,,,live_metadata,,platform
AnyImageSLES.v5,AZVwSystemLogType,,,0,超声内镜系统,,,live_metadata,,platform
AnyImageSLES.v5,AZWordDiaeased,,14,0,超声内镜系统,,,live_metadata,,platform
AnyImageSLES.v5,AZWordSystem,,68,0,超声内镜系统,,,live_metadata,,platform
AnyImageSLES.v5,BImportErrorFile,,27183,0,超声内镜系统,,,live_metadata,,platform
AnyImageSLES.v5,BImportRecord,,98931,0,超声内镜系统,,,live_metadata,,platform
AnyImageSLES.v5,ComplicationsDeath,,0,0,超声内镜系统,,,live_metadata,,platform
AnyImageSLES.v5,Endoscopic_Diagnises,,228,0,超声内镜系统,,,live_metadata,,platform
AnyImageSLES.v5,ESTreatment,,0,0,超声内镜系统,,,live_metadata,,platform
AnyImageSLES.v5,Indicator,,0,0,超声内镜系统,,,live_metadata,,platform
AnyImageSLES.v5,Mst_AdverseEveents_Attribute,,28,0,超声内镜系统,,,live_metadata,,platform
AnyImageSLES.v5,Mst_AdverseEveents_AttributeEx,,28,0,超声内镜系统,,,live_metadata,,platform
AnyImageSLES.v5,Mst_AdverseEveents_Attributevalues,,52,0,超声内镜系统,,,live_metadata,,platform
AnyImageSLES.v5,Mst_AdverseEveents_AttributevaluesEx,,52,0,超声内镜系统,,,live_metadata,,platform
AnyImageSLES.v5,Mst_AdverseEveents_Class,,2,0,超声内镜系统,,,live_metadata,,platform
AnyImageSLES.v5,Mst_AdverseEveents_ClassEx,,2,0,超声内镜系统,,,live_metadata,,platform
AnyImageSLES.v5,Mst_AdverseEveents_Type,,14,0,超声内镜系统,,,live_metadata,,platform
AnyImageSLES.v5,Mst_AdverseEveents_TypeEx,,14,0,超声内镜系统,,,live_metadata,,platform
AnyImageSLES.v5,Mst_Anatomy,,90,0,超声内镜系统,,,live_metadata,,platform
AnyImageSLES.v5,Mst_LuminalFindings_Attribute,,89,0,超声内镜系统,,,live_metadata,,platform
AnyImageSLES.v5,Mst_LuminalFindings_AttributeEx,,142,0,超声内镜系统,,,live_metadata,,platform
AnyImageSLES.v5,Mst_LuminalFindings_Attributevalues,,175,0,超声内镜系统,,,live_metadata,,platform
AnyImageSLES.v5,Mst_LuminalFindings_AttributevaluesEx,,536,0,超声内镜系统,,,live_metadata,,platform
AnyImageSLES.v5,Mst_LuminalFindings_Class,,6,0,超声内镜系统,,,live_metadata,,platform
AnyImageSLES.v5,Mst_LuminalFindings_ClassEx,,6,0,超声内镜系统,,,live_metadata,,platform
AnyImageSLES.v5,Mst_LuminalFindings_Type,,58,0,超声内镜系统,,,live_metadata,,platform
AnyImageSLES.v5,Mst_LuminalFindings_TypeEx,,61,0,超声内镜系统,,,live_metadata,,platform
AnyImageSLES.v5,Mst_Procedures_Attribute,,95,0,超声内镜系统,,,live_metadata,,platform
AnyImageSLES.v5,Mst_Procedures_AttributeEx,,96,0,超声内镜系统,,,live_metadata,,platform
AnyImageSLES.v5,Mst_Procedures_Attributevalues,,173,0,超声内镜系统,,,live_metadata,,platform
AnyImageSLES.v5,Mst_Procedures_AttributevaluesEx,,181,0,超声内镜系统,,,live_metadata,,platform
AnyImageSLES.v5,Mst_Procedures_Class,,3,0,超声内镜系统,,,live_metadata,,platform
AnyImageSLES.v5,Mst_Procedures_ClassEx,,3,0,超声内镜系统,,,live_metadata,,platform
AnyImageSLES.v5,Mst_Procedures_Type,,31,0,超声内镜系统,,,live_metadata,,platform
AnyImageSLES.v5,Mst_Procedures_TypeEx,,31,0,超声内镜系统,,,live_metadata,,platform
AnyImageSLES.v5,OrgansPerProceduer,,24,0,超声内镜系统,,,live_metadata,,platform
AnyImageSLES.v5,OtherInfomation,,0,0,超声内镜系统,,,live_metadata,,platform
AnyImageSLES.v5,PDFPath,,56314,0,超声内镜系统,,,live_metadata,,platform
AnyImage.v5,ACmdGroup,,23,0,超声内镜系统,,,live_metadata,,platform
AnyImage.v5,ACommands,其中保存了系统中所有的命令，ManID=0表示系统内置的命令，ManID>0表示某个管理器中特有的命令（二次开发创建的）。ManID与CmdID字段组成唯一索引。,69,0,超声内镜系统,,,live_metadata,,platform
AnyImage.v5,AComputer,保存系统中所有登录到本系统的计算机的基本信息,118,0,超声内镜系统,,,live_metadata,,platform
AnyImage.v5,ADataChangeActionModel,,0,0,超声内镜系统,,,live_metadata,,platform
AnyImage.v5,ADataChangeModel,,0,0,超声内镜系统,,,live_metadata,,platform
AnyImage.v5,ADataFix,,25,0,超声内镜系统,,,live_metadata,,platform
AnyImage.v5,ADepartment,保存一家用户的部门信息，在用户管理器、设备管理器等管理器中用到作为主表。在用户管理器中将被用于保存用户所在部门的角色信息,2,0,超声内镜系统,,,live_metadata,,platform
AnyImage.v5,AdverseEventsActionsMode,,8,0,超声内镜系统,,,live_metadata,,platform
AnyImage.v5,AdverseEventsEverity,,10,0,超声内镜系统,,,live_metadata,,platform
AnyImage.v5,AdverseEventsOutcomesMode,,3,0,超声内镜系统,,,live_metadata,,platform
AnyImage.v5,AExportDataBase,,0,0,超声内镜系统,,,live_metadata,,platform
AnyImage.v5,AExportTable,,0,0,超声内镜系统,,,live_metadata,,platform
AnyImage.v5,AExportTableField,,0,0,超声内镜系统,,,live_metadata,,platform
AnyImage.v5,AFavoriteAttention,,0,0,超声内镜系统,,,live_metadata,,platform
AnyImage.v5,AFavoriteExDisplayFields,,0,0,超声内镜系统,,,live_metadata,,platform
AnyImage.v5,AFavoriteExFolder,,35,0,超声内镜系统,,,live_metadata,,platform
AnyImage.v5,AFavoriteExFolderItem,,0,0,超声内镜系统,,,live_metadata,,platform
AnyImage.v5,AFavoriteExQueryField,,0,0,超声内镜系统,,,live_metadata,,platform
AnyImage.v5,AFavoriteItems,,2,0,超声内镜系统,,,live_metadata,,platform
AnyImage.v5,AFavoritePrivateAttribute,,0,0,超声内镜系统,,,live_metadata,,platform
AnyImage.v5,AFavoritePublicAttribute,,6,0,超声内镜系统,,,live_metadata,,platform
AnyImage.v5,AFavoriteQueryField,,0,0,超声内镜系统,,,live_metadata,,platform
AnyImage.v5,AGroupFields,,0,0,超声内镜系统,,,live_metadata,,platform
AnyImage.v5,AManager,保存系统中管理器的信息。管理器是流程节点的静态模板，是系统中最重要的概念之一。,2,0,超声内镜系统,,,live_metadata,,platform
AnyImage.v5,AManagerCaptureExtend,,0,0,超声内镜系统,,,live_metadata,,platform
AnyImage.v5,AManagerCaptureMode,,2,0,超声内镜系统,,,live_metadata,,platform
AnyImage.v5,AManagerCapturePlan,,3,0,超声内镜系统,,,live_metadata,,platform
AnyImage.v5,AManagerDefaultRptModel,,1,0,超声内镜系统,,,live_metadata,,platform
AnyImage.v5,AManagerDefaultRptSetting,,0,0,超声内镜系统,,,live_metadata,,platform
AnyImage.v5,AManagerDefaultSectionSetting,,0,0,超声内镜系统,,,live_metadata,,platform
AnyImage.v5,AManagerFilter,,15,0,超声内镜系统,,,live_metadata,,platform
AnyImage.v5,AManagerModel,,2,0,超声内镜系统,,,live_metadata,,platform
AnyImage.v5,AManagerResearchCondition,,0,0,超声内镜系统,,,live_metadata,,platform
AnyImage.v5,AManagerResearchDefaultTemple,,0,0,超声内镜系统,,,live_metadata,,platform
AnyImage.v5,AManagerResearchDisplayFields,,0,0,超声内镜系统,,,live_metadata,,platform
AnyImage.v5,AManagerResearchFieldStyle,,0,0,超声内镜系统,,,live_metadata,,platform
AnyImage.v5,AManagerResearchModel,,0,0,超声内镜系统,,,live_metadata,,platform
AnyImage.v5,AManagerResearchPlot,,0,0,超声内镜系统,,,live_metadata,,platform
AnyImage.v5,AManagerResearchQueryField,,0,0,超声内镜系统,,,live_metadata,,platform
AnyImage.v5,AManagerResearchQueryModel,,0,0,超声内镜系统,,,live_metadata,,platform
AnyImage.v5,AManagerResearchState,,0,0,超声内镜系统,,,live_metadata,,platform
AnyImage.v5,AManagerResearchStruct,,0,0,超声内镜系统,,,live_metadata,,platform
AnyImage.v5,AManagerResearchTitleColor,,0,0,超声内镜系统,,,live_metadata,,platform
AnyImage.v5,AManagerRule,,4,0,超声内镜系统,,,live_metadata,,platform
AnyImage.v5,AManagerTermDefRptSetting,,0,0,超声内镜系统,,,live_metadata,,platform
AnyImage.v5,AManagerTermDiagnose,,0,0,超声内镜系统,,,live_metadata,,platform
AnyImage.v5,AManagerTools,,0,0,超声内镜系统,,,live_metadata,,platform
AnyImage.v5,AManagerValidate,"数据有效性验证的数据表,保证一个管理器中数据的有效性",9,0,超声内镜系统,,,live_metadata,,platform
AnyImage.v5,AMeasItems,,0,0,超声内镜系统,,,live_metadata,,platform
AnyImage.v5,AMeasReference,,0,0,超声内镜系统,,,live_metadata,,platform
AnyImage.v5,AMeasReferenceItems,,0,0,超声内镜系统,,,live_metadata,,platform
AnyImage.v5,AMeasTemplate,,0,0,超声内镜系统,,,live_metadata,,platform
AnyImage.v5,AMissionList,,36,0,超声内镜系统,,,live_metadata,,platform
AnyImage.v5,AMissionListDateRange,,0,0,超声内镜系统,,,live_metadata,,platform
AnyImage.v5,AMissionListDisplayFields,,15,0,超声内镜系统,,,live_metadata,,platform
AnyImage.v5,AMissionListFieldStyle,,104,0,超声内镜系统,,,live_metadata,,platform
AnyImage.v5,AMissionListQueryField,,229,0,超声内镜系统,,,live_metadata,,platform
AnyImage.v5,AnyMedExportFieldSetting,,0,0,超声内镜系统,,,live_metadata,,platform
AnyImage.v5,AnyMedUploadInfo,,0,0,超声内镜系统,,,live_metadata,,platform
AnyImage.v5,AnyStat,,40,0,超声内镜系统,,,live_metadata,,platform
AnyImage.v5,AnyStat_DataSource,,0,0,超声内镜系统,,,live_metadata,,platform
AnyImage.v5,AnyStat_DataSourceField,,0,0,超声内镜系统,,,live_metadata,,platform
AnyImage.v5,AnyStatExport,,3,0,超声内镜系统,,,live_metadata,,platform
AnyImage.v5,AnyStat_Filter,,4,0,超声内镜系统,,,live_metadata,,platform
AnyImage.v5,AnyStat_History,,227359,0,超声内镜系统,,,live_metadata,,platform
AnyImage.v5,AnyStat_QueryShortCut,保存数据检索中快捷方式的有关内容，每个用户在每个流程节点中的快捷方式的定义是不同的。参考程序中的数据检索功能,13,0,超声内镜系统,,,live_metadata,,platform
AnyImage.v5,AnyStatSetting,,0,0,超声内镜系统,,,live_metadata,,platform
AnyImage.v5,AnyStat_Sub,,17,0,超声内镜系统,,,live_metadata,,platform
AnyImage.v5,AOperationLogTemplate0,,0,0,超声内镜系统,,,live_metadata,,platform
AnyImage.v5,AOperationLogTemplate1,,0,0,超声内镜系统,,,live_metadata,,platform
AnyImage.v5,AOptionPropClient,保存用户更改之后的系统属性值，字段的说明信息参考AOptionProp,4387,0,超声内镜系统,,,live_metadata,,platform
AnyImage.v5,AOption_UpdateLog,,30752,0,超声内镜系统,,,live_metadata,,platform
AnyImage.v5,AQC_CheckValue,,0,0,超声内镜系统,,,live_metadata,,platform
AnyImage.v5,AQC_Class,,20,0,超声内镜系统,,,live_metadata,,platform
AnyImage.v5,AQC_ClassValue,,0,0,超声内镜系统,,,live_metadata,,platform
AnyImage.v5,AQC_DrDayValue,,0,0,超声内镜系统,,,live_metadata,,platform
AnyImage.v5,AQC_DrMonthValue,,0,0,超声内镜系统,,,live_metadata,,platform
AnyImage.v5,AQC_DrYearValue,,0,0,超声内镜系统,,,live_metadata,,platform
AnyImage.v5,AQC_Item,,126,0,超声内镜系统,,,live_metadata,,platform
AnyImage.v5,AQC_ItemValue,,0,0,超声内镜系统,,,live_metadata,,platform
AnyImage.v5,AQueryField,,11,0,超声内镜系统,,,live_metadata,,platform
AnyImage.v5,AQueryFieldSetting,,25,0,超声内镜系统,,,live_metadata,,platform
AnyImage.v5,AQueryMenu,,0,0,超声内镜系统,,,live_metadata,,platform
AnyImage.v5,AQueryResultDisplayFields,,3,0,超声内镜系统,,,live_metadata,,platform
AnyImage.v5,AQueryResultFieldStyle,,0,0,超声内镜系统,,,live_metadata,,platform
AnyImage.v5,AQueryShortCut,保存数据检索中快捷方式的有关内容，每个用户在每个流程节点中的快捷方式的定义是不同的。参考程序中的数据检索功能,19,0,超声内镜系统,,,live_metadata,,platform
AnyImage.v5,AQueryShortCutEx,保存数据检索中快捷方式的有关内容，每个用户在每个流程节点中的快捷方式的定义是不同的。参考程序中的数据检索功能,56,0,超声内镜系统,,,live_metadata,,platform
AnyImage.v5,AQuestionItems,,0,0,超声内镜系统,,,live_metadata,,platform
AnyImage.v5,AQuestionnaire,,5,0,超声内镜系统,,,live_metadata,,platform
AnyImage.v5,ARegEdit,模拟注册表信息的文件，该文件应该具有高效的检索性能,453,0,超声内镜系统,,,live_metadata,,platform
AnyImage.v5,AReportFilterModel,,0,0,超声内镜系统,,,live_metadata,,platform
AnyImage.v5,AReportFilters,,0,0,超声内镜系统,,,live_metadata,,platform
AnyImage.v5,AReportFilters_DC,,0,0,超声内镜系统,,,live_metadata,,platform
AnyImage.v5,AReportFilters_Report,,0,0,超声内镜系统,,,live_metadata,,platform
AnyImage.v5,AReportLinkFieldSetting,,0,0,超声内镜系统,,,live_metadata,,platform
AnyImage.v5,AReportSetting,,12,0,超声内镜系统,,,live_metadata,,platform
AnyImage.v5,AReportTemplate,,11,0,超声内镜系统,,,live_metadata,,platform
AnyImage.v5,AReportTemplate_History,,0,0,超声内镜系统,,,live_metadata,,platform
AnyImage.v5,AResearchItems,,0,0,超声内镜系统,,,live_metadata,,platform
AnyImage.v5,AResearchLinkField,,0,0,超声内镜系统,,,live_metadata,,platform
AnyImage.v5,AResearchModel,,0,0,超声内镜系统,,,live_metadata,,platform
AnyImage.v5,AResearchPublicAttribute,,5,0,超声内镜系统,,,live_metadata,,platform
AnyImage.v5,AResearch_QueryShortCut,保存数据检索中快捷方式的有关内容，每个用户在每个流程节点中的快捷方式的定义是不同的。参考程序中的数据检索功能,0,0,超声内镜系统,,,live_metadata,,platform
AnyImage.v5,AResource,,0,0,超声内镜系统,,,live_metadata,,platform
AnyImage.v5,ARFID,,0,0,超声内镜系统,,,live_metadata,,platform
AnyImage.v5,ARole,"保存系统中的角色信息,保存系统中所有的角色的列表，ManID＝0表示系统内置角色，ManID>0表示某个管理器角色。ManID和RoleID组成唯一索引。CmdGroups保存当前角色所有命令组的组合值。",7,0,超声内镜系统,,,live_metadata,,platform
AnyImage.v5,ASampleSource,,1,0,超声内镜系统,,,live_metadata,,platform
AnyImage.v5,ASecurity,,3,0,超声内镜系统,,,live_metadata,,platform
AnyImage.v5,ASeqNode,流程节点数据表2005－08－09,6,0,超声内镜系统,,,live_metadata,,platform
AnyImage.v5,ASeqNodeAndCmdRelation,,40,0,超声内镜系统,,,live_metadata,,platform
AnyImage.v5,ASeqNodeCmd,,56,0,超声内镜系统,,,live_metadata,,platform
AnyImage.v5,ASeqNodeCmdType,,6,0,超声内镜系统,,,live_metadata,,platform
AnyImage.v5,ASeqNodeCmd_WebConfig,,0,0,超声内镜系统,,,live_metadata,,platform
AnyImage.v5,ASeqNodeCmd_WebParams,,0,0,超声内镜系统,,,live_metadata,,platform
AnyImage.v5,ASeqNodeControledField,节点受控字段数据表，例如复诊号，必须是只读的，也就是字段的状态数据表。,0,0,超声内镜系统,,,live_metadata,,platform
AnyImage.v5,ASeqNodeModel,节点模型数据表，保存节点的基本定义信息，基本结构同AManagerModel表，是AManagerModel的派生表,6,0,超声内镜系统,,,live_metadata,,platform
AnyImage.v5,ASeqNodeRule,,0,0,超声内镜系统,,,live_metadata,,platform
AnyImage.v5,ASequence,保存流程定义信息,1,0,超声内镜系统,,,live_metadata,,platform
AnyImage.v5,ASFContent,,0,0,超声内镜系统,,,live_metadata,,platform
AnyImage.v5,ASFDrRole,,0,0,超声内镜系统,,,live_metadata,,platform
AnyImage.v5,ASFItems,,0,0,超声内镜系统,,,live_metadata,,platform
AnyImage.v5,ASFListQueryField,,0,0,超声内镜系统,,,live_metadata,,platform
AnyImage.v5,ASFMethod,,0,0,超声内镜系统,,,live_metadata,,platform
AnyImage.v5,ASFMission,,0,0,超声内镜系统,,,live_metadata,,platform
AnyImage.v5,ASFMissionList,,0,0,超声内镜系统,,,live_metadata,,platform
AnyImage.v5,ASFMissionListDisplayFields,,0,0,超声内镜系统,,,live_metadata,,platform
AnyImage.v5,ASFMissionListFieldStyle,,0,0,超声内镜系统,,,live_metadata,,platform
AnyImage.v5,ASFMissionListMenu,,0,0,超声内镜系统,,,live_metadata,,platform
AnyImage.v5,ASFModel,,5,0,超声内镜系统,,,live_metadata,,platform
AnyImage.v5,ASFNotes,,0,0,超声内镜系统,,,live_metadata,,platform
AnyImage.v5,ASFNotesEX,,0,0,超声内镜系统,,,live_metadata,,platform
AnyImage.v5,ASFPublicAttribute,,11,0,超声内镜系统,,,live_metadata,,platform
AnyImage.v5,ASFTime,,0,0,超声内镜系统,,,live_metadata,,platform
AnyImage.v5,ASFType,,16,0,超声内镜系统,,,live_metadata,,platform
AnyImage.v5,ASKBColCfgModel,,1,0,超声内镜系统,,,live_metadata,,platform
AnyImage.v5,ASKBElement,,11,0,超声内镜系统,,,live_metadata,,platform
AnyImage.v5,ASKBLabelResource,,0,0,超声内镜系统,,,live_metadata,,platform
AnyImage.v5,ASKBPart,,67,0,超声内镜系统,,,live_metadata,,platform
AnyImage.v5,ASKBQueryShortCut,保存数据检索中快捷方式的有关内容，每个用户在每个流程节点中的快捷方式的定义是不同的。参考程序中的数据检索功能,0,0,超声内镜系统,,,live_metadata,,platform
AnyImage.v5,ASKBSystem,,3,0,超声内镜系统,,,live_metadata,,platform
AnyImage.v5,ASKBTarget,,6,0,超声内镜系统,,,live_metadata,,platform
AnyImage.v5,ASKBTemplateCatalog,,501,0,超声内镜系统,,,live_metadata,,platform
AnyImage.v5,ASKBTemplateContent,,1324,0,超声内镜系统,,,live_metadata,,platform
AnyImage.v5,ASKBTerm,,18,0,超声内镜系统,,,live_metadata,,platform
AnyImage.v5,ASKBTermAttribute,,956,0,超声内镜系统,,,live_metadata,,platform
AnyImage.v5,ASKBTermGroup,,228,0,超声内镜系统,,,live_metadata,,platform
AnyImage.v5,ASKBTermItem,,440,0,超声内镜系统,,,live_metadata,,platform
AnyImage.v5,ASketchMapDic,,8,0,超声内镜系统,,,live_metadata,,platform
AnyImage.v5,ASketchMapMarkColor,,6,0,超声内镜系统,,,live_metadata,,platform
AnyImage.v5,ASketchMapMarks,,79285,0,超声内镜系统,,,live_metadata,,platform
AnyImage.v5,ASketchMapMarkSolution,,0,0,超声内镜系统,,,live_metadata,,platform
AnyImage.v5,ASketchMapPsItemRegion,,0,0,超声内镜系统,,,live_metadata,,platform
AnyImage.v5,ASketchMapRegion,,488,0,超声内镜系统,,,live_metadata,,platform
AnyImage.v5,ASketchMapRegion_Temp,,424,0,超声内镜系统,,,live_metadata,,platform
AnyImage.v5,ASketchMapRegion_Temp2,,29,0,超声内镜系统,,,live_metadata,,platform
AnyImage.v5,ASketchMapRelation,,37,0,超声内镜系统,,,live_metadata,,platform
AnyImage.v5,ASketchMapSource,,2,0,超声内镜系统,,,live_metadata,,platform
AnyImage.v5,ASolution,保存方案的定义信息。对于一家企业，一个解决方案就够了，方案与方案之间的访问就是企业之间数据的交流,1,0,超声内镜系统,,,live_metadata,,platform
AnyImage.v5,ASpeechModel,,21,0,超声内镜系统,,,live_metadata,,platform
AnyImage.v5,ASR_Attribute,,0,0,超声内镜系统,,,live_metadata,,platform
AnyImage.v5,ASR_AttributeValue,,0,0,超声内镜系统,,,live_metadata,,platform
AnyImage.v5,ASR_Class,,0,0,超声内镜系统,,,live_metadata,,platform
AnyImage.v5,ASR_Class_Value,,0,0,超声内镜系统,,,live_metadata,,platform
AnyImage.v5,AStatusBarClassInfo,,0,0,超声内镜系统,,,live_metadata,,platform
AnyImage.v5,AStatusBarParamDic,,0,0,超声内镜系统,,,live_metadata,,platform
AnyImage.v5,ASysConsoleRules,,0,0,超声内镜系统,,,live_metadata,,platform
AnyImage.v5,ASysSetting,,634,0,超声内镜系统,,,live_metadata,,platform
AnyImage.v5,ATable,保存系统中所有的数据表的基本信息,161,0,超声内镜系统,,,live_metadata,,platform
AnyImage.v5,ATableField,保存所有数据表中每个字段的定义信息,1950,0,超声内镜系统,,,live_metadata,,platform
AnyImage.v5,ATSKBCollectionDetail,,294,0,超声内镜系统,,,live_metadata,,platform
AnyImage.v5,Audit,,0,0,超声内镜系统,,,live_metadata,,platform
AnyImage.v5,AuditLogin,,43517,0,超声内镜系统,,,live_metadata,,platform
AnyImage.v5,AuditVersion,,0,0,超声内镜系统,,,live_metadata,,platform
AnyImage.v5,AUI,保存界面文件的数据表，界面文件保存界面中各种视图中的控件信息,3,0,超声内镜系统,,,live_metadata,,platform
AnyImage.v5,AUI_ExtendPage,,0,0,超声内镜系统,,,live_metadata,,platform
AnyImage.v5,AUIGroups,,3,0,超声内镜系统,,,live_metadata,,platform
AnyImage.v5,AUI_History,,43,0,超声内镜系统,,,live_metadata,,platform
AnyImage.v5,AUIScriptTemplate,,0,0,超声内镜系统,,,live_metadata,,platform
AnyImage.v5,AUser,,68,0,超声内镜系统,,,live_metadata,,platform
AnyImage.v5,AUserGroup,,0,0,超声内镜系统,,,live_metadata,,platform
AnyImage.v5,AUserRoleManager,,0,0,超声内镜系统,,,live_metadata,,platform
AnyImage.v5,AVersion,,1,0,超声内镜系统,,,live_metadata,,platform
AnyImage.v5,AVwSystemLog,,,0,超声内镜系统,,,live_metadata,,platform
AnyImage.v5,AVwTableFieldView,,,0,超声内镜系统,,,live_metadata,,platform
AnyImage.v5,AWordTemplateCatalog,,541,0,超声内镜系统,,,live_metadata,,platform
AnyImage.v5,AWordTemplateContent,,2643,0,超声内镜系统,,,live_metadata,,platform
AnyImage.v5,AWordTemplateFilterSetting,,0,0,超声内镜系统,,,live_metadata,,platform
AnyImage.v5,AWordTemplateModel,,6,0,超声内镜系统,,,live_metadata,,platform
AnyImage.v5,AWordTemplateSetting,,0,0,超声内镜系统,,,live_metadata,,platform
AnyImage.v5,AZCheckType,,12,0,超声内镜系统,,,live_metadata,,platform
AnyImage.v5,AZCommonICD,,513,0,超声内镜系统,,,live_metadata,,platform
AnyImage.v5,AZComplicationType,,9,0,超声内镜系统,,,live_metadata,,platform
AnyImage.v5,AZDataCtrl,字典，控件的类型,27,0,超声内镜系统,,,live_metadata,,platform
AnyImage.v5,AZDataType,字典，数据类型,26,0,超声内镜系统,,,live_metadata,,platform
AnyImage.v5,AZFilterType,,2,0,超声内镜系统,,,live_metadata,,platform
AnyImage.v5,AZICD,,11291,0,超声内镜系统,,,live_metadata,,platform
AnyImage.v5,AZSex,字典，保存性别信息,2,0,超声内镜系统,,,live_metadata,,platform
AnyImage.v5,AZTimeSpace,,8,0,超声内镜系统,,,live_metadata,,platform
AnyImage.v5,AZTmpStructured,,0,0,超声内镜系统,,,live_metadata,,platform
AnyImage.v5,AZTmpStructuredQuery,,0,0,超声内镜系统,,,live_metadata,,platform
AnyImage.v5,AZVwSystemLogType,,,0,超声内镜系统,,,live_metadata,,platform
AnyImage.v5,AZWordDiaeased,,14,0,超声内镜系统,,,live_metadata,,platform
AnyImage.v5,AZWordSystem,,80,0,超声内镜系统,,,live_metadata,,platform
AnyImage.v5,BImportErrorFile,,1591,0,超声内镜系统,,,live_metadata,,platform
AnyImage.v5,BImportRecord,,217670,0,超声内镜系统,,,live_metadata,,platform
AnyImage.v5,ComplicationsDeath,,0,0,超声内镜系统,,,live_metadata,,platform
AnyImage.v5,Endoscopic_Diagnises,,228,0,超声内镜系统,,,live_metadata,,platform
AnyImage.v5,ESTreatment,,0,0,超声内镜系统,,,live_metadata,,platform
AnyImage.v5,Indicator,,0,0,超声内镜系统,,,live_metadata,,platform
AnyImage.v5,Mst_AdverseEveents_Attribute,,28,0,超声内镜系统,,,live_metadata,,platform
AnyImage.v5,Mst_AdverseEveents_AttributeEx,,28,0,超声内镜系统,,,live_metadata,,platform
AnyImage.v5,Mst_AdverseEveents_Attributevalues,,52,0,超声内镜系统,,,live_metadata,,platform
AnyImage.v5,Mst_AdverseEveents_AttributevaluesEx,,52,0,超声内镜系统,,,live_metadata,,platform
AnyImage.v5,Mst_AdverseEveents_Class,,2,0,超声内镜系统,,,live_metadata,,platform
AnyImage.v5,Mst_AdverseEveents_ClassEx,,2,0,超声内镜系统,,,live_metadata,,platform
AnyImage.v5,Mst_AdverseEveents_Type,,14,0,超声内镜系统,,,live_metadata,,platform
AnyImage.v5,Mst_AdverseEveents_TypeEx,,14,0,超声内镜系统,,,live_metadata,,platform
AnyImage.v5,Mst_Anatomy,,90,0,超声内镜系统,,,live_metadata,,platform
AnyImage.v5,Mst_LuminalFindings_Attribute,,89,0,超声内镜系统,,,live_metadata,,platform
AnyImage.v5,Mst_LuminalFindings_AttributeEx,,142,0,超声内镜系统,,,live_metadata,,platform
AnyImage.v5,Mst_LuminalFindings_Attributevalues,,175,0,超声内镜系统,,,live_metadata,,platform
AnyImage.v5,Mst_LuminalFindings_AttributevaluesEx,,536,0,超声内镜系统,,,live_metadata,,platform
AnyImage.v5,Mst_LuminalFindings_Class,,6,0,超声内镜系统,,,live_metadata,,platform
AnyImage.v5,Mst_LuminalFindings_ClassEx,,6,0,超声内镜系统,,,live_metadata,,platform
AnyImage.v5,Mst_LuminalFindings_Type,,58,0,超声内镜系统,,,live_metadata,,platform
AnyImage.v5,Mst_LuminalFindings_TypeEx,,61,0,超声内镜系统,,,live_metadata,,platform
AnyImage.v5,Mst_Procedures_Attribute,,95,0,超声内镜系统,,,live_metadata,,platform
AnyImage.v5,Mst_Procedures_AttributeEx,,96,0,超声内镜系统,,,live_metadata,,platform
AnyImage.v5,Mst_Procedures_Attributevalues,,173,0,超声内镜系统,,,live_metadata,,platform
AnyImage.v5,Mst_Procedures_AttributevaluesEx,,181,0,超声内镜系统,,,live_metadata,,platform
AnyImage.v5,Mst_Procedures_Class,,3,0,超声内镜系统,,,live_metadata,,platform
AnyImage.v5,Mst_Procedures_ClassEx,,3,0,超声内镜系统,,,live_metadata,,platform
AnyImage.v5,Mst_Procedures_Type,,31,0,超声内镜系统,,,live_metadata,,platform
AnyImage.v5,Mst_Procedures_TypeEx,,31,0,超声内镜系统,,,live_metadata,,platform
AnyImage.v5,OrgansPerProceduer,,24,0,超声内镜系统,,,live_metadata,,platform
AnyImage.v5,OtherInfomation,,0,0,超声内镜系统,,,live_metadata,,platform
AnyImage.v5,PDFPath,,71364,0,超声内镜系统,,,live_metadata,,platform
audit,EventTypeGroup,,20,0,PACS 影像系统（源端）,,,live_metadata,,platform
audit,EventTypeLkup,,132,0,PACS 影像系统（源端）,,,live_metadata,,platform
audit,OperationEvent,,8400806,0,PACS 影像系统（源端）,,,live_metadata,,platform
audit,OperationEventProp,,11152643,0,PACS 影像系统（源端）,,,live_metadata,,platform
audit,SecurityEvent,,19356,0,PACS 影像系统（源端）,,,live_metadata,,platform
audit,SecurityEventProp,,14266,0,PACS 影像系统（源端）,,,live_metadata,,platform
BL,BS25015,病理检查报告表,0,49,,,,,,metadata
BL,DICTIONARY_SPECIMENNAME,,233,9,,,,,,metadata
BL,DICTIONARY_SPECIMENNAME1,,233,9,,,,,,metadata
BL,DICTIONARY_TAG,,255,10,,,,,,metadata
BL,DICTIONARY_TAG1,,245,10,,,,,,metadata
BL,DICTIONARY_TAGLIST,,40,4,,,,,,metadata
BL,DICTIONARY_TAGLIST1,,36,4,,,,,,metadata
BL,MOL_PATHOLOGICAL_EXAM_RECORD,,185761,44,,,,,,metadata
BL,MOL_PATHOLOGICAL_EXAM_RECORD1,,172272,44,,,,,,metadata
BL,PATHOLOGICAL_EXAM_RECORD1,,154125,53,,,,,,metadata
BL,PITAYA,,207591,238,,,,,,metadata
BL,PITAYA1,,166352,220,,,,,,metadata
BL,PITAYA_ADDITIONALREPORT,,2655,14,,,,,,metadata
BL,PITAYA_ADDITIONALREPORT1,,2002,14,,,,,,metadata
BL,PITAYA_ADVICE,,139890,23,,,,,,metadata
BL,PITAYA_DBTYPE,,17,9,,,,,,metadata
BL,PITAYA_FROZENREPORT,,10794,24,,,,,,metadata
BL,ROLEPERMISSIONS,,13902,4,,,,,,metadata
BL,ROLEPERMISSIONS1,,13975,4,,,,,,metadata
BL,ROLES,,17,3,,,,,,metadata
BL,ROLES1,,17,3,,,,,,metadata
bus_system,a_Sheet1,,,6,bus_system,,,,,platform
bus_system,basic_adrg_rule,,,14,bus_system,,,,,platform
bus_system,basic_adrg_rule_del,,,8,bus_system,,,,,platform
bus_system,basic_ccmcc,,,8,bus_system,,,,,platform
bus_system,basic_ccmcc_diag,,,3,bus_system,,,,,platform
bus_system,basic_ccmcc_exclusion,,,4,bus_system,,,,,platform
bus_system,basic_coder_code,,,6,bus_system,,,,,platform
bus_system,basic_diagnosis_code,,,11,bus_system,,,,,platform
bus_system,basic_diagnosis_code_copy1,,,11,bus_system,,,,,platform
bus_system,basic_diag_trea_code,,,8,bus_system,,,,,platform
bus_system,basic_disease_encyclopedia,,,28,bus_system,,,,,platform
bus_system,basic_drg_help,,,3,bus_system,,,,,platform
bus_system,basic_mdc,,,5,bus_system,,,,,platform
bus_system,basic_mdc_adrg,,,6,bus_system,,,,,platform
bus_system,basic_mdc_exclude_list,,,6,bus_system,,,,,platform
bus_system,basic_operation_code,,,14,bus_system,,,,,platform
bus_system,basic_operation_code_copy1,,,14,bus_system,,,,,platform
bus_system,config_quadrant,,,10,bus_system,,,,,platform
bus_system,coordination_area_info,,,7,bus_system,,,,,platform
bus_system,department_group_relation,,,11,bus_system,,,,,platform
bus_system,diagnosis_clinical_pathway,,,7,bus_system,,,,,platform
bus_system,diseases_related_group,,,19,bus_system,,,,,platform
bus_system,diseases_related_group_0318,,,19,bus_system,,,,,platform
bus_system,diseases_related_group_0704,,,19,bus_system,,,,,platform
bus_system,diseases_related_group_0909,,,19,bus_system,,,,,platform
bus_system,diseases_related_group_copy,,,19,bus_system,,,,,platform
bus_system,diseases_related_group_copy1,,,18,bus_system,,,,,platform
bus_system,diseases_related_group_copy2,,,18,bus_system,,,,,platform
bus_system,diseases_related_group_copy3,,,19,bus_system,,,,,platform
bus_system,diseases_related_group_mapping,,,19,bus_system,,,,,platform
bus_system,drg_department_info,,,12,bus_system,,,,,platform
bus_system,drg_hospital_doctor_therapy,,,10,bus_system,,,,,platform
bus_system,drg_hospital_info,,,13,bus_system,,,,,platform
bus_system,express_config,,,8,bus_system,,,,,platform
bus_system,group_device,,,7,bus_system,,,,,platform
bus_system,group_device_detail,,,19,bus_system,,,,,platform
bus_system,group_diagnosis_operation,,,4,bus_system,,,,,platform
bus_system,group_operation_diagnosis,,,4,bus_system,,,,,platform
bus_system,hospital_info,,,11,bus_system,,,,,platform
bus_system,last_operating_disease_group,,,26,bus_system,,,,,platform
bus_system,medical_service_package,,,17,bus_system,,,,,platform
bus_system,plugins_details,,,5,bus_system,,,,,platform
bus_system,plugins_details_copy1,,,5,bus_system,,,,,platform
bus_system,ql_express,,,9,bus_system,,,,,platform
bus_system,report_record,,,11,bus_system,,,,,platform
bus_system,rule,,,12,bus_system,,,,,platform
bus_system,rule_directed_rel,,,6,bus_system,,,,,platform
bus_system,settle_method_config,,,8,bus_system,,,,,platform
bus_system,settle_method_config_detail,,,12,bus_system,,,,,platform
bus_system,std_dict,,,9,bus_system,,,,,platform
bus_system,sys_operation_log,,,15,bus_system,,,,,platform
bus_system,sys_organize,,,11,bus_system,,,,,platform
bus_system,sys_organize_permission_mapping,,,6,bus_system,,,,,platform
bus_system,sys_organize_role_mapping,,,6,bus_system,,,,,platform
bus_system,sys_organize_user_mapping,,,6,bus_system,,,,,platform
bus_system,sys_org_dataaccess_mapping,,,6,bus_system,,,,,platform
bus_system,sys_permission,,,9,bus_system,,,,,platform
bus_system,sys_permission_group,,,7,bus_system,,,,,platform
bus_system,sys_permission_group_mapping,,,5,bus_system,,,,,platform
bus_system,sys_role,,,6,bus_system,,,,,platform
bus_system,sys_role_permisson_mapping,,,7,bus_system,,,,,platform
bus_system,sys_user,,,13,bus_system,,,,,platform
bus_system,sys_user_role_mapping,,,6,bus_system,,,,,platform
CDA,B,,275,7,,,,,,metadata
CDA,CDA_COUNT,,27489,5,,,,,,metadata
CDA,CDA_DATASET,,3409,4,,,,,,metadata
CDA,CDA_DATASET_TYPE,,78,8,,,,,,metadata
CDA,CDA_DATA_SOURCE,,1,9,,,,,,metadata
CDA,CDA_DATASOURCE,,53,5,,,,,,metadata
CDA,CDA_DESENSITIZATION,患者基本信息加密,4,7,,,,,,metadata
CDA,CDA_DICTIONARY,,79031,7,字典,院内码↔国标码映射,,A,被所有 V_EMR_* 依赖;ICD-10: 字典名称='ICD-10诊断编码' 系统标识='HIS',curated
CDA,CDA_DICTIONARY_COPY,,39725,6,,,,,,metadata
CDA,CDA_DOCUMENT,,0,24,,,,,,metadata
CDA,CDA_DOCUMENT_DETAILS,,0,3,,,,,,metadata
CDA,CDA_INCREASE_LOG,,0,7,,,,,,metadata
CDA,CDA_INNERELEMENT,,2228,15,,,,,,metadata
CDA,CDA_PATIENT_INFO,患者基本信息,1,22,,,,,,metadata
CDA,CDA_PATIENT_VISIT,患者就诊表,1,12,,,,,,metadata
CDA,CDA_RANGE_TYPE,,477,9,,,,,,metadata
CDA,CDA_SYS_DATA_SOURCE,,1,18,,,,,,metadata
CDA,CDA_VIEW,,53,3,,,,,,metadata
CDA,CDA_XML_DESENSITIZATION,,9,6,,,,,,metadata
CDA,CDA_XML_XPATH,,448,5,,,,,,metadata
CDA,CDA_XSL,,0,4,,,,,,metadata
CDA,CDR_CHECK_REPORT,检查报告,352494,79,,,,,,metadata
CDA,DIAG_NAME,,36479,7,,,,,,metadata
CDA,LS,,608,3,,,,,,metadata
CDA,SSXX,,0,12,,,,,,metadata
CDA,TT_ESBHL_ADMISSION_ASS,,454426,96,,,,,,metadata
CDA,TT_ESBHL_AFT_ANE_VISIT_ROD,,39611,50,,,,,,metadata
CDA,TT_ESBHL_ANE_IFM_CENT,,126994,52,,,,,,metadata
CDA,TT_ESBHL_ANE_PREO_VISIT_ROD,,34232,66,,,,,,metadata
CDA,TT_ESBHL_ANE_ROD,,453668,90,,,,,,metadata
CDA,TT_ESBHL_BLOOD_TRANSFU_ROD,,86066,55,,,,,,metadata
CDA,TT_ESBHL_BLOOD_TRE_CENT,,82276,51,,,,,,metadata
CDA,TT_ESBHL_CES_SEC_ROD,,126,105,,,,,,metadata
CDA,TT_ESBHL_CHECK_ROD,,369590,84,,,,,,metadata
CDA,TT_ESBHL_CHECK_ROD_ES,,209117,84,,,,,,metadata
CDA,TT_ESBHL_CHECK_ROD_US,,0,83,,,,,,metadata
CDA,TT_ESBHL_CHECK_ROD_XD,,241003,84,,,,,,metadata
CDA,TT_ESBHL_CHINESE_MEDI_PRES,,183136,58,,,,,,metadata
CDA,TT_ESBHL_CONSULTATION_ROD,,5228959,53,,,,,,metadata
CDA,TT_ESBHL_DAILY_COU_ROD,,278938,34,,,,,,metadata
CDA,TT_ESBHL_DEATH_CASE_DIS_ROD,,7790,49,,,,,,metadata
CDA,TT_ESBHL_DEATH_ROD,,6859,43,,,,,,metadata
CDA,TT_ESBHL_DEL_ROD,,2188,78,,,,,,metadata
CDA,TT_ESBHL_DIFC_DISCUSS_ROD,,117,41,,,,,,metadata
CDA,TT_ESBHL_DOOR_EMER_MED_ROD,,1383489,61,,,,,,metadata
CDA,TT_ESBHL_DYING_NOTICE,,45267,42,,,,,,metadata
CDA,TT_ESBHL_DYING_NUR_ROD,,7392484,49,,,,,,metadata
CDA,TT_ESBHL_EMER_STAY_MED_ROD,,1400821,76,,,,,,metadata
CDA,TT_ESBHL_FIRST_COU_ROD,,97971,46,,,,,,metadata
CDA,TT_ESBHL_GEN_NUR_ROD,,3001442,68,,,,,,metadata
CDA,TT_ESBHL_HIGH_VALUE_ROD,,9500626,36,,,,,,metadata
CDA,TT_ESBHL_INPUT_CASE_FIRP,,101312,198,,,,,,metadata
CDA,TT_ESBHL_INPUT_OUTPUT_ROD,,7888766,50,,,,,,metadata
CDA,TT_ESBHL_INPUT_ROD,,179590,117,,,,,,metadata
CDA,TT_ESBHL_INSPECTION_ROD,,33365233,63,,,,,,metadata
CDA,TT_ESBHL_MED_ROD_ABSTRACT,,477407,88,,,,,,metadata
CDA,TT_ESBHL_NUR_PLAN,,70700,46,,,,,,metadata
CDA,TT_ESBHL_OPER_IFM_BOOK,,1994606,55,,,,,,metadata
CDA,TT_ESBHL_OPER_NUR_ROD,,417993,73,,,,,,metadata
CDA,TT_ESBHL_OPER_ROD,,137013,71,,,,,,metadata
CDA,TT_ESBHL_OTHER_IFM_CENT,,457462,42,,,,,,metadata
CDA,TT_ESBHL_OUTPUT_ASS_GUIDE,,595880,44,,,,,,metadata
CDA,TT_ESBHL_OUTPUT_DOCADVICE,,6881593,61,,,,,,metadata
CDA,TT_ESBHL_OUTPUT_ROD,,915868,51,,,,,,metadata
CDA,TT_ESBHL_OUTPUT_SUMMARY,,915868,81,,,,,,metadata
CDA,TT_ESBHL_POS_FIRST_COU_ROD,,345523,41,,,,,,metadata
CDA,TT_ESBHL_PREO_DIS,,106113,56,,,,,,metadata
CDA,TT_ESBHL_PREO_DIS_1,,260934,56,,,,,,metadata
CDA,TT_ESBHL_PREO_SUMMARY,,1185246,54,,,,,,metadata
CDA,TT_ESBHL_PREO_SUMMARY_1,,155714,54,,,,,,metadata
CDA,TT_ESBHL_RESCUE_ROD,,803036,48,,,,,,metadata
CDA,TT_ESBHL_SCHECK_STREA_CENT,,53131,45,,,,,,metadata
CDA,TT_ESBHL_SHIFT_ROD,,72,53,,,,,,metadata
CDA,TT_ESBHL_STAGE_SUMMARY,,1221,50,,,,,,metadata
CDA,TT_ESBHL_SUP_DOC_ROUNDS_ROD,,195172,34,,,,,,metadata
CDA,TT_ESBHL_TFHOUR_INDEATH_ROD,,7192,68,,,,,,metadata
CDA,TT_ESBHL_TFHOUR_INOP_ROD,,20788,74,,,,,,metadata
CDA,TT_ESBHL_TRANSFER_ROD,,51706,61,,,,,,metadata
CDA,TT_ESBHL_TRE_ROD,,8210863,62,,,,,,metadata
CDA,TT_ESBHL_VAGINAL_DEL_ROD,,147,113,,,,,,metadata
CDA,TT_ESBHL_VS_MEASURE_ROD,,6281102,41,,,,,,metadata
CDA,TT_ESBHL_WESTERN_MEDI_PRES,,1403401,47,,,,,,metadata
CDA,TT_PATIENT_NURSE_INFO,,103965,27,,,,,,metadata
CDA,TTT_ESBHL_TRE_ROD,,8210805,62,,,,,,metadata
CDA,V1_ESBHL_ANE_PREO_VISIT_ROD,,394,61,,,,,,metadata
CDA,V1_ESBHL_WESTERN_MEDI_PRES,,16923,35,,,,,,metadata
CDMS,AbpAuditLogActions,,71,0,无纸化病案系统,,,live_metadata,,platform
CDMS,AbpAuditLogs,,71,0,无纸化病案系统,,,live_metadata,,platform
CDMS,AbpBackgroundJobs,,0,0,无纸化病案系统,,,live_metadata,,platform
CDMS,AbpClaimTypes,,0,0,无纸化病案系统,,,live_metadata,,platform
CDMS,AbpEditions,,1,0,无纸化病案系统,,,live_metadata,,platform
CDMS,AbpEntityChanges,,0,0,无纸化病案系统,,,live_metadata,,platform
CDMS,AbpEntityPropertyChanges,,0,0,无纸化病案系统,,,live_metadata,,platform
CDMS,AbpFeatureValues,,0,0,无纸化病案系统,,,live_metadata,,platform
CDMS,AbpLanguages,,10,0,无纸化病案系统,,,live_metadata,,platform
CDMS,AbpLinkUsers,,0,0,无纸化病案系统,,,live_metadata,,platform
CDMS,AbpOrganizationUnitRoles,,0,0,无纸化病案系统,,,live_metadata,,platform
CDMS,AbpOrganizationUnits,,0,0,无纸化病案系统,,,live_metadata,,platform
CDMS,AbpPermissionGrants,,19,0,无纸化病案系统,,,live_metadata,,platform
CDMS,AbpPermissions,,5,0,无纸化病案系统,,,live_metadata,,platform
CDMS,AbpRoleClaims,,0,0,无纸化病案系统,,,live_metadata,,platform
CDMS,AbpRoles,,1,0,无纸化病案系统,,,live_metadata,,platform
CDMS,AbpSecurityLogs,,70,0,无纸化病案系统,,,live_metadata,,platform
CDMS,AbpSettings,,0,0,无纸化病案系统,,,live_metadata,,platform
CDMS,AbpTenantConnectionStrings,,0,0,无纸化病案系统,,,live_metadata,,platform
CDMS,AbpTenants,,0,0,无纸化病案系统,,,live_metadata,,platform
CDMS,AbpUserClaims,,0,0,无纸化病案系统,,,live_metadata,,platform
CDMS,AbpUserLoginAttempts,,10,0,无纸化病案系统,,,live_metadata,,platform
CDMS,AbpUserLogins,,0,0,无纸化病案系统,,,live_metadata,,platform
CDMS,AbpUserOrganizationUnits,,0,0,无纸化病案系统,,,live_metadata,,platform
CDMS,AbpUserRoles,,1,0,无纸化病案系统,,,live_metadata,,platform
CDMS,AbpUsers,,1,0,无纸化病案系统,,,live_metadata,,platform
CDMS,AbpUserTokens,,0,0,无纸化病案系统,,,live_metadata,,platform
CDMS,AC_DataSourceConfig,,2,0,无纸化病案系统,,,live_metadata,,platform
CDMS,AC_JobConfig,,1,0,无纸化病案系统,,,live_metadata,,platform
CDMS,AC_JobConfigDetail,,2,0,无纸化病案系统,,,live_metadata,,platform
CDMS,AC_JobLog,,0,0,无纸化病案系统,,,live_metadata,,platform
CDMS,AC_JobRecord,,2,0,无纸化病案系统,,,live_metadata,,platform
CDMS,AC_ORDERCONFIG,,0,0,无纸化病案系统,,,live_metadata,,platform
CDMS,CATEGORYKEYWORDVIEW,,,0,无纸化病案系统,,,live_metadata,,platform
CDMS,CATEGORYVIEW,,,0,无纸化病案系统,,,live_metadata,,platform
CDMS,CHECK_PDFM,,0,0,无纸化病案系统,,,live_metadata,,platform
CDMS,CHONGFUSHOUYE,,198,0,无纸化病案系统,,,live_metadata,,platform
CDMS,CHONGFUSHOUYE1,,166,0,无纸化病案系统,,,live_metadata,,platform
CDMS,__EFMigrationsHistory,,9,0,无纸化病案系统,,,live_metadata,,platform
CDMS,EMRPDF,,,0,无纸化病案系统,,,live_metadata,,platform
CDMS,FILEPATHVIEW,,,0,无纸化病案系统,,,live_metadata,,platform
CDMS,HF_AGGREGATED_COUNTER,,0,0,无纸化病案系统,,,live_metadata,,platform
CDMS,HF_COUNTER,,0,0,无纸化病案系统,,,live_metadata,,platform
CDMS,HF_DISTRIBUTED_LOCK,,0,0,无纸化病案系统,,,live_metadata,,platform
CDMS,HF_HASH,,0,0,无纸化病案系统,,,live_metadata,,platform
CDMS,HF_JOB,,0,0,无纸化病案系统,,,live_metadata,,platform
CDMS,HF_JOB_PARAMETER,,0,0,无纸化病案系统,,,live_metadata,,platform
CDMS,HF_JOB_QUEUE,,0,0,无纸化病案系统,,,live_metadata,,platform
CDMS,HF_JOB_STATE,,0,0,无纸化病案系统,,,live_metadata,,platform
CDMS,HF_LIST,,0,0,无纸化病案系统,,,live_metadata,,platform
CDMS,HF_SERVER,,2,0,无纸化病案系统,,,live_metadata,,platform
CDMS,HF_SET,,0,0,无纸化病案系统,,,live_metadata,,platform
CDMS,HUAJIAN_V_T_BASIC,,,0,无纸化病案系统,,,live_metadata,,platform
CDMS,HUAJIAN_V_T_PRINTMUL,,,0,无纸化病案系统,,,live_metadata,,platform
CDMS,HUAJIAN_V_T_PRINTPROJESTS,,,0,无纸化病案系统,,,live_metadata,,platform
CDMS,HUAJIAN_V_T_SCANED,,,0,无纸化病案系统,,,live_metadata,,platform
CDMS,HULICAIJI,,,0,无纸化病案系统,,,live_metadata,,platform
CDMS,HUSHI,,0,0,无纸化病案系统,,,live_metadata,,platform
CDMS,IIOOO,,36,0,无纸化病案系统,,,live_metadata,,platform
CDMS,IIOOOO,,234,0,无纸化病案系统,,,live_metadata,,platform
CDMS,IIOOOOO,,703,0,无纸化病案系统,,,live_metadata,,platform
CDMS,JBXX6Y,,5439,0,无纸化病案系统,,,live_metadata,,platform
CDMS,KESHID,,646,0,无纸化病案系统,,,live_metadata,,platform
CDMS,LOGINRECORD,,,0,无纸化病案系统,,,live_metadata,,platform
CDMS,MedicalTeams,,0,0,无纸化病案系统,,,live_metadata,,platform
CDMS,OIOOPIOP,,74,0,无纸化病案系统,,,live_metadata,,platform
CDMS,OIUP,,140,0,无纸化病案系统,,,live_metadata,,platform
CDMS,OpenIddictApplications,,4,0,无纸化病案系统,,,live_metadata,,platform
CDMS,OpenIddictAuthorizations,,0,0,无纸化病案系统,,,live_metadata,,platform
CDMS,OpenIddictScopes,,1,0,无纸化病案系统,,,live_metadata,,platform
CDMS,OpenIddictTokens,,35,0,无纸化病案系统,,,live_metadata,,platform
CDMS,PATIENTINFOVIEW,,,0,无纸化病案系统,,,live_metadata,,platform
CDMS,RPA_COLLECTPATIENT,,,0,无纸化病案系统,,,live_metadata,,platform
CDMS,RPA_PRINTDETAIL,,621473,0,无纸化病案系统,,,live_metadata,,platform
CDMS,RPA_PRINTQUEUE,,617784,0,无纸化病案系统,,,live_metadata,,platform
CDMS,RPA_PRINTRPT,采集数据表,621289,0,无纸化病案系统,,,live_metadata,,platform
CDMS,RPA_PRINTRPT_AGGREGATED,统计已采集完成的患者,69501,0,无纸化病案系统,,,live_metadata,,platform
CDMS,RPA_PRINTRPT_TYPE,,52,0,无纸化病案系统,,,live_metadata,,platform
CDMS,SCANRECORDVIEW,,,0,无纸化病案系统,,,live_metadata,,platform
CDMS,T_AF_APPROVALNODE,审批节点信息表,40,0,无纸化病案系统,,,live_metadata,,platform
CDMS,T_AF_APPROVALNODEREPAIR,返修状态查询配置表,4,0,无纸化病案系统,,,live_metadata,,platform
CDMS,T_AF_APPROVALPROCESS,审批流程信息表,11,0,无纸化病案系统,,,live_metadata,,platform
CDMS,T_AF_APPROVALPROCESSBF,,66,0,无纸化病案系统,,,live_metadata,,platform
CDMS,T_AF_APPROVALPROCESSCONFIG,审批流程审批顺序配置表,198,0,无纸化病案系统,,,live_metadata,,platform
CDMS,T_AF_APPROVALPROCESSCONFIGBF,,219,0,无纸化病案系统,,,live_metadata,,platform
CDMS,T_AF_APPROVALPROCESSDEP,审批流程部门配置表,0,0,无纸化病案系统,,,live_metadata,,platform
CDMS,T_AF_APPROVALPROCESSROLE,审批流程角色配置表,9,0,无纸化病案系统,,,live_metadata,,platform
CDMS,T_AF_APPROVALREJECTCONFIG,审批流程驳回配置表,31,0,无纸化病案系统,,,live_metadata,,platform
CDMS,T_AF_APPROVALREJECTCONFIGBF,,165,0,无纸化病案系统,,,live_metadata,,platform
CDMS,T_AF_PROCESSBUSINESS,,0,0,无纸化病案系统,,,live_metadata,,platform
CDMS,T_AF_STATUSRECORD,审批流程审批记录表,329595,0,无纸化病案系统,,,live_metadata,,platform
CDMS,TA_ITF,自定义报表接口,1,0,无纸化病案系统,,,live_metadata,,platform
CDMS,T_COLLECTIONQUEUE,,0,0,无纸化病案系统,,,live_metadata,,platform
CDMS,TCOMPA,,1,0,无纸化病案系统,,,live_metadata,,platform
CDMS,TCUTM,切口类型表,3,0,无纸化病案系统,,,live_metadata,,platform
CDMS,THOCUS,,0,0,无纸化病案系统,,,live_metadata,,platform
CDMS,TIAN,,99,0,无纸化病案系统,,,live_metadata,,platform
CDMS,TIAN1,,96,0,无纸化病案系统,,,live_metadata,,platform
CDMS,TICD10,,47051,0,无纸化病案系统,,,live_metadata,,platform
CDMS,T_ITF_OFFI,,0,0,无纸化病案系统,,,live_metadata,,platform
CDMS,T_ITF_WZHZT,,,0,无纸化病案系统,,,live_metadata,,platform
CDMS,T_JH_RESULT,,0,0,无纸化病案系统,,,live_metadata,,platform
CDMS,T_LMR_CHECK,分类检验规则,131,0,无纸化病案系统,,,live_metadata,,platform
CDMS,T_LMR_CHECKCONFIGDETAIL,分类检验规则,18,0,无纸化病案系统,,,live_metadata,,platform
CDMS,T_LMR_CHECKCONFIGMAIN,分类校验配置,1,0,无纸化病案系统,,,live_metadata,,platform
CDMS,T_MARK_CONFIG,质控配置表,0,0,无纸化病案系统,,,live_metadata,,platform
CDMS,T_MARK_DEDUCTYPE,扣分类别表,5,0,无纸化病案系统,,,live_metadata,,platform
CDMS,T_MARK_DETAIL,病案终末质控评分记录细项,5905568,0,无纸化病案系统,,,live_metadata,,platform
CDMS,T_MARK_GRADE,评分等级,6,0,无纸化病案系统,,,live_metadata,,platform
CDMS,T_MARK_ITEM,评分项,92,0,无纸化病案系统,,,live_metadata,,platform
CDMS,T_MARK_ITEM_20240320,,81,0,无纸化病案系统,,,live_metadata,,platform
CDMS,T_MARK_ITEM_20240326,,19,0,无纸化病案系统,,,live_metadata,,platform
CDMS,T_MARK_ITEM_20240327,,90,0,无纸化病案系统,,,live_metadata,,platform
CDMS,T_MARK_LOG,终末质控评分日志,190618,0,无纸化病案系统,,,live_metadata,,platform
CDMS,T_MARK_MAIN,病案终末质控评分记录,63041,0,无纸化病案系统,,,live_metadata,,platform
CDMS,T_MARK_MAIN_20240326,,12,0,无纸化病案系统,,,live_metadata,,platform
CDMS,T_MARK_MAIN_20240327,,16,0,无纸化病案系统,,,live_metadata,,platform
CDMS,T_MARK_TABLE,评分表,3,0,无纸化病案系统,,,live_metadata,,platform
CDMS,T_MARK_TABLE_20240327,,3,0,无纸化病案系统,,,live_metadata,,platform
CDMS,T_MARK_TYPE,评分类别,9,0,无纸化病案系统,,,live_metadata,,platform
CDMS,T_MARK_TYPE_20240320,,10,0,无纸化病案系统,,,live_metadata,,platform
CDMS,T_MARK_TYPE_20240326,,42,0,无纸化病案系统,,,live_metadata,,platform
CDMS,T_MARK_TYPE_20240327,,7,0,无纸化病案系统,,,live_metadata,,platform
CDMS,T_MCP_CER_LIST,复印者证件详细文件,2968,0,无纸化病案系统,,,live_metadata,,platform
CDMS,T_MCP_EAA_DETAIL,病案复印审批业务操作,2960,0,无纸化病案系统,,,live_metadata,,platform
CDMS,TMRDDE,,575870,0,无纸化病案系统,,,live_metadata,,platform
CDMS,TMRDDECS,,0,0,无纸化病案系统,,,live_metadata,,platform
CDMS,TMRDDETOFFIM,,,0,无纸化病案系统,,,live_metadata,,platform
CDMS,TMRDDE_ZHONGJIAN,,6646,0,无纸化病案系统,,,live_metadata,,platform
CDMS,TMRDOP,,0,0,无纸化病案系统,,,live_metadata,,platform
CDMS,TMRDZD,,40,0,无纸化病案系统,,,live_metadata,,platform
CDMS,T_MRT_COVERSETTING,封皮配置,0,0,无纸化病案系统,,,live_metadata,,platform
CDMS,T_MRT_DEPAPERDEPART,,0,0,无纸化病案系统,,,live_metadata,,platform
CDMS,T_MRT_DIC_UTYPE,,0,0,无纸化病案系统,,,live_metadata,,platform
CDMS,T_MRT_DIC_WH,节点维护,0,0,无纸化病案系统,,,live_metadata,,platform
CDMS,T_MRT_NODEUSER,,0,0,无纸化病案系统,,,live_metadata,,platform
CDMS,T_MRT_TR_DETAIL,示踪记录表,0,0,无纸化病案系统,,,live_metadata,,platform
CDMS,T_MRT_TR_MISSREGISTER,,0,0,无纸化病案系统,,,live_metadata,,platform
CDMS,T_MSS_ACTIONGROUP,权限分组,23,0,无纸化病案系统,,,live_metadata,,platform
CDMS,T_MSS_ALIASCFG,别名配置表,2,0,无纸化病案系统,,,live_metadata,,platform
CDMS,T_MSS_ANNOUNCEMENT,公告表,0,0,无纸化病案系统,,,live_metadata,,platform
CDMS,T_MSS_APPRECALL,召回病案申请,1,0,无纸化病案系统,,,live_metadata,,platform
CDMS,T_MSS_AUDITREC,自动质检明细,0,0,无纸化病案系统,,,live_metadata,,platform
CDMS,T_MSS_AUTHMAPPING,用户 角色 科室等权限映射关系,13813,0,无纸化病案系统,,,live_metadata,,platform
CDMS,T_MSS_AUTHMAPPING0423,,16349,0,无纸化病案系统,,,live_metadata,,platform
CDMS,T_MSS_AUTHMAPPING_20250325,,7730,0,无纸化病案系统,,,live_metadata,,platform
CDMS,T_MSS_AUTHMAPPING_202616,,10590,0,无纸化病案系统,,,live_metadata,,platform
CDMS,T_MSS_AUTHORITY,,154,0,无纸化病案系统,,,live_metadata,,platform
CDMS,T_MSS_AUTOPRINTLOG,自动获取文件PDF的LOG日志,0,0,无纸化病案系统,,,live_metadata,,platform
CDMS,T_MSS_BAERROR,异常病案表,0,0,无纸化病案系统,,,live_metadata,,platform
CDMS,T_MSS_BAKMAIN,服务备份表,1,0,无纸化病案系统,,,live_metadata,,platform
CDMS,T_MSS_BARCODELOG,,2,0,无纸化病案系统,,,live_metadata,,platform
CDMS,T_MSS_BARCODERECEIVE,病案派发表,0,0,无纸化病案系统,,,live_metadata,,platform
CDMS,T_MSS_BASPECIAL,异常病历,0,0,无纸化病案系统,,,live_metadata,,platform
CDMS,T_MSS_BATCH,病案节点对照表,0,0,无纸化病案系统,,,live_metadata,,platform
CDMS,T_MSS_BBS,图片评论 注释等,2,0,无纸化病案系统,,,live_metadata,,platform
CDMS,T_MSS_BBSREPLY,图片评论对应的回复,0,0,无纸化病案系统,,,live_metadata,,platform
CDMS,T_MSS_BBSTYPEDICT,,29,0,无纸化病案系统,,,live_metadata,,platform
CDMS,T_MSS_BINDBARCODE,,0,0,无纸化病案系统,,,live_metadata,,platform
CDMS,T_MSS_BORROWAPPROVALLOG,借阅审批记录表,68,0,无纸化病案系统,,,live_metadata,,platform
CDMS,T_MSS_CATEGORY,,32,0,无纸化病案系统,,,live_metadata,,platform
CDMS,T_MSS_CATEGORYCOMPARISON,,32,0,无纸化病案系统,,,live_metadata,,platform
CDMS,T_MSS_CATEGORYMAPPING,系统类别和外部类别映射,352,0,无纸化病案系统,,,live_metadata,,platform
CDMS,T_MSS_CATEGROYSHORTRULE,分类排序规则表,0,0,无纸化病案系统,,,live_metadata,,platform
CDMS,T_MSS_CATEREPORTEDGROUP,,1,0,无纸化病案系统,,,live_metadata,,platform
CDMS,T_MSS_CATEREPORTEDGROUPLIST,,32,0,无纸化病案系统,,,live_metadata,,platform
CDMS,T_MSS_CATGROUP,,1,0,无纸化病案系统,,,live_metadata,,platform
CDMS,T_MSS_CDMSWZHMAP,,0,0,无纸化病案系统,,,live_metadata,,platform
CDMS,T_MSS_CHECKCONTROL,自动质控,0,0,无纸化病案系统,,,live_metadata,,platform
CDMS,T_MSS_CHECKDATARECORD,采集监控,1819316,0,无纸化病案系统,,,live_metadata,,platform
CDMS,T_MSS_CHECKDETAIL,,13,0,无纸化病案系统,,,live_metadata,,platform
CDMS,T_MSS_COLLECTLIST,模块化采集服务器列表,18,0,无纸化病案系统,,,live_metadata,,platform
CDMS,T_MSS_COLLECTLOG,,19315714,0,无纸化病案系统,,,live_metadata,,platform
CDMS,T_MSS_COLLECTMETHOD,,4,0,无纸化病案系统,,,live_metadata,,platform
CDMS,T_MSS_COLLECTPC,采集服务器列表,10,0,无纸化病案系统,,,live_metadata,,platform
CDMS,T_MSS_CONFIG,,147,0,无纸化病案系统,,,live_metadata,,platform
CDMS,T_MSS_CONTROLCOUNT,科室质控数量,792,0,无纸化病案系统,,,live_metadata,,platform
CDMS,T_MSS_CONTROLDISCUSSFROM,质控记录单表,104,0,无纸化病案系统,,,live_metadata,,platform
CDMS,T_MSS_CONTROLDISCUSSLOG,质控讨论记录,101,0,无纸化病案系统,,,live_metadata,,platform
CDMS,T_MSS_CONTROLER,科室质控员,0,0,无纸化病案系统,,,live_metadata,,platform
CDMS,T_MSS_CONTROLLOG,,407984,0,无纸化病案系统,,,live_metadata,,platform
CDMS,T_MSS_CONTROLTASK,质控任务,1,0,无纸化病案系统,,,live_metadata,,platform
CDMS,T_MSS_CSMENUINFO,,0,0,无纸化病案系统,,,live_metadata,,platform
CDMS,T_MSS_DF_Q,,0,0,无纸化病案系统,,,live_metadata,,platform
CDMS,T_MSS_DICTIONARY,,0,0,无纸化病案系统,,,live_metadata,,platform
CDMS,T_MSS_DICTIONARYPATIENTNODE,,8,0,无纸化病案系统,,,live_metadata,,platform
CDMS,T_MSS_DIGITALDATASUCORE,数字化数据源,0,0,无纸化病案系统,,,live_metadata,,platform
CDMS,T_MSS_DJCASIGNLOG,单机PDF文件CA签名,0,0,无纸化病案系统,,,live_metadata,,platform
CDMS,T_MSS_DJFL,,0,0,无纸化病案系统,,,live_metadata,,platform
CDMS,T_MSS_DJJQ,,0,0,无纸化病案系统,,,live_metadata,,platform
CDMS,T_MSS_DJLOG,单机采集程序日志,0,0,无纸化病案系统,,,live_metadata,,platform
CDMS,T_MSS_DJMONITORLOG,单机采集程序客户端监控日志,0,0,无纸化病案系统,,,live_metadata,,platform
CDMS,T_MSS_DJSTATUS,单机采集程序客户端监控日志,0,0,无纸化病案系统,,,live_metadata,,platform
CDMS,T_MSS_DOWNLOADCAUSE,下载事由,0,0,无纸化病案系统,,,live_metadata,,platform
CDMS,T_MSS_DOWNLOADFMRDIDLOG,下载记录,2392,0,无纸化病案系统,,,live_metadata,,platform
CDMS,T_MSS_DOWNLOADRECORDS,,,0,无纸化病案系统,,,live_metadata,,platform
CDMS,T_MSS_EMP_DEPT,用户所负责科室,0,0,无纸化病案系统,,,live_metadata,,platform
CDMS,T_MSS_EMP_DICT,,1718,0,无纸化病案系统,,,live_metadata,,platform
CDMS,T_MSS_EMP_DICT0423,,1868,0,无纸化病案系统,,,live_metadata,,platform
CDMS,T_MSS_EMR_CATEGORY,,1,0,无纸化病案系统,,,live_metadata,,platform
CDMS,T_MSS_ENETRYMEDICALDOC,手填医疗文书清单,6,0,无纸化病案系统,,,live_metadata,,platform
CDMS,T_MSS_ERRORMESSAGE,,246692,0,无纸化病案系统,,,live_metadata,,platform
CDMS,T_MSS_EXPORTLOG,,22,0,无纸化病案系统,,,live_metadata,,platform
CDMS,T_MSS_FAVORITE,,23,0,无纸化病案系统,,,live_metadata,,platform
CDMS,T_MSS_GROUPLIST,,19,0,无纸化病案系统,,,live_metadata,,platform
CDMS,T_MSS_HOLIDAY,节假日维护,25,0,无纸化病案系统,,,live_metadata,,platform
CDMS,T_MSS_HOMEPAGEREWARD,首页奖惩表,0,0,无纸化病案系统,,,live_metadata,,platform
CDMS,T_MSS_HOSPITALAREAS,,1,0,无纸化病案系统,,,live_metadata,,platform
CDMS,T_MSS_HOSPITALFOFFN,,2331,0,无纸化病案系统,,,live_metadata,,platform
CDMS,T_MSS_INDICATO,,0,0,无纸化病案系统,,,live_metadata,,platform
CDMS,T_MSS_ITFCONFIG,,19,0,无纸化病案系统,,,live_metadata,,platform
CDMS,T_MSS_ITFCONFIG_20250730,,18,0,无纸化病案系统,,,live_metadata,,platform
CDMS,T_MSS_ITFVIEW,采集用表,738720,0,无纸化病案系统,,,live_metadata,,platform
CDMS,T_MSS_ITFVIEW_THJL,,,0,无纸化病案系统,,,live_metadata,,platform
CDMS,T_MSS_ITFVIEW_ZHONG,,,0,无纸化病案系统,,,live_metadata,,platform
CDMS,T_MSS_LOG,,637189,0,无纸化病案系统,,,live_metadata,,platform
CDMS,T_MSS_MAIN,,575548,0,无纸化病案系统,,,live_metadata,,platform
CDMS,T_MSS_MAIN2,删除病案备份表,4,0,无纸化病案系统,,,live_metadata,,platform
CDMS,T_MSS_MAIN_20250728,,12,0,无纸化病案系统,,,live_metadata,,platform
CDMS,T_MSS_MAIN_202507281,,25,0,无纸化病案系统,,,live_metadata,,platform
CDMS,T_MSS_MAIN_BM,,223,0,无纸化病案系统,,,live_metadata,,platform
CDMS,T_MSS_MAINHISTORY,修改病案历史信息,9,0,无纸化病案系统,,,live_metadata,,platform
CDMS,T_MSS_MAIN_HJ,,187,0,无纸化病案系统,,,live_metadata,,platform
CDMS,T_MSS_MAIN_HJ1,,0,0,无纸化病案系统,,,live_metadata,,platform
CDMS,T_MSS_MAIN_KONG,,625,0,无纸化病案系统,,,live_metadata,,platform
CDMS,T_MSS_MAIN_ZHONGJSS,,166,0,无纸化病案系统,,,live_metadata,,platform
CDMS,T_MSS_MEDICALDOC,医疗文书清单,77,0,无纸化病案系统,,,live_metadata,,platform
CDMS,T_MSS_MEDICALDOCLIST,病历医疗文书清单,242,0,无纸化病案系统,,,live_metadata,,platform
CDMS,T_MSS_MEDICALSHORTRULE,部门使用规则信息,0,0,无纸化病案系统,,,live_metadata,,platform
CDMS,T_MSS_MENUICONS,,0,0,无纸化病案系统,,,live_metadata,,platform
CDMS,T_MSS_MIGRATIONCONFIGURATION,迁移配置表,0,0,无纸化病案系统,,,live_metadata,,platform
CDMS,T_MSS_MIGRATIONLOG,,0,0,无纸化病案系统,,,live_metadata,,platform
CDMS,T_MSS_MRCONTROL,,0,0,无纸化病案系统,,,live_metadata,,platform
CDMS,T_MSS_ORIGINALDETAIL,纸质借阅记录表,14,0,无纸化病案系统,,,live_metadata,,platform
CDMS,T_MSS_OUTHOSPITALMAP,,6,0,无纸化病案系统,,,live_metadata,,platform
CDMS,T_MSS_PAGE,,0,0,无纸化病案系统,,,live_metadata,,platform
CDMS,T_MSS_PAGEROLE,,0,0,无纸化病案系统,,,live_metadata,,platform
CDMS,T_MSS_PARAM,系统参数表,8,0,无纸化病案系统,,,live_metadata,,platform
CDMS,T_MSS_PATIENT,病人主索引表,0,0,无纸化病案系统,,,live_metadata,,platform
CDMS,T_MSS_PAYLOG,电子支付日志表,0,0,无纸化病案系统,,,live_metadata,,platform
CDMS,T_MSS_PDAVERSION,,0,0,无纸化病案系统,,,live_metadata,,platform
CDMS,T_MSS_PICOPLOG,图片操作日志 删除 补拍 重拍,0,0,无纸化病案系统,,,live_metadata,,platform
CDMS,T_MSS_PRINTAPPLY,打印申请审核记录表,0,0,无纸化病案系统,,,live_metadata,,platform
CDMS,T_MSS_PRINTDETAIL,,424134,0,无纸化病案系统,,,live_metadata,,platform
CDMS,T_MSS_PRINTING_CA,,0,0,无纸化病案系统,,,live_metadata,,platform
CDMS,T_MSS_PRINTING_CONFIG,,0,0,无纸化病案系统,,,live_metadata,,platform
CDMS,T_MSS_PRINTING_EXCEPTION,,0,0,无纸化病案系统,,,live_metadata,,platform
CDMS,T_MSS_PRINTING_EXCEPTIONEXT,,0,0,无纸化病案系统,,,live_metadata,,platform
CDMS,T_MSS_PRINTING_KINSHIP,,0,0,无纸化病案系统,,,live_metadata,,platform
CDMS,T_MSS_PRINTING_MACHINE,,0,0,无纸化病案系统,,,live_metadata,,platform
CDMS,T_MSS_PRINTING_MAIN,,0,0,无纸化病案系统,,,live_metadata,,platform
CDMS,T_MSS_PRINTING_PAYLOG,,0,0,无纸化病案系统,,,live_metadata,,platform
CDMS,T_MSS_PRINTING_PRINTLIST,,0,0,无纸化病案系统,,,live_metadata,,platform
CDMS,T_MSS_PRINTING_RECORD,,0,0,无纸化病案系统,,,live_metadata,,platform
CDMS,T_MSS_PRINTING_STEP,,0,0,无纸化病案系统,,,live_metadata,,platform
CDMS,T_MSS_PRINTLISTQUEUE,自动打印队列,575068,0,无纸化病案系统,,,live_metadata,,platform
CDMS,T_MSS_PRINTLISTQUEUE_20250709,,85917,0,无纸化病案系统,,,live_metadata,,platform
CDMS,T_MSS_PRINTLOG,,11280,0,无纸化病案系统,,,live_metadata,,platform
CDMS,T_MSS_PRINTQUEUEDETAIL,打印队列详细列表详细,1351231,0,无纸化病案系统,,,live_metadata,,platform
CDMS,T_MSS_PRINTQUEUEDETAILRECALL,打印队列重新采集详细列表明细,0,0,无纸化病案系统,,,live_metadata,,platform
CDMS,T_MSS_PROCENTERLOG,,0,0,无纸化病案系统,,,live_metadata,,platform
CDMS,T_MSS_QUEUEDEATILOG,,3323741,0,无纸化病案系统,,,live_metadata,,platform
CDMS,T_MSS_RECALLAPPROVALLOG,,57,0,无纸化病案系统,,,live_metadata,,platform
CDMS,T_MSS_REPAIRRECORDS,返修记录表,6300,0,无纸化病案系统,,,live_metadata,,platform
CDMS,T_MSS_REPORT,,0,0,无纸化病案系统,,,live_metadata,,platform
CDMS,T_MSS_REQUEST,,0,0,无纸化病案系统,,,live_metadata,,platform
CDMS,T_MSS_REQUESTDEP,按科室借阅表,7,0,无纸化病案系统,,,live_metadata,,platform
CDMS,T_MSS_REQUESTMRD,,21,0,无纸化病案系统,,,live_metadata,,platform
CDMS,T_MSS_REWARDSPUNISHMENTS,奖惩表,0,0,无纸化病案系统,,,live_metadata,,platform
CDMS,T_MSS_REWORK,,0,0,无纸化病案系统,,,live_metadata,,platform
CDMS,T_MSS_ROLE,,9,0,无纸化病案系统,,,live_metadata,,platform
CDMS,T_MSS_SC20250818,,34,0,无纸化病案系统,,,live_metadata,,platform
CDMS,T_MSS_SC202508181,,12,0,无纸化病案系统,,,live_metadata,,platform
CDMS,T_MSS_SC2025081811,,27,0,无纸化病案系统,,,live_metadata,,platform
CDMS,T_MSS_SC20250818111,,5,0,无纸化病案系统,,,live_metadata,,platform
CDMS,T_MSS_SC202508181111,,46,0,无纸化病案系统,,,live_metadata,,platform
CDMS,T_MSS_SC20250818111111,,9,0,无纸化病案系统,,,live_metadata,,platform
CDMS,T_MSS_SCANRECORD,,20951161,0,无纸化病案系统,,,live_metadata,,platform
CDMS,T_MSS_SCANRECORD2,删除病案页备份表,350487,0,无纸化病案系统,,,live_metadata,,platform
CDMS,T_MSS_SCANRECORDCOLLECTBAK,,227784,0,无纸化病案系统,,,live_metadata,,platform
CDMS,T_MSS_SCANRECORDHISTORY,召回备份明细表,3230,0,无纸化病案系统,,,live_metadata,,platform
CDMS,T_MSS_SEALRECORD,封存申请审核记录,0,0,无纸化病案系统,,,live_metadata,,platform
CDMS,T_MSS_SEALRECORDAUDITLOG,封存审核解封记录表,0,0,无纸化病案系统,,,live_metadata,,platform
CDMS,T_MSS_SEALRECORDLOG,封存解封记录表,0,0,无纸化病案系统,,,live_metadata,,platform
CDMS,T_MSS_SEARCHSTATUS,,36,0,无纸化病案系统,,,live_metadata,,platform
CDMS,T_MSS_SHAREPATH,,2,0,无纸化病案系统,,,live_metadata,,platform
CDMS,T_MSS_SHORTRULEMAP,科室规则对照,0,0,无纸化病案系统,,,live_metadata,,platform
CDMS,T_MSS_SIGNATURELOG,签章日志,0,0,无纸化病案系统,,,live_metadata,,platform
CDMS,T_MSS_SPECIALMEDICALRECORD,特殊病历登记表,0,0,无纸化病案系统,,,live_metadata,,platform
CDMS,T_MSS_SPECIALMEDICALRECORDDIC,特殊病历字典,8,0,无纸化病案系统,,,live_metadata,,platform
CDMS,T_MSS_STOREDETAIL,病案上架入库详细记录,55962,0,无纸化病案系统,,,live_metadata,,platform
CDMS,T_MSS_STOREROOM,病案仓储，库房库位等,20002,0,无纸化病案系统,,,live_metadata,,platform
CDMS,T_MSS_STOREROOM_20250919,,10201,0,无纸化病案系统,,,live_metadata,,platform
CDMS,T_MSS_SYSTEMTYPE,,0,0,无纸化病案系统,,,live_metadata,,platform
CDMS,T_MSS_TCPLOG,,0,0,无纸化病案系统,,,live_metadata,,platform
CDMS,T_MSS_TEMPLET,,0,0,无纸化病案系统,,,live_metadata,,platform
CDMS,T_MSS_TEMPLETGROUP,,0,0,无纸化病案系统,,,live_metadata,,platform
CDMS,T_MSS_TIMELINE,时间轴表,1047999,0,无纸化病案系统,,,live_metadata,,platform
CDMS,T_MSS_TIMELINEICONMAP,时间轴表图片对照表,58,0,无纸化病案系统,,,live_metadata,,platform
CDMS,T_MSS_TMPSHOUMA,,0,0,无纸化病案系统,,,live_metadata,,platform
CDMS,T_MSS_TR_DETAIL,领用流通表,0,0,无纸化病案系统,,,live_metadata,,platform
CDMS,T_MSS_UPLOADLOGS,第三方调用dll上传日志,0,0,无纸化病案系统,,,live_metadata,,platform
CDMS,T_MSS_USERTOCATEGORY,用户补拍权限表,0,0,无纸化病案系统,,,live_metadata,,platform
CDMS,T_MSS_WORKDAY,,9,0,无纸化病案系统,,,live_metadata,,platform
CDMS,T_MSS_ZZDYLOG,,0,0,无纸化病案系统,,,live_metadata,,platform
CDMS,TOFFIM,,811,0,无纸化病案系统,,,live_metadata,,platform
CDMS,T_OM_BORROW,,0,0,无纸化病案系统,,,live_metadata,,platform
CDMS,T_OM_CHECKDATARECORD,,0,0,无纸化病案系统,,,live_metadata,,platform
CDMS,T_OM_CHECKRULE,,0,0,无纸化病案系统,,,live_metadata,,platform
CDMS,T_OM_COLLECTLOG,,0,0,无纸化病案系统,,,live_metadata,,platform
CDMS,T_OM_MAIN,,0,0,无纸化病案系统,,,live_metadata,,platform
CDMS,T_OM_MEDICALDOCLIST,,0,0,无纸化病案系统,,,live_metadata,,platform
CDMS,T_OM_ORDER,,0,0,无纸化病案系统,,,live_metadata,,platform
CDMS,T_OM_ORDERKEY,,0,0,无纸化病案系统,,,live_metadata,,platform
CDMS,T_OM_OUTPATIENT,,0,0,无纸化病案系统,,,live_metadata,,platform
CDMS,T_OM_PRINTLISTQUEUE,,0,0,无纸化病案系统,,,live_metadata,,platform
CDMS,T_OM_PRINTQUEUEDETAIL,,0,0,无纸化病案系统,,,live_metadata,,platform
CDMS,T_OM_SCANRECORD,,0,0,无纸化病案系统,,,live_metadata,,platform
CDMS,T_OM_SCANRECORDBAK,,0,0,无纸化病案系统,,,live_metadata,,platform
CDMS,T_OM_TIMELINE,,0,0,无纸化病案系统,,,live_metadata,,platform
CDMS,T_OM_UPLOADLOGS,,0,0,无纸化病案系统,,,live_metadata,,platform
CDMS,TONGYISHU,,612,0,无纸化病案系统,,,live_metadata,,platform
CDMS,TOPSM,,0,0,无纸化病案系统,,,live_metadata,,platform
CDMS,T_PCG_CATEGORYKEYWORD,,9,0,无纸化病案系统,,,live_metadata,,platform
CDMS,T_PCG_NOUPLOAD,,0,0,无纸化病案系统,,,live_metadata,,platform
CDMS,T_PCG_PDFINFO,,0,0,无纸化病案系统,,,live_metadata,,platform
CDMS,T_PCG_PDFPAGEINFO,,0,0,无纸化病案系统,,,live_metadata,,platform
CDMS,T_PCG_REGULAREXPRESSION,正则表达式表,30,0,无纸化病案系统,,,live_metadata,,platform
CDMS,T_PUB_IDX_PATIENT,,0,0,无纸化病案系统,,,live_metadata,,platform
CDMS,TSYSPA,,1,0,无纸化病案系统,,,live_metadata,,platform
CDMS,TYHTYM,,5,0,无纸化病案系统,,,live_metadata,,platform
CDMS,UUU,,56,0,无纸化病案系统,,,live_metadata,,platform
CDMS,UUUTT,,3503,0,无纸化病案系统,,,live_metadata,,platform
CDMS,UYEI,,0,0,无纸化病案系统,,,live_metadata,,platform
CDMS,UYEII,,3366,0,无纸化病案系统,,,live_metadata,,platform
CDMS,UYII,,19,0,无纸化病案系统,,,live_metadata,,platform
CDMS,UYIIY,,5407,0,无纸化病案系统,,,live_metadata,,platform
CDMS,UYWW,,94,0,无纸化病案系统,,,live_metadata,,platform
CDMS,V_CDMSPIC_PDF,,,0,无纸化病案系统,,,live_metadata,,platform
CDMS,V_ORDER_SHORT,,71,0,无纸化病案系统,,,live_metadata,,platform
CDMS,V_PICPATH,,,0,无纸化病案系统,,,live_metadata,,platform
CDMS,V_PIC_PDF,,,0,无纸化病案系统,,,live_metadata,,platform
CDMS,V_WZHPIC_PDF,,,0,无纸化病案系统,,,live_metadata,,platform
CDMS,WEI,,5211,0,无纸化病案系统,,,live_metadata,,platform
CDMS,YBLX,,16512,0,无纸化病案系统,,,live_metadata,,platform
CDMS,YISHI,,0,0,无纸化病案系统,,,live_metadata,,platform
CDMS,YYY,,56,0,无纸化病案系统,,,live_metadata,,platform
CDMS,ZHONGJIANCAIJI,,156,0,无纸化病案系统,,,live_metadata,,platform
CDMS,ZHSISI,,148,0,无纸化病案系统,,,live_metadata,,platform
COMM,ADMINISTRATION_DICT,,,11,字典,,ADMINISTRATION_NAME,,基础字典/维表,platform
COMM,ADMISSION_CAUSE_DICT,,,4,字典,,ADMISSION_CAUSE_NAME,,基础字典/维表,platform
COMM,AIRCONDITION_CLASS_DICT,,,4,字典,,AIRCONDITION_CLASS_CODE,,基础字典/维表,platform
COMM,ANAESTHESIA_DICT,,,7,字典,,ANAESTHESIA_NAME,,基础字典/维表,platform
COMM,ANCI_EXAM_ITEM_DICT,,,4,字典,,DIAG_EXAM_CODE,,基础字典/维表,platform
COMM,ANCI_TREAT_ITEM_DICT,,,4,字典,,DIAG_TREAT_CODE,,基础字典/维表,platform
COMM,APP_CONFIGER_BASEINFO,,,6,字典,,APP_NAME+PARAMETER_NO+PARAMETER_NAME,,基础字典/维表,platform
COMM,APP_CONFIGER_PARAMETER,,,7,字典,,APP_NAME+DEPT_CODE+EMP_NO+PARAMETER_NAME,,基础字典/维表,platform
COMM,APP_GRANT_DICT,,,3,字典,,APPLICATION+GRANT_CODE,,基础字典/维表,platform
COMM,APP_GRANTS,,,5,字典,,APPLICATION+USER_ID+CAPABILITY,,基础字典/维表,platform
COMM,APPLICATIONS,,,4,字典,,APPLICATION,,基础字典/维表,platform
COMM,APPLICATIONS_PARA,,,11,字典,,CODE,,基础字典/维表,platform
COMM,APP_PRINTER_PARAMETER,,,6,字典,,APP_NAME+DEPT_CODE+EMP_NO+PARAMETER_NAME,,基础字典/维表,platform
COMM,APP_ROLES,,,2,字典,,APPLICATION+ROLE,,基础字典/维表,platform
COMM,AREA_DICT,,,11,字典,,AREA_CODE,,基础字典/维表,platform
COMM,AREA_DICT_20201111,,,8,字典,,AREA_CODE,,基础字典/维表,platform
COMM,AREA_DICT_20201126,,,8,字典,,AREA_CODE,,基础字典/维表,platform
COMM,AREA_DICT_BAK,,,5,字典,,AREA_CODE,,基础字典/维表,platform
COMM,AREA_DICT_ZAL,,,6,字典,,AREA_CODE,,基础字典/维表,platform
COMM,ARMED_SERVICES_DICT,,,4,字典,,ARMED_SERVICES_NAME,,基础字典/维表,platform
COMM,AUTO_SETTING,,,11,字典,,ID,,基础字典/维表,platform
COMM,AUTO_SETTING_ID,,,12,字典,,SERIAL_NO,,基础字典/维表,platform
COMM,BED_APPROVED_TYPE_DICT,,,4,字典,,BED_APPROVED_TYPE_CODE,,基础字典/维表,platform
COMM,BED_CLASS_DICT,,,4,字典,,BED_CLASS_CODE,,基础字典/维表,platform
COMM,BED_STATUS_DICT,,,4,字典,,BED_STATUS_CODE,,基础字典/维表,platform
COMM,BED_TYPE_DICT,,,4,字典,,BED_TYPE_CODE,,基础字典/维表,platform
COMM,BED_VS_AIRCONDITION,,,2,字典,,BED_CLASS_CODE,,基础字典/维表,platform
COMM,BILLING_GROUP_DICT,,,5,字典,,GROUP_NAME,,基础字典/维表,platform
COMM,BILL_ITEM_CLASS_DICT,,,7,字典,,CLASS_CODE,,基础字典/维表,platform
COMM,BILL_PATTERN_DETAIL,,,15,字典,,DEPT_CODE+PATTERN_NAME+ITEM_NO,,基础字典/维表,platform
COMM,BILL_PATTERN_MASTER,,,12,字典,,DEPT_CODE+PATTERN_NAME,,基础字典/维表,platform
COMM,BILL_PATTERN_MASTER_COPY1,,,12,字典,,DEPT_CODE+PATTERN_NAME,,,platform
COMM,BILL_UNITS_DICT,,,4,字典,,BILL_UNITS_CODE,,基础字典/维表,platform
COMM,BIRTH_RESULT_DICT,,,4,字典,,SERIAL_NO,,基础字典/维表,platform
COMM,BIRTH_TYPE_DICT,,,4,字典,,SERIAL_NO,,基础字典/维表,platform
COMM,BLOOD_TYPE_DICT,,,3,字典,,BLOOD_TYPE_NAME,,基础字典/维表,platform
COMM,BREECH_PRESENTATION_DICT,,,4,字典,,SERIAL_NO,,基础字典/维表,platform
COMM,CAT,,,2,字典,,,,基础字典/维表,platform
COMM,CDIAG_ITEM_DICT,,,3,字典,,,,基础字典/维表,platform
COMM,CEQ$STAFF_DICT,,,17,字典,,,,基础字典/维表,platform
COMM,CHARGE_PRICE_SCHEDULE,,,4,字典,,CHARGE_TYPE,,基础字典/维表,platform
COMM,CHARGE_SPECIAL_CLINIC_DICT,,,5,字典,,ITEM_CODE+FLAG,,基础字典/维表,platform
COMM,CHARGE_SPECIAL_EXCEPT_DICT,,,7,字典,,CHARGE_TYPE+ITEM_CLASS+ITEM_CODE+ITEM_SPEC,,基础字典/维表,platform
COMM,CHARGE_SPECIAL_ITEM_DICT,,,11,字典,,CHARGE_TYPE+ITEM_CLASS+ITEM_CODE+ITEM_SPEC,,基础字典/维表,platform
COMM,CHARGE_TYPE_CONFIGER_PARAMETER,,,3,字典,,CHARGE_TYPE_NAME,,基础字典/维表,platform
COMM,CHARGE_TYPE_DICT,,,16,字典,,CHARGE_TYPE_NAME,,基础字典/维表,platform
COMM,CHARGE_TYPE_VS_IDENTITY,,,3,字典,,CHARGE_TYPE+IDENTITY_SERIAL_NO,,基础字典/维表,platform
COMM,CHECK_LABEL_DICT,,,4,字典,,CHECK_LABEL_CODE,,基础字典/维表,platform
COMM,CLASS_CODING_CONFIG,,,10,字典,,ITEM,,基础字典/维表,platform
COMM,CLASS_CODING_RULE,,,3,字典,,ITEM+CODE_LEVEL,,基础字典/维表,platform
COMM,CLG$STAFF_DICT,,,3,字典,,,,基础字典/维表,platform
COMM,CLIENT_INSTALLATION,,,8,字典,,CLIENT_NAME+LOCATION,,基础字典/维表,platform
COMM,CLIENT_INSTALLATION_LOG,,,9,字典,,,,,platform
COMM,CLINICAL_DEPT_CONFIG,,,6,字典,,DEPT_CODE,,基础字典/维表,platform
COMM,CLINIC_ITEM_CLASS_DICT,,,4,字典,,CLASS_CODE,,基础字典/维表,platform
COMM,CLINIC_ITEM_DICT,,,32,字典,,ITEM_CLASS+ITEM_CODE,,基础字典/维表,platform
COMM,CLINIC_ITEM_DICT_20250630,,,29,字典,,,,基础字典/维表,platform
COMM,CLINIC_ITEM_DICT_20260131,,,31,字典,,ITEM_CLASS+ITEM_CODE,,基础字典/维表,platform
COMM,CLINIC_ITEM_DICT_20260331,,,32,字典,,ITEM_CLASS+ITEM_CODE,,基础字典/维表,platform
COMM,CLINIC_ITEM_MAPPING,,,7,字典,,,,基础字典/维表,platform
COMM,CLINIC_ITEM_MAPPING_0509,,,7,字典,,,,基础字典/维表,platform
COMM,CLINIC_ITEM_MAPPING_20260507,,,7,字典,,,,基础字典/维表,platform
COMM,CLINIC_ITEM_MAPPING_20260616,,,7,字典,,,,基础字典/维表,platform
COMM,CLINIC_ITEM_MAPPING_D,,,7,字典,,,,基础字典/维表,platform
COMM,CLINIC_ITEM_NAME_DICT,,,14,字典,,ITEM_CLASS+ITEM_NAME+ITEM_CODE,,基础字典/维表,platform
COMM,CLINIC_ITEM_NAME_DICT_20250630,,,14,字典,,,,基础字典/维表,platform
COMM,CLINIC_ITEM_NAME_DICT_20260131,,,14,字典,,ITEM_CLASS+ITEM_NAME+ITEM_CODE,,基础字典/维表,platform
COMM,CLINIC_ITEM_NAME_DICT_20260331,,,14,字典,,ITEM_CLASS+ITEM_NAME+ITEM_CODE,,基础字典/维表,platform
COMM,CLINIC_OPER_LOG,,,8,字典,,OPER_DATE+ITEM_CODE,,,platform
COMM,CLINIC_TYPE_CHARGE_DICT,,,5,字典,,CLINIC_TYPE+REGIST_TYPE+CHARGE_ITEM,,基础字典/维表,platform
COMM,CLINIC_TYPE_DICT,,,8,字典,,CLINIC_TYPE+CHARGE_ITEM,,基础字典/维表,platform
COMM,CLINIC_TYPE_SETTING,,,7,字典,,,,基础字典/维表,platform
COMM,CLINIC_VS_CHARGE,,,12,字典,,CLINIC_ITEM_CLASS+CLINIC_ITEM_CODE+CHARGE_ITEM_NO,,基础字典/维表,platform
COMM,CLINIC_VS_CHARGE_20250630,,,12,字典,,,,基础字典/维表,platform
COMM,CLINIC_VS_CHARGE_20260131,,,12,字典,,CLINIC_ITEM_CLASS+CLINIC_ITEM_CODE+CHARGE_ITEM_NO,,基础字典/维表,platform
COMM,CLINIC_VS_CHARGE_20260331,,,12,字典,,CLINIC_ITEM_CLASS+CLINIC_ITEM_CODE+CHARGE_ITEM_NO,,基础字典/维表,platform
COMM,CONTAGION_DICT,,,6,字典,,CONTAGIONCODE,,基础字典/维表,platform
COMM,COST_CYCLE_DICT,,,4,字典,,ID,,基础字典/维表,platform
COMM,COST_DRUG_DEPT_PERCENT,,,4,字典,,SERIAL_NO,,基础字典/维表,platform
COMM,COST_REPORT_EXPRESSIONS,,,6,字典,,SERIAL_NO,,基础字典/维表,platform
COMM,COST_STAFF_DEDUCT_PERCENT,,,5,字典,,SERIAL_NO,,基础字典/维表,platform
COMM,COST_SUBJECT_PERCENT,,,6,字典,,SERIAL_NO,,基础字典/维表,platform
COMM,COUNTRY_DICT,,,10,字典,,COUNTRY_CODE,,基础字典/维表,platform
COMM,COUNTRY_DICT_DRGS,,,5,字典,,COUNTRY_CODE,,基础字典/维表,platform
COMM,CURE_CLASS_DICT,,,4,字典,,CURE_CLASS_CODE,,基础字典/维表,platform
COMM,CVR$STAFF_DICT,,,3,字典,,,,基础字典/维表,platform
COMM,DATA_ASKALL_DICT,,,10,字典,,ITEM_FLAG+ITEM_CODE,,基础字典/维表,platform
COMM,DATA_ASK_STRU,,,42,字典,,TAB_NAME+BRANCH_CODE+REPORT_NO+SERIAL_NO,,基础字典/维表,platform
COMM,DATA_ASK_TABFMT,,,42,字典,,TAB_NAME+BRANCH_CODE+REPORT_NO+SERIAL_NO,,基础字典/维表,platform
COMM,DATA_ASK_TABHDS,,,30,字典,,TAB_NAME+BRANCH_CODE+REPORT_NO,,基础字典/维表,platform
COMM,DATASOURCE,,,3,字典,,,,基础字典/维表,platform
COMM,DATAWINDOW_UI_CONTROL,,,9,字典,,APP_NAME+LAYER_NAME+DEPT_CODE+EMP_NO,,基础字典/维表,platform
COMM,DAY_OF_WEEK_DICT,,,3,字典,,DAY_NUMBER,,基础字典/维表,platform
COMM,DEPT_CLINIC_ATTR_DICT,,,4,字典,,CLINIC_ATTR_CODE,,基础字典/维表,platform
COMM,DEPT_CODE_VS_FACTID,,,2,字典,,DEPT_CODE,,基础字典/维表,platform
COMM,DEPT_CORE_DICT,,,3,字典,,DEPT_NAME_D,,基础字典/维表,platform
COMM,DEPT_DICT,,,46,字典,,DEPT_CODE,,科室字典，用户确认纳入,platform
COMM,DEPT_DICT_ZQFY,,,6,字典,,,,基础字典/维表,platform
COMM,DEPT_FACTINFO_DICT,,,2,字典,,DEPT_FACTID,,基础字典/维表,platform
COMM,DEPT_IS_ATTR_DICT,,,4,字典,,IS_ATTR_CODE,,基础字典/维表,platform
COMM,DEPT_OI_ATTR_DICT,,,4,字典,,OI_ATTR_CODE,,基础字典/维表,platform
COMM,DEPT_QUERY_DICT,,,3,字典,,DEPT_CODE,,基础字典/维表,platform
COMM,DEPT_VS_CORE_DICT,,,5,字典,,,,基础字典/维表,platform
COMM,DEPT_VS_WARD,,,2,字典,,DEPT_CODE+WARD_CODE,,基础字典/维表,platform
COMM,DEPT_VS_WARD_NEW,,,3,字典,,,,基础字典/维表,platform
COMM,DEPT_YYDJ,,,3,字典,,,,基础字典/维表,platform
COMM,DIAG_COMP_GROUP_DICT,,,4,字典,,DIAG_COMP_GROUP_CODE,,基础字典/维表,platform
COMM,DIAG_CORR_DICT,,,4,字典,,DIAG_CORR_CODE,,基础字典/维表,platform
COMM,DIAGNOSIS_CHRONIC,,,2,字典,,,,基础字典/维表,platform
COMM,DIAGNOSIS_DICT,,,34,字典,,,,诊断字典，用户确认纳入,platform
COMM,DIAGNOSIS_DICT_BK_20210209,,,21,字典,,,,,platform
COMM,DIAGNOSIS_DICT_BK_20210808,,,21,字典,,,,,platform
COMM,DIAGNOSIS_DICT_BK_20220822,,,24,字典,,,,,platform
COMM,DIAGNOSIS_DICT_CHINA,,,24,字典,,,,基础字典/维表,platform
COMM,DIAGNOSIS_DICT_TEMP,,,33,字典,,,,,platform
COMM,DIAGNOSIS_JH,,,6,字典,,,,基础字典/维表,platform
COMM,DIAGNOSIS_TYPE1_DICT,,,1,字典,,,,基础字典/维表,platform
COMM,DIAGNOSIS_TYPE_DICT,,,6,字典,,DIAGNOSIS_TYPE_CODE,,基础字典/维表,platform
COMM,DICT_CXCONTENT,,,9,字典,,ID,,基础字典/维表,platform
COMM,DICT_EXCEL_TEMPLATE,,,5,字典,,ID,,,platform
COMM,DICTMAINT,,,6,字典,,TABLE_NAME,,基础字典/维表,platform
COMM,DIET_PROVIDER_DICT,,,2,字典,,SECTION_CODE,,基础字典/维表,platform
COMM,DISCHARGE_DISPOSITION_DICT,,,11,字典,,DISCHARGE_DISPOSITION_CODE,,基础字典/维表,platform
COMM,DOCTOR_EXPLAIN_DICT,,,6,字典,,DEPT_CODE+EXPLAIN_TEXT,,基础字典/维表,platform
COMM,DOCTOR_GROUP,,,7,字典,,DOCTOR_USER,,基础字典/维表,platform
COMM,DOCTOR_LEVEL_VS_PRICE,,,5,字典,,ID,,基础字典/维表,platform
COMM,DOCTOR_MASTER_YB,,,23,字典,,,,基础字典/维表,platform
COMM,DOCTOR_TITLE_DICT,,,4,字典,,TITLE_NAME,,基础字典/维表,platform
COMM,DOSAGE_UNITS_DICT,,,5,字典,,DOSAGE_UNITS,,基础字典/维表,platform
COMM,DRUG_ANTIBIOSIS_DICT,,,6,字典,,DRUG_CODE+DRUG_NAME+DRUG_SPEC,,基础字典/维表,platform
COMM,DRUG_CHAXUN1_FANCY,,,5,字典,,XH,,基础字典/维表,platform
COMM,DRUG_CHAXUN1_FANCY1,,,5,字典,,XH,,基础字典/维表,platform
COMM,DRUG_CHAXUN1_FANCY2,,,5,字典,,XH,,基础字典/维表,platform
COMM,DRUG_CLASS_DICT,,,2,字典,,CLASS_CODE,,基础字典/维表,platform
COMM,DRUG_CODING_RULE,,,3,字典,,CODE_LEVEL,,基础字典/维表,platform
COMM,DRUG_DICT,,,21,字典,,DRUG_CODE+DRUG_SPEC+DRUG_INDICATOR,,基础字典/维表,platform
COMM,DRUG_DISP_PROPERTY_DICT,,,3,字典,,DISPENSING_PROPERTY,,基础字典/维表,platform
COMM,DRUG_EXPORT_CLASS_DICT,,,7,字典,,EXPORT_CLASS,,基础字典/维表,platform
COMM,DRUG_FORM_DICT,,,7,字典,,FORM_CODE,,基础字典/维表,platform
COMM,DRUG_HIS_VS_HLW,,,7,字典,,DRUG_CODE+DRUG_SPEC+DRUG_UNITS+FIRM_ID,,基础字典/维表,platform
COMM,DRUG_IMPORT_CLASS_DICT,,,6,字典,,IMPORT_CLASS,,基础字典/维表,platform
COMM,DRUG_INCOMPATIBILITY,,,3,字典,,DRUG_A_CODE+DRUG_B_CODE,,基础字典/维表,platform
COMM,DRUG_INFO,,,13,字典,,DRUG_CODE,,基础字典/维表,platform
COMM,DRUG_LIMIT,,,2,字典,,,,基础字典/维表,platform
COMM,DRUG_LIST,,,1,字典,,,,基础字典/维表,platform
COMM,DRUG_NAME_DICT,,,6,字典,,DRUG_CODE+DRUG_NAME,,基础字典/维表,platform
COMM,DRUG_PRESC_ATTR_DICT,,,3,字典,,PRESC_ATTR_NAME,,基础字典/维表,platform
COMM,DRUG_PRICE_LIST,,,29,字典,,DRUG_CODE+DRUG_SPEC+FIRM_ID+START_DATE,,基础字典/维表,platform
COMM,DRUG_PRICE_LIST_TJ,,,29,字典,,,,基础字典/维表,platform
COMM,DRUG_RATIONAL_DOSAGE,,,13,字典,,DRUG_CODE+DRUG_SPEC,,基础字典/维表,platform
COMM,DRUG_SUPPLIER_CATALOG,,,34,字典,,SUPPLIER_ID,,,platform
COMM,DRUG_TOXI_PROPERTY_DICT,,,4,字典,,TOXI_NAME,,基础字典/维表,platform
COMM,DUTY_DICT,,,4,字典,,DUTY_NAME,,基础字典/维表,platform
COMM,ELECTRONIC_HEALTH_CARD_CONFIG,,,5,字典,,,,基础字典/维表,platform
COMM,EXAM_CLASS_DICT,,,13,字典,,EXAM_CLASS_NAME,,基础字典/维表,platform
COMM,EXAM_DIAG_DICT,,,5,字典,,EXAM_CLASS+EXAM_SUB_CLASS+DIAG_CODE,,基础字典/维表,platform
COMM,EXAM_RESULT_STATUS_DICT,,,4,字典,,EXAM_RESULT_STATUS_CODE,,基础字典/维表,platform
COMM,EXAM_RPT_PATTERN,,,12,字典,,EXAM_CLASS+EXAM_SUB_CLASS+DESC_ITEM+DESC_NAME,,基础字典/维表,platform
COMM,EXAM_RPT_PATTERN_20260131,,,12,字典,,EXAM_CLASS+EXAM_SUB_CLASS+DESC_ITEM+DESC_NAME,,基础字典/维表,platform
COMM,EXAM_RPT_PATTERN_20260331,,,12,字典,,EXAM_CLASS+EXAM_SUB_CLASS+DESC_ITEM+DESC_NAME,,基础字典/维表,platform
COMM,EXAM_SUBCLASS_DICT,,,9,字典,,EXAM_SUBCLASS_NAME,,基础字典/维表,platform
COMM,EXE_YB_CODE_DICT,,,2,字典,,,,基础字典/维表,platform
COMM,EXP_AAAAAA,,,2,字典,,EXP_CODE+AAAA,,基础字典/维表,platform
COMM,EXP_CHAXUN1,,,10,字典,,ITEM_CODE+GG,,基础字典/维表,platform
COMM,EXP_CHAXUN1_FANCY,,,7,字典,,XH,,基础字典/维表,platform
COMM,EXP_CHAXUN2,,,10,字典,,ITEM_CODE+GG,,基础字典/维表,platform
COMM,EXP_CHAXUN3,,,10,字典,,ITEM_CODE+GG,,基础字典/维表,platform
COMM,EXP_CHAXUN4,,,10,字典,,ITEM_CODE+GG,,基础字典/维表,platform
COMM,EXP_CHAXUN5,,,10,字典,,ITEM_CODE+GG,,基础字典/维表,platform
COMM,EXP_CHAXUN6,,,10,字典,,ITEM_CODE+GG,,基础字典/维表,platform
COMM,EXP_CHAXUN7,,,10,字典,,ITEM_CODE+GG,,基础字典/维表,platform
COMM,EXP_CODING_RULE,,,3,字典,,CODE_LEVEL,,基础字典/维表,platform
COMM,EXP_DICT,,,19,字典,,EXP_CODE+EXP_SPEC+EXP_INDICATOR,,基础字典/维表,platform
COMM,EXP_DICT_BK,,,13,字典,,,,,platform
COMM,EXP_DICT_GZ,,,6,字典,,,,基础字典/维表,platform
COMM,EXP_DICT_IMPORT,,,10,字典,,STORAGE_CODE+EXP_CODE,,基础字典/维表,platform
COMM,EXP_FUND_ITEM_DICT,,,2,字典,,FUND_ITEM,,基础字典/维表,platform
COMM,EXP_NAME_DICT,,,7,字典,,EXP_CODE+EXP_NAME,,基础字典/维表,platform
COMM,EXP_NAME_DICT_BK,,,7,字典,,,,,platform
COMM,EXP_PATTERN_DETAIL,,,11,字典,,EXP_CODE+EXP_SPEC+FIRM_ID+SERIAL_NO,,基础字典/维表,platform
COMM,EXP_PRICE_LIST,,,32,字典,,EXP_CODE+EXP_SPEC+FIRM_ID+START_DATE,,基础字典/维表,platform
COMM,EXP_PROPERTY_DICT,,,4,字典,,TOXI_CODE,,基础字典/维表,platform
COMM,EXP_SUPPLIER_CATALOG,,,25,字典,,SUPPLIER_ID,,,platform
COMM,EXTRA_COSTS_DICT,,,5,字典,,ORDER_CONT+EXTRA_ITEM_NO,,基础字典/维表,platform
COMM,FUND_SOURCE_DICT,,,4,字典,,CODE,,基础字典/维表,platform
COMM,GB_T_APPENDIX_DATA,,,10,字典,,,,基础字典/维表,platform
COMM,GB_T_BASEDATA,,,15,字典,,,,基础字典/维表,platform
COMM,GB_T_NAME,,,6,字典,,,,基础字典/维表,platform
COMM,HDPART_MODULE_RESIZE,,,9,字典,,MNAME,,基础字典/维表,platform
COMM,HEAL_DICT,,,4,字典,,HEAL_NAME,,基础字典/维表,platform
COMM,HELP_MSG,,,4,字典,,APPLICATION+WINDOW_ID,,基础字典/维表,platform
COMM,HIS_VS_BJYB_CATALOG,,,12,字典,,CODE_HIS,,,platform
COMM,HLHT_DATA_DICT,,,6,字典,,,,基础字典/维表,platform
COMM,HLHT_DEPT_DICT,,,4,字典,,HLHT_DEPT_CODE,,基础字典/维表,platform
COMM,HLHT_VS_HIS_DEPT_DICT,,,5,字典,,HIS_DEPT_CODE,,基础字典/维表,platform
COMM,HOSPITAL_CONFIG,,,13,字典,,HOSPITAL,,基础字典/维表,platform
COMM,HOSPITAL_CONFIG_NEW,,,15,字典,,HOSPITAL,,基础字典/维表,platform
COMM,HSTF_MID_CLINIC_INCOME,,,96,字典,,,,基础字典/维表,platform
COMM,IDENTITY_DICT,,,7,字典,,IDENTITY_NAME,,基础字典/维表,platform
COMM,INFECT_DEPT_DICT,,,4,字典,,HIS_DEPT_CODE,,基础字典/维表,platform
COMM,INFECT_DIAG_DICT,,,2,字典,,DIAG_CODE,,基础字典/维表,platform
COMM,INFECTIOUS_DIAGNOSIS_DICT,,,13,字典,,INFECTIOUS_UUID,,基础字典/维表,platform
COMM,INP_CANCEL_LOG,,,2,字典,,INP_NO,,,platform
COMM,INP_ITEM_BATCH_DICT,,,11,字典,,,,基础字典/维表,platform
COMM,INP_RCPT_FEE_DICT,,,5,字典,,FEE_CLASS_CODE,,基础字典/维表,platform
COMM,INPUT_APP_USE,,,2,字典,,APPLICATION+DICT_TYPE,,基础字典/维表,platform
COMM,INPUT_CODE_DICT,,,7,字典,,,,基础字典/维表,platform
COMM,INPUT_DRUG_LISTS_FOR_PRE,医嘱摆药药品清单（预摆药）视图,,29,运维知识库,,,,2026-08-24 知识库缺口补采；源库对象类型=VIEW（视图，取数须注意其查询语义）,platform
COMM,INPUT_SETTING,,,10,字典,,DICT_TYPE+DATA_COL,,基础字典/维表,platform
COMM,INPUT_TYPE,,,2,字典,,INPUT_CODE,,基础字典/维表,platform
COMM,JOB_CLASS_DICT,,,4,字典,,JOB_CLASS_NAME,,基础字典/维表,platform
COMM,KEY_DICT,,,3,字典,,PRODUCT_NAME,,基础字典/维表,platform
COMM,KFQYBBM,,,7,字典,,ID,,基础字典/维表,platform
COMM,KJYW_DEPT_MERGE,,,5,字典,,,,基础字典/维表,platform
COMM,LAB_ITEM_CLASS_DICT,,,8,字典,,CLASS_CODE,,基础字典/维表,platform
COMM,LAB_ITEM_VS_CLASS,,,4,字典,,ITEM_CODE,,基础字典/维表,platform
COMM,LAB_LIST_RESULT_DICT,,,4,字典,,REPORT_ITEM_CODE+RESULT_NO,,基础字典/维表,platform
COMM,LAB_ORDER_VS_REPORT,,,3,字典,,SERIAL_NO,,基础字典/维表,platform
COMM,LAB_REPORT_ITEM_DICT,,,12,字典,,ITEM_CODE,,基础字典/维表,platform
COMM,LAB_REPORT_VS_ORDER,,,6,字典,,DEPT_CODE+REPORT_ITEM_CODE+SPECIMEN+PRIORITY_INDICATOR+INSTRUMENT_ID,,基础字典/维表,platform
COMM,LAB_SHEET_ITEMS,,,10,字典,,LAB_SHEET_ID+LAB_ITEM_CODE,,基础字典/维表,platform
COMM,LAB_SHEET_MASTER,,,10,字典,,LAB_SHEET_ID,,基础字典/维表,platform
COMM,LOCAL_ID_CLASS_DICT,,,4,字典,,LOCAL_ID_CLASS_CODE,,基础字典/维表,platform
COMM,LOCATION,,,4,字典,,LOCATION_CODE+STORAGE,,基础字典/维表,platform
COMM,MARITAL_STATUS_DICT,,,10,字典,,MARITAL_STATUS_NAME,,基础字典/维表,platform
COMM,MDC_DRUG_MATCH_RESULT,,,10,字典,,,,基础字典/维表,platform
COMM,MDC_ROUTE_MATCH_RESULT,,,4,字典,,,,基础字典/维表,platform
COMM,MEASURES_DICT,,,7,字典,,MEASURES_CLASS+MEASURES_NAME,,基础字典/维表,platform
COMM,MEDCARD_PRIVILEGE_DICT,,,6,字典,,PRIVILEGE_ITEM_CODE,,基础字典/维表,platform
COMM,MENU_GRANT_DICT,,,8,字典,,GROUP_ID+MENU_NAME+ABLED+APP_CODE+ITEM_NAME,,基础字典/维表,platform
COMM,MENU_GRANT_GROUP_DICT,,,7,字典,,GROUP_ID+APP_CODE,,基础字典/维表,platform
COMM,MENU_VS_USER_GRANT,,,4,字典,,DB_USER+GROUP_ID+APP_CODE,,基础字典/维表,platform
COMM,MESSAGES,,,9,字典,,MSGID,,基础字典/维表,platform
COMM,META_DATA,,,6,字典,,TABLE_NAME+CODEID,,基础字典/维表,platform
COMM,METADICT,,,2,字典,,TABLE_NAME,,基础字典/维表,platform
COMM,MONEY_DICT,,,4,字典,,CODE,,基础字典/维表,platform
COMM,MR_ADD_FEE_CLASS_DICT,,,5,字典,,ADD_FEE_CLASS_CODE,,基础字典/维表,platform
COMM,MR_BILL_CLASS_DICT,,,12,字典,,MR_BILL_CLASS_CODE,,基础字典/维表,platform
COMM,MR_CLASS_DICT,,,5,字典,,MR_CLASS_CODE,,基础字典/维表,platform
COMM,MR_COMP_CLASS_DICT,,,4,字典,,COMP_CLASS,,基础字典/维表,platform
COMM,MR_COMP_CLASS_DICT_BAK,,,4,字典,,,,基础字典/维表,platform
COMM,MR_FEE_CLASS_DICT,,,5,字典,,MR_FEE_CLASS_CODE,,基础字典/维表,platform
COMM,MR_QUALITY_DICT,,,4,字典,,MR_QUALITY_NAME,,基础字典/维表,platform
COMM,MR_REPORT_PRTST,,,12,字典,,,,基础字典/维表,platform
COMM,MR_REPORT_SYNTAX,,,5,字典,,,,基础字典/维表,platform
COMM,MR_STATUS_DICT,,,4,字典,,MR_STATUS_CODE,,基础字典/维表,platform
COMM,MR_VALUE_DICT,,,4,字典,,MR_VALUE_NAME,,基础字典/维表,platform
COMM,NATION_DICT,,,9,字典,,NATION_NAME,,基础字典/维表,platform
COMM,NATURE_CLASS_DICT,,,2,字典,,,,基础字典/维表,platform
COMM,NURSE_TEMPERATURE_CLASS_DICT,,,3,字典,,CLASS_CODE,,,platform
COMM,NURSE_TEMPERATURE_ITEM_DICT,,,5,字典,,CLASS_CODE+VITAL_CODE+DEPT_CODE,,,platform
COMM,NURSING_CLASS_DICT,,,6,字典,,NURSING_CLASS_CODE,,基础字典/维表,platform
COMM,OCCUPATION_DICT,,,10,字典,,OCCUPATION_CODE,,基础字典/维表,platform
COMM,OFFICIAL_DRUG_CATALOG,,,12,字典,,CHARGE_TYPE+ITEM_CLASS+DRUG_CODE+DRUG_SPEC,,,platform
COMM,OFFICIAL_DRUG_CATALOG_CLASS,,,3,字典,,CLASS_CODE,,,platform
COMM,OPERATING_POSITION,,,3,字典,,,,基础字典/维表,platform
COMM,OPERATION_DICT,,,22,字典,,,,基础字典/维表,platform
COMM,OPERATION_DICT1204,,,22,字典,,,,基础字典/维表,platform
COMM,OPERATION_DICT_BK_20210219,,,15,字典,,,,,platform
COMM,OPERATION_DICT_BK_20210808,,,15,字典,,,,,platform
COMM,OPERATION_DICT_NEW,,,14,字典,,OPERATION_NAME+DOCOTR_USER,,基础字典/维表,platform
COMM,OPERATION_LOG,,,7,字典,,,,,platform
COMM,OPERATION_SCALE_DICT,,,4,字典,,OPERATION_SCALE_CODE,,基础字典/维表,platform
COMM,ORDER_CLASS_DICT,,,6,字典,,ORDER_CLASS_CODE,,基础字典/维表,platform
COMM,ORDER_STATUS_DICT,,,4,字典,,ORDER_STATUS_CODE,,基础字典/维表,platform
COMM,OUTER_APP_USE,,,2,字典,,APPLICATION+DICT_FILE_NAME,,基础字典/维表,platform
COMM,OUTER_CODE_DICT,,,5,字典,,TOPIC+CODING_SCHM+ITEM_NAME,,基础字典/维表,platform
COMM,OUTER_CODING_CONFIG,,,8,字典,,TOPIC+CODING_SCHM,,基础字典/维表,platform
COMM,OUTER_GENERATION,,,9,字典,,DICT_FILE_NAME,,基础字典/维表,platform
COMM,OUTER_PHONE_DICT,,,2,字典,,LETTER,,基础字典/维表,platform
COMM,OUTP_MR_BL_DIAG_DICT,,,6,字典,,XH,,基础字典/维表,platform
COMM,OUTP_MR_DIAG_DICT,,,13,字典,,XH,,基础字典/维表,platform
COMM,OUTP_MR_DICT,,,6,字典,,,,基础字典/维表,platform
COMM,OUTP_MR_OPERATION_DICT,,,13,字典,,XH,,基础字典/维表,platform
COMM,OUTP_MR_WBSS_DIAG_DICT,,,4,字典,,XH,,基础字典/维表,platform
COMM,OUTP_RCPT_FEE_DICT,,,8,字典,,FEE_CLASS_CODE,,基础字典/维表,platform
COMM,OUTP_RCPT_FEE_FACTDICT,,,2,字典,,FEE_FACTCODE,,基础字典/维表,platform
COMM,OUTP_RCPT_FEE_VS_FACTCODE,,,2,字典,,FEE_CLASS_CODE,,基础字典/维表,platform
COMM,PAT_ADM_CONDITION_DICT,,,4,字典,,PAT_CONDITION_CODE,,基础字典/维表,platform
COMM,PATIENT_CLASS_DICT,,,4,字典,,PATIENT_CLASS_CODE,,基础字典/维表,platform
COMM,PATIENT_FROM_DICT,,,5,字典,,PATIENT_FROM_CODE,,基础字典/维表,platform
COMM,PATIENT_ID_REF,,,5,字典,,TABLE_NAME+COLUMN_NAME,,基础字典/维表,platform
COMM,PATIENT_SOURCE_DICT,,,4,字典,,PATIENT_SOURCE_CODE,,基础字典/维表,platform
COMM,PATIENT_STATUS_CHG_DICT,,,4,字典,,PATIENT_STATUS_CHG_CODE,,基础字典/维表,platform
COMM,PATIENT_STATUS_DICT,,,4,字典,,PATIENT_STATUS_CODE,,基础字典/维表,platform
COMM,PAY_WAY_DICT,,,12,字典,,PAY_WAY_CODE,,基础字典/维表,platform
COMM,PERFORM_DEFAULT_SCHEDULE,,,4,字典,,,,基础字典/维表,platform
COMM,PERFORM_DEPT,,,5,字典,,ITEM_CLASS+ITEM_CODE+PERFORMED_BY,,基础字典/维表,platform
COMM,PERFORM_FREQ_DICT,,,6,字典,,FREQ_DESC,,基础字典/维表,platform
COMM,PREPAYMENT_VS_DIAGNOSIS,,,7,字典,,,,基础字典/维表,platform
COMM,PREPAY_TRANS_TYPE_DICT,,,4,字典,,TRANSACT_TYPE_CODE,,基础字典/维表,platform
COMM,PRESC_CLASS,,,1,字典,,,,基础字典/维表,platform
COMM,PRICE_ITEM_NAME_DICT,,,12,字典,,ITEM_CLASS+ITEM_NAME+ITEM_CODE,,基础字典/维表,platform
COMM,PRICE_ITEM_NAME_DICT2,,,12,字典,,ITEM_CLASS+ITEM_NAME+ITEM_CODE,,基础字典/维表,platform
COMM,PRICE_ITEM_NAME_DICT_20250630,,,12,字典,,,,基础字典/维表,platform
COMM,PRICE_LIST,,,46,字典,,ITEM_CLASS+ITEM_CODE+ITEM_SPEC+UNITS+START_DATE,,价格/收费字典，用户确认纳入,platform
COMM,PRICE_LIST_20250630,,,46,字典,,,,基础字典/维表,platform
COMM,PRICE_LIST_20260121,,,46,字典,,,,基础字典/维表,platform
COMM,PRICE_LIST_LOG,,,45,字典,,ITEM_CLASS+ITEM_CODE+ITEM_SPEC+UNITS+START_DATE+ENTER_DATE,,,platform
COMM,PRICE_LIST_STOP_20210520,,,4,字典,,,,基础字典/维表,platform
COMM,PRICE_LIST_X,,,30,字典,,,,基础字典/维表,platform
COMM,PRICE_LIST_X1,,,30,字典,,,,基础字典/维表,platform
COMM,QA_EVENT_TYPE_DICT,,,3,字典,,QA_EVENT_TYPE,,基础字典/维表,platform
COMM,QC_MSG_DICT,,,8,字典,,QC_MSG_CODE+SCORE_TYPE,,基础字典/维表,platform
COMM,QUEUE_SEAT_DICT,,,6,字典,,ID,,基础字典/维表,platform
COMM,QY_POPEDOM,,,6,字典,,,,基础字典/维表,platform
COMM,RECK_ITEM_CLASS_DICT,,,9,字典,,CLASS_CODE,,基础字典/维表,platform
COMM,REGIST_MODE_DICT,,,2,字典,,MODE_CODE,,基础字典/维表,platform
COMM,REGIST_PAY_DICT,,,3,字典,,CARD_CODE,,基础字典/维表,platform
COMM,RELATIONSHIP_DICT,,,10,字典,,RELATIONSHIP_CODE,,基础字典/维表,platform
COMM,RELATIONSHIP_DICT_NEW,,,4,字典,,,,基础字典/维表,platform
COMM,RESPON_DEPT_DICT,,,8,字典,,,,基础字典/维表,platform
COMM,RESPON_JOB_CLASS_DICT,,,2,字典,,JOB_CLASS,,基础字典/维表,platform
COMM,RESPON_VS_HIS_DEPT,,,9,字典,,RESPON_DEPT_CODE+HIS_DEPT_CODE,,基础字典/维表,platform
COMM,ROOM_DICT,,,5,字典,,ROOM_CODE,,基础字典/维表,platform
COMM,SECURITY_APPS,,,2,字典,,APPLICATION,,基础字典/维表,platform
COMM,SECURITY_GROUPINGS,,,3,字典,,GROUP_NAME+APPLICATION,,基础字典/维表,platform
COMM,SECURITY_INFO,,,5,字典,,APPLICATION+WINDOW+CONTROL+GROUP_NAME,,基础字典/维表,platform
COMM,SECURITY_INFO_PRG,,,4,字典,,APPLICATION+GROUP_NAME+RIGHT,,基础字典/维表,platform
COMM,SECURITY_RIGHT_DESCRIPTION,,,4,字典,,APPLICATION+RIGHT,,基础字典/维表,platform
COMM,SECURITY_TEMPLATE,,,8,字典,,APPLICATION+WINDOW+CONTROL+ITEM_NO,,,platform
COMM,SECURITY_USERS,,,6,字典,,,,基础字典/维表,platform
COMM,SETTLE_TRANS_TYPE_DICT,,,4,字典,,TRANSACT_TYPE_CODE,,基础字典/维表,platform
COMM,SEX_DICT,,,9,字典,,SEX_NAME,,基础字典/维表,platform
COMM,SPARE_MEDICINES_DICT,,,20,字典,,,,基础字典/维表,platform
COMM,SPECIAL_CLINIC_DICT,,,4,字典,,SPECIAL_CLINIC_NAME,,基础字典/维表,platform
COMM,SPECIAL_CLINIC_PRICE,,,2,字典,,CLINIC_TYPE,,基础字典/维表,platform
COMM,SPECIMAN_DICT,,,12,字典,,SPECIMAN_CODE,,基础字典/维表,platform
COMM,STAFF_DICT,,,30,字典,,,,人员字典，用户确认纳入,platform
COMM,STAFF_DICT_20231206,,,29,字典,,,,基础字典/维表,platform
COMM,STAFF_DICT_BAK,,,11,字典,,,,基础字典/维表,platform
COMM,STAFF_DICT_BAK_2,,,11,字典,,,,基础字典/维表,platform
COMM,STAFF_DICT_TITLE,,,3,字典,,,,基础字典/维表,platform
COMM,STAFF_GROUP_CLASS_DICT,,,2,字典,,GROUP_CLASS,,基础字典/维表,platform
COMM,STAFF_GROUP_DICT,,,7,字典,,GROUP_CLASS+GROUP_CODE,,基础字典/维表,platform
COMM,STAFF_IN_CONTRACT,,,3,字典,,UNIT_CODE+IDENTITY,,基础字典/维表,platform
COMM,STAFF_RESPON_GROUP,,,15,字典,,,,基础字典/维表,platform
COMM,STAFF_VS_CARD,,,1,字典,,CARD_NO,,基础字典/维表,platform
COMM,STAFF_VS_GROUP,,,6,字典,,GROUP_CLASS+GROUP_CODE+EMP_NO,,基础字典/维表,platform
COMM,SUPPLIER_CLASS_DICT,,,3,字典,,,,基础字典/维表,platform
COMM,SYS_CODE,,,5,字典,,TYPEID+CODEID,,基础字典/维表,platform
COMM,SYS_PASS,,,2,字典,,DB_USER,,基础字典/维表,platform
COMM,TABLE_COLUMNS_SET,,,9,字典,,OWNER+TABLE_NAME+COLUMN_NAME,,基础字典/维表,platform
COMM,TABLE_ROLE_SET,,,4,字典,,ROLE+OWNER+TABLE_NAME+PRIVILEGE,,基础字典/维表,platform
COMM,TABLE_SYNONYM_SET,,,4,字典,,SYNAME+CREATER+TNAME+TABTYPE,,基础字典/维表,platform
COMM,TALLY_SUBJECT_DICT,,,5,字典,,SUBJ_CODE,,基础字典/维表,platform
COMM,TENDER_DRUG_DICT,,,11,字典,,ORDER_BATCH+TENDER_NO+DRUG_CODE+PACK_SPEC+FIRM_ID,,基础字典/维表,platform
COMM,TENDER_PRICE_CLASS,,,3,字典,,PRICE_CLASS_CODE,,基础字典/维表,platform
COMM,TIME_INTERVAL_DICT,,,4,字典,,TIME_INTERVAL_NAME,,基础字典/维表,platform
COMM,TIME_UNITS_DICT,,,4,字典,,TIME_UNITS_NAME,,基础字典/维表,platform
COMM,TITLE_DICT,,,6,字典,,TITLE_CODE,,基础字典/维表,platform
COMM,TJ_ERROR_LOG,,,10,字典,,ERROR_DATE,,,platform
COMM,TJ_ERROR_MESSAGE,,,6,字典,,ERROR_PRG_NAME+ERROR_CODE,,基础字典/维表,platform
COMM,TJHIS_MESSAGE_DEPT_RECEIVE,,,7,字典,,,,基础字典/维表,platform
COMM,T_JIXIAO_PROJECT,,,3,字典,,TYPE+ITEM_CODE,,基础字典/维表,platform
COMM,TJ_LOG_MESSAGE,,,7,字典,,LOG_DATE,,,platform
COMM,TJ_PRG_FUNCTION_CONTROL,,,10,字典,,DB_USER+PRG_NAME+WINDOW_NAME+CONTROL_NAME,,基础字典/维表,platform
COMM,TJ_PRG_FUNCTION_NAME,,,7,字典,,PRG_NAME+WINDOW_NAME+CONTROL_NAME,,基础字典/维表,platform
COMM,TJ_REPORT_COLUMN_CONTROL,,,12,字典,,DB_USER+PRG_NAME+WINDOW_NAME+DATAWINDOW_NAME+COLUMN_NAME,,基础字典/维表,platform
COMM,TJ_REPORT_COLUMN_NAME,,,9,字典,,PRG_NAME+WINDOW_NAME+DATAWINDOW_NAME+COLUMN_NAME,,基础字典/维表,platform
COMM,TOP_UNIT_DICT,,,3,字典,,TOP_UNIT_CODE,,基础字典/维表,platform
COMM,TREATING_RESULT_DICT,,,6,字典,,TREATING_RESULT_NAME,,基础字典/维表,platform
COMM,TUMOR_DICT,,,2,字典,,,,基础字典/维表,platform
COMM,T_WX_ZFB,,,12,字典,,,,基础字典/维表,platform
COMM,T_ZHIKONG_DATA,,,17,字典,,,,基础字典/维表,platform
COMM,UNIT_IN_CONTRACT,,,11,字典,,UNIT_CODE,,基础字典/维表,platform
COMM,UNIT_TYPE_DICT,,,4,字典,,UNIT_TYPE_CODE,,基础字典/维表,platform
COMM,UPDATE_LOG,,,7,字典,,,,,platform
COMM,UPDATE_PARA,,,4,字典,,CODE,,基础字典/维表,platform
COMM,USER_PERMISSION,,,6,字典,,CODE,,基础字典/维表,platform
COMM,USERS_BACK,,,7,字典,,,,基础字典/维表,platform
COMM,USERS_BAK,,,7,字典,,,,基础字典/维表,platform
COMM,V_EXECUTE_DATA,,,4,字典,,,,基础字典/维表,platform
COMM,WARD_DICT,,,6,字典,,,,基础字典/维表,platform
COMM,WOUND_GRADE_DICT,,,4,字典,,WOUND_GRADE_CODE,,基础字典/维表,platform
COMM,YFRYLB_DICT,,,2,字典,,,,基础字典/维表,platform
COMM,YIBAO,,,5,字典,,,,基础字典/维表,platform
COMM,YINYI_MACHINE_OPERATOR,,,5,字典,,OPERATOR_ID,,基础字典/维表,platform
COMM,ZZ_DRUG_DICT,,,27,字典,,,,基础字典/维表,platform
COMM,ZZ_DRUG_DICT_NEW,,,18,字典,,,,基础字典/维表,platform
COMM,ZZ_EXP_DICT,,,14,字典,,,,基础字典/维表,platform
COMM,ZZ_PRICE_LIST,,,16,字典,,,,基础字典/维表,platform
COMM,ZZ_PRICE_LIST_S,,,16,字典,,,,基础字典/维表,platform
CORE2DB,api_test_0420,,1331,0,门诊病历,,,live_metadata,,platform
CORE2DB,auth_api_client,,841,0,门诊病历,,,live_metadata,,platform
CORE2DB,auth_api_remind,,0,0,门诊病历,,,live_metadata,,platform
CORE2DB,auth_api_userprofile,,845,0,门诊病历,,,live_metadata,,platform
CORE2DB,auth_api_userprofile_groups,,0,0,门诊病历,,,live_metadata,,platform
CORE2DB,auth_api_userprofile_user_permissions,,0,0,门诊病历,,,live_metadata,,platform
CORE2DB,auth_api_versionnumber,,0,0,门诊病历,,,live_metadata,,platform
CORE2DB,auth_group,,0,0,门诊病历,,,live_metadata,,platform
CORE2DB,auth_group_permissions,,0,0,门诊病历,,,live_metadata,,platform
CORE2DB,auth_permission,,1542,0,门诊病历,,,live_metadata,,platform
CORE2DB,BL_JZLGBL,,,0,门诊病历,,,live_metadata,,platform
CORE2DB,BL_MJZBL,,,0,门诊病历,,,live_metadata,,platform
CORE2DB,celery_taskmeta,,0,0,门诊病历,,,live_metadata,,platform
CORE2DB,celery_tasksetmeta,,0,0,门诊病历,,,live_metadata,,platform
CORE2DB,clinic_api_admissioncard,,6,0,门诊病历,,,live_metadata,,platform
CORE2DB,clinic_api_admissioncardcontrol,,6,0,门诊病历,,,live_metadata,,platform
CORE2DB,clinic_api_admissioncardlist,,0,0,门诊病历,,,live_metadata,,platform
CORE2DB,clinic_api_auditoryimplantquestionnaire,,0,0,门诊病历,,,live_metadata,,platform
CORE2DB,clinic_api_auditoryimplantquestionnairecontrol,,0,0,门诊病历,,,live_metadata,,platform
CORE2DB,clinic_api_auditoryimplantquestionnaireeva,,0,0,门诊病历,,,live_metadata,,platform
CORE2DB,clinic_api_auditoryimplantquestionnairehistory,,0,0,门诊病历,,,live_metadata,,platform
CORE2DB,clinic_api_auditoryimplantquestionnairelist,,0,0,门诊病历,,,live_metadata,,platform
CORE2DB,clinic_api_autopsynotice,,429,0,门诊病历,,,live_metadata,,platform
CORE2DB,clinic_api_chinafirstoutrecord,,7654,0,门诊病历,,,live_metadata,,platform
CORE2DB,clinic_api_chinafirstoutrecordcontrol,,8319,0,门诊病历,,,live_metadata,,platform
CORE2DB,clinic_api_chinafirstoutrecordlist,,0,0,门诊病历,,,live_metadata,,platform
CORE2DB,clinic_api_chinarepeatedoutrecord,,15099,0,门诊病历,,,live_metadata,,platform
CORE2DB,clinic_api_chinarepeatedoutrecordcontrol,,15263,0,门诊病历,,,live_metadata,,platform
CORE2DB,clinic_api_chinarepeatedoutrecordlist,,0,0,门诊病历,,,live_metadata,,platform
CORE2DB,clinic_api_chronicotitismediainquiringsheet,,0,0,门诊病历,,,live_metadata,,platform
CORE2DB,clinic_api_chronicotitismediainquiringsheetcontrol,,0,0,门诊病历,,,live_metadata,,platform
CORE2DB,clinic_api_chronicotitismediainquiringsheeteva,,0,0,门诊病历,,,live_metadata,,platform
CORE2DB,clinic_api_chronicotitismediainquiringsheethistory,,0,0,门诊病历,,,live_metadata,,platform
CORE2DB,clinic_api_chronicotitismediainquiringsheetlist,,0,0,门诊病历,,,live_metadata,,platform
CORE2DB,clinic_api_consultationrecord,,2182,0,门诊病历,,,live_metadata,,platform
CORE2DB,clinic_api_emergencyfirstoutrecord,,53350,0,门诊病历,,,live_metadata,,platform
CORE2DB,clinic_api_emergencyfirstoutrecordcontrol,,60097,0,门诊病历,,,live_metadata,,platform
CORE2DB,clinic_api_emergencyfirstoutrecordlist,,0,0,门诊病历,,,live_metadata,,platform
CORE2DB,clinic_api_emergencyrepeatedoutrecord,,1771,0,门诊病历,,,live_metadata,,platform
CORE2DB,clinic_api_emergencyrepeatedoutrecordcontrol,,2122,0,门诊病历,,,live_metadata,,platform
CORE2DB,clinic_api_emergencyrepeatedoutrecordlist,,0,0,门诊病历,,,live_metadata,,platform
CORE2DB,clinic_api_firstoutlockrecord,,7408,0,门诊病历,,,live_metadata,,platform
CORE2DB,clinic_api_firstoutrecord,,1090890,0,门诊病历,,,live_metadata,,platform
CORE2DB,clinic_api_firstoutrecord_2025,,323725,0,门诊病历,,,live_metadata,,platform
CORE2DB,clinic_api_firstoutrecord_20260702,,919495,0,门诊病历,,,live_metadata,,platform
CORE2DB,clinic_api_firstoutrecordcontrol,,955482,0,门诊病历,,,live_metadata,,platform
CORE2DB,clinic_api_firstoutrecord_copy1,,659862,0,门诊病历,,,live_metadata,,platform
CORE2DB,clinic_api_firstoutrecordlist,,0,0,门诊病历,,,live_metadata,,platform
CORE2DB,clinic_api_firstoutrecordvisitone,,3,0,门诊病历,,,live_metadata,,platform
CORE2DB,clinic_api_groupdata,,115,0,门诊病历,,,live_metadata,,platform
CORE2DB,clinic_api_headnecktumourspecialcases,,0,0,门诊病历,,,live_metadata,,platform
CORE2DB,clinic_api_headnecktumourspecialcasescontrol,,0,0,门诊病历,,,live_metadata,,platform
CORE2DB,clinic_api_headnecktumourspecialcaseseva,,0,0,门诊病历,,,live_metadata,,platform
CORE2DB,clinic_api_headnecktumourspecialcaseslist,,0,0,门诊病历,,,live_metadata,,platform
CORE2DB,clinic_api_illnessnotice,,331,0,门诊病历,,,live_metadata,,platform
CORE2DB,clinic_api_leavetransferrisknotice,,2235,0,门诊病历,,,live_metadata,,platform
CORE2DB,clinic_api_multidisciplinaryrecord,,2,0,门诊病历,,,live_metadata,,platform
CORE2DB,clinic_api_multidisciplinaryrecordcontrol,,0,0,门诊病历,,,live_metadata,,platform
CORE2DB,clinic_api_multidisciplinaryrecordlist,,0,0,门诊病历,,,live_metadata,,platform
CORE2DB,clinic_api_nursingrecordnotice,,2,0,门诊病历,,,live_metadata,,platform
CORE2DB,clinic_api_observerecord,,3216,0,门诊病历,,,live_metadata,,platform
CORE2DB,clinic_api_observerecordcontrol,,3320,0,门诊病历,,,live_metadata,,platform
CORE2DB,clinic_api_observerecordlist,,0,0,门诊病历,,,live_metadata,,platform
CORE2DB,clinic_api_outpatientdiseasecourserecord,,1615193,0,门诊病历,,,live_metadata,,platform
CORE2DB,clinic_api_outpatientdiseasecourserecordcontrol,,1625775,0,门诊病历,,,live_metadata,,platform
CORE2DB,clinic_api_outpatientdiseasecourserecordlist,,0,0,门诊病历,,,live_metadata,,platform
CORE2DB,clinic_api_outpatientsalvagerecord,,103,0,门诊病历,,,live_metadata,,platform
CORE2DB,clinic_api_outpatientsalvagerecordcontrol,,103,0,门诊病历,,,live_metadata,,platform
CORE2DB,clinic_api_outpatientsalvagerecordlist,,0,0,门诊病历,,,live_metadata,,platform
CORE2DB,clinic_api_outpatientsurgeryrecordone,,2081,0,门诊病历,,,live_metadata,,platform
CORE2DB,clinic_api_outpatientsurgeryrecordtwo,,176,0,门诊病历,,,live_metadata,,platform
CORE2DB,clinic_api_outpatientwardroundrecord,,17,0,门诊病历,,,live_metadata,,platform
CORE2DB,clinic_api_outpatientwardroundrecordcontrol,,17,0,门诊病历,,,live_metadata,,platform
CORE2DB,clinic_api_outpatientwardroundrecordlist,,0,0,门诊病历,,,live_metadata,,platform
CORE2DB,clinic_api_outrecordhomepage,,1644245,0,门诊病历,,,live_metadata,,platform
CORE2DB,clinic_api_outrecordhomepage_20260702,,1563224,0,门诊病历,,,live_metadata,,platform
CORE2DB,clinic_api_outrecordhomepage_20260702-2,,1577971,0,门诊病历,,,live_metadata,,platform
CORE2DB,clinic_api_outrecordhomepage_backup_20260702,,350,0,门诊病历,,,live_metadata,,platform
CORE2DB,clinic_api_outrecordhomepagecontrol,,1626010,0,门诊病历,,,live_metadata,,platform
CORE2DB,clinic_api_outrecordhomepagecontrol_backup_20260702,,350,0,门诊病历,,,live_metadata,,platform
CORE2DB,clinic_api_outrecordhomepagelist,,0,0,门诊病历,,,live_metadata,,platform
CORE2DB,clinic_api_outviewrecord,,9,0,门诊病历,,,live_metadata,,platform
CORE2DB,clinic_api_outviewrecordcontrol,,9,0,门诊病历,,,live_metadata,,platform
CORE2DB,clinic_api_outviewrecordlist,,0,0,门诊病历,,,live_metadata,,platform
CORE2DB,clinic_api_patientinspectioncertificate,,4,0,门诊病历,,,live_metadata,,platform
CORE2DB,clinic_api_patientinspectioncertificatecontrol,,4,0,门诊病历,,,live_metadata,,platform
CORE2DB,clinic_api_patientinspectioncertificatelist,,0,0,门诊病历,,,live_metadata,,platform
CORE2DB,clinic_api_refusalexaminationtreatmentnotice,,3639,0,门诊病历,,,live_metadata,,platform
CORE2DB,clinic_api_repeatedoutlockrecord,,29780,0,门诊病历,,,live_metadata,,platform
CORE2DB,clinic_api_repeatedoutrecord,,458087,0,门诊病历,,,live_metadata,,platform
CORE2DB,clinic_api_repeatedoutrecord_20260702,,439940,0,门诊病历,,,live_metadata,,platform
CORE2DB,clinic_api_repeatedoutrecordcontrol,,449432,0,门诊病历,,,live_metadata,,platform
CORE2DB,clinic_api_repeatedoutrecord_copy1,,241501,0,门诊病历,,,live_metadata,,platform
CORE2DB,clinic_api_repeatedoutrecordlist,,0,0,门诊病历,,,live_metadata,,platform
CORE2DB,clinic_api_repeatoutrecordvisitthree,,3,0,门诊病历,,,live_metadata,,platform
CORE2DB,clinic_api_repeatoutrecordvisittwo,,3,0,门诊病历,,,live_metadata,,platform
CORE2DB,clinic_api_rhinology,,0,0,门诊病历,,,live_metadata,,platform
CORE2DB,clinic_api_rhinologycontrol,,0,0,门诊病历,,,live_metadata,,platform
CORE2DB,clinic_api_rhinologylist,,0,0,门诊病历,,,live_metadata,,platform
CORE2DB,clinic_api_rhinologypasthistory,,0,0,门诊病历,,,live_metadata,,platform
CORE2DB,clinic_api_rhinologyspecialist,,0,0,门诊病历,,,live_metadata,,platform
CORE2DB,clinic_api_specialinspecttreatmentagreement,,145,0,门诊病历,,,live_metadata,,platform
CORE2DB,clinic_api_specialistcase,,0,0,门诊病历,,,live_metadata,,platform
CORE2DB,clinic_api_specialistcaseabstract,,0,0,门诊病历,,,live_metadata,,platform
CORE2DB,clinic_api_throat,,0,0,门诊病历,,,live_metadata,,platform
CORE2DB,clinic_api_throatcontrol,,0,0,门诊病历,,,live_metadata,,platform
CORE2DB,clinic_api_throatcurrenthistory,,0,0,门诊病历,,,live_metadata,,platform
CORE2DB,clinic_api_throatexamination,,0,0,门诊病历,,,live_metadata,,platform
CORE2DB,clinic_api_throatlist,,0,0,门诊病历,,,live_metadata,,platform
CORE2DB,clinic_api_throatpasthistory,,0,0,门诊病历,,,live_metadata,,platform
CORE2DB,clinic_api_unplannedvisit,,0,0,门诊病历,,,live_metadata,,platform
CORE2DB,clinic_api_vertigodisease,,0,0,门诊病历,,,live_metadata,,platform
CORE2DB,clinic_api_vertigodiseaseabr,,0,0,门诊病历,,,live_metadata,,platform
CORE2DB,clinic_api_vertigodiseasech,,0,0,门诊病历,,,live_metadata,,platform
CORE2DB,clinic_api_vertigodiseasecochlea,,0,0,门诊病历,,,live_metadata,,platform
CORE2DB,clinic_api_vertigodiseasecontrol,,0,0,门诊病历,,,live_metadata,,platform
CORE2DB,clinic_api_vertigodiseasecurrenthistory,,0,0,门诊病历,,,live_metadata,,platform
CORE2DB,clinic_api_vertigodiseasedhi,,0,0,门诊病历,,,live_metadata,,platform
CORE2DB,clinic_api_vertigodiseasedhiquestion,,0,0,门诊病历,,,live_metadata,,platform
CORE2DB,clinic_api_vertigodiseasedizziness,,0,0,门诊病历,,,live_metadata,,platform
CORE2DB,clinic_api_vertigodiseasedizzinessquestion,,0,0,门诊病历,,,live_metadata,,platform
CORE2DB,clinic_api_vertigodiseasedpoae,,0,0,门诊病历,,,live_metadata,,platform
CORE2DB,clinic_api_vertigodiseasehads,,0,0,门诊病历,,,live_metadata,,platform
CORE2DB,clinic_api_vertigodiseasehadschoice,,0,0,门诊病历,,,live_metadata,,platform
CORE2DB,clinic_api_vertigodiseasehadsquestions,,0,0,门诊病历,,,live_metadata,,platform
CORE2DB,clinic_api_vertigodiseasehit,,0,0,门诊病历,,,live_metadata,,platform
CORE2DB,clinic_api_vertigodiseaselist,,0,0,门诊病历,,,live_metadata,,platform
CORE2DB,clinic_api_vertigodiseasepasthistory,,0,0,门诊病历,,,live_metadata,,platform
CORE2DB,clinic_api_vertigodiseasepure,,0,0,门诊病历,,,live_metadata,,platform
CORE2DB,clinic_api_vertigodiseasesas,,0,0,门诊病历,,,live_metadata,,platform
CORE2DB,clinic_api_vertigodiseasesasquestion,,0,0,门诊病历,,,live_metadata,,platform
CORE2DB,clinic_api_vertigodiseasesds,,0,0,门诊病历,,,live_metadata,,platform
CORE2DB,clinic_api_vertigodiseasesdsquestion,,0,0,门诊病历,,,live_metadata,,platform
CORE2DB,clinic_api_vertigodiseasestimulateabr,,0,0,门诊病历,,,live_metadata,,platform
CORE2DB,clinic_api_vertigodiseasethi,,0,0,门诊病历,,,live_metadata,,platform
CORE2DB,clinic_api_vertigodiseasethiquestion,,0,0,门诊病历,,,live_metadata,,platform
CORE2DB,clinic_api_vertigodiseasetympanogram,,0,0,门诊病历,,,live_metadata,,platform
CORE2DB,clinic_api_vertigodiseasevat,,0,0,门诊病历,,,live_metadata,,platform
CORE2DB,clinic_api_vertigodiseasevemp,,0,0,门诊病历,,,live_metadata,,platform
CORE2DB,clinic_api_visualrecord,,192,0,门诊病历,,,live_metadata,,platform
CORE2DB,clinic_api_visualrecordcontrol,,192,0,门诊病历,,,live_metadata,,platform
CORE2DB,clinic_api_visualrecordlist,,0,0,门诊病历,,,live_metadata,,platform
CORE2DB,CLINI_DATA_NEST,,,0,门诊病历,,,live_metadata,,platform
CORE2DB,combined_medical_records_view,,,0,门诊病历,,,live_metadata,,platform
CORE2DB,current_medical_record_autopsy_notice_view,,,0,门诊病历,,,live_metadata,,platform
CORE2DB,current_medical_record_china_first_out_record_view,,,0,门诊病历,,,live_metadata,,platform
CORE2DB,current_medical_record_china_repeated_out_record_view,,,0,门诊病历,,,live_metadata,,platform
CORE2DB,current_medical_record_clinic_api_visual_record_view,,,0,门诊病历,,,live_metadata,,platform
CORE2DB,current_medical_record_consultation_record_view,,,0,门诊病历,,,live_metadata,,platform
CORE2DB,current_medical_record_emergency_first_out_record_view,,,0,门诊病历,,,live_metadata,,platform
CORE2DB,current_medical_record_emergency_repeated_out_record_view,,,0,门诊病历,,,live_metadata,,platform
CORE2DB,current_medical_record_first_out_record_view,,,0,门诊病历,,,live_metadata,,platform
CORE2DB,current_medical_record_first_out_record_visit_one_view,,,0,门诊病历,,,live_metadata,,platform
CORE2DB,current_medical_record_homepage_view,,,0,门诊病历,,,live_metadata,,platform
CORE2DB,current_medical_record_illness_notice_view,,,0,门诊病历,,,live_metadata,,platform
CORE2DB,current_medical_record_leave_transfer_risk_notice_view,,,0,门诊病历,,,live_metadata,,platform
CORE2DB,current_medical_record_multidisciplinary_record_view,,,0,门诊病历,,,live_metadata,,platform
CORE2DB,current_medical_record_nursing_record_notice_view,,,0,门诊病历,,,live_metadata,,platform
CORE2DB,current_medical_record_observe_record_view,,,0,门诊病历,,,live_metadata,,platform
CORE2DB,current_medical_record_outpatient_disease_course_record_view,,,0,门诊病历,,,live_metadata,,platform
CORE2DB,current_medical_record_outpatient_surgery_record_one_view,,,0,门诊病历,,,live_metadata,,platform
CORE2DB,current_medical_record_outpatient_surgery_record_two_view,,,0,门诊病历,,,live_metadata,,platform
CORE2DB,current_medical_record_out_view_record_view,,,0,门诊病历,,,live_metadata,,platform
CORE2DB,current_medical_record_refusal_examination_treatment_notice_view,,,0,门诊病历,,,live_metadata,,platform
CORE2DB,current_medical_record_repeated_out_record_view,,,0,门诊病历,,,live_metadata,,platform
CORE2DB,current_medical_record_repeat_out_record_visit_three_view,,,0,门诊病历,,,live_metadata,,platform
CORE2DB,current_medical_record_repeat_out_record_visit_two_view,,,0,门诊病历,,,live_metadata,,platform
CORE2DB,current_medical_record_salvage_record_view,,,0,门诊病历,,,live_metadata,,platform
CORE2DB,current_medical_record_special_inspect_treatment_agreement_view,,,0,门诊病历,,,live_metadata,,platform
CORE2DB,current_medical_record_unplanned_visit_view,,,0,门诊病历,,,live_metadata,,platform
CORE2DB,current_medical_record_ward_round_record_view,,,0,门诊病历,,,live_metadata,,platform
CORE2DB,data_260420,,,0,门诊病历,,,live_metadata,,platform
CORE2DB,data_api_addressinformation,,0,0,门诊病历,,,live_metadata,,platform
CORE2DB,data_api_casecollection,,0,0,门诊病历,,,live_metadata,,platform
CORE2DB,data_api_casecomment,,0,0,门诊病历,,,live_metadata,,platform
CORE2DB,data_api_city,,0,0,门诊病历,,,live_metadata,,platform
CORE2DB,data_api_config_custom,自定义配置表,0,0,门诊病历,,,live_metadata,,platform
CORE2DB,data_api_controlaccess,,0,0,门诊病历,,,live_metadata,,platform
CORE2DB,data_api_courtyard,,4,0,门诊病历,,,live_metadata,,platform
CORE2DB,data_api_creditlog,,8828,0,门诊病历,,,live_metadata,,platform
CORE2DB,data_api_customname,,0,0,门诊病历,,,live_metadata,,platform
CORE2DB,data_api_emrsettings,,0,0,门诊病历,,,live_metadata,,platform
CORE2DB,data_api_endorse,,0,0,门诊病历,,,live_metadata,,platform
CORE2DB,data_api_feedback,,0,0,门诊病历,,,live_metadata,,platform
CORE2DB,data_api_goodstable,,0,0,门诊病历,,,live_metadata,,platform
CORE2DB,data_api_hospital,,0,0,门诊病历,,,live_metadata,,platform
CORE2DB,data_api_hospitalpatient,,1323439,0,门诊病历,,,live_metadata,,platform
CORE2DB,data_api_inpatientdepartmentsubject,,117,0,门诊病历,,,live_metadata,,platform
CORE2DB,data_api_inquiryreceipt,,0,0,门诊病历,,,live_metadata,,platform
CORE2DB,data_api_inquiryrelationform,,0,0,门诊病历,,,live_metadata,,platform
CORE2DB,data_api_joinpractitioner,,0,0,门诊病历,,,live_metadata,,platform
CORE2DB,data_api_logging,,0,0,门诊病历,,,live_metadata,,platform
CORE2DB,data_api_medicalcards,,2,0,门诊病历,,,live_metadata,,platform
CORE2DB,data_api_medicalgroup,,160,0,门诊病历,,,live_metadata,,platform
CORE2DB,data_api_medicalrecordgrade,,0,0,门诊病历,,,live_metadata,,platform
CORE2DB,data_api_medicalrecordlog,,0,0,门诊病历,,,live_metadata,,platform
CORE2DB,data_api_medicalresources,,625513,0,门诊病历,,,live_metadata,,platform
CORE2DB,data_api_medicalresourceslist,,1323337,0,门诊病历,,,live_metadata,,platform
CORE2DB,data_api_meeting,,0,0,门诊病历,,,live_metadata,,platform
CORE2DB,data_api_patient,,613250,0,门诊病历,,,live_metadata,,platform
CORE2DB,data_api_patientmedicalgroup,,0,0,门诊病历,,,live_metadata,,platform
CORE2DB,data_api_patientsubject,,955309,0,门诊病历,,,live_metadata,,platform
CORE2DB,data_api_permission,,5,0,门诊病历,,,live_metadata,,platform
CORE2DB,data_api_picture,,0,0,门诊病历,,,live_metadata,,platform
CORE2DB,data_api_picturegroup,,0,0,门诊病历,,,live_metadata,,platform
CORE2DB,data_api_practitioner,,863,0,门诊病历,,,live_metadata,,platform
CORE2DB,data_api_practitionerrecord,,0,0,门诊病历,,,live_metadata,,platform
CORE2DB,data_api_practitionersubjectpermission,,3570,0,门诊病历,,,live_metadata,,platform
CORE2DB,data_api_practitionerwilldone,,0,0,门诊病历,,,live_metadata,,platform
CORE2DB,data_api_projectimage,,774,0,门诊病历,,,live_metadata,,platform
CORE2DB,data_api_province,,0,0,门诊病历,,,live_metadata,,platform
CORE2DB,data_api_subjectcenter,,4,0,门诊病历,,,live_metadata,,platform
CORE2DB,data_api_temporarypatient,,44,0,门诊病历,,,live_metadata,,platform
CORE2DB,data_api_transsubject,,379,0,门诊病历,,,live_metadata,,platform
CORE2DB,data_api_visitors,,0,0,门诊病历,,,live_metadata,,platform
CORE2DB,django_admin_log,,25,0,门诊病历,,,live_metadata,,platform
CORE2DB,django_apscheduler_djangojob,,4,0,门诊病历,,,live_metadata,,platform
CORE2DB,django_apscheduler_djangojobexecution,,676656,0,门诊病历,,,live_metadata,,platform
CORE2DB,django_content_type,,514,0,门诊病历,,,live_metadata,,platform
CORE2DB,django_migrations,,80,0,门诊病历,,,live_metadata,,platform
CORE2DB,django_session,,31,0,门诊病历,,,live_metadata,,platform
CORE2DB,djcelery_crontabschedule,,0,0,门诊病历,,,live_metadata,,platform
CORE2DB,djcelery_intervalschedule,,0,0,门诊病历,,,live_metadata,,platform
CORE2DB,djcelery_periodictask,,0,0,门诊病历,,,live_metadata,,platform
CORE2DB,djcelery_periodictasks,,0,0,门诊病历,,,live_metadata,,platform
CORE2DB,djcelery_taskstate,,0,0,门诊病历,,,live_metadata,,platform
CORE2DB,djcelery_workerstate,,0,0,门诊病历,,,live_metadata,,platform
CORE2DB,FXJCPT_CDR_EMR_DOCUMENT,,,0,门诊病历,,,live_metadata,,platform
CORE2DB,FXJCPT_CDR_NEST_YBEMR,,,0,门诊病历,,,live_metadata,,platform
CORE2DB,medical_api_aggressiveoperation,,0,0,门诊病历,,,live_metadata,,platform
CORE2DB,medical_api_anaesthesiapostoperativevisitsheet,,0,0,门诊病历,,,live_metadata,,platform
CORE2DB,medical_api_anaesthesiapostoperativevisitsheetcontrol,,0,0,门诊病历,,,live_metadata,,platform
CORE2DB,medical_api_anaesthesiapostoperativevisitsheetlist,,0,0,门诊病历,,,live_metadata,,platform
CORE2DB,medical_api_anaesthesiapreoperativevisitsheet,,0,0,门诊病历,,,live_metadata,,platform
CORE2DB,medical_api_anaesthesiapreoperativevisitsheetcontrol,,0,0,门诊病历,,,live_metadata,,platform
CORE2DB,medical_api_anaesthesiapreoperativevisitsheetlist,,0,0,门诊病历,,,live_metadata,,platform
CORE2DB,medical_api_anesthesiarecord,,0,0,门诊病历,,,live_metadata,,platform
CORE2DB,medical_api_anesthesiarecordcontrol,,0,0,门诊病历,,,live_metadata,,platform
CORE2DB,medical_api_anesthesiarecordlist,,0,0,门诊病历,,,live_metadata,,platform
CORE2DB,medical_api_associatedcustom,,0,0,门诊病历,,,live_metadata,,platform
CORE2DB,medical_api_associatedfixed,,0,0,门诊病历,,,live_metadata,,platform
CORE2DB,medical_api_beforeleaveoperatingroom,,0,0,门诊病历,,,live_metadata,,platform
CORE2DB,medical_api_beforesurgery,,0,0,门诊病历,,,live_metadata,,platform
CORE2DB,medical_api_biopsyconsultation,,0,0,门诊病历,,,live_metadata,,platform
CORE2DB,medical_api_biopsyconsultationcontrol,,0,0,门诊病历,,,live_metadata,,platform
CORE2DB,medical_api_biopsyconsultationlist,,0,0,门诊病历,,,live_metadata,,platform
CORE2DB,medical_api_chromosomeanalyze,,0,0,门诊病历,,,live_metadata,,platform
CORE2DB,medical_api_chromosomeanalyzecontrol,,0,0,门诊病历,,,live_metadata,,platform
CORE2DB,medical_api_chromosomeanalyzelist,,0,0,门诊病历,,,live_metadata,,platform
CORE2DB,medical_api_chromosomeexamination,,0,0,门诊病历,,,live_metadata,,platform
CORE2DB,medical_api_chromosomeexaminationcontrol,,0,0,门诊病历,,,live_metadata,,platform
CORE2DB,medical_api_chromosomeexaminationlist,,0,0,门诊病历,,,live_metadata,,platform
CORE2DB,medical_api_clinicalbloodtransfusionreport,,0,0,门诊病历,,,live_metadata,,platform
CORE2DB,medical_api_clinicalbloodtransfusionreportcontrol,,0,0,门诊病历,,,live_metadata,,platform
CORE2DB,medical_api_clinicalbloodtransfusionreportlist,,0,0,门诊病历,,,live_metadata,,platform
CORE2DB,medical_api_commonlanguage,,0,0,门诊病历,,,live_metadata,,platform
CORE2DB,medical_api_criticallydiscussion,,0,0,门诊病历,,,live_metadata,,platform
CORE2DB,medical_api_criticallydiscussioncontrol,,0,0,门诊病历,,,live_metadata,,platform
CORE2DB,medical_api_criticallydiscussionlist,,0,0,门诊病历,,,live_metadata,,platform
CORE2DB,medical_api_criticallyillnotice,,0,0,门诊病历,,,live_metadata,,platform
CORE2DB,medical_api_criticallyillnoticecontrol,,0,0,门诊病历,,,live_metadata,,platform
CORE2DB,medical_api_criticallyillnoticelist,,0,0,门诊病历,,,live_metadata,,platform
CORE2DB,medical_api_cytologypathological,,0,0,门诊病历,,,live_metadata,,platform
CORE2DB,medical_api_cytologypathologicalcontrol,,0,0,门诊病历,,,live_metadata,,platform
CORE2DB,medical_api_cytologypathologicallist,,0,0,门诊病历,,,live_metadata,,platform
CORE2DB,medical_api_dailycourserecord,,0,0,门诊病历,,,live_metadata,,platform
CORE2DB,medical_api_dailycourserecordcontrol,,0,0,门诊病历,,,live_metadata,,platform
CORE2DB,medical_api_dailycourserecordlist,,0,0,门诊病历,,,live_metadata,,platform
CORE2DB,medical_api_deathcasediscussion,,0,0,门诊病历,,,live_metadata,,platform
CORE2DB,medical_api_deathcasediscussioncontrol,,0,0,门诊病历,,,live_metadata,,platform
CORE2DB,medical_api_deathcasediscussionlist,,0,0,门诊病历,,,live_metadata,,platform
CORE2DB,medical_api_deathrecord,,0,0,门诊病历,,,live_metadata,,platform
CORE2DB,medical_api_deathrecordcontrol,,0,0,门诊病历,,,live_metadata,,platform
CORE2DB,medical_api_deathrecordlist,,0,0,门诊病历,,,live_metadata,,platform
CORE2DB,medical_api_diseasecourserecord,,0,0,门诊病历,,,live_metadata,,platform
CORE2DB,medical_api_diseasecourserecordcontrol,,0,0,门诊病历,,,live_metadata,,platform
CORE2DB,medical_api_diseasecourserecordlist,,0,0,门诊病历,,,live_metadata,,platform
CORE2DB,medical_api_dispensingbloodrecords,,0,0,门诊病历,,,live_metadata,,platform
CORE2DB,medical_api_dispensingbloodrecordscontrol,,0,0,门诊病历,,,live_metadata,,platform
CORE2DB,medical_api_dispensingbloodrecordslist,,0,0,门诊病历,,,live_metadata,,platform
CORE2DB,medical_api_ecginspectionreport,,0,0,门诊病历,,,live_metadata,,platform
CORE2DB,medical_api_ecginspectionreportcontrol,,0,0,门诊病历,,,live_metadata,,platform
CORE2DB,medical_api_ecginspectionreportlist,,0,0,门诊病历,,,live_metadata,,platform
CORE2DB,medical_api_eeginspectionreport,,0,0,门诊病历,,,live_metadata,,platform
CORE2DB,medical_api_eeginspectionreportcontrol,,0,0,门诊病历,,,live_metadata,,platform
CORE2DB,medical_api_eeginspectionreportlist,,0,0,门诊病历,,,live_metadata,,platform
CORE2DB,medical_api_emrmissvaluerecord,,807,0,门诊病历,,,live_metadata,,platform
CORE2DB,medical_api_endoscopeapplyrecord,,0,0,门诊病历,,,live_metadata,,platform
CORE2DB,medical_api_endoscopeapplyrecordcontrol,,0,0,门诊病历,,,live_metadata,,platform
CORE2DB,medical_api_endoscopeapplyrecordlist,,0,0,门诊病历,,,live_metadata,,platform
CORE2DB,medical_api_endoscopeinspectionreport,,0,0,门诊病历,,,live_metadata,,platform
CORE2DB,medical_api_endoscopeinspectionreportcontrol,,0,0,门诊病历,,,live_metadata,,platform
CORE2DB,medical_api_endoscopeinspectionreportlist,,0,0,门诊病历,,,live_metadata,,platform
CORE2DB,medical_api_fluoroscopicdiagnosisreport,,0,0,门诊病历,,,live_metadata,,platform
CORE2DB,medical_api_fluoroscopicdiagnosisreportcontrol,,0,0,门诊病历,,,live_metadata,,platform
CORE2DB,medical_api_fluoroscopicdiagnosisreportlist,,0,0,门诊病历,,,live_metadata,,platform
CORE2DB,medical_api_gynecologydepartmentspecimens,,0,0,门诊病历,,,live_metadata,,platform
CORE2DB,medical_api_homepagecontrol,,0,0,门诊病历,,,live_metadata,,platform
CORE2DB,medical_api_homepagelist,,0,0,门诊病历,,,live_metadata,,platform
CORE2DB,medical_api_hospitalconsultationrecord,,0,0,门诊病历,,,live_metadata,,platform
CORE2DB,medical_api_hospitalconsultationrecordcontrol,,0,0,门诊病历,,,live_metadata,,platform
CORE2DB,medical_api_hospitalconsultationrecordlist,,0,0,门诊病历,,,live_metadata,,platform
CORE2DB,medical_api_hospitalexaminationantibioticsreport,,0,0,门诊病历,,,live_metadata,,platform
CORE2DB,medical_api_hospitalexaminationantibioticsreportcontrol,,0,0,门诊病历,,,live_metadata,,platform
CORE2DB,medical_api_hospitalexaminationantibioticsreportitem,,0,0,门诊病历,,,live_metadata,,platform
CORE2DB,medical_api_hospitalexaminationantibioticsreportlist,,0,0,门诊病历,,,live_metadata,,platform
CORE2DB,medical_api_hospitalexaminationreport,,0,0,门诊病历,,,live_metadata,,platform
CORE2DB,medical_api_hospitalexaminationreportcontrol,,0,0,门诊病历,,,live_metadata,,platform
CORE2DB,medical_api_hospitalexaminationreportitem,,0,0,门诊病历,,,live_metadata,,platform
CORE2DB,medical_api_hospitalexaminationreportlist,,0,0,门诊病历,,,live_metadata,,platform
CORE2DB,medical_api_hospitalinfectionquestionnaire,,0,0,门诊病历,,,live_metadata,,platform
CORE2DB,medical_api_hospitalinfectionquestionnairecontrol,,0,0,门诊病历,,,live_metadata,,platform
CORE2DB,medical_api_hospitalinfectionquestionnairelist,,0,0,门诊病历,,,live_metadata,,platform
CORE2DB,medical_api_hospitalrecords,,0,0,门诊病历,,,live_metadata,,platform
CORE2DB,medical_api_hospitalrecordscontrol,,0,0,门诊病历,,,live_metadata,,platform
CORE2DB,medical_api_hospitalrecordslist,,0,0,门诊病历,,,live_metadata,,platform
CORE2DB,medical_api_hospitalsatisfactionfollow,,0,0,门诊病历,,,live_metadata,,platform
CORE2DB,medical_api_icd,,25173,0,门诊病历,,,live_metadata,,platform
CORE2DB,medical_api_icdchapter,,284,0,门诊病历,,,live_metadata,,platform
CORE2DB,medical_api_icdclassification,,2051,0,门诊病历,,,live_metadata,,platform
CORE2DB,medical_api_infectionsite,,0,0,门诊病历,,,live_metadata,,platform
CORE2DB,medical_api_initialcourserecord,,0,0,门诊病历,,,live_metadata,,platform
CORE2DB,medical_api_initialcourserecordcontrol,,0,0,门诊病历,,,live_metadata,,platform
CORE2DB,medical_api_initialcourserecordlist,,0,0,门诊病历,,,live_metadata,,platform
CORE2DB,medical_api_inspectionspecimen,,0,0,门诊病历,,,live_metadata,,platform
CORE2DB,medical_api_inspectiontype,,0,0,门诊病历,,,live_metadata,,platform
CORE2DB,medical_api_intraoperativefrozensectionconsultation,,0,0,门诊病历,,,live_metadata,,platform
CORE2DB,medical_api_intraoperativefrozensectionconsultationcontrol,,0,0,门诊病历,,,live_metadata,,platform
CORE2DB,medical_api_intraoperativefrozensectionconsultationlist,,0,0,门诊病历,,,live_metadata,,platform
CORE2DB,medical_api_intraoperativefrozenspecimen,,0,0,门诊病历,,,live_metadata,,platform
CORE2DB,medical_api_leavehospitalcontrol,,0,0,门诊病历,,,live_metadata,,platform
CORE2DB,medical_api_leavehospitallist,,0,0,门诊病历,,,live_metadata,,platform
CORE2DB,medical_api_leavehospitalrecords,,0,0,门诊病历,,,live_metadata,,platform
CORE2DB,medical_api_leavehospitaltrackfollow,,0,0,门诊病历,,,live_metadata,,platform
CORE2DB,medical_api_longadvicerecord,,0,0,门诊病历,,,live_metadata,,platform
CORE2DB,medical_api_longadvicerecordcontrol,,0,0,门诊病历,,,live_metadata,,platform
CORE2DB,medical_api_longadvicerecordlist,,0,0,门诊病历,,,live_metadata,,platform
CORE2DB,medical_api_medicallockcontrol,,48,0,门诊病历,,,live_metadata,,platform
CORE2DB,medical_api_medicaloperationrecords,,0,0,门诊病历,,,live_metadata,,platform
CORE2DB,medical_api_medicaloperationrecordscontrol,,0,0,门诊病历,,,live_metadata,,platform
CORE2DB,medical_api_medicaloperationrecordslist,,0,0,门诊病历,,,live_metadata,,platform
CORE2DB,medical_api_medicalrecordhomepage,,0,0,门诊病历,,,live_metadata,,platform
CORE2DB,medical_api_medicalrecordrelationship,,0,0,门诊病历,,,live_metadata,,platform
CORE2DB,medical_api_medicalrecords,,1554504,0,门诊病历,,,live_metadata,,platform
CORE2DB,medical_api_medicalrecords_2025,,640000,0,门诊病历,,,live_metadata,,platform
CORE2DB,medical_api_medicalrecords_20260702,,1446984,0,门诊病历,,,live_metadata,,platform
CORE2DB,medical_api_medicalrecordslist,,0,0,门诊病历,,,live_metadata,,platform
CORE2DB,medical_api_microscopeunder,,0,0,门诊病历,,,live_metadata,,platform
CORE2DB,medical_api_nuclearmedicalinspectionreport,,0,0,门诊病历,,,live_metadata,,platform
CORE2DB,medical_api_nuclearmedicalinspectionreportcontrol,,0,0,门诊病历,,,live_metadata,,platform
CORE2DB,medical_api_nuclearmedicalinspectionreportitem,,0,0,门诊病历,,,live_metadata,,platform
CORE2DB,medical_api_nuclearmedicalinspectionreportlist,,0,0,门诊病历,,,live_metadata,,platform
CORE2DB,medical_api_onedaydeath,,0,0,门诊病历,,,live_metadata,,platform
CORE2DB,medical_api_onedaydeathcontrol,,0,0,门诊病历,,,live_metadata,,platform
CORE2DB,medical_api_onedaydeathlist,,0,0,门诊病历,,,live_metadata,,platform
CORE2DB,medical_api_onedayleavehospital,,0,0,门诊病历,,,live_metadata,,platform
CORE2DB,medical_api_onedayleavehospitalcontrol,,0,0,门诊病历,,,live_metadata,,platform
CORE2DB,medical_api_onedayleavehospitallist,,0,0,门诊病历,,,live_metadata,,platform
CORE2DB,medical_api_otherdiag,,0,0,门诊病历,,,live_metadata,,platform
CORE2DB,medical_api_outpatientconsultationapplication,,0,0,门诊病历,,,live_metadata,,platform
CORE2DB,medical_api_outpatientconsultationapplicationcontrol,,0,0,门诊病历,,,live_metadata,,platform
CORE2DB,medical_api_outpatientconsultationapplicationlist,,0,0,门诊病历,,,live_metadata,,platform
CORE2DB,medical_api_outpatientreportstatistics,,614980,0,门诊病历,,,live_metadata,,platform
CORE2DB,medical_api_outpatientreportstatistics_copy1,,611440,0,门诊病历,,,live_metadata,,platform
CORE2DB,medical_api_petctreport,,0,0,门诊病历,,,live_metadata,,platform
CORE2DB,medical_api_petctreportcontrol,,0,0,门诊病历,,,live_metadata,,platform
CORE2DB,medical_api_petctreportlist,,0,0,门诊病历,,,live_metadata,,platform
CORE2DB,medical_api_postoperativecourserecord,,0,0,门诊病历,,,live_metadata,,platform
CORE2DB,medical_api_postoperativecourserecordcontrol,,0,0,门诊病历,,,live_metadata,,platform
CORE2DB,medical_api_postoperativecourserecordlist,,0,0,门诊病历,,,live_metadata,,platform
CORE2DB,medical_api_preanesthesia,,0,0,门诊病历,,,live_metadata,,platform
CORE2DB,medical_api_prenatalscreeningapplyrecord,,0,0,门诊病历,,,live_metadata,,platform
CORE2DB,medical_api_prenatalscreeningapplyrecordcontrol,,0,0,门诊病历,,,live_metadata,,platform
CORE2DB,medical_api_prenatalscreeningapplyrecordlist,,0,0,门诊病历,,,live_metadata,,platform
CORE2DB,medical_api_prenatalscreeningreport,,0,0,门诊病历,,,live_metadata,,platform
CORE2DB,medical_api_prenatalscreeningreportcontrol,,0,0,门诊病历,,,live_metadata,,platform
CORE2DB,medical_api_prenatalscreeningreportlist,,0,0,门诊病历,,,live_metadata,,platform
CORE2DB,medical_api_prenatalscreeningresults,,0,0,门诊病历,,,live_metadata,,platform
CORE2DB,medical_api_preoperativediscussion,,0,0,门诊病历,,,live_metadata,,platform
CORE2DB,medical_api_preoperativediscussioncontrol,,0,0,门诊病历,,,live_metadata,,platform
CORE2DB,medical_api_preoperativediscussionlist,,0,0,门诊病历,,,live_metadata,,platform
CORE2DB,medical_api_preoperativesummary,,0,0,门诊病历,,,live_metadata,,platform
CORE2DB,medical_api_preoperativesummarycontrol,,0,0,门诊病历,,,live_metadata,,platform
CORE2DB,medical_api_preoperativesummarylist,,0,0,门诊病历,,,live_metadata,,platform
CORE2DB,medical_api_puncturecytologypathological,,0,0,门诊病历,,,live_metadata,,platform
CORE2DB,medical_api_puncturecytologypathologicalcontrol,,0,0,门诊病历,,,live_metadata,,platform
CORE2DB,medical_api_puncturecytologypathologicallist,,0,0,门诊病历,,,live_metadata,,platform
CORE2DB,medical_api_radiodiagnosisreport,,0,0,门诊病历,,,live_metadata,,platform
CORE2DB,medical_api_radiodiagnosisreportcontrol,,0,0,门诊病历,,,live_metadata,,platform
CORE2DB,medical_api_radiodiagnosisreportlist,,0,0,门诊病历,,,live_metadata,,platform
CORE2DB,medical_api_radioscopyapplyrecord,,0,0,门诊病历,,,live_metadata,,platform
CORE2DB,medical_api_radioscopyapplyrecordcontrol,,0,0,门诊病历,,,live_metadata,,platform
CORE2DB,medical_api_radioscopyapplyrecordlist,,0,0,门诊病历,,,live_metadata,,platform
CORE2DB,medical_api_reportfailedrecord,,0,0,门诊病历,,,live_metadata,,platform
CORE2DB,medical_api_reportmissvaluerecord,,1349393,0,门诊病历,,,live_metadata,,platform
CORE2DB,medical_api_reportstaticsinsertfailed,,0,0,门诊病历,,,live_metadata,,platform
CORE2DB,medical_api_reportstatistics,,685851,0,门诊病历,,,live_metadata,,platform
CORE2DB,medical_api_reportstatistics_copy1,,599222,0,门诊病历,,,live_metadata,,platform
CORE2DB,medical_api_riskfactors,,0,0,门诊病历,,,live_metadata,,platform
CORE2DB,medical_api_routinebiopsyconsultation,,0,0,门诊病历,,,live_metadata,,platform
CORE2DB,medical_api_routinebiopsyconsultationcontrol,,0,0,门诊病历,,,live_metadata,,platform
CORE2DB,medical_api_routinebiopsyconsultationlist,,0,0,门诊病历,,,live_metadata,,platform
CORE2DB,medical_api_routinebiopsyconsultationreport,,0,0,门诊病历,,,live_metadata,,platform
CORE2DB,medical_api_routinebiopsyconsultationreportcontrol,,0,0,门诊病历,,,live_metadata,,platform
CORE2DB,medical_api_routinebiopsyconsultationreportlist,,0,0,门诊病历,,,live_metadata,,platform
CORE2DB,medical_api_salvagerecord,,0,0,门诊病历,,,live_metadata,,platform
CORE2DB,medical_api_salvagerecordcontrol,,0,0,门诊病历,,,live_metadata,,platform
CORE2DB,medical_api_salvagerecord_inspect,,0,0,门诊病历,,,live_metadata,,platform
CORE2DB,medical_api_salvagerecordlist,,0,0,门诊病历,,,live_metadata,,platform
CORE2DB,medical_api_shifthandoverrecords,,0,0,门诊病历,,,live_metadata,,platform
CORE2DB,medical_api_shifthandoverrecordscontrol,,0,0,门诊病历,,,live_metadata,,platform
CORE2DB,medical_api_shifthandoverrecordslist,,0,0,门诊病历,,,live_metadata,,platform
CORE2DB,medical_api_shortadvicerecord,,0,0,门诊病历,,,live_metadata,,platform
CORE2DB,medical_api_shortadvicerecordcontrol,,0,0,门诊病历,,,live_metadata,,platform
CORE2DB,medical_api_shortadvicerecordlist,,0,0,门诊病历,,,live_metadata,,platform
CORE2DB,medical_api_specimeninfo,,0,0,门诊病历,,,live_metadata,,platform
CORE2DB,medical_api_spectreport,,0,0,门诊病历,,,live_metadata,,platform
CORE2DB,medical_api_spectreportcontrol,,0,0,门诊病历,,,live_metadata,,platform
CORE2DB,medical_api_spectreportlist,,0,0,门诊病历,,,live_metadata,,platform
CORE2DB,medical_api_stagesummary,,0,0,门诊病历,,,live_metadata,,platform
CORE2DB,medical_api_stagesummarycontrol,,0,0,门诊病历,,,live_metadata,,platform
CORE2DB,medical_api_stagesummarylist,,0,0,门诊病历,,,live_metadata,,platform
CORE2DB,medical_api_subjecttransferrecord,,0,0,门诊病历,,,live_metadata,,platform
CORE2DB,medical_api_subjecttransferrecordcontrol,,0,0,门诊病历,,,live_metadata,,platform
CORE2DB,medical_api_subjecttransferrecordlist,,0,0,门诊病历,,,live_metadata,,platform
CORE2DB,medical_api_successionrecords,,0,0,门诊病历,,,live_metadata,,platform
CORE2DB,medical_api_successionrecordscontrol,,0,0,门诊病历,,,live_metadata,,platform
CORE2DB,medical_api_successionrecordslist,,0,0,门诊病历,,,live_metadata,,platform
CORE2DB,medical_api_surgery,,0,0,门诊病历,,,live_metadata,,platform
CORE2DB,medical_api_surgicalapplyreport,,0,0,门诊病历,,,live_metadata,,platform
CORE2DB,medical_api_surgicalapplyreportcontrol,,0,0,门诊病历,,,live_metadata,,platform
CORE2DB,medical_api_surgicalapplyreportlist,,0,0,门诊病历,,,live_metadata,,platform
CORE2DB,medical_api_surgicalrecordsheet,,0,0,门诊病历,,,live_metadata,,platform
CORE2DB,medical_api_surgicalrecordsheetcontrol,,0,0,门诊病历,,,live_metadata,,platform
CORE2DB,medical_api_surgicalrecordsheetlist,,0,0,门诊病历,,,live_metadata,,platform
CORE2DB,medical_api_surgicalrisk,,0,0,门诊病历,,,live_metadata,,platform
CORE2DB,medical_api_surgicalriskcontrol,,0,0,门诊病历,,,live_metadata,,platform
CORE2DB,medical_api_surgicalrisklist,,0,0,门诊病历,,,live_metadata,,platform
CORE2DB,medical_api_surgicalsafetycheckrecord,,0,0,门诊病历,,,live_metadata,,platform
CORE2DB,medical_api_surgicalsafetycheckrecordcontrol,,0,0,门诊病历,,,live_metadata,,platform
CORE2DB,medical_api_surgicalsafetycheckrecordlist,,0,0,门诊病历,,,live_metadata,,platform
CORE2DB,medical_api_tctgynecologicalcytologyapply,,0,0,门诊病历,,,live_metadata,,platform
CORE2DB,medical_api_tctgynecologicalcytologyapplycontrol,,0,0,门诊病历,,,live_metadata,,platform
CORE2DB,medical_api_tctgynecologicalcytologyapplylist,,0,0,门诊病历,,,live_metadata,,platform
CORE2DB,medical_api_tctgynecologicalcytologyresult,,0,0,门诊病历,,,live_metadata,,platform
CORE2DB,medical_api_thyroidiodinereport,,0,0,门诊病历,,,live_metadata,,platform
CORE2DB,medical_api_thyroidiodinereportcontrol,,0,0,门诊病历,,,live_metadata,,platform
CORE2DB,medical_api_thyroidiodinereportlist,,0,0,门诊病历,,,live_metadata,,platform
CORE2DB,medical_api_transferoutrecord,,0,0,门诊病历,,,live_metadata,,platform
CORE2DB,medical_api_transferoutrecordcontrol,,0,0,门诊病历,,,live_metadata,,platform
CORE2DB,medical_api_transferoutrecordlist,,0,0,门诊病历,,,live_metadata,,platform
CORE2DB,medical_api_transfusionrecords,,0,0,门诊病历,,,live_metadata,,platform
CORE2DB,medical_api_transfusionrecordscontrol,,0,0,门诊病历,,,live_metadata,,platform
CORE2DB,medical_api_transfusionrecordslist,,0,0,门诊病历,,,live_metadata,,platform
CORE2DB,medical_api_tumorspecimens,,0,0,门诊病历,,,live_metadata,,platform
CORE2DB,medical_api_ultrasoniccheckreports,,0,0,门诊病历,,,live_metadata,,platform
CORE2DB,medical_api_ultrasoniccheckreportscontrol,,0,0,门诊病历,,,live_metadata,,platform
CORE2DB,medical_api_ultrasoniccheckreportslist,,0,0,门诊病历,,,live_metadata,,platform
CORE2DB,medical_api_vertigodiseasefollow,,0,0,门诊病历,,,live_metadata,,platform
CORE2DB,medical_api_wardroundrecord,,0,0,门诊病历,,,live_metadata,,platform
CORE2DB,medical_api_wardroundrecordcontrol,,0,0,门诊病历,,,live_metadata,,platform
CORE2DB,medical_api_wardroundrecordlist,,0,0,门诊病历,,,live_metadata,,platform
CORE2DB,medical_tem_admissioncardtem,,0,0,门诊病历,,,live_metadata,,platform
CORE2DB,medical_tem_associatedcustom,,0,0,门诊病历,,,live_metadata,,platform
CORE2DB,medical_tem_associatedfixed,,0,0,门诊病历,,,live_metadata,,platform
CORE2DB,medical_tem_auditoryimplantquestionnaireevatem,,0,0,门诊病历,,,live_metadata,,platform
CORE2DB,medical_tem_auditoryimplantquestionnairehistorytem,,0,0,门诊病历,,,live_metadata,,platform
CORE2DB,medical_tem_auditoryimplantquestionnairetem,,0,0,门诊病历,,,live_metadata,,platform
CORE2DB,medical_tem_chinafirstoutrecordtem,,306,0,门诊病历,,,live_metadata,,platform
CORE2DB,medical_tem_chinarepeatedoutrecordtem,,397,0,门诊病历,,,live_metadata,,platform
CORE2DB,medical_tem_chronicotitismediainquiringsheetevatem,,0,0,门诊病历,,,live_metadata,,platform
CORE2DB,medical_tem_chronicotitismediainquiringsheethistorytem,,0,0,门诊病历,,,live_metadata,,platform
CORE2DB,medical_tem_chronicotitismediainquiringsheettem,,0,0,门诊病历,,,live_metadata,,platform
CORE2DB,medical_tem_commonlanguage,,0,0,门诊病历,,,live_metadata,,platform
CORE2DB,medical_tem_criticallydiscussiontem,,0,0,门诊病历,,,live_metadata,,platform
CORE2DB,medical_tem_dailycourserecordtem,,0,0,门诊病历,,,live_metadata,,platform
CORE2DB,medical_tem_deathcasediscussiontem,,0,0,门诊病历,,,live_metadata,,platform
CORE2DB,medical_tem_deathrecordtem,,0,0,门诊病历,,,live_metadata,,platform
CORE2DB,medical_tem_diseasecourserecordtem,,0,0,门诊病历,,,live_metadata,,platform
CORE2DB,medical_tem_emergencyfirstoutrecordtem,,210,0,门诊病历,,,live_metadata,,platform
CORE2DB,medical_tem_emergencyrepeatedoutrecordtem,,6,0,门诊病历,,,live_metadata,,platform
CORE2DB,medical_tem_filesystem,,1020,0,门诊病历,,,live_metadata,,platform
CORE2DB,medical_tem_firstoutrecordtem,,3242,0,门诊病历,,,live_metadata,,platform
CORE2DB,medical_tem_firstoutrecordvisitonetem,,0,0,门诊病历,,,live_metadata,,platform
CORE2DB,medical_tem_headnecktumourspecialcasesevatem,,0,0,门诊病历,,,live_metadata,,platform
CORE2DB,medical_tem_headnecktumourspecialcasestem,,0,0,门诊病历,,,live_metadata,,platform
CORE2DB,medical_tem_hospitalconsultationrecordtem,,0,0,门诊病历,,,live_metadata,,platform
CORE2DB,medical_tem_hospitalrecordstem,,0,0,门诊病历,,,live_metadata,,platform
CORE2DB,medical_tem_initialcourserecordtem,,0,0,门诊病历,,,live_metadata,,platform
CORE2DB,medical_tem_leavehospitalrecordstem,,0,0,门诊病历,,,live_metadata,,platform
CORE2DB,medical_tem_medicaloperationrecordstem,,0,0,门诊病历,,,live_metadata,,platform
CORE2DB,medical_tem_multidisciplinaryrecordtem,,0,0,门诊病历,,,live_metadata,,platform
CORE2DB,medical_tem_nursingrecordnoticetem,,0,0,门诊病历,,,live_metadata,,platform
CORE2DB,medical_tem_observerecordtem,,17,0,门诊病历,,,live_metadata,,platform
CORE2DB,medical_tem_onedaydeathtem,,0,0,门诊病历,,,live_metadata,,platform
CORE2DB,medical_tem_onedayleavehospitaltem,,0,0,门诊病历,,,live_metadata,,platform
CORE2DB,medical_tem_outpatientdiseasecourserecordtem,,840,0,门诊病历,,,live_metadata,,platform
CORE2DB,medical_tem_outpatientsalvagerecordtem,,12,0,门诊病历,,,live_metadata,,platform
CORE2DB,medical_tem_outpatientwardroundrecordtem,,0,0,门诊病历,,,live_metadata,,platform
CORE2DB,medical_tem_outrecordtem,,840,0,门诊病历,,,live_metadata,,platform
CORE2DB,medical_tem_outviewrecordtem,,0,0,门诊病历,,,live_metadata,,platform
CORE2DB,medical_tem_paragraph,,114,0,门诊病历,,,live_metadata,,platform
CORE2DB,medical_tem_patientinspectioncertificatetem,,0,0,门诊病历,,,live_metadata,,platform
CORE2DB,medical_tem_postoperativecourserecordtem,,0,0,门诊病历,,,live_metadata,,platform
CORE2DB,medical_tem_preoperativediscussiontem,,0,0,门诊病历,,,live_metadata,,platform
CORE2DB,medical_tem_preoperativesummarytem,,0,0,门诊病历,,,live_metadata,,platform
CORE2DB,medical_tem_questionnairetem,,0,0,门诊病历,,,live_metadata,,platform
CORE2DB,medical_tem_repeatedoutrecordtem,,619,0,门诊病历,,,live_metadata,,platform
CORE2DB,medical_tem_repeatoutrecordvisitthreetem,,0,0,门诊病历,,,live_metadata,,platform
CORE2DB,medical_tem_repeatoutrecordvisittwotem,,0,0,门诊病历,,,live_metadata,,platform
CORE2DB,medical_tem_rhinologypasthistorytem,,0,0,门诊病历,,,live_metadata,,platform
CORE2DB,medical_tem_rhinologyspecialisttem,,0,0,门诊病历,,,live_metadata,,platform
CORE2DB,medical_tem_rhinologytem,,0,0,门诊病历,,,live_metadata,,platform
CORE2DB,medical_tem_salvagerecordtem,,0,0,门诊病历,,,live_metadata,,platform
CORE2DB,medical_tem_shifthandoverrecordstem,,0,0,门诊病历,,,live_metadata,,platform
CORE2DB,medical_tem_specialinspecttreatmentagreementtem,,15,0,门诊病历,,,live_metadata,,platform
CORE2DB,medical_tem_specialistcasetem,,0,0,门诊病历,,,live_metadata,,platform
CORE2DB,medical_tem_stagesummarytem,,0,0,门诊病历,,,live_metadata,,platform
CORE2DB,medical_tem_subjecttransferrecordtem,,0,0,门诊病历,,,live_metadata,,platform
CORE2DB,medical_tem_successionrecordstem,,0,0,门诊病历,,,live_metadata,,platform
CORE2DB,medical_tem_surgicalrecordsheettem,,0,0,门诊病历,,,live_metadata,,platform
CORE2DB,medical_tem_throatcurrenthistorytem,,0,0,门诊病历,,,live_metadata,,platform
CORE2DB,medical_tem_throatexaminationtem,,0,0,门诊病历,,,live_metadata,,platform
CORE2DB,medical_tem_throatpasthistorytem,,0,0,门诊病历,,,live_metadata,,platform
CORE2DB,medical_tem_throattem,,0,0,门诊病历,,,live_metadata,,platform
CORE2DB,medical_tem_transferoutrecordtem,,0,0,门诊病历,,,live_metadata,,platform
CORE2DB,medical_tem_transfusionrecordstem,,0,0,门诊病历,,,live_metadata,,platform
CORE2DB,medical_tem_unplannedvisittem,,0,0,门诊病历,,,live_metadata,,platform
CORE2DB,medical_tem_vertigodiseaseabrtem,,0,0,门诊病历,,,live_metadata,,platform
CORE2DB,medical_tem_vertigodiseasechtem,,0,0,门诊病历,,,live_metadata,,platform
CORE2DB,medical_tem_vertigodiseasecochleatem,,0,0,门诊病历,,,live_metadata,,platform
CORE2DB,medical_tem_vertigodiseasecurrenthistorytem,,0,0,门诊病历,,,live_metadata,,platform
CORE2DB,medical_tem_vertigodiseasedpoaetem,,0,0,门诊病历,,,live_metadata,,platform
CORE2DB,medical_tem_vertigodiseasehittem,,0,0,门诊病历,,,live_metadata,,platform
CORE2DB,medical_tem_vertigodiseasepasthistorytem,,0,0,门诊病历,,,live_metadata,,platform
CORE2DB,medical_tem_vertigodiseasepuretem,,0,0,门诊病历,,,live_metadata,,platform
CORE2DB,medical_tem_vertigodiseasestimulateabrtem,,0,0,门诊病历,,,live_metadata,,platform
CORE2DB,medical_tem_vertigodiseasetem,,0,0,门诊病历,,,live_metadata,,platform
CORE2DB,medical_tem_vertigodiseasetympanogramtem,,0,0,门诊病历,,,live_metadata,,platform
CORE2DB,medical_tem_vertigodiseasevattem,,0,0,门诊病历,,,live_metadata,,platform
CORE2DB,medical_tem_vertigodiseasevemptem,,0,0,门诊病历,,,live_metadata,,platform
CORE2DB,medical_tem_visualrecordtem,,5,0,门诊病历,,,live_metadata,,platform
CORE2DB,medical_tem_wardroundrecordtem,,0,0,门诊病历,,,live_metadata,,platform
CORE2DB,notification_friendrelation,,0,0,门诊病历,,,live_metadata,,platform
CORE2DB,notification_groupmessage,,0,0,门诊病历,,,live_metadata,,platform
CORE2DB,notification_liveboardrooms,,0,0,门诊病历,,,live_metadata,,platform
CORE2DB,notification_liveboardrooms_group_prac,,0,0,门诊病历,,,live_metadata,,platform
CORE2DB,notification_liveboardrooms_group_visitor,,0,0,门诊病历,,,live_metadata,,platform
CORE2DB,notification_liveroom,,0,0,门诊病历,,,live_metadata,,platform
CORE2DB,notification_manypracboardrooms,,0,0,门诊病历,,,live_metadata,,platform
CORE2DB,notification_manypracboardrooms_blacklist,,0,0,门诊病历,,,live_metadata,,platform
CORE2DB,notification_manypracboardrooms_group_prac,,0,0,门诊病历,,,live_metadata,,platform
CORE2DB,notification_note,,0,0,门诊病历,,,live_metadata,,platform
CORE2DB,notification_savednotis,,0,0,门诊病历,,,live_metadata,,platform
CORE2DB,notification_scene,,0,0,门诊病历,,,live_metadata,,platform
CORE2DB,otp_static_staticdevice,,0,0,门诊病历,,,live_metadata,,platform
CORE2DB,otp_static_statictoken,,0,0,门诊病历,,,live_metadata,,platform
CORE2DB,otp_totp_totpdevice,,0,0,门诊病历,,,live_metadata,,platform
CORE2DB,speechinput_uploadaudioforms,,0,0,门诊病历,,,live_metadata,,platform
CORE2DB,tmp_fix_pairs,,350,0,门诊病历,,,live_metadata,,platform
CORE2DB,tmp_fix_pairs_20260702-1,,350,0,门诊病历,,,live_metadata,,platform
CORE2DB,transfer_api_controltransprocess,,0,0,门诊病历,,,live_metadata,,platform
CORE2DB,transfer_api_transferapply,,0,0,门诊病历,,,live_metadata,,platform
CORE2DB,transfer_api_transhospitaltransact,,0,0,门诊病历,,,live_metadata,,platform
CORE2DB,two_factor_phonedevice,,0,0,门诊病历,,,live_metadata,,platform
CORE2DB,V_HIS_INFECTION_CLINICAL_CONTENT,,,0,门诊病历,,,live_metadata,,platform
CORE2DB,V_HIS_INFECTION_EMR_MEDICAL_INFO,,,0,门诊病历,,,live_metadata,,platform
CORE2DB,vw_pati_out_emrfile,,,0,门诊病历,,,live_metadata,,platform
CRBSB,AREA_DICT,行政区字典,3019,11,,,,,,metadata
CRBSB,CLINIC_ITEM_DICT,临床诊疗项目字典,14136,29,,,,,,metadata
CRBSB,COUNTRY_DICT,国家及地区字典,37,9,,,,,,metadata
CRBSB,CRBSB_DICTIONARY,,39830,7,,,,,,metadata
CRBSB,DEPT_DICT,科室字典,710,42,,,,,,metadata
CRBSB,DISCHARGE_DISPOSITION_DICT,出院方式字典,7,11,,,,,,metadata
CRBSB,EXAM_CLASS_DICT,检查类别字典,19,13,,,,,,metadata
CRBSB,EXAM_RPT_PATTERN,检查报告模版,942,12,,,,,,metadata
CRBSB,ID_TYPE_DICT,,8,5,,,,,,metadata
CRBSB,LAB_ITEM_CLASS_DICT,检验项目类别字典,16,8,,,,,,metadata
CRBSB,MARITAL_STATUS_DICT,婚姻状况字典,5,8,,,,,,metadata
CRBSB,MEASURES_DICT,计量单位字典,160,7,,,,,,metadata
CRBSB,NATION_DICT,民族字典,58,9,,,,,,metadata
CRBSB,RELATIONSHIP_DICT,社会关系字典,25,10,,,,,,metadata
CRBSB,SEX_DICT,性别字典,4,9,,,,,,metadata
CRBSB,SPECIMAN_DICT,标本字典,240,12,,,,,,metadata
CRBSB,STAT_VS_CHARGE_TYPE,卫统5医保接口用医疗付款方式,14,9,,,,,,metadata
CS,病人来源,,4,4,,,,,,metadata
CS,济南市住院,,2597,11,,,,,,metadata
CS,三甲复审2026,,13011,28,,,,,,metadata
CS,三甲复审数据,,54659,26,,,,,,metadata
CS,异地住院,,2257,14,,,,,,metadata
CS,预约登记,,405037,103,,,,,,metadata
CS,BHOSCHECKUS,,916258,178,,,,,,metadata
CS,SKBCOLLECTIONDETAIL,,398560,17,,,,,,metadata
dbo,患者检查报告信息,"CREATE VIEW dbo.患者检查报告信息
AS
SELECT     dbo.患者检查报告信息_TABLE.*
FROM         dbo.患者检查报告信息_TABLE
",,0,ECG,,,live_metadata,,platform
dbo,患者检查报告信息_TABLE,,253890,0,ECG,,,live_metadata,,platform
dbo,患者检查申请信息,"CREATE VIEW dbo.患者检查申请信息
AS
SELECT     dbo.患者检查申请信息_TABLE.*
FROM         dbo.患者检查申请信息_TABLE
",,0,ECG,,,live_metadata,,platform
dbo,患者检查申请信息_TABLE,,253891,0,ECG,,,live_metadata,,platform
dbo,Aa,,2068,0,检验信息系统（源端）,,,live_metadata,,platform
dbo,aaaa,,8208,0,检验信息系统（源端）,,,live_metadata,,platform
dbo,ADDED_RIGHT_OF_USER_MST,用户附加权限表,22,0,ECG,,,live_metadata,,platform
dbo,AGE_UNIT_MST,年龄单位字典,5,0,ECG,,,live_metadata,,platform
dbo,ai_historychat,,0,0,检验信息系统（源端）,,,live_metadata,,platform
dbo,ai_historychatdetail,,0,0,检验信息系统（源端）,,,live_metadata,,platform
dbo,ai_inputparam,,37,0,检验信息系统（源端）,,,live_metadata,,platform
dbo,ai_quickquestions,,44,0,检验信息系统（源端）,,,live_metadata,,platform
dbo,ai_scenario,,8,0,检验信息系统（源端）,,,live_metadata,,platform
dbo,app_qrcode,,0,0,检验信息系统（源端）,,,live_metadata,,platform
dbo,app_reportrecord,,0,0,检验信息系统（源端）,,,live_metadata,,platform
dbo,app_reportrecorddetail,,0,0,检验信息系统（源端）,,,live_metadata,,platform
dbo,app_reportrecordqrcode,,0,0,检验信息系统（源端）,,,live_metadata,,platform
dbo,bact_addcharge,,0,0,检验信息系统（源端）,,,live_metadata,,platform
dbo,bact_autochargerule,,0,0,检验信息系统（源端）,,,live_metadata,,platform
dbo,bact_bactwatch,,14,0,检验信息系统（源端）,,,live_metadata,,platform
dbo,bact_bactwatchdet,,22,0,检验信息系统（源端）,,,live_metadata,,platform
dbo,bact_bactwatchop,,549,0,检验信息系统（源端）,,,live_metadata,,platform
dbo,bact_biochem,,0,0,检验信息系统（源端）,,,live_metadata,,platform
dbo,bact_bloodculturepollute,,19,0,检验信息系统（源端）,,,live_metadata,,platform
dbo,bact_bloodmeditems,,0,0,检验信息系统（源端）,,,live_metadata,,platform
dbo,bact_bottleuse,,0,0,检验信息系统（源端）,,,live_metadata,,platform
dbo,bact_bottlevspurpose,,6,0,检验信息系统（源端）,,,live_metadata,,platform
dbo,bact_colonycount,,43,0,检验信息系统（源端）,,,live_metadata,,platform
dbo,bact_colonykind,,7,0,检验信息系统（源端）,,,live_metadata,,platform
dbo,bact_colonymdl,,0,0,检验信息系统（源端）,,,live_metadata,,platform
dbo,bact_colonymdl_detail,,0,0,检验信息系统（源端）,,,live_metadata,,platform
dbo,bact_colonyresult,,46,0,检验信息系统（源端）,,,live_metadata,,platform
dbo,bact_culmediumnseq,,0,0,检验信息系统（源端）,,,live_metadata,,platform
dbo,bact_culresult,,232274,0,检验信息系统（源端）,,,live_metadata,,platform
dbo,bact_culture,,71305,0,检验信息系统（源端）,,,live_metadata,,platform
dbo,bact_customcol,,0,0,检验信息系统（源端）,,,live_metadata,,platform
dbo,bact_dualtask,,66,0,检验信息系统（源端）,,,live_metadata,,platform
dbo,bact_dyeingmethod,,9,0,检验信息系统（源端）,,,live_metadata,,platform
dbo,bact_dyeingresult,,35,0,检验信息系统（源端）,,,live_metadata,,platform
dbo,bact_eval,,11582,0,检验信息系统（源端）,,,live_metadata,,platform
dbo,bact_graph,,0,0,检验信息系统（源端）,,,live_metadata,,platform
dbo,bact_infectlisitem,,20,0,检验信息系统（源端）,,,live_metadata,,platform
dbo,bact_instrpos,,149,0,检验信息系统（源端）,,,live_metadata,,platform
dbo,bact_instrument,,8,0,检验信息系统（源端）,,,live_metadata,,platform
dbo,bact_measure,,3,0,检验信息系统（源端）,,,live_metadata,,platform
dbo,bact_medgroup,,877,0,检验信息系统（源端）,,,live_metadata,,platform
dbo,bact_medium,,45,0,检验信息系统（源端）,,,live_metadata,,platform
dbo,bact_mediumgroup,,31,0,检验信息系统（源端）,,,live_metadata,,platform
dbo,bact_mediumgroupdet,,96,0,检验信息系统（源端）,,,live_metadata,,platform
dbo,bact_mediuminterno,,0,0,检验信息系统（源端）,,,live_metadata,,platform
dbo,bact_mediumrecord,,0,0,检验信息系统（源端）,,,live_metadata,,platform
dbo,bact_mediumresult,,78,0,检验信息系统（源端）,,,live_metadata,,platform
dbo,bact_mediumspec,,0,0,检验信息系统（源端）,,,live_metadata,,platform
dbo,bact_mediumwatch,,0,0,检验信息系统（源端）,,,live_metadata,,platform
dbo,bact_medresult,,190701,0,检验信息系统（源端）,,,live_metadata,,platform
dbo,bact_nr,,243,0,检验信息系统（源端）,,,live_metadata,,platform
dbo,bact_photo,,0,0,检验信息系统（源端）,,,live_metadata,,platform
dbo,bact_prebiochem,,0,0,检验信息系统（源端）,,,live_metadata,,platform
dbo,bact_prechecksmp,,0,0,检验信息系统（源端）,,,live_metadata,,platform
dbo,bact_preeval,,515,0,检验信息系统（源端）,,,live_metadata,,platform
dbo,bact_premedresult,,0,0,检验信息系统（源端）,,,live_metadata,,platform
dbo,bact_purpculresult,,257,0,检验信息系统（源端）,,,live_metadata,,platform
dbo,bact_purpinputmdl,,13,0,检验信息系统（源端）,,,live_metadata,,platform
dbo,bact_purpose,,32,0,检验信息系统（源端）,,,live_metadata,,platform
dbo,bact_purposereqdept,,0,0,检验信息系统（源端）,,,live_metadata,,platform
dbo,bact_qcdata,,460,0,检验信息系统（源端）,,,live_metadata,,platform
dbo,bact_qcdatabio,,1,0,检验信息系统（源端）,,,live_metadata,,platform
dbo,bact_qcdatacul,,54,0,检验信息系统（源端）,,,live_metadata,,platform
dbo,bact_qcdatadye,,0,0,检验信息系统（源端）,,,live_metadata,,platform
dbo,bact_qcdataeval,,0,0,检验信息系统（源端）,,,live_metadata,,platform
dbo,bact_qcdatakb,,6298,0,检验信息系统（源端）,,,live_metadata,,platform
dbo,bact_qcdatamic,,1023,0,检验信息系统（源端）,,,live_metadata,,platform
dbo,bact_qcdatasmpno,,2388,0,检验信息系统（源端）,,,live_metadata,,platform
dbo,bact_qcdye,,12,0,检验信息系统（源端）,,,live_metadata,,platform
dbo,bact_qcdyedetail,,2,0,检验信息系统（源端）,,,live_metadata,,platform
dbo,bact_qclog,,1118,0,检验信息系统（源端）,,,live_metadata,,platform
dbo,bact_qcplan,,46,0,检验信息系统（源端）,,,live_metadata,,platform
dbo,bact_qcplanbio,,14,0,检验信息系统（源端）,,,live_metadata,,platform
dbo,bact_qcplancul,,57,0,检验信息系统（源端）,,,live_metadata,,platform
dbo,bact_qcplandye,,8,0,检验信息系统（源端）,,,live_metadata,,platform
dbo,bact_qcplaneval,,1,0,检验信息系统（源端）,,,live_metadata,,platform
dbo,bact_qcplankb,,56,0,检验信息系统（源端）,,,live_metadata,,platform
dbo,bact_qcplanmic,,41,0,检验信息系统（源端）,,,live_metadata,,platform
dbo,bact_qcstrain,,41,0,检验信息系统（源端）,,,live_metadata,,platform
dbo,bact_report,,82918,0,检验信息系统（源端）,,,live_metadata,,platform
dbo,bact_reportcond,,0,0,检验信息系统（源端）,,,live_metadata,,platform
dbo,bact_resdict,,29,0,检验信息系统（源端）,,,live_metadata,,platform
dbo,bact_resinterno,,0,0,检验信息系统（源端）,,,live_metadata,,platform
dbo,bact_result,,0,0,检验信息系统（源端）,,,live_metadata,,platform
dbo,bact_resulttxt,,0,0,检验信息系统（源端）,,,live_metadata,,platform
dbo,bact_rule,,35,0,检验信息系统（源端）,,,live_metadata,,platform
dbo,bact_ruleaction,,40,0,检验信息系统（源端）,,,live_metadata,,platform
dbo,bact_rulecond,,38,0,检验信息系统（源端）,,,live_metadata,,platform
dbo,bact_sample,,71303,0,检验信息系统（源端）,,,live_metadata,,platform
dbo,bact_sample_all,,,0,检验信息系统（源端）,,,live_metadata,,platform
dbo,bact_samplebar,,0,0,检验信息系统（源端）,,,live_metadata,,platform
dbo,bact_sample_history,,255,0,检验信息系统（源端）,,,live_metadata,,platform
dbo,bact_samplelink,,0,0,检验信息系统（源端）,,,live_metadata,,platform
dbo,bact_samplelog,,340875,0,检验信息系统（源端）,,,live_metadata,,platform
dbo,bact_sampleruledetail,,21809,0,检验信息系统（源端）,,,live_metadata,,platform
dbo,bact_smear,,71103,0,检验信息系统（源端）,,,live_metadata,,platform
dbo,bact_smearresult,,189952,0,检验信息系统（源端）,,,live_metadata,,platform
dbo,bact_smprule,,6,0,检验信息系统（源端）,,,live_metadata,,platform
dbo,bact_smprulecond,,21,0,检验信息系统（源端）,,,live_metadata,,platform
dbo,bact_specaging,,0,0,检验信息系统（源端）,,,live_metadata,,platform
dbo,bact_specimen_medium,,0,0,检验信息系统（源端）,,,live_metadata,,platform
dbo,bact_spec_mediumgroup,,0,0,检验信息系统（源端）,,,live_metadata,,platform
dbo,bact_spec_mediumgroup1,,0,0,检验信息系统（源端）,,,live_metadata,,platform
dbo,bact_spec_purpose,,36,0,检验信息系统（源端）,,,live_metadata,,platform
dbo,bact_strain,,0,0,检验信息系统（源端）,,,live_metadata,,platform
dbo,bact_test,,26,0,检验信息系统（源端）,,,live_metadata,,platform
dbo,bact_testgroup,,2,0,检验信息系统（源端）,,,live_metadata,,platform
dbo,bact_testgroupdet,,0,0,检验信息系统（源端）,,,live_metadata,,platform
dbo,bact_testshape,,50,0,检验信息系统（源端）,,,live_metadata,,platform
dbo,bact_whodict,,0,0,检验信息系统（源端）,,,live_metadata,,platform
dbo,bact_whodruglist,,0,0,检验信息系统（源端）,,,live_metadata,,platform
dbo,bact_whodruglist1,,0,0,检验信息系统（源端）,,,live_metadata,,platform
dbo,bact_whoorglist,,0,0,检验信息系统（源端）,,,live_metadata,,platform
dbo,bi_group_setting,,0,0,检验信息系统（源端）,,,live_metadata,,platform
dbo,bi_perform_day,,0,0,检验信息系统（源端）,,,live_metadata,,platform
dbo,bi_perform_hour,,0,0,检验信息系统（源端）,,,live_metadata,,platform
dbo,bi_perform_month,,0,0,检验信息系统（源端）,,,live_metadata,,platform
dbo,bi_reqrcv_day,,0,0,检验信息系统（源端）,,,live_metadata,,platform
dbo,bi_reqrcv_month,,0,0,检验信息系统（源端）,,,live_metadata,,platform
dbo,bi_tat_data,,0,0,检验信息系统（源端）,,,live_metadata,,platform
dbo,bld_barcodeauto,,0,0,检验信息系统（源端）,,,live_metadata,,platform
dbo,bld_barcodeauto1,,0,0,检验信息系统（源端）,,,live_metadata,,platform
dbo,bld_barcodetrans,,0,0,检验信息系统（源端）,,,live_metadata,,platform
dbo,bld_chargelog,,0,0,检验信息系统（源端）,,,live_metadata,,platform
dbo,bld_chargerule,,0,0,检验信息系统（源端）,,,live_metadata,,platform
dbo,bld_comp,,0,0,检验信息系统（源端）,,,live_metadata,,platform
dbo,bld_comp1,,0,0,检验信息系统（源端）,,,live_metadata,,platform
dbo,bld_comp2,,0,0,检验信息系统（源端）,,,live_metadata,,platform
dbo,bld_compdifrule,,0,0,检验信息系统（源端）,,,live_metadata,,platform
dbo,bld_comphosp,,0,0,检验信息系统（源端）,,,live_metadata,,platform
dbo,bld_compkind,,8,0,检验信息系统（源端）,,,live_metadata,,platform
dbo,bld_compprocess,,0,0,检验信息系统（源端）,,,live_metadata,,platform
dbo,bld_compsubkind,,0,0,检验信息系统（源端）,,,live_metadata,,platform
dbo,bld_compvsbldtype,,0,0,检验信息系统（源端）,,,live_metadata,,platform
dbo,bld_credit,,0,0,检验信息系统（源端）,,,live_metadata,,platform
dbo,bld_donate,,0,0,检验信息系统（源端）,,,live_metadata,,platform
dbo,bld_donatedetail,,0,0,检验信息系统（源端）,,,live_metadata,,platform
dbo,bld_dualtask,,0,0,检验信息系统（源端）,,,live_metadata,,platform
dbo,bld_handover,,0,0,检验信息系统（源端）,,,live_metadata,,platform
dbo,bld_handoverdet,,0,0,检验信息系统（源端）,,,live_metadata,,platform
dbo,bld_handoverpat,,0,0,检验信息系统（源端）,,,live_metadata,,platform
dbo,bld_hod_content,,0,0,检验信息系统（源端）,,,live_metadata,,platform
dbo,bld_hod_other,,0,0,检验信息系统（源端）,,,live_metadata,,platform
dbo,bld_info,,0,0,检验信息系统（源端）,,,live_metadata,,platform
dbo,bld_infolog,,0,0,检验信息系统（源端）,,,live_metadata,,platform
dbo,bld_infoquality,,0,0,检验信息系统（源端）,,,live_metadata,,platform
dbo,bld_inout,,0,0,检验信息系统（源端）,,,live_metadata,,platform
dbo,bld_inoutdetail,,0,0,检验信息系统（源端）,,,live_metadata,,platform
dbo,bld_instrinter,,0,0,检验信息系统（源端）,,,live_metadata,,platform
dbo,bld_inventory,,0,0,检验信息系统（源端）,,,live_metadata,,platform
dbo,bld_inventorydetail,,0,0,检验信息系统（源端）,,,live_metadata,,platform
dbo,bld_libposition,,0,0,检验信息系统（源端）,,,live_metadata,,platform
dbo,bld_libshelf,,0,0,检验信息系统（源端）,,,live_metadata,,platform
dbo,bld_matchdetail,,0,0,检验信息系统（源端）,,,live_metadata,,platform
dbo,bld_matchdetail_raw,,0,0,检验信息系统（源端）,,,live_metadata,,platform
dbo,bld_match_itemresult,,0,0,检验信息系统（源端）,,,live_metadata,,platform
dbo,bld_matchmain,,0,0,检验信息系统（源端）,,,live_metadata,,platform
dbo,bld_matchmethod,,0,0,检验信息系统（源端）,,,live_metadata,,platform
dbo,bld_matchresult,,0,0,检验信息系统（源端）,,,live_metadata,,platform
dbo,bld_order_shortage,,0,0,检验信息系统（源端）,,,live_metadata,,platform
dbo,bld_org,,0,0,检验信息系统（源端）,,,live_metadata,,platform
dbo,bld_otherhosppat,,0,0,检验信息系统（源端）,,,live_metadata,,platform
dbo,bld_quality,,0,0,检验信息系统（源端）,,,live_metadata,,platform
dbo,bld_qualityitem,,0,0,检验信息系统（源端）,,,live_metadata,,platform
dbo,bld_reagent,,0,0,检验信息系统（源端）,,,live_metadata,,platform
dbo,bld_reimburinfo,,0,0,检验信息系统（源端）,,,live_metadata,,platform
dbo,bld_reqitem_comp,,0,0,检验信息系统（源端）,,,live_metadata,,platform
dbo,bld_reserve,,0,0,检验信息系统（源端）,,,live_metadata,,platform
dbo,bld_reservedetail,,0,0,检验信息系统（源端）,,,live_metadata,,platform
dbo,bld_rhbx,,0,0,检验信息系统（源端）,,,live_metadata,,platform
dbo,bld_samplenoauto,,0,0,检验信息系统（源端）,,,live_metadata,,platform
dbo,bld_stocklimit,,0,0,检验信息系统（源端）,,,live_metadata,,platform
dbo,bld_tempstore,,0,0,检验信息系统（源端）,,,live_metadata,,platform
dbo,bld_type,,9,0,检验信息系统（源端）,,,live_metadata,,platform
dbo,bld_typeabo,,10,0,检验信息系统（源端）,,,live_metadata,,platform
dbo,bld_typerh,,7,0,检验信息系统（源端）,,,live_metadata,,platform
dbo,bld_typetrans,,0,0,检验信息系统（源端）,,,live_metadata,,platform
dbo,bld_unfreeze,,0,0,检验信息系统（源端）,,,live_metadata,,platform
dbo,ca_logininfo,,0,0,检验信息系统（源端）,,,live_metadata,,platform
dbo,ca_user,,0,0,检验信息系统（源端）,,,live_metadata,,platform
dbo,cdc_alertinfo,,0,0,检验信息系统（源端）,,,live_metadata,,platform
dbo,cdc_alertitemrule,,0,0,检验信息系统（源端）,,,live_metadata,,platform
dbo,cdc_alertitemrule_detail,,0,0,检验信息系统（源端）,,,live_metadata,,platform
dbo,cdc_alertitemrule_rel,,0,0,检验信息系统（源端）,,,live_metadata,,platform
dbo,cdc_alertlevel,,0,0,检验信息系统（源端）,,,live_metadata,,platform
dbo,cdc_alertlevel_comb,,0,0,检验信息系统（源端）,,,live_metadata,,platform
dbo,cdc_alertlevel_combde,,0,0,检验信息系统（源端）,,,live_metadata,,platform
dbo,cdc_alertreport,,0,0,检验信息系统（源端）,,,live_metadata,,platform
dbo,cdc_alertrule,,0,0,检验信息系统（源端）,,,live_metadata,,platform
dbo,cdc_alertrule_item,,0,0,检验信息系统（源端）,,,live_metadata,,platform
dbo,cdc_pathogen_class,,0,0,检验信息系统（源端）,,,live_metadata,,platform
dbo,cdc_pathogen_dict,,0,0,检验信息系统（源端）,,,live_metadata,,platform
dbo,cdc_phgvstsm,,0,0,检验信息系统（源端）,,,live_metadata,,platform
dbo,cdc_report,,0,0,检验信息系统（源端）,,,live_metadata,,platform
dbo,cdc_request_token,,0,0,检验信息系统（源端）,,,live_metadata,,platform
dbo,cdc_result,,0,0,检验信息系统（源端）,,,live_metadata,,platform
dbo,cdc_subscription,,0,0,检验信息系统（源端）,,,live_metadata,,platform
dbo,cdc_testmethod,,0,0,检验信息系统（源端）,,,live_metadata,,platform
dbo,CDR_CHECK_REPORT,"CREATE VIEW dbo.CDR_CHECK_REPORT as 
SELECT
	s.PATIENT_ID + '|' + S.VISIT_ID + '|' + s.ORDER_NO + '|' + CONVERT ( VARCHAR ( 50 ), r.REPORT_SEQ ) AS ROWKEY,
	s.PATIENT_ID AS OUT_PATIENT_ID,-- 门诊患者标识",,0,ECG,,,live_metadata,,platform
dbo,CDR_INSPECTION_REPORT,,,0,检验信息系统（源端）,,,live_metadata,,platform
dbo,CDR_INSPECTION_REPORT_DETALL,,,0,检验信息系统（源端）,,,live_metadata,,platform
dbo,center_qc_qcs,,0,0,检验信息系统（源端）,,,live_metadata,,platform
dbo,CERTIFICATE_INFO_TBL,,0,0,ECG,,,live_metadata,,platform
dbo,chkpoint,,0,0,检验信息系统（源端）,,,live_metadata,,platform
dbo,chkpoint_lox,,0,0,检验信息系统（源端）,,,live_metadata,,platform
dbo,CLIENT_MST,客户端字典,3,0,ECG,,,live_metadata,,platform
dbo,CLINICAL_DOCTOR_MST,临床医生字典,2463,0,ECG,,,live_metadata,,platform
dbo,CMT800,,,0,检验信息系统（源端）,,,live_metadata,,platform
dbo,CONFIGURATION_MST,系统配置字典,118,0,ECG,,,live_metadata,,platform
dbo,cov_reagent,,0,0,检验信息系统（源端）,,,live_metadata,,platform
dbo,cov_report,,0,0,检验信息系统（源端）,,,live_metadata,,platform
dbo,cov_tuberack,,0,0,检验信息系统（源端）,,,live_metadata,,platform
dbo,cov_tuberackdet,,0,0,检验信息系统（源端）,,,live_metadata,,platform
dbo,cov_tuberackkind,,0,0,检验信息系统（源端）,,,live_metadata,,platform
dbo,cov_tuberackkinddet,,0,0,检验信息系统（源端）,,,live_metadata,,platform
dbo,cov_tuberacklog,,0,0,检验信息系统（源端）,,,live_metadata,,platform
dbo,CRITICAL_HANDLE_TBL,,0,0,ECG,,,live_metadata,,platform
dbo,cvd_sampleinfo,,0,0,检验信息系统（源端）,,,live_metadata,,platform
dbo,DATA_MATCH_MST,匹配数据表,603,0,ECG,,,live_metadata,,platform
dbo,DATA_TBL,数据表,2844550,0,ECG,,,live_metadata,,platform
dbo,dc_barcodetrans,,0,0,检验信息系统（源端）,,,live_metadata,,platform
dbo,dc_chargetype,,17,0,检验信息系统（源端）,,,live_metadata,,platform
dbo,dc_comb,,0,0,检验信息系统（源端）,,,live_metadata,,platform
dbo,dc_combdetail,,0,0,检验信息系统（源端）,,,live_metadata,,platform
dbo,dc_connconfig,,1,0,检验信息系统（源端）,,,live_metadata,,platform
dbo,dc_dept,,825,0,检验信息系统（源端）,,,live_metadata,,platform
dbo,dc_diagnose,,42958,0,检验信息系统（源端）,,,live_metadata,,platform
dbo,dc_doctor,,4144,0,检验信息系统（源端）,,,live_metadata,,platform
dbo,dc_employee,,54,0,检验信息系统（源端）,,,live_metadata,,platform
dbo,dc_hospital,,1,0,检验信息系统（源端）,,,live_metadata,,platform
dbo,dc_hosporgan,,0,0,检验信息系统（源端）,,,live_metadata,,platform
dbo,dc_inpatient,,0,0,检验信息系统（源端）,,,live_metadata,,platform
dbo,dc_input_col,,4084,0,检验信息系统（源端）,,,live_metadata,,platform
dbo,dc_labdept,,2,0,检验信息系统（源端）,,,live_metadata,,platform
dbo,dc_labdept_carole,,0,0,检验信息系统（源端）,,,live_metadata,,platform
dbo,dc_labgroup,,17,0,检验信息系统（源端）,,,live_metadata,,platform
dbo,dc_listcol,,0,0,检验信息系统（源端）,,,live_metadata,,platform
dbo,dc_listcoldet,,0,0,检验信息系统（源端）,,,live_metadata,,platform
dbo,dc_loadbalance_list,,0,0,检验信息系统（源端）,,,live_metadata,,platform
dbo,dc_medkind,,8,0,检验信息系统（源端）,,,live_metadata,,platform
dbo,dc_operate,,0,0,检验信息系统（源端）,,,live_metadata,,platform
dbo,dc_patient,,0,0,检验信息系统（源端）,,,live_metadata,,platform
dbo,dc_pattypeinfo,,7,0,检验信息系统（源端）,,,live_metadata,,platform
dbo,dc_region,,5,0,检验信息系统（源端）,,,live_metadata,,platform
dbo,dc_secpswprg,,4,0,检验信息系统（源端）,,,live_metadata,,platform
dbo,dc_specialage,,0,0,检验信息系统（源端）,,,live_metadata,,platform
dbo,dc_specialpat,,5534,0,检验信息系统（源端）,,,live_metadata,,platform
dbo,dc_specialpat_setting,,0,0,检验信息系统（源端）,,,live_metadata,,platform
dbo,dc_specialpattype,,1,0,检验信息系统（源端）,,,live_metadata,,platform
dbo,dc_specimen,,238,0,检验信息系统（源端）,,,live_metadata,,platform
dbo,dc_specimen_comm,,0,0,检验信息系统（源端）,,,live_metadata,,platform
dbo,dc_statreport,,5,0,检验信息系统（源端）,,,live_metadata,,platform
dbo,dc_statreportcondition,,3,0,检验信息系统（源端）,,,live_metadata,,platform
dbo,dc_statreport_role,,0,0,检验信息系统（源端）,,,live_metadata,,platform
dbo,dc_statreportuse,,3,0,检验信息系统（源端）,,,live_metadata,,platform
dbo,dc_ward,,106,0,检验信息系统（源端）,,,live_metadata,,platform
dbo,DEPARTMENT_MST,科室字典,559,0,ECG,,,live_metadata,,platform
dbo,dev_archivetype,,0,0,检验信息系统（源端）,,,live_metadata,,platform
dbo,DEVICES_MST,心电图机字典,41,0,ECG,,,live_metadata,,platform
dbo,dev_roleauth,,74,0,检验信息系统（源端）,,,live_metadata,,platform
dbo,dev_rptunit_vfyplan,,0,0,检验信息系统（源端）,,,live_metadata,,platform
dbo,DIAGNOSIS_CODE_MST,,0,0,ECG,,,live_metadata,,platform
dbo,DIAGNOSIS_COMMENT_MST,,0,0,ECG,,,live_metadata,,platform
dbo,dig_screen,,0,0,检验信息系统（源端）,,,live_metadata,,platform
dbo,dig_screendecor,,0,0,检验信息系统（源端）,,,live_metadata,,platform
dbo,dig_screenmod,,0,0,检验信息系统（源端）,,,live_metadata,,platform
dbo,dig_stat,,0,0,检验信息系统（源端）,,,live_metadata,,platform
dbo,dig_statdetail,,0,0,检验信息系统（源端）,,,live_metadata,,platform
dbo,ECG_EXAM_INFO,"CREATE VIEW ECG_EXAM_INFO
AS
select st.patient_id as patient_id  --患者ID
, st.VISIT_ID as visit_sn  --单次就诊唯一标识号
, CASE 
WHEN st.PATIENT_CLASS_CODE = 'I' 
THEN '住院' 
WHEN st.PATIENT_CLASS_CODE = ",,0,ECG,,,live_metadata,,platform
dbo,EMR_INSPECTION,,,0,检验信息系统（源端）,,,live_metadata,,platform
dbo,EMR_INSPECTION_ALLERGY,,,0,检验信息系统（源端）,,,live_metadata,,platform
dbo,EMR_INSPECTION_ITEM,,,0,检验信息系统（源端）,,,live_metadata,,platform
dbo,eval_class,,0,0,检验信息系统（源端）,,,live_metadata,,platform
dbo,eval_data,,0,0,检验信息系统（源端）,,,live_metadata,,platform
dbo,eval_datafiles,,0,0,检验信息系统（源端）,,,live_metadata,,platform
dbo,eval_datalog,,0,0,检验信息系统（源端）,,,live_metadata,,platform
dbo,eval_element,,0,0,检验信息系统（源端）,,,live_metadata,,platform
dbo,eval_flow,,0,0,检验信息系统（源端）,,,live_metadata,,platform
dbo,eval_grade_rule,,0,0,检验信息系统（源端）,,,live_metadata,,platform
dbo,eval_grade_scheme,,0,0,检验信息系统（源端）,,,live_metadata,,platform
dbo,eval_plan,,0,0,检验信息系统（源端）,,,live_metadata,,platform
dbo,eval_planvsusers,,0,0,检验信息系统（源端）,,,live_metadata,,platform
dbo,eval_result,,0,0,检验信息系统（源端）,,,live_metadata,,platform
dbo,eval_resultdetail,,0,0,检验信息系统（源端）,,,live_metadata,,platform
dbo,eval_result_rule,,0,0,检验信息系统（源端）,,,live_metadata,,platform
dbo,eval_result_scheme,,0,0,检验信息系统（源端）,,,live_metadata,,platform
dbo,eval_rule,,0,0,检验信息系统（源端）,,,live_metadata,,platform
dbo,eval_scorerule,,0,0,检验信息系统（源端）,,,live_metadata,,platform
dbo,eval_subclass,,0,0,检验信息系统（源端）,,,live_metadata,,platform
dbo,EXAM_ROOM_MST,检查房间字典,117,0,ECG,,,live_metadata,,platform
dbo,exm_apply,,0,0,检验信息系统（源端）,,,live_metadata,,platform
dbo,exm_estimate_detail,,0,0,检验信息系统（源端）,,,live_metadata,,platform
dbo,exm_estimate_main,,0,0,检验信息系统（源端）,,,live_metadata,,platform
dbo,exm_queclass,,0,0,检验信息系统（源端）,,,live_metadata,,platform
dbo,exm_quedetail,,0,0,检验信息系统（源端）,,,live_metadata,,platform
dbo,exm_queexcel,,0,0,检验信息系统（源端）,,,live_metadata,,platform
dbo,exm_quemain,,0,0,检验信息系统（源端）,,,live_metadata,,platform
dbo,exm_roleauth,,0,0,检验信息系统（源端）,,,live_metadata,,platform
dbo,exm_testclass,,1,0,检验信息系统（源端）,,,live_metadata,,platform
dbo,exm_testdetail,,0,0,检验信息系统（源端）,,,live_metadata,,platform
dbo,exm_testmain,,1,0,检验信息系统（源端）,,,live_metadata,,platform
dbo,exm_testuser,,0,0,检验信息系统（源端）,,,live_metadata,,platform
dbo,exm_testuserdetail,,0,0,检验信息系统（源端）,,,live_metadata,,platform
dbo,exm_traindetail,,0,0,检验信息系统（源端）,,,live_metadata,,platform
dbo,exm_trainimg,,0,0,检验信息系统（源端）,,,live_metadata,,platform
dbo,exm_trainmain,,1,0,检验信息系统（源端）,,,live_metadata,,platform
dbo,exm_trainplan,,0,0,检验信息系统（源端）,,,live_metadata,,platform
dbo,EXTERNAL_DATA_TBL,其他系统数据表,0,0,ECG,,,live_metadata,,platform
dbo,EXTERNAL_EXAM_TBL,其他系统检查表,0,0,ECG,,,live_metadata,,platform
dbo,fee_item_dept,,0,0,检验信息系统（源端）,,,live_metadata,,platform
dbo,fee_item_dict,,860,0,检验信息系统（源端）,,,live_metadata,,platform
dbo,FXJCPT_ESB_BS20003,,,0,检验信息系统（源端）,,,live_metadata,,platform
dbo,FXJCPT_ESB_BS20004,,,0,检验信息系统（源端）,,,live_metadata,,platform
dbo,FXJCPT_ESB_BS20005,,,0,检验信息系统（源端）,,,live_metadata,,platform
dbo,FXJCPT_ESB_BS20006,,,0,检验信息系统（源端）,,,live_metadata,,platform
dbo,his_cardtrans,,0,0,检验信息系统（源端）,,,live_metadata,,platform
dbo,his_chargerule,,4,0,检验信息系统（源端）,,,live_metadata,,platform
dbo,his_chargeruledetail,,4,0,检验信息系统（源端）,,,live_metadata,,platform
dbo,his_combitemvsdetail,,2293,0,检验信息系统（源端）,,,live_metadata,,platform
dbo,his_execute,,1897225,0,检验信息系统（源端）,,,live_metadata,,platform
dbo,his_feequeryconfig,,0,0,检验信息系统（源端）,,,live_metadata,,platform
dbo,his_feequeryrecord,,0,0,检验信息系统（源端）,,,live_metadata,,platform
dbo,his_interface,,21,0,检验信息系统（源端）,,,live_metadata,,platform
dbo,his_intermethod,,124,0,检验信息系统（源端）,,,live_metadata,,platform
dbo,his_intermethodsql,,13,0,检验信息系统（源端）,,,live_metadata,,platform
dbo,his_interobj,,0,0,检验信息系统（源端）,,,live_metadata,,platform
dbo,his_interoption,,162,0,检验信息系统（源端）,,,live_metadata,,platform
dbo,his_manualcharge,,0,0,检验信息系统（源端）,,,live_metadata,,platform
dbo,his_method,,262,0,检验信息系统（源端）,,,live_metadata,,platform
dbo,his_reqrefund_check,,0,0,检验信息系统（源端）,,,live_metadata,,platform
dbo,his_rptitem,,0,0,检验信息系统（源端）,,,live_metadata,,platform
dbo,his_specimen,,238,0,检验信息系统（源端）,,,live_metadata,,platform
dbo,HOSPITAL_MEDIA_MST,,2,0,ECG,,,live_metadata,,platform
dbo,HOSPITAL_MST,,2,0,ECG,,,live_metadata,,platform
dbo,HOSPITAL_USER_RELATION_TBL,,2,0,ECG,,,live_metadata,,platform
dbo,img_bact_photo,,,0,检验信息系统（源端）,,,live_metadata,,platform
dbo,img_lab_graph,,,0,检验信息系统（源端）,,,live_metadata,,platform
dbo,Img_Lab_ReportBlob,,,0,检验信息系统（源端）,,,live_metadata,,platform
dbo,img_req_master,,,0,检验信息系统（源端）,,,live_metadata,,platform
dbo,img_req_master_temp,,,0,检验信息系统（源端）,,,live_metadata,,platform
dbo,img_req_wxcode,,,0,检验信息系统（源端）,,,live_metadata,,platform
dbo,inv_bom,,0,0,检验信息系统（源端）,,,live_metadata,,platform
dbo,inv_bomdetail,,0,0,检验信息系统（源端）,,,live_metadata,,platform
dbo,inv_centralpurtask,,0,0,检验信息系统（源端）,,,live_metadata,,platform
dbo,inv_certificate,,0,0,检验信息系统（源端）,,,live_metadata,,platform
dbo,inv_certificate_use,,0,0,检验信息系统（源端）,,,live_metadata,,platform
dbo,inv_checkinv,,6,0,检验信息系统（源端）,,,live_metadata,,platform
dbo,inv_checkinvdetail,,303,0,检验信息系统（源端）,,,live_metadata,,platform
dbo,inv_docpdf,,0,0,检验信息系统（源端）,,,live_metadata,,platform
dbo,inv_exbarcode,,0,0,检验信息系统（源端）,,,live_metadata,,platform
dbo,inv_exchangeinv,,0,0,检验信息系统（源端）,,,live_metadata,,platform
dbo,inv_exchangeinvdetail,,0,0,检验信息系统（源端）,,,live_metadata,,platform
dbo,inv_externalitem,,0,0,检验信息系统（源端）,,,live_metadata,,platform
dbo,inv_inevaluate,,0,0,检验信息系统（源端）,,,live_metadata,,platform
dbo,inv_inout,,106,0,检验信息系统（源端）,,,live_metadata,,platform
dbo,inv_inoutdetail,,576,0,检验信息系统（源端）,,,live_metadata,,platform
dbo,inv_interfacerecord,,0,0,检验信息系统（源端）,,,live_metadata,,platform
dbo,inv_invoice,,0,0,检验信息系统（源端）,,,live_metadata,,platform
dbo,inv_invoicedetail,,0,0,检验信息系统（源端）,,,live_metadata,,platform
dbo,inv_iodetail,,0,0,检验信息系统（源端）,,,live_metadata,,platform
dbo,inv_iomain,,0,0,检验信息系统（源端）,,,live_metadata,,platform
dbo,inv_iotempdetail,,0,0,检验信息系统（源端）,,,live_metadata,,platform
dbo,inv_item,,3530,0,检验信息系统（源端）,,,live_metadata,,platform
dbo,inv_itemclass,,1,0,检验信息系统（源端）,,,live_metadata,,platform
dbo,inv_itemgroup,,7,0,检验信息系统（源端）,,,live_metadata,,platform
dbo,inv_itemkindvscollectarea,,0,0,检验信息系统（源端）,,,live_metadata,,platform
dbo,inv_itemkindvsward,,0,0,检验信息系统（源端）,,,live_metadata,,platform
dbo,inv_itemlotno,,2714,0,检验信息系统（源端）,,,live_metadata,,platform
dbo,inv_itemsinglebarcode,,2595,0,检验信息系统（源端）,,,live_metadata,,platform
dbo,inv_itemunitratio,,7134,0,检验信息系统（源端）,,,live_metadata,,platform
dbo,inv_itemvendor,,0,0,检验信息系统（源端）,,,live_metadata,,platform
dbo,inv_itemvslabgroup,,0,0,检验信息系统（源端）,,,live_metadata,,platform
dbo,inv_itemvsreqitem,,0,0,检验信息系统（源端）,,,live_metadata,,platform
dbo,inv_labgroup_itemgroup,,0,0,检验信息系统（源端）,,,live_metadata,,platform
dbo,inv_labgroup_warehouse,,0,0,检验信息系统（源端）,,,live_metadata,,platform
dbo,inv_lisinstr,,53,0,检验信息系统（源端）,,,live_metadata,,platform
dbo,inv_lisinstritem,,175,0,检验信息系统（源端）,,,live_metadata,,platform
dbo,inv_lisitem_invitem,,14,0,检验信息系统（源端）,,,live_metadata,,platform
dbo,inv_listestdata,,0,0,检验信息系统（源端）,,,live_metadata,,platform
dbo,inv_lotchange,,0,0,检验信息系统（源端）,,,live_metadata,,platform
dbo,inv_lotchangedetail,,0,0,检验信息系统（源端）,,,live_metadata,,platform
dbo,inv_org,,1,0,检验信息系统（源端）,,,live_metadata,,platform
dbo,inv_outnotfulluse,,0,0,检验信息系统（源端）,,,live_metadata,,platform
dbo,inv_outnotfullusedetail,,0,0,检验信息系统（源端）,,,live_metadata,,platform
dbo,inv_purorder,,0,0,检验信息系统（源端）,,,live_metadata,,platform
dbo,inv_purorderdetail,,0,0,检验信息系统（源端）,,,live_metadata,,platform
dbo,inv_purreq,,0,0,检验信息系统（源端）,,,live_metadata,,platform
dbo,inv_purreqdetail,,0,0,检验信息系统（源端）,,,live_metadata,,platform
dbo,inv_request,,0,0,检验信息系统（源端）,,,live_metadata,,platform
dbo,inv_requestdetail,,0,0,检验信息系统（源端）,,,live_metadata,,platform
dbo,inv_roleauth,,273,0,检验信息系统（源端）,,,live_metadata,,platform
dbo,inv_settlement,,0,0,检验信息系统（源端）,,,live_metadata,,platform
dbo,inv_settlementdetail,,0,0,检验信息系统（源端）,,,live_metadata,,platform
dbo,inv_single,,0,0,检验信息系统（源端）,,,live_metadata,,platform
dbo,inv_summary,,258,0,检验信息系统（源端）,,,live_metadata,,platform
dbo,inv_summarylog,,3393,0,检验信息系统（源端）,,,live_metadata,,platform
dbo,inv_transfer,,2,0,检验信息系统（源端）,,,live_metadata,,platform
dbo,inv_transferdetail,,2,0,检验信息系统（源端）,,,live_metadata,,platform
dbo,inv_use,,3,0,检验信息系统（源端）,,,live_metadata,,platform
dbo,inv_usedetail,,3,0,检验信息系统（源端）,,,live_metadata,,platform
dbo,inv_userwarehouse,,2,0,检验信息系统（源端）,,,live_metadata,,platform
dbo,inv_vendor,,5688,0,检验信息系统（源端）,,,live_metadata,,platform
dbo,inv_vendor_eval,,0,0,检验信息系统（源端）,,,live_metadata,,platform
dbo,inv_warditem,,0,0,检验信息系统（源端）,,,live_metadata,,platform
dbo,inv_warditemkind,,0,0,检验信息系统（源端）,,,live_metadata,,platform
dbo,inv_warehouse,,5,0,检验信息系统（源端）,,,live_metadata,,platform
dbo,inv_yhcsendrecord,,0,0,检验信息系统（源端）,,,live_metadata,,platform
dbo,iso_archive,,30,0,检验信息系统（源端）,,,live_metadata,,platform
dbo,iso_archivefile,,623,0,检验信息系统（源端）,,,live_metadata,,platform
dbo,iso_clinicaltel,,0,0,检验信息系统（源端）,,,live_metadata,,platform
dbo,iso_consult_meeting,,0,0,检验信息系统（源端）,,,live_metadata,,platform
dbo,iso_consult_record,,0,0,检验信息系统（源端）,,,live_metadata,,platform
dbo,iso_envclmonitor,,0,0,检验信息系统（源端）,,,live_metadata,,platform
dbo,iso_erroraccident,,0,0,检验信息系统（源端）,,,live_metadata,,platform
dbo,iso_errorrpt,,0,0,检验信息系统（源端）,,,live_metadata,,platform
dbo,iso_files,,0,0,检验信息系统（源端）,,,live_metadata,,platform
dbo,iso_flowlog,,0,0,检验信息系统（源端）,,,live_metadata,,platform
dbo,iso_instrdataverify,,1,0,检验信息系统（源端）,,,live_metadata,,platform
dbo,iso_labdict,,1,0,检验信息系统（源端）,,,live_metadata,,platform
dbo,iso_labmonitor,,0,0,检验信息系统（源端）,,,live_metadata,,platform
dbo,iso_lischeck_record,,3,0,检验信息系统（源端）,,,live_metadata,,platform
dbo,iso_lisfault,,2,0,检验信息系统（源端）,,,live_metadata,,platform
dbo,iso_lisservice,,4,0,检验信息系统（源端）,,,live_metadata,,platform
dbo,iso_lisverify,,1,0,检验信息系统（源端）,,,live_metadata,,platform
dbo,iso_notsuitrpt,,0,0,检验信息系统（源端）,,,live_metadata,,platform
dbo,iso_oralapplyrpt,,0,0,检验信息系统（源端）,,,live_metadata,,platform
dbo,iso_relayrpt,,0,0,检验信息系统（源端）,,,live_metadata,,platform
dbo,iso_samplesave,,0,0,检验信息系统（源端）,,,live_metadata,,platform
dbo,iso_sheet,,74,0,检验信息系统（源端）,,,live_metadata,,platform
dbo,iso_sheetinputcontent,,357105,0,检验信息系统（源端）,,,live_metadata,,platform
dbo,iso_sheetinputlog,,41515,0,检验信息系统（源端）,,,live_metadata,,platform
dbo,iso_sheetinputmain,,40791,0,检验信息系统（源端）,,,live_metadata,,platform
dbo,iso_sheetplancontent,,450,0,检验信息系统（源端）,,,live_metadata,,platform
dbo,iso_sheetplanlog,,48683,0,检验信息系统（源端）,,,live_metadata,,platform
dbo,iso_sheetplanuser,,184,0,检验信息系统（源端）,,,live_metadata,,platform
dbo,iso_sheetrecord,,2,0,检验信息系统（源端）,,,live_metadata,,platform
dbo,iso_tableindex,,10,0,检验信息系统（源端）,,,live_metadata,,platform
dbo,iso_terms,,195,0,检验信息系统（源端）,,,live_metadata,,platform
dbo,iso_version,,1,0,检验信息系统（源端）,,,live_metadata,,platform
dbo,job_object,,0,0,检验信息系统（源端）,,,live_metadata,,platform
dbo,job_powerauth,,0,0,检验信息系统（源端）,,,live_metadata,,platform
dbo,job_powerdict,,33,0,检验信息系统（源端）,,,live_metadata,,platform
dbo,job_quickmenu,,0,0,检验信息系统（源端）,,,live_metadata,,platform
dbo,lab_alertcompliance,,0,0,检验信息系统（源端）,,,live_metadata,,platform
dbo,lab_alertouthoursvsreqdept,,2,0,检验信息系统（源端）,,,live_metadata,,platform
dbo,lab_alerttemplate,,0,0,检验信息系统（源端）,,,live_metadata,,platform
dbo,lab_alerttmp,,30545,0,检验信息系统（源端）,,,live_metadata,,platform
dbo,lab_autocheck_setting,,0,0,检验信息系统（源端）,,,live_metadata,,platform
dbo,lab_autochk_start,,0,0,检验信息系统（源端）,,,live_metadata,,platform
dbo,lab_autonorule,,0,0,检验信息系统（源端）,,,live_metadata,,platform
dbo,lab_autonoruledet,,0,0,检验信息系统（源端）,,,live_metadata,,platform
dbo,lab_autoprint_paper,,0,0,检验信息系统（源端）,,,live_metadata,,platform
dbo,lab_autosampleno,,0,0,检验信息系统（源端）,,,live_metadata,,platform
dbo,lab_barcodelink,,0,0,检验信息系统（源端）,,,live_metadata,,platform
dbo,lab_bindmdl,,0,0,检验信息系统（源端）,,,live_metadata,,platform
dbo,lab_bindmdl_detail,,0,0,检验信息系统（源端）,,,live_metadata,,platform
dbo,lab_calcguide,,0,0,检验信息系统（源端）,,,live_metadata,,platform
dbo,lab_checkrules,,31,0,检验信息系统（源端）,,,live_metadata,,platform
dbo,lab_collection,,0,0,检验信息系统（源端）,,,live_metadata,,platform
dbo,lab_commonmsgalert,,0,0,检验信息系统（源端）,,,live_metadata,,platform
dbo,lab_commonmsgalert1,,0,0,检验信息系统（源端）,,,live_metadata,,platform
dbo,lab_conformselfcheck,,0,0,检验信息系统（源端）,,,live_metadata,,platform
dbo,lab_deltacheck,,0,0,检验信息系统（源端）,,,live_metadata,,platform
dbo,lab_dilution,,0,0,检验信息系统（源端）,,,live_metadata,,platform
dbo,labdualdilution,,2809,0,检验信息系统（源端）,,,live_metadata,,platform
dbo,labdualsended,,5953,0,检验信息系统（源端）,,,live_metadata,,platform
dbo,labdualtask,,5971,0,检验信息系统（源端）,,,live_metadata,,platform
dbo,lab_exportcol_setting,,12,0,检验信息系统（源端）,,,live_metadata,,platform
dbo,lab_geneinputmdl,,0,0,检验信息系统（源端）,,,live_metadata,,platform
dbo,lab_genelocus,,0,0,检验信息系统（源端）,,,live_metadata,,platform
dbo,Lab_Gene_Locus,,0,0,检验信息系统（源端）,,,live_metadata,,platform
dbo,Lab_Gene_LocusGroup,,0,0,检验信息系统（源端）,,,live_metadata,,platform
dbo,Lab_Gene_ReqItem,,0,0,检验信息系统（源端）,,,live_metadata,,platform
dbo,lab_germcomment,,81,0,检验信息系统（源端）,,,live_metadata,,platform
dbo,lab_germkind,,37,0,检验信息系统（源端）,,,live_metadata,,platform
dbo,lab_germsheet,,0,0,检验信息系统（源端）,,,live_metadata,,platform
dbo,lab_group_rptitem,,0,0,检验信息系统（源端）,,,live_metadata,,platform
dbo,lab_groupvsreject,,0,0,检验信息系统（源端）,,,live_metadata,,platform
dbo,lab_handover,,6,0,检验信息系统（源端）,,,live_metadata,,platform
dbo,lab_handoverdefinfo,,0,0,检验信息系统（源端）,,,live_metadata,,platform
dbo,lab_handoverdet,,25,0,检验信息系统（源端）,,,live_metadata,,platform
dbo,lab_handoverinfo,,0,0,检验信息系统（源端）,,,live_metadata,,platform
dbo,labholiday,,0,0,检验信息系统（源端）,,,live_metadata,,platform
dbo,lab_inputmdl,,120,0,检验信息系统（源端）,,,live_metadata,,platform
dbo,lab_inputmdl_detail,,908,0,检验信息系统（源端）,,,live_metadata,,platform
dbo,lab_instralarmrule,,214,0,检验信息系统（源端）,,,live_metadata,,platform
dbo,lab_instrautosend,,0,0,检验信息系统（源端）,,,live_metadata,,platform
dbo,lab_instrcmd,,0,0,检验信息系统（源端）,,,live_metadata,,platform
dbo,labinstrcomlog,,0,0,检验信息系统（源端）,,,live_metadata,,platform
dbo,lab_instrdata,,70782712,0,检验信息系统（源端）,,,live_metadata,,platform
dbo,lab_instritem,,25328,0,检验信息系统（源端）,,,live_metadata,,platform
dbo,lab_instritemdest,,56,0,检验信息系统（源端）,,,live_metadata,,platform
dbo,lab_instrmodule_middle,,2,0,检验信息系统（源端）,,,live_metadata,,platform
dbo,lab_instrspecnoexec,,1010,0,检验信息系统（源端）,,,live_metadata,,platform
dbo,lab_instrstatus,,0,0,检验信息系统（源端）,,,live_metadata,,platform
dbo,lab_instr_txtinfo,,3461,0,检验信息系统（源端）,,,live_metadata,,platform
dbo,lab_instrument,,88,0,检验信息系统（源端）,,,live_metadata,,platform
dbo,lab_instrument_dev,,0,0,检验信息系统（源端）,,,live_metadata,,platform
dbo,lab_itemcomb,,5,0,检验信息系统（源端）,,,live_metadata,,platform
dbo,lab_itemcomb_detail,,17,0,检验信息系统（源端）,,,live_metadata,,platform
dbo,lab_itemtransspecimen,,5,0,检验信息系统（源端）,,,live_metadata,,platform
dbo,lab_mark_rule,,0,0,检验信息系统（源端）,,,live_metadata,,platform
dbo,lab_med,,283,0,检验信息系统（源端）,,,live_metadata,,platform
dbo,lab_medaddcharge,,0,0,检验信息系统（源端）,,,live_metadata,,platform
dbo,lab_medclass,,0,0,检验信息系统（源端）,,,live_metadata,,platform
dbo,lab_medclassdetail,,0,0,检验信息系统（源端）,,,live_metadata,,platform
dbo,lab_medgroup,,103,0,检验信息系统（源端）,,,live_metadata,,platform
dbo,lab_medgroupdetail,,833,0,检验信息系统（源端）,,,live_metadata,,platform
dbo,lab_medinterno,,115,0,检验信息系统（源端）,,,live_metadata,,platform
dbo,lab_medmodel,,0,0,检验信息系统（源端）,,,live_metadata,,platform
dbo,lab_medmodeldetail,,0,0,检验信息系统（源端）,,,live_metadata,,platform
dbo,lab_medref,,4279,0,检验信息系统（源端）,,,live_metadata,,platform
dbo,lab_multiitem,,0,0,检验信息系统（源端）,,,live_metadata,,platform
dbo,lab_multiitem_detail,,0,0,检验信息系统（源端）,,,live_metadata,,platform
dbo,lab_multiitemrule,,4,0,检验信息系统（源端）,,,live_metadata,,platform
dbo,lab_multiitemrule_action,,0,0,检验信息系统（源端）,,,live_metadata,,platform
dbo,lab_multiitemrule_item,,2,0,检验信息系统（源端）,,,live_metadata,,platform
dbo,lab_oldpdfreport,,18,0,检验信息系统（源端）,,,live_metadata,,platform
dbo,lab_option,,6471,0,检验信息系统（源端）,,,live_metadata,,platform
dbo,lab_outitemlink,,232,0,检验信息系统（源端）,,,live_metadata,,platform
dbo,lab_pdfreport,,51013,0,检验信息系统（源端）,,,live_metadata,,platform
dbo,lab_power,,5917,0,检验信息系统（源端）,,,live_metadata,,platform
dbo,lab_powerdict,,35,0,检验信息系统（源端）,,,live_metadata,,platform
dbo,lab_quality_standard,,70,0,检验信息系统（源端）,,,live_metadata,,platform
dbo,lab_queryreport,,0,0,检验信息系统（源端）,,,live_metadata,,platform
dbo,lab_queryresult,,11,0,检验信息系统（源端）,,,live_metadata,,platform
dbo,lab_queryresult1,,68,0,检验信息系统（源端）,,,live_metadata,,platform
dbo,lab_queryresultmed,,0,0,检验信息系统（源端）,,,live_metadata,,platform
dbo,lab_queryresultmedde,,0,0,检验信息系统（源端）,,,live_metadata,,platform
dbo,lab_query_setting,,0,0,检验信息系统（源端）,,,live_metadata,,platform
dbo,lab_rechkuser_login,,63,0,检验信息系统（源端）,,,live_metadata,,platform
dbo,lab_rejectclassvs,,19,0,检验信息系统（源端）,,,live_metadata,,platform
dbo,lab_report,,2943314,0,检验信息系统（源端）,,,live_metadata,,platform
dbo,lab_report_alertcond,,1,0,检验信息系统（源端）,,,live_metadata,,platform
dbo,lab_report_autochk,,473089,0,检验信息系统（源端）,,,live_metadata,,platform
dbo,lab_report_chkmsg,,94190,0,检验信息系统（源端）,,,live_metadata,,platform
dbo,lab_reportgenus,,0,0,检验信息系统（源端）,,,live_metadata,,platform
dbo,lab_reportinfo,,0,0,检验信息系统（源端）,,,live_metadata,,platform
dbo,lab_reportlog,,6157089,0,检验信息系统（源端）,,,live_metadata,,platform
dbo,lab_reportlogdetail,,6366963,0,检验信息系统（源端）,,,live_metadata,,platform
dbo,lab_reportmark,,0,0,检验信息系统（源端）,,,live_metadata,,platform
dbo,lab_report_other,,290932,0,检验信息系统（源端）,,,live_metadata,,platform
dbo,Lab_Report_Pdf,,0,0,检验信息系统（源端）,,,live_metadata,,platform
dbo,lab_reportshow,,,0,检验信息系统（源端）,,,live_metadata,,platform
dbo,Lab_ReportUnChk_Record,,18345,0,检验信息系统（源端）,,,live_metadata,,platform
dbo,lab_report_viewlog,,72,0,检验信息系统（源端）,,,live_metadata,,platform
dbo,lab_reqitem_rptitem,,4657,0,检验信息系统（源端）,,,live_metadata,,platform
dbo,lab_reqitem_rptitemdetail,,0,0,检验信息系统（源端）,,,live_metadata,,platform
dbo,lab_reqitem_rptnotdual,,0,0,检验信息系统（源端）,,,live_metadata,,platform
dbo,lab_result,,40365961,0,检验信息系统（源端）,,,live_metadata,,platform
dbo,lab_result_addinfo,,298,0,检验信息系统（源端）,,,live_metadata,,platform
dbo,lab_resultalert,,11577,0,检验信息系统（源端）,,,live_metadata,,platform
dbo,lab_resultalertbf,,5342,0,检验信息系统（源端）,,,live_metadata,,platform
dbo,lab_resultalert_delay,,3,0,检验信息系统（源端）,,,live_metadata,,platform
dbo,lab_result_explain,,0,0,检验信息系统（源端）,,,live_metadata,,platform
dbo,lab_resultmed,,438760,0,检验信息系统（源端）,,,live_metadata,,platform
dbo,lab_resultmedres,,0,0,检验信息系统（源端）,,,live_metadata,,platform
dbo,lab_resultmethod,,0,0,检验信息系统（源端）,,,live_metadata,,platform
dbo,lab_resultshow,,,0,检验信息系统（源端）,,,live_metadata,,platform
dbo,lab_result_testno,,0,0,检验信息系统（源端）,,,live_metadata,,platform
dbo,lab_rightmenu,,4385,0,检验信息系统（源端）,,,live_metadata,,platform
dbo,lab_rptitem,,12763,0,检验信息系统（源端）,,,live_metadata,,platform
dbo,lab_rptitemalert,,77,0,检验信息系统（源端）,,,live_metadata,,platform
dbo,lab_rptitemalertkind,,0,0,检验信息系统（源端）,,,live_metadata,,platform
dbo,lab_rptitemauth,,0,0,检验信息系统（源端）,,,live_metadata,,platform
dbo,lab_rptitem_bak,,587,0,检验信息系统（源端）,,,live_metadata,,platform
dbo,lab_rptitem_base,,654,0,检验信息系统（源端）,,,live_metadata,,platform
dbo,lab_rptitemcalc,,0,0,检验信息系统（源端）,,,live_metadata,,platform
dbo,lab_rptitem_chkref,,0,0,检验信息系统（源端）,,,live_metadata,,platform
dbo,lab_rptitemclass,,47,0,检验信息系统（源端）,,,live_metadata,,platform
dbo,lab_rptitem_excode,,0,0,检验信息系统（源端）,,,live_metadata,,platform
dbo,lab_rptitem_explain,,0,0,检验信息系统（源端）,,,live_metadata,,platform
dbo,lab_rptitem_file,,0,0,检验信息系统（源端）,,,live_metadata,,platform
dbo,lab_rptitem_link,,0,0,检验信息系统（源端）,,,live_metadata,,platform
dbo,lab_rptitemmethod,,0,0,检验信息系统（源端）,,,live_metadata,,platform
dbo,lab_rptitem_mutex,,0,0,检验信息系统（源端）,,,live_metadata,,platform
dbo,lab_rptitem_redo,,0,0,检验信息系统（源端）,,,live_metadata,,platform
dbo,lab_rptitemref,,2740,0,检验信息系统（源端）,,,live_metadata,,platform
dbo,lab_rptitemval,,4200,0,检验信息系统（源端）,,,live_metadata,,platform
dbo,lab_rptitemval_alert,,0,0,检验信息系统（源端）,,,live_metadata,,platform
dbo,lab_rptitem_xjbak,,4559,0,检验信息系统（源端）,,,live_metadata,,platform
dbo,lab_rptmarrowclass,,11,0,检验信息系统（源端）,,,live_metadata,,platform
dbo,lab_rptstyle,,385,0,检验信息系统（源端）,,,live_metadata,,platform
dbo,lab_rptstyleunit,,56,0,检验信息系统（源端）,,,live_metadata,,platform
dbo,lab_rptunit,,105,0,检验信息系统（源端）,,,live_metadata,,platform
dbo,lab_rptunit_autonorule,,0,0,检验信息系统（源端）,,,live_metadata,,platform
dbo,lab_rptunit_comb,,0,0,检验信息系统（源端）,,,live_metadata,,platform
dbo,lab_rptunit_combdetail,,0,0,检验信息系统（源端）,,,live_metadata,,platform
dbo,lab_rptunit_comm,,112,0,检验信息系统（源端）,,,live_metadata,,platform
dbo,lab_rptunit_dayparm,,1,0,检验信息系统（源端）,,,live_metadata,,platform
dbo,lab_rptunit_extend,,0,0,检验信息系统（源端）,,,live_metadata,,platform
dbo,lab_rptunit_extendmode,,0,0,检验信息系统（源端）,,,live_metadata,,platform
dbo,lab_rptunitgroup,,8,0,检验信息系统（源端）,,,live_metadata,,platform
dbo,lab_rptunitgroupdetail,,95,0,检验信息系统（源端）,,,live_metadata,,platform
dbo,lab_rptunit_inputmdl,,519,0,检验信息系统（源端）,,,live_metadata,,platform
dbo,lab_rptunit_item,,41048,0,检验信息系统（源端）,,,live_metadata,,platform
dbo,lab_rptunit_mark,,0,0,检验信息系统（源端）,,,live_metadata,,platform
dbo,lab_rptunit_medgroup,,0,0,检验信息系统（源端）,,,live_metadata,,platform
dbo,lab_rptunit_recieveaddr,,0,0,检验信息系统（源端）,,,live_metadata,,platform
dbo,lab_rptunit_redomethod,,0,0,检验信息系统（源端）,,,live_metadata,,platform
dbo,lab_rptunit_reportcond,,0,0,检验信息系统（源端）,,,live_metadata,,platform
dbo,lab_rptunit_reqdept,,0,0,检验信息系统（源端）,,,live_metadata,,platform
dbo,lab_rptunit_reqgroup,,4,0,检验信息系统（源端）,,,live_metadata,,platform
dbo,lab_rptunit_reqitem,,1459,0,检验信息系统（源端）,,,live_metadata,,platform
dbo,lab_rptunit_rptstyle,,72,0,检验信息系统（源端）,,,live_metadata,,platform
dbo,lab_rptunit_sampledate,,55,0,检验信息系统（源端）,,,live_metadata,,platform
dbo,lab_rptunit_sampleno,,14,0,检验信息系统（源端）,,,live_metadata,,platform
dbo,lab_rptunit_sign,,1232,0,检验信息系统（源端）,,,live_metadata,,platform
dbo,lab_rptunit_smpnogoto,,0,0,检验信息系统（源端）,,,live_metadata,,platform
dbo,lab_rptunit_specimen,,0,0,检验信息系统（源端）,,,live_metadata,,platform
dbo,lab_rptunit_transfer,,0,0,检验信息系统（源端）,,,live_metadata,,platform
dbo,lab_rptunit_txtinfo,,26,0,检验信息系统（源端）,,,live_metadata,,platform
dbo,lab_soppdf,,1,0,检验信息系统（源端）,,,live_metadata,,platform
dbo,lab_specialpat,,0,0,检验信息系统（源端）,,,live_metadata,,platform
dbo,lab_specialpat_concernitem,,0,0,检验信息系统（源端）,,,live_metadata,,platform
dbo,lab_tatseting,,0,0,检验信息系统（源端）,,,live_metadata,,platform
dbo,lab_transresult,,141,0,检验信息系统（源端）,,,live_metadata,,platform
dbo,lab_transresultmed,,0,0,检验信息系统（源端）,,,live_metadata,,platform
dbo,lab_unrechkreq,,0,0,检验信息系统（源端）,,,live_metadata,,platform
dbo,lab_whonettemp,,229,0,检验信息系统（源端）,,,live_metadata,,platform
dbo,lib_action,,0,0,检验信息系统（源端）,,,live_metadata,,platform
dbo,lib_action_vs,,0,0,检验信息系统（源端）,,,live_metadata,,platform
dbo,lib_item,,243,0,检验信息系统（源端）,,,live_metadata,,platform
dbo,lib_item_diag,,0,0,检验信息系统（源端）,,,live_metadata,,platform
dbo,lib_item_info,,956,0,检验信息系统（源端）,,,live_metadata,,platform
dbo,lib_item_sex,,0,0,检验信息系统（源端）,,,live_metadata,,platform
dbo,lib_item_specimen,,0,0,检验信息系统（源端）,,,live_metadata,,platform
dbo,lib_item_value,,0,0,检验信息系统（源端）,,,live_metadata,,platform
dbo,lib_item_value_vs,,0,0,检验信息系统（源端）,,,live_metadata,,platform
dbo,lib_item_vs,,570,0,检验信息系统（源端）,,,live_metadata,,platform
dbo,lib_rule,,0,0,检验信息系统（源端）,,,live_metadata,,platform
dbo,lib_rules,,0,0,检验信息系统（源端）,,,live_metadata,,platform
dbo,lib_rules_vs,,0,0,检验信息系统（源端）,,,live_metadata,,platform
dbo,LIS_BLD_MatchMain,,,0,检验信息系统（源端）,,,live_metadata,,platform
dbo,LIS_CS_EXAMINE_ITEM_MAP,,1094,0,检验信息系统（源端）,,,live_metadata,,platform
dbo,LOG_MST,日志表,3591903,0,ECG,,,live_metadata,,platform
dbo,MEASUREMENT_TBL,,393537,0,ECG,,,live_metadata,,platform
dbo,MEDIA_HOST_MST,媒质主机表字典表,0,0,ECG,,,live_metadata,,platform
dbo,MEDIA_MST,媒质字典表,4,0,ECG,,,live_metadata,,platform
dbo,msg_data,,0,0,检验信息系统（源端）,,,live_metadata,,platform
dbo,msg_outpscreen,,0,0,检验信息系统（源端）,,,live_metadata,,platform
dbo,msg_rec,,0,0,检验信息系统（源端）,,,live_metadata,,platform
dbo,nbd_data_appuser,,0,0,检验信息系统（源端）,,,live_metadata,,platform
dbo,nbd_data_bagback,,0,0,检验信息系统（源端）,,,live_metadata,,platform
dbo,nbd_data_bagdestroy,,0,0,检验信息系统（源端）,,,live_metadata,,platform
dbo,nbd_data_barcode2libno,,0,0,检验信息系统（源端）,,,live_metadata,,platform
dbo,nbd_data_changedept,,0,0,检验信息系统（源端）,,,live_metadata,,platform
dbo,nbd_data_doctornotice,,0,0,检验信息系统（源端）,,,live_metadata,,platform
dbo,nbd_data_evals,,0,0,检验信息系统（源端）,,,live_metadata,,platform
dbo,nbd_data_get,,0,0,检验信息系统（源端）,,,live_metadata,,platform
dbo,nbd_data_getcompdetail,,0,0,检验信息系统（源端）,,,live_metadata,,platform
dbo,nbd_data_getdetail,,0,0,检验信息系统（源端）,,,live_metadata,,platform
dbo,nbd_data_gethistory,,0,0,检验信息系统（源端）,,,live_metadata,,platform
dbo,nbd_data_getprint,,0,0,检验信息系统（源端）,,,live_metadata,,platform
dbo,nbd_data_grid,,17274,0,检验信息系统（源端）,,,live_metadata,,platform
dbo,nbd_data_hismsg,,0,0,检验信息系统（源端）,,,live_metadata,,platform
dbo,nbd_data_hisoppats,,0,0,检验信息系统（源端）,,,live_metadata,,platform
dbo,nbd_data_hsrecord,,0,0,检验信息系统（源端）,,,live_metadata,,platform
dbo,nbd_data_hsrecordmain,,0,0,检验信息系统（源端）,,,live_metadata,,platform
dbo,nbd_data_infusiontemp,,0,0,检验信息系统（源端）,,,live_metadata,,platform
dbo,nbd_data_inpatient,,0,0,检验信息系统（源端）,,,live_metadata,,platform
dbo,nbd_data_labreport,,0,0,检验信息系统（源端）,,,live_metadata,,platform
dbo,nbd_data_labreport_bak,,0,0,检验信息系统（源端）,,,live_metadata,,platform
dbo,nbd_data_lispdfreport,,0,0,检验信息系统（源端）,,,live_metadata,,platform
dbo,nbd_data_localsettings,,397,0,检验信息系统（源端）,,,live_metadata,,platform
dbo,nbd_data_log,,170,0,检验信息系统（源端）,,,live_metadata,,platform
dbo,nbd_data_matchlib,,0,0,检验信息系统（源端）,,,live_metadata,,platform
dbo,nbd_data_msg,,0,0,检验信息系统（源端）,,,live_metadata,,platform
dbo,nbd_data_oppats,,0,0,检验信息系统（源端）,,,live_metadata,,platform
dbo,nbd_data_outofstock,,0,0,检验信息系统（源端）,,,live_metadata,,platform
dbo,nbd_data_patientlog,,0,0,检验信息系统（源端）,,,live_metadata,,platform
dbo,nbd_data_patientlogdetail,,0,0,检验信息系统（源端）,,,live_metadata,,platform
dbo,nbd_data_patientout,,0,0,检验信息系统（源端）,,,live_metadata,,platform
dbo,nbd_data_patientoutdetail,,0,0,检验信息系统（源端）,,,live_metadata,,platform
dbo,nbd_data_pdfreport,,310,0,检验信息系统（源端）,,,live_metadata,,platform
dbo,nbd_data_plan,,0,0,检验信息系统（源端）,,,live_metadata,,platform
dbo,nbd_data_plandetail,,0,0,检验信息系统（源端）,,,live_metadata,,platform
dbo,nbd_data_planmsg,,0,0,检验信息系统（源端）,,,live_metadata,,platform
dbo,nbd_data_prntset,,563,0,检验信息系统（源端）,,,live_metadata,,platform
dbo,nbd_data_qrcadata,,0,0,检验信息系统（源端）,,,live_metadata,,platform
dbo,nbd_data_scrap,,0,0,检验信息系统（源端）,,,live_metadata,,platform
dbo,nbd_data_sxklog,,5,0,检验信息系统（源端）,,,live_metadata,,platform
dbo,nbd_data_tempdatas,,0,0,检验信息系统（源端）,,,live_metadata,,platform
dbo,nbd_data_tempinfusion,,0,0,检验信息系统（源端）,,,live_metadata,,platform
dbo,nbd_data_testimonial,,0,0,检验信息系统（源端）,,,live_metadata,,platform
dbo,nbd_data_trust,,0,0,检验信息系统（源端）,,,live_metadata,,platform
dbo,nbd_data_userlogin,,1320,0,检验信息系统（源端）,,,live_metadata,,platform
dbo,nbd_data_workstation,,882,0,检验信息系统（源端）,,,live_metadata,,platform
dbo,nbd_data_xxborders,,1,0,检验信息系统（源端）,,,live_metadata,,platform
dbo,nbd_dict_autoself,,0,0,检验信息系统（源端）,,,live_metadata,,platform
dbo,nbd_dict_blhg,,4,0,检验信息系统（源端）,,,live_metadata,,platform
dbo,nbd_dict_bsa,,4,0,检验信息系统（源端）,,,live_metadata,,platform
dbo,nbd_dict_cgknx,,0,0,检验信息系统（源端）,,,live_metadata,,platform
dbo,nbd_dict_clinicalitem,,15,0,检验信息系统（源端）,,,live_metadata,,platform
dbo,nbd_dict_clinicalmodal,,0,0,检验信息系统（源端）,,,live_metadata,,platform
dbo,nbd_dict_collectprocess,,0,0,检验信息系统（源端）,,,live_metadata,,platform
dbo,nbd_dict_consent,,0,0,检验信息系统（源端）,,,live_metadata,,platform
dbo,nbd_dict_deptsub,,0,0,检验信息系统（源端）,,,live_metadata,,platform
dbo,nbd_dict_diagnose,,0,0,检验信息系统（源端）,,,live_metadata,,platform
dbo,nbd_dict_doctorgrade,,0,0,检验信息系统（源端）,,,live_metadata,,platform
dbo,nbd_dict_drgs,,49,0,检验信息系统（源端）,,,live_metadata,,platform
dbo,nbd_dict_efficacyitem,,0,0,检验信息系统（源端）,,,live_metadata,,platform
dbo,nbd_dict_eval,,0,0,检验信息系统（源端）,,,live_metadata,,platform
dbo,nbd_dict_explain,,0,0,检验信息系统（源端）,,,live_metadata,,platform
dbo,nbd_dict_filtermodul,,0,0,检验信息系统（源端）,,,live_metadata,,platform
dbo,nbd_dict_hosplisitem,,0,0,检验信息系统（源端）,,,live_metadata,,platform
dbo,nbd_dict_hsitems,,12,0,检验信息系统（源端）,,,live_metadata,,platform
dbo,nbd_dict_icebox,,0,0,检验信息系统（源端）,,,live_metadata,,platform
dbo,nbd_dict_lisitem,,42,0,检验信息系统（源端）,,,live_metadata,,platform
dbo,nbd_dict_lisstatus,,4,0,检验信息系统（源端）,,,live_metadata,,platform
dbo,nbd_dict_loadbalance,,0,0,检验信息系统（源端）,,,live_metadata,,platform
dbo,nbd_dict_offline,,31,0,检验信息系统（源端）,,,live_metadata,,platform
dbo,nbd_dict_opavg,,0,0,检验信息系统（源端）,,,live_metadata,,platform
dbo,nbd_dict_oproom,,0,0,检验信息系统（源端）,,,live_metadata,,platform
dbo,nbd_dict_processmethod,,4,0,检验信息系统（源端）,,,live_metadata,,platform
dbo,nbd_dict_qcitem,,0,0,检验信息系统（源端）,,,live_metadata,,platform
dbo,nbd_dict_qcitemvalue,,0,0,检验信息系统（源端）,,,live_metadata,,platform
dbo,nbd_dict_reainquire,,15,0,检验信息系统（源端）,,,live_metadata,,platform
dbo,nbd_dict_reamodal,,0,0,检验信息系统（源端）,,,live_metadata,,platform
dbo,nbd_dict_reanurse,,0,0,检验信息系统（源端）,,,live_metadata,,platform
dbo,nbd_dict_reasymptom,,25,0,检验信息系统（源端）,,,live_metadata,,platform
dbo,nbd_dict_reqitem,,3,0,检验信息系统（源端）,,,live_metadata,,platform
dbo,nbd_dict_risk,,16,0,检验信息系统（源端）,,,live_metadata,,platform
dbo,nbd_dict_rules,,730,0,检验信息系统（源端）,,,live_metadata,,platform
dbo,nbd_dict_statreport,,0,0,检验信息系统（源端）,,,live_metadata,,platform
dbo,nbd_dict_store,,0,0,检验信息系统（源端）,,,live_metadata,,platform
dbo,nbd_dict_tdfa,,5,0,检验信息系统（源端）,,,live_metadata,,platform
dbo,nbd_dict_tegrules,,3,0,检验信息系统（源端）,,,live_metadata,,platform
dbo,nbd_dict_transobjecttive,,9,0,检验信息系统（源端）,,,live_metadata,,platform
dbo,nbd_dict_transproperties,,4,0,检验信息系统（源端）,,,live_metadata,,platform
dbo,nbd_dict_userquestion,,0,0,检验信息系统（源端）,,,live_metadata,,platform
dbo,nbd_dict_volume,,246,0,检验信息系统（源端）,,,live_metadata,,platform
dbo,nbd_dict_zlxg,,0,0,检验信息系统（源端）,,,live_metadata,,platform
dbo,nbd_dict_zsk,,0,0,检验信息系统（源端）,,,live_metadata,,platform
dbo,nbd_order_appclinicaldetail,,0,0,检验信息系统（源端）,,,live_metadata,,platform
dbo,nbd_order_appraisal,,0,0,检验信息系统（源端）,,,live_metadata,,platform
dbo,nbd_order_apprrules,,0,0,检验信息系统（源端）,,,live_metadata,,platform
dbo,nbd_order_casign,,0,0,检验信息系统（源端）,,,live_metadata,,platform
dbo,nbd_order_collectplan,,0,0,检验信息系统（源端）,,,live_metadata,,platform
dbo,nbd_order_collectprocess,,0,0,检验信息系统（源端）,,,live_metadata,,platform
dbo,nbd_order_confirm,,0,0,检验信息系统（源端）,,,live_metadata,,platform
dbo,nbd_order_confirmdetail,,0,0,检验信息系统（源端）,,,live_metadata,,platform
dbo,nbd_order_consent,,0,0,检验信息系统（源端）,,,live_metadata,,platform
dbo,nbd_order_consentdetail,,0,0,检验信息系统（源端）,,,live_metadata,,platform
dbo,nbd_order_detail,,0,0,检验信息系统（源端）,,,live_metadata,,platform
dbo,nbd_order_evaluation,,0,0,检验信息系统（源端）,,,live_metadata,,platform
dbo,nbd_order_graph,,0,0,检验信息系统（源端）,,,live_metadata,,platform
dbo,nbd_order_informappcdetail,,0,0,检验信息系统（源端）,,,live_metadata,,platform
dbo,nbd_order_informappraisal,,4,0,检验信息系统（源端）,,,live_metadata,,platform
dbo,nbd_order_informapprules,,0,0,检验信息系统（源端）,,,live_metadata,,platform
dbo,nbd_order_infusion,,0,0,检验信息系统（源端）,,,live_metadata,,platform
dbo,nbd_order_infusiondetail,,0,0,检验信息系统（源端）,,,live_metadata,,platform
dbo,nbd_order_inspect,,0,0,检验信息系统（源端）,,,live_metadata,,platform
dbo,nbd_order_itemdetail,,0,0,检验信息系统（源端）,,,live_metadata,,platform
dbo,nbd_order_itemresult,,0,0,检验信息系统（源端）,,,live_metadata,,platform
dbo,nbd_order_massorders,,0,0,检验信息系统（源端）,,,live_metadata,,platform
dbo,nbd_order_master,,0,0,检验信息系统（源端）,,,live_metadata,,platform
dbo,nbd_order_patient,,0,0,检验信息系统（源端）,,,live_metadata,,platform
dbo,nbd_order_patinfo,,0,0,检验信息系统（源端）,,,live_metadata,,platform
dbo,nbd_order_reaction,,0,0,检验信息系统（源端）,,,live_metadata,,platform
dbo,nbd_order_reactiondetail,,0,0,检验信息系统（源端）,,,live_metadata,,platform
dbo,nbd_order_show,,,0,检验信息系统（源端）,,,live_metadata,,platform
dbo,nbd_order_transitbags,,0,0,检验信息系统（源端）,,,live_metadata,,platform
dbo,nbd_order_transitbags_bak,,0,0,检验信息系统（源端）,,,live_metadata,,platform
dbo,nbd_qc_data,,0,0,检验信息系统（源端）,,,live_metadata,,platform
dbo,nbd_qc_itemparam,,0,0,检验信息系统（源端）,,,live_metadata,,platform
dbo,nbd_qc_matchbld,,0,0,检验信息系统（源端）,,,live_metadata,,platform
dbo,nbd_qc_param,,0,0,检验信息系统（源端）,,,live_metadata,,platform
dbo,nbd_sys_auth,,0,0,检验信息系统（源端）,,,live_metadata,,platform
dbo,nbd_sys_flowcomp,,0,0,检验信息系统（源端）,,,live_metadata,,platform
dbo,nbd_sys_flowdetail,,81,0,检验信息系统（源端）,,,live_metadata,,platform
dbo,nbd_sys_flows,,8,0,检验信息系统（源端）,,,live_metadata,,platform
dbo,nbd_sys_flowtext,,0,0,检验信息系统（源端）,,,live_metadata,,platform
dbo,nbd_sys_inputconfig,,239,0,检验信息系统（源端）,,,live_metadata,,platform
dbo,nbd_sys_module,,187,0,检验信息系统（源端）,,,live_metadata,,platform
dbo,nbd_sys_nursemodule,,0,0,检验信息系统（源端）,,,live_metadata,,platform
dbo,nbd_sys_printconfig,,74,0,检验信息系统（源端）,,,live_metadata,,platform
dbo,nbd_sys_qctarget,,23,0,检验信息系统（源端）,,,live_metadata,,platform
dbo,nbd_sys_quickmenu,,7,0,检验信息系统（源端）,,,live_metadata,,platform
dbo,nbd_sys_sxkmsg,,13,0,检验信息系统（源端）,,,live_metadata,,platform
dbo,nbd_sys_zrtarget,,0,0,检验信息系统（源端）,,,live_metadata,,platform
dbo,nbd_temp_hisoppatient,,0,0,检验信息系统（源端）,,,live_metadata,,platform
dbo,nbd_temp_operatepatient,,0,0,检验信息系统（源端）,,,live_metadata,,platform
dbo,nbd_temp_operatepatient_tb,,0,0,检验信息系统（源端）,,,live_metadata,,platform
dbo,nbd_temp_zb,,0,0,检验信息系统（源端）,,,live_metadata,,platform
dbo,nbd_temp_zb_tb,,0,0,检验信息系统（源端）,,,live_metadata,,platform
dbo,off_class,,84,0,检验信息系统（源端）,,,live_metadata,,platform
dbo,off_classassign,,10402,0,检验信息系统（源端）,,,live_metadata,,platform
dbo,off_classassignlog,,14109,0,检验信息系统（源端）,,,live_metadata,,platform
dbo,off_classio,,0,0,检验信息系统（源端）,,,live_metadata,,platform
dbo,off_classnotes,,0,0,检验信息系统（源端）,,,live_metadata,,platform
dbo,off_classset,,0,0,检验信息系统（源端）,,,live_metadata,,platform
dbo,off_communicate,,0,0,检验信息系统（源端）,,,live_metadata,,platform
dbo,off_complaint,,0,0,检验信息系统（源端）,,,live_metadata,,platform
dbo,off_complaintfile,,0,0,检验信息系统（源端）,,,live_metadata,,platform
dbo,off_devadjustfactor,,0,0,检验信息系统（源端）,,,live_metadata,,platform
dbo,off_devcheckaccept,,0,0,检验信息系统（源端）,,,live_metadata,,platform
dbo,off_devcheckacceptfile,,0,0,检验信息系统（源端）,,,live_metadata,,platform
dbo,off_devcheckdetail,,0,0,检验信息系统（源端）,,,live_metadata,,platform
dbo,off_devcheckmain,,0,0,检验信息系统（源端）,,,live_metadata,,platform
dbo,off_devclass,,9,0,检验信息系统（源端）,,,live_metadata,,platform
dbo,off_devdispatch,,0,0,检验信息系统（源端）,,,live_metadata,,platform
dbo,off_devempower,,0,0,检验信息系统（源端）,,,live_metadata,,platform
dbo,off_devevent,,0,0,检验信息系统（源端）,,,live_metadata,,platform
dbo,off_devfile,,1,0,检验信息系统（源端）,,,live_metadata,,platform
dbo,off_device,,229,0,检验信息系统（源端）,,,live_metadata,,platform
dbo,off_deviceimg,,0,0,检验信息系统（源端）,,,live_metadata,,platform
dbo,off_devmaint,,122874,0,检验信息系统（源端）,,,live_metadata,,platform
dbo,off_devmaintassess,,0,0,检验信息系统（源端）,,,live_metadata,,platform
dbo,off_devmaintdet,,468648,0,检验信息系统（源端）,,,live_metadata,,platform
dbo,off_devmaintlog,,42801,0,检验信息系统（源端）,,,live_metadata,,platform
dbo,off_devmaintplan,,358,0,检验信息系统（源端）,,,live_metadata,,platform
dbo,off_devmaintplandet,,989,0,检验信息系统（源端）,,,live_metadata,,platform
dbo,off_devmaintplandetail,,114025,0,检验信息系统（源端）,,,live_metadata,,platform
dbo,off_devmaintplanuser,,2927,0,检验信息系统（源端）,,,live_metadata,,platform
dbo,off_devmodifydetail,,0,0,检验信息系统（源端）,,,live_metadata,,platform
dbo,off_devmodifymain,,0,0,检验信息系统（源端）,,,live_metadata,,platform
dbo,off_devorg,,1,0,检验信息系统（源端）,,,live_metadata,,platform
dbo,off_devparts,,0,0,检验信息系统（源端）,,,live_metadata,,platform
dbo,off_devpricetag,,0,0,检验信息系统（源端）,,,live_metadata,,platform
dbo,off_devretire,,0,0,检验信息系统（源端）,,,live_metadata,,platform
dbo,off_devsafecheck,,1,0,检验信息系统（源端）,,,live_metadata,,platform
dbo,off_devscrap,,0,0,检验信息系统（源端）,,,live_metadata,,platform
dbo,off_devservice,,2,0,检验信息系统（源端）,,,live_metadata,,platform
dbo,off_devservicefile,,0,0,检验信息系统（源端）,,,live_metadata,,platform
dbo,off_devtrainfile,,0,0,检验信息系统（源端）,,,live_metadata,,platform
dbo,off_devuse,,0,0,检验信息系统（源端）,,,live_metadata,,platform
dbo,off_employee_class,,23,0,检验信息系统（源端）,,,live_metadata,,platform
dbo,off_emply_acaconfer,,0,0,检验信息系统（源端）,,,live_metadata,,platform
dbo,off_emply_accident,,0,0,检验信息系统（源端）,,,live_metadata,,platform
dbo,off_emply_apply,,0,0,检验信息系统（源端）,,,live_metadata,,platform
dbo,off_emply_archieve,,0,0,检验信息系统（源端）,,,live_metadata,,platform
dbo,off_emply_book,,1,0,检验信息系统（源端）,,,live_metadata,,platform
dbo,off_emply_certif,,2,0,检验信息系统（源端）,,,live_metadata,,platform
dbo,off_emply_continue,,0,0,检验信息系统（源端）,,,live_metadata,,platform
dbo,off_emply_continue_detail,,0,0,检验信息系统（源端）,,,live_metadata,,platform
dbo,off_emply_course,,0,0,检验信息系统（源端）,,,live_metadata,,platform
dbo,off_emply_cycle,,29,0,检验信息系统（源端）,,,live_metadata,,platform
dbo,off_emply_health,,1,0,检验信息系统（源端）,,,live_metadata,,platform
dbo,off_emply_healthdet,,3,0,检验信息系统（源端）,,,live_metadata,,platform
dbo,off_emply_holiday,,0,0,检验信息系统（源端）,,,live_metadata,,platform
dbo,off_emply_issue,,0,0,检验信息系统（源端）,,,live_metadata,,platform
dbo,off_emply_leaverecord,,2,0,检验信息系统（源端）,,,live_metadata,,platform
dbo,off_emply_medical,,1,0,检验信息系统（源端）,,,live_metadata,,platform
dbo,off_emply_paper,,4,0,检验信息系统（源端）,,,live_metadata,,platform
dbo,off_emply_patent,,0,0,检验信息系统（源端）,,,live_metadata,,platform
dbo,off_emply_plan,,0,0,检验信息系统（源端）,,,live_metadata,,platform
dbo,off_emply_plandetail,,0,0,检验信息系统（源端）,,,live_metadata,,platform
dbo,off_emply_review,,0,0,检验信息系统（源端）,,,live_metadata,,platform
dbo,off_emply_reward,,0,0,检验信息系统（源端）,,,live_metadata,,platform
dbo,off_emply_statclass,,0,0,检验信息系统（源端）,,,live_metadata,,platform
dbo,off_emply_statclass_compare,,0,0,检验信息系统（源端）,,,live_metadata,,platform
dbo,off_emply_statclass_count,,0,0,检验信息系统（源端）,,,live_metadata,,platform
dbo,off_emply_study,,2,0,检验信息系统（源端）,,,live_metadata,,platform
dbo,off_emply_teach,,6,0,检验信息系统（源端）,,,live_metadata,,platform
dbo,off_emply_teachexp,,0,0,检验信息系统（源端）,,,live_metadata,,platform
dbo,off_emply_title,,0,0,检验信息系统（源端）,,,live_metadata,,platform
dbo,off_emply_train,,0,0,检验信息系统（源端）,,,live_metadata,,platform
dbo,off_emply_work,,24,0,检验信息系统（源端）,,,live_metadata,,platform
dbo,off_fileapply,,0,0,检验信息系统（源端）,,,live_metadata,,platform
dbo,off_fileauth,,13935,0,检验信息系统（源端）,,,live_metadata,,platform
dbo,off_fileclass,,88,0,检验信息系统（源端）,,,live_metadata,,platform
dbo,off_fileclassdefaultviewuser,,0,0,检验信息系统（源端）,,,live_metadata,,platform
dbo,off_fileclasslog,,128,0,检验信息系统（源端）,,,live_metadata,,platform
dbo,off_filelink,,0,0,检验信息系统（源端）,,,live_metadata,,platform
dbo,off_filepush,,805,0,检验信息系统（源端）,,,live_metadata,,platform
dbo,off_fileremindinfo,,4,0,检验信息系统（源端）,,,live_metadata,,platform
dbo,off_filerevise,,1,0,检验信息系统（源端）,,,live_metadata,,platform
dbo,off_filereviselog,,0,0,检验信息系统（源端）,,,live_metadata,,platform
dbo,off_filerole,,15,0,检验信息系统（源端）,,,live_metadata,,platform
dbo,off_files,,1573,0,检验信息系统（源端）,,,live_metadata,,platform
dbo,off_fileslog,,4129,0,检验信息系统（源端）,,,live_metadata,,platform
dbo,off_fileviewrecord,,728,0,检验信息系统（源端）,,,live_metadata,,platform
dbo,off_flowline,,0,0,检验信息系统（源端）,,,live_metadata,,platform
dbo,off_flowmain,,0,0,检验信息系统（源端）,,,live_metadata,,platform
dbo,off_flownode,,0,0,检验信息系统（源端）,,,live_metadata,,platform
dbo,off_flownodeorgchainnode,,0,0,检验信息系统（源端）,,,live_metadata,,platform
dbo,off_flownodeperson,,0,0,检验信息系统（源端）,,,live_metadata,,platform
dbo,off_flowoper,,0,0,检验信息系统（源端）,,,live_metadata,,platform
dbo,off_mngmodapproval,,0,0,检验信息系统（源端）,,,live_metadata,,platform
dbo,off_onlyofficediff,,0,0,检验信息系统（源端）,,,live_metadata,,platform
dbo,off_onlyofficestatus,,0,0,检验信息系统（源端）,,,live_metadata,,platform
dbo,off_org,,0,0,检验信息系统（源端）,,,live_metadata,,platform
dbo,off_orgbound,,0,0,检验信息系统（源端）,,,live_metadata,,platform
dbo,off_orgperson,,0,0,检验信息系统（源端）,,,live_metadata,,platform
dbo,off_skillauth,,0,0,检验信息系统（源端）,,,live_metadata,,platform
dbo,off_skillauthdet,,0,0,检验信息系统（源端）,,,live_metadata,,platform
dbo,off_skillauth_dict,,1,0,检验信息系统（源端）,,,live_metadata,,platform
dbo,off_survey,,0,0,检验信息系统（源端）,,,live_metadata,,platform
dbo,off_surveydet,,0,0,检验信息系统（源端）,,,live_metadata,,platform
dbo,off_surveyplan,,0,0,检验信息系统（源端）,,,live_metadata,,platform
dbo,off_surveyplandet,,0,0,检验信息系统（源端）,,,live_metadata,,platform
dbo,oggtest,,5,0,检验信息系统（源端）,,,live_metadata,,platform
dbo,OLDlisitem,,1519,0,检验信息系统（源端）,,,live_metadata,,platform
dbo,ONLINE_USER_MST,,187434,0,ECG,,,live_metadata,,platform
dbo,OracleGGCleanupJobStatus,,1,0,检验信息系统（源端）,,,live_metadata,,platform
dbo,OracleGGExtractCheckpoint,,1,0,检验信息系统（源端）,,,live_metadata,,platform
dbo,OracleGGTranTables,,421636,0,检验信息系统（源端）,,,live_metadata,,platform
dbo,OracleGGVersion,,20,0,检验信息系统（源端）,,,live_metadata,,platform
dbo,ORDER_TBL,申请表,326955,0,ECG,,,live_metadata,,platform
dbo,page_catalog,,0,0,检验信息系统（源端）,,,live_metadata,,platform
dbo,PATIENT_CLASS_MST,病人类别字典,5,0,ECG,,,live_metadata,,platform
dbo,PATIENT_MST,病人信息维护表,16,0,ECG,,,live_metadata,,platform
dbo,pbcatcol,,6891,0,检验信息系统（源端）,,,live_metadata,,platform
dbo,pbcatedt,,21,0,检验信息系统（源端）,,,live_metadata,,platform
dbo,pbcatfmt,,20,0,检验信息系统（源端）,,,live_metadata,,platform
dbo,pbcattbl,,580,0,检验信息系统（源端）,,,live_metadata,,platform
dbo,pbcatvld,,0,0,检验信息系统（源端）,,,live_metadata,,platform
dbo,plan_dict,,93,0,检验信息系统（源端）,,,live_metadata,,platform
dbo,plan_dict_detail,,129,0,检验信息系统（源端）,,,live_metadata,,platform
dbo,plan_exec,,1438,0,检验信息系统（源端）,,,live_metadata,,platform
dbo,plan_exec_exception,,335495,0,检验信息系统（源端）,,,live_metadata,,platform
dbo,plan_exinter,,0,0,检验信息系统（源端）,,,live_metadata,,platform
dbo,plan_exinter1,,0,0,检验信息系统（源端）,,,live_metadata,,platform
dbo,plan_hischarge,,0,0,检验信息系统（源端）,,,live_metadata,,platform
dbo,plan_hischarge1,,0,0,检验信息系统（源端）,,,live_metadata,,platform
dbo,plan_hisinter,,22781,0,检验信息系统（源端）,,,live_metadata,,platform
dbo,plan_hisinter1,,3784158,0,检验信息系统（源端）,,,live_metadata,,platform
dbo,plan_hisinter_exec,,0,0,检验信息系统（源端）,,,live_metadata,,platform
dbo,poc_option,,0,0,检验信息系统（源端）,,,live_metadata,,platform
dbo,poc_skill,,0,0,检验信息系统（源端）,,,live_metadata,,platform
dbo,poc_skillinstr,,0,0,检验信息系统（源端）,,,live_metadata,,platform
dbo,poc_skillrptunit,,0,0,检验信息系统（源端）,,,live_metadata,,platform
dbo,poc_skilluser,,0,0,检验信息系统（源端）,,,live_metadata,,platform
dbo,pst_autostatconddic,,144,0,检验信息系统（源端）,,,live_metadata,,platform
dbo,pst_autostatcondition,,0,0,检验信息系统（源端）,,,live_metadata,,platform
dbo,pst_autostatdata,,0,0,检验信息系统（源端）,,,live_metadata,,platform
dbo,pst_autostatrule,,0,0,检验信息系统（源端）,,,live_metadata,,platform
dbo,pst_timetask,,0,0,检验信息系统（源端）,,,live_metadata,,platform
dbo,pub_cache,,0,0,检验信息系统（源端）,,,live_metadata,,platform
dbo,pub_tempcommdata,,0,0,检验信息系统（源端）,,,live_metadata,,platform
dbo,qc_aem_dict,,0,0,检验信息系统（源端）,,,live_metadata,,platform
dbo,qc_aem_register,,0,0,检验信息系统（源端）,,,live_metadata,,platform
dbo,qc_appraise,,25889,0,检验信息系统（源端）,,,live_metadata,,platform
dbo,qc_behavior_dict,,0,0,检验信息系统（源端）,,,live_metadata,,platform
dbo,qc_bldmatchqcs,,0,0,检验信息系统（源端）,,,live_metadata,,platform
dbo,qc_cclqcdata,,0,0,检验信息系统（源端）,,,live_metadata,,platform
dbo,qc_cclqcs,,0,0,检验信息系统（源端）,,,live_metadata,,platform
dbo,qc_cclregister,,0,0,检验信息系统（源端）,,,live_metadata,,platform
dbo,qc_cclregisterdata,,0,0,检验信息系统（源端）,,,live_metadata,,platform
dbo,qc_cclrptitem,,0,0,检验信息系统（源端）,,,live_metadata,,platform
dbo,qc_data,,622277,0,检验信息系统（源端）,,,live_metadata,,platform
dbo,qc_data_verify,,0,0,检验信息系统（源端）,,,live_metadata,,platform
dbo,qc_inforecord,,0,0,检验信息系统（源端）,,,live_metadata,,platform
dbo,qc_instritem,,708,0,检验信息系统（源端）,,,live_metadata,,platform
dbo,qc_instritemcv,,0,0,检验信息系统（源端）,,,live_metadata,,platform
dbo,qc_item,,5081,0,检验信息系统（源端）,,,live_metadata,,platform
dbo,qc_itemcalibinfo,,0,0,检验信息系统（源端）,,,live_metadata,,platform
dbo,qc_itemjudge,,3005,0,检验信息系统（源端）,,,live_metadata,,platform
dbo,qc_itemreaginfo,,0,0,检验信息系统（源端）,,,live_metadata,,platform
dbo,qc_item_todaystatus,,0,0,检验信息系统（源端）,,,live_metadata,,platform
dbo,qc_itemvalue,,7648,0,检验信息系统（源端）,,,live_metadata,,platform
dbo,qc_itemvalue_dynamic,,0,0,检验信息系统（源端）,,,live_metadata,,platform
dbo,qc_modifylog,,3680945,0,检验信息系统（源端）,,,live_metadata,,platform
dbo,qc_monthsummary,,840,0,检验信息系统（源端）,,,live_metadata,,platform
dbo,qc_qcitem_rptitem,,0,0,检验信息系统（源端）,,,live_metadata,,platform
dbo,qc_qcs,,1086,0,检验信息系统（源端）,,,live_metadata,,platform
dbo,qc_report,,0,0,检验信息系统（源端）,,,live_metadata,,platform
dbo,qc_report_appraise,,0,0,检验信息系统（源端）,,,live_metadata,,platform
dbo,qc_report_calib,,0,0,检验信息系统（源端）,,,live_metadata,,platform
dbo,qc_report_charts,,0,0,检验信息系统（源端）,,,live_metadata,,platform
dbo,qc_report_info,,0,0,检验信息系统（源端）,,,live_metadata,,platform
dbo,qc_report_linedata,,0,0,检验信息系统（源端）,,,live_metadata,,platform
dbo,qc_report_linedata2,,0,0,检验信息系统（源端）,,,live_metadata,,platform
dbo,qc_report_out,,0,0,检验信息系统（源端）,,,live_metadata,,platform
dbo,qc_report_qcdata,,0,0,检验信息系统（源端）,,,live_metadata,,platform
dbo,qc_report_reagent,,0,0,检验信息系统（源端）,,,live_metadata,,platform
dbo,qc_rule,,125,0,检验信息系统（源端）,,,live_metadata,,platform
dbo,qc_rulecomb,,0,0,检验信息系统（源端）,,,live_metadata,,platform
dbo,qc_samplenoconvert,,738,0,检验信息系统（源端）,,,live_metadata,,platform
dbo,qc_transresult,,15,0,检验信息系统（源端）,,,live_metadata,,platform
dbo,qc_westgard,,12,0,检验信息系统（源端）,,,live_metadata,,platform
dbo,QUALITY_ASSURANCE_REASON_MST,,0,0,ECG,,,live_metadata,,platform
dbo,QUALITY_ASSURANCE_TYPE_MST,,0,0,ECG,,,live_metadata,,platform
dbo,RACE_MST,种族字典,6,0,ECG,,,live_metadata,,platform
dbo,refusereason_extend,,6,0,检验信息系统（源端）,,,live_metadata,,platform
dbo,refusereason_memo,,0,0,检验信息系统（源端）,,,live_metadata,,platform
dbo,REGIONAL_RECIPIENT_INFO_TBL,,0,0,ECG,,,live_metadata,,platform
dbo,REGIONAL_REQUEST_INFO_TBL,,0,0,ECG,,,live_metadata,,platform
dbo,REMOTE_REPORTED_TBL,地区报告表,0,0,ECG,,,live_metadata,,platform
dbo,REPORT_HISTORY_TBL,报告历史表,317611,0,ECG,,,live_metadata,,platform
dbo,REPORT_TBL,报告表,301062,0,ECG,,,live_metadata,,platform
dbo,req_addlisresult,,0,0,检验信息系统（源端）,,,live_metadata,,platform
dbo,req_application_aind,,0,0,检验信息系统（源端）,,,live_metadata,,platform
dbo,req_applicationentry,,0,0,检验信息系统（源端）,,,live_metadata,,platform
dbo,req_applicationentry_detail,,0,0,检验信息系统（源端）,,,live_metadata,,platform
dbo,req_autofilecondition,,0,0,检验信息系统（源端）,,,live_metadata,,platform
dbo,req_autofilerule,,0,0,检验信息系统（源端）,,,live_metadata,,platform
dbo,req_autoruincondition,,0,0,检验信息系统（源端）,,,live_metadata,,platform
dbo,req_autoruinrule,,0,0,检验信息系统（源端）,,,live_metadata,,platform
dbo,req_barcodeprinthistory,,0,0,检验信息系统（源端）,,,live_metadata,,platform
dbo,req_barcoderule,,0,0,检验信息系统（源端）,,,live_metadata,,platform
dbo,req_change,,0,0,检验信息系统（源端）,,,live_metadata,,platform
dbo,req_changedreport,,0,0,检验信息系统（源端）,,,live_metadata,,platform
dbo,req_charge,,0,0,检验信息系统（源端）,,,live_metadata,,platform
dbo,req_check,,0,0,检验信息系统（源端）,,,live_metadata,,platform
dbo,req_collect,,255647,0,检验信息系统（源端）,,,live_metadata,,platform
dbo,req_collectarea,,0,0,检验信息系统（源端）,,,live_metadata,,platform
dbo,req_collectarea_rptunit,,0,0,检验信息系统（源端）,,,live_metadata,,platform
dbo,req_collectdict,,0,0,检验信息系统（源端）,,,live_metadata,,platform
dbo,req_collectdict_holiday,,0,0,检验信息系统（源端）,,,live_metadata,,platform
dbo,req_collected,,0,0,检验信息系统（源端）,,,live_metadata,,platform
dbo,req_collecteddetail,,0,0,检验信息系统（源端）,,,live_metadata,,platform
dbo,req_collectwindow,,0,0,检验信息系统（源端）,,,live_metadata,,platform
dbo,req_combitem,,1,0,检验信息系统（源端）,,,live_metadata,,platform
dbo,req_combitem_detail,,4,0,检验信息系统（源端）,,,live_metadata,,platform
dbo,req_compliance_duplicate,,0,0,检验信息系统（源端）,,,live_metadata,,platform
dbo,req_compliancerule,,0,0,检验信息系统（源端）,,,live_metadata,,platform
dbo,req_compliancerule_detail,,0,0,检验信息系统（源端）,,,live_metadata,,platform
dbo,req_detail,,3114455,0,检验信息系统（源端）,,,live_metadata,,platform
dbo,req_detail_delete,,0,0,检验信息系统（源端）,,,live_metadata,,platform
dbo,req_duplicateitem_detail,,0,0,检验信息系统（源端）,,,live_metadata,,platform
dbo,req_duplicateitem_pack,,0,0,检验信息系统（源端）,,,live_metadata,,platform
dbo,req_execctrl,,0,0,检验信息系统（源端）,,,live_metadata,,platform
dbo,req_form,,0,0,检验信息系统（源端）,,,live_metadata,,platform
dbo,req_form_detail,,0,0,检验信息系统（源端）,,,live_metadata,,platform
dbo,req_group,,51,0,检验信息系统（源端）,,,live_metadata,,platform
dbo,req_group_labelcopy,,1,0,检验信息系统（源端）,,,live_metadata,,platform
dbo,req_group_merge,,0,0,检验信息系统（源端）,,,live_metadata,,platform
dbo,req_group_nosmpdt,,0,0,检验信息系统（源端）,,,live_metadata,,platform
dbo,req_group_plan,,34,0,检验信息系统（源端）,,,live_metadata,,platform
dbo,req_group_reqtimedic,,0,0,检验信息系统（源端）,,,live_metadata,,platform
dbo,req_group_specimen,,21,0,检验信息系统（源端）,,,live_metadata,,platform
dbo,req_group_trans,,0,0,检验信息系统（源端）,,,live_metadata,,platform
dbo,req_healthcheck,,0,0,检验信息系统（源端）,,,live_metadata,,platform
dbo,req_hiscopy,,0,0,检验信息系统（源端）,,,live_metadata,,platform
dbo,req_hisorders_buffer,,0,0,检验信息系统（源端）,,,live_metadata,,platform
dbo,req_item_addrptitem,,0,0,检验信息系统（源端）,,,live_metadata,,platform
dbo,req_itemclass,,1,0,检验信息系统（源端）,,,live_metadata,,platform
dbo,req_item_collection,,0,0,检验信息系统（源端）,,,live_metadata,,platform
dbo,req_item_dependency,,0,0,检验信息系统（源端）,,,live_metadata,,platform
dbo,req_item_dict,,2865,0,检验信息系统（源端）,,,live_metadata,,platform
dbo,req_item_div,,0,0,检验信息系统（源端）,,,live_metadata,,platform
dbo,req_item_mutex,,32,0,检验信息系统（源端）,,,live_metadata,,platform
dbo,req_item_plan,,552,0,检验信息系统（源端）,,,live_metadata,,platform
dbo,req_item_specimen,,0,0,检验信息系统（源端）,,,live_metadata,,platform
dbo,req_log,,15535703,0,检验信息系统（源端）,,,live_metadata,,platform
dbo,req_lotcodedict,,0,0,检验信息系统（源端）,,,live_metadata,,platform
dbo,req_master,,2809767,0,检验信息系统（源端）,,,live_metadata,,platform
dbo,req_master_addinfo,,0,0,检验信息系统（源端）,,,live_metadata,,platform
dbo,req_master_all,,,0,检验信息系统（源端）,,,live_metadata,,platform
dbo,req_master_all_name,,,0,检验信息系统（源端）,,,live_metadata,,platform
dbo,req_master_all_reject_name,,,0,检验信息系统（源端）,,,live_metadata,,platform
dbo,req_master_div,,0,0,检验信息系统（源端）,,,live_metadata,,platform
dbo,req_masterflow,,0,0,检验信息系统（源端）,,,live_metadata,,platform
dbo,req_master_info,,0,0,检验信息系统（源端）,,,live_metadata,,platform
dbo,req_master_pat,,2809768,0,检验信息系统（源端）,,,live_metadata,,platform
dbo,req_mixsample,,42,0,检验信息系统（源端）,,,live_metadata,,platform
dbo,req_mixsmpdetail,,58,0,检验信息系统（源端）,,,live_metadata,,platform
dbo,req_monthlylimit,,0,0,检验信息系统（源端）,,,live_metadata,,platform
dbo,req_out,,0,0,检验信息系统（源端）,,,live_metadata,,platform
dbo,req_outdetail,,0,0,检验信息系统（源端）,,,live_metadata,,platform
dbo,req_out_rule,,0,0,检验信息系统（源端）,,,live_metadata,,platform
dbo,req_out_ruledet,,0,0,检验信息系统（源端）,,,live_metadata,,platform
dbo,req_prterstateinfo,,0,0,检验信息系统（源端）,,,live_metadata,,platform
dbo,req_queue,,0,0,检验信息系统（源端）,,,live_metadata,,platform
dbo,req_queuehistory,,0,0,检验信息系统（源端）,,,live_metadata,,platform
dbo,req_queuekind,,0,0,检验信息系统（源端）,,,live_metadata,,platform
dbo,req_queuekinditem,,0,0,检验信息系统（源端）,,,live_metadata,,platform
dbo,req_rcvarea_rptunit,,0,0,检验信息系统（源端）,,,live_metadata,,platform
dbo,req_rcvarea_timelimititems,,0,0,检验信息系统（源端）,,,live_metadata,,platform
dbo,req_rcvcomm,,1,0,检验信息系统（源端）,,,live_metadata,,platform
dbo,req_recievearea,,2,0,检验信息系统（源端）,,,live_metadata,,platform
dbo,req_refund_log,,0,0,检验信息系统（源端）,,,live_metadata,,platform
dbo,req_refund_reason,,0,0,检验信息系统（源端）,,,live_metadata,,platform
dbo,req_reject,,2096,0,检验信息系统（源端）,,,live_metadata,,platform
dbo,req_retspecimen,,0,0,检验信息系统（源端）,,,live_metadata,,platform
dbo,req_sampleflow,,0,0,检验信息系统（源端）,,,live_metadata,,platform
dbo,req_sampleflow_detail,,0,0,检验信息系统（源端）,,,live_metadata,,platform
dbo,req_sampleflow_req_group,,0,0,检验信息系统（源端）,,,live_metadata,,platform
dbo,req_sampleflow_req_item,,0,0,检验信息系统（源端）,,,live_metadata,,platform
dbo,req_sheet,,0,0,检验信息系统（源端）,,,live_metadata,,platform
dbo,req_sheet_ex,,0,0,检验信息系统（源端）,,,live_metadata,,platform
dbo,req_sheet_ex_items,,0,0,检验信息系统（源端）,,,live_metadata,,platform
dbo,req_sheet_items,,0,0,检验信息系统（源端）,,,live_metadata,,platform
dbo,req_trans,,547,0,检验信息系统（源端）,,,live_metadata,,platform
dbo,req_transarea,,0,0,检验信息系统（源端）,,,live_metadata,,platform
dbo,req_transdetail,,4676,0,检验信息系统（源端）,,,live_metadata,,platform
dbo,req_transrecord,,0,0,检验信息系统（源端）,,,live_metadata,,platform
dbo,req_user_deptward,,18883,0,检验信息系统（源端）,,,live_metadata,,platform
dbo,req_vs_feeitem,,2864,0,检验信息系统（源端）,,,live_metadata,,platform
dbo,req_work,,0,0,检验信息系统（源端）,,,live_metadata,,platform
dbo,RIGHT_CLASS_MST,权限大类表,7,0,ECG,,,live_metadata,,platform
dbo,RIGHT_DETAIL_MST,权限点表,45,0,ECG,,,live_metadata,,platform
dbo,RIGHT_OF_ROLE_MST,角色权限表,68,0,ECG,,,live_metadata,,platform
dbo,ROLE_CLASS_MST,角色类表,6,0,ECG,,,live_metadata,,platform
dbo,ROLE_OF_USER_MST,用户角色表,43,0,ECG,,,live_metadata,,platform
dbo,ROLE_PROPERTY_MST,角色属性表,6,0,ECG,,,live_metadata,,platform
dbo,ROLES_RELATED_MST,角色关系表,0,0,ECG,,,live_metadata,,platform
dbo,sec_apilog,,36759,0,检验信息系统（源端）,,,live_metadata,,platform
dbo,secbissysprg,,477,0,检验信息系统（源端）,,,live_metadata,,platform
dbo,secbissysprgfunc,,1311,0,检验信息系统（源端）,,,live_metadata,,platform
dbo,secchartconfigtemplate,,0,0,检验信息系统（源端）,,,live_metadata,,platform
dbo,secchartconfigtemplatedetail,,0,0,检验信息系统（源端）,,,live_metadata,,platform
dbo,secclientoption,,1023,0,检验信息系统（源端）,,,live_metadata,,platform
dbo,seccode,,1886,0,检验信息系统（源端）,,,live_metadata,,platform
dbo,seccoldisplaydefaulttemplate,,0,0,检验信息系统（源端）,,,live_metadata,,platform
dbo,seccoldisplaytemplate,,0,0,检验信息系统（源端）,,,live_metadata,,platform
dbo,seccoldisplaytemplatedetail,,0,0,检验信息系统（源端）,,,live_metadata,,platform
dbo,sec_dbmaintain,,6844,0,检验信息系统（源端）,,,live_metadata,,platform
dbo,sec_dbmaintainseting,,0,0,检验信息系统（源端）,,,live_metadata,,platform
dbo,sec_dbmonitorservice,,3,0,检验信息系统（源端）,,,live_metadata,,platform
dbo,sec_dbpdict,,354,0,检验信息系统（源端）,,,live_metadata,,platform
dbo,sec_dbpfile,,0,0,检验信息系统（源端）,,,live_metadata,,platform
dbo,sec_dbphost,,1,0,检验信息系统（源端）,,,live_metadata,,platform
dbo,sec_dbplog,,7561,0,检验信息系统（源端）,,,live_metadata,,platform
dbo,sec_dbprecovery,,0,0,检验信息系统（源端）,,,live_metadata,,platform
dbo,sec_dbptime,,2,0,检验信息系统（源端）,,,live_metadata,,platform
dbo,sec_dbsqlscript,,2792,0,检验信息系统（源端）,,,live_metadata,,platform
dbo,secdisplaydefaulttemplate,,0,0,检验信息系统（源端）,,,live_metadata,,platform
dbo,secdisplayrowtemplate,,0,0,检验信息系统（源端）,,,live_metadata,,platform
dbo,secdisplayrowtemplatedetail,,0,0,检验信息系统（源端）,,,live_metadata,,platform
dbo,secexceptplan,,2424,0,检验信息系统（源端）,,,live_metadata,,platform
dbo,sec_fileimport,,0,0,检验信息系统（源端）,,,live_metadata,,platform
dbo,sec_fileimportdet,,0,0,检验信息系统（源端）,,,live_metadata,,platform
dbo,sec_fileimportoption,,0,0,检验信息系统（源端）,,,live_metadata,,platform
dbo,sechospanel,,0,0,检验信息系统（源端）,,,live_metadata,,platform
dbo,SecImage,,0,0,检验信息系统（源端）,,,live_metadata,,platform
dbo,secjobdict,,0,0,检验信息系统（源端）,,,live_metadata,,platform
dbo,secjobuser,,0,0,检验信息系统（源端）,,,live_metadata,,platform
dbo,seckind,,235,0,检验信息系统（源端）,,,live_metadata,,platform
dbo,secloginlog,,91723,0,检验信息系统（源端）,,,live_metadata,,platform
dbo,seclogkind,,0,0,检验信息系统（源端）,,,live_metadata,,platform
dbo,secmaclogin,,200,0,检验信息系统（源端）,,,live_metadata,,platform
dbo,sec_mirror_log,,1,0,检验信息系统（源端）,,,live_metadata,,platform
dbo,sec_mirrortable,,58,0,检验信息系统（源端）,,,live_metadata,,platform
dbo,sec_monitor,,1514177,0,检验信息系统（源端）,,,live_metadata,,platform
dbo,sec_noticemsg_log,,641480,0,检验信息系统（源端）,,,live_metadata,,platform
dbo,sec_noticemsg_setting,,34,0,检验信息系统（源端）,,,live_metadata,,platform
dbo,secoption,,2325,0,检验信息系统（源端）,,,live_metadata,,platform
dbo,secoptionimage,,0,0,检验信息系统（源端）,,,live_metadata,,platform
dbo,secpanel,,0,0,检验信息系统（源端）,,,live_metadata,,platform
dbo,secpanelitem,,0,0,检验信息系统（源端）,,,live_metadata,,platform
dbo,sec_pastconditions,,6012,0,检验信息系统（源端）,,,live_metadata,,platform
dbo,secpermenu,,0,0,检验信息系统（源端）,,,live_metadata,,platform
dbo,secregister,,16,0,检验信息系统（源端）,,,live_metadata,,platform
dbo,secremotehelper,,0,0,检验信息系统（源端）,,,live_metadata,,platform
dbo,secrolefunc,,22611,0,检验信息系统（源端）,,,live_metadata,,platform
dbo,secrolejobfunc,,0,0,检验信息系统（源端）,,,live_metadata,,platform
dbo,secrolepanelitem,,0,0,检验信息系统（源端）,,,live_metadata,,platform
dbo,secroleuser,,7638,0,检验信息系统（源端）,,,live_metadata,,platform
dbo,secrunprg,,30,0,检验信息系统（源端）,,,live_metadata,,platform
dbo,secsequence,,106,0,检验信息系统（源端）,,,live_metadata,,platform
dbo,secsequence_barcode,,5,0,检验信息系统（源端）,,,live_metadata,,platform
dbo,secsequence_dev,,8,0,检验信息系统（源端）,,,live_metadata,,platform
dbo,secsequence_his,,1,0,检验信息系统（源端）,,,live_metadata,,platform
dbo,secsequence_inv,,21,0,检验信息系统（源端）,,,live_metadata,,platform
dbo,secsequence_lab,,2,0,检验信息系统（源端）,,,live_metadata,,platform
dbo,secsequence_plan,,1,0,检验信息系统（源端）,,,live_metadata,,platform
dbo,secsequence_run,,1,0,检验信息系统（源端）,,,live_metadata,,platform
dbo,sec_statslog,,895,0,检验信息系统（源端）,,,live_metadata,,platform
dbo,sec_statslogdetail,,30295,0,检验信息系统（源端）,,,live_metadata,,platform
dbo,secsysfunc,,44,0,检验信息系统（源端）,,,live_metadata,,platform
dbo,secsysjob,,25,0,检验信息系统（源端）,,,live_metadata,,platform
dbo,secsysjob1,,109,0,检验信息系统（源端）,,,live_metadata,,platform
dbo,secsysjob2,,931,0,检验信息系统（源端）,,,live_metadata,,platform
dbo,secsysjobmenu,,134,0,检验信息系统（源端）,,,live_metadata,,platform
dbo,secsyslog,,118553,0,检验信息系统（源端）,,,live_metadata,,platform
dbo,secsysprg,,1311,0,检验信息系统（源端）,,,live_metadata,,platform
dbo,secsysprgfunc,,3169,0,检验信息系统（源端）,,,live_metadata,,platform
dbo,secsysrole,,60,0,检验信息系统（源端）,,,live_metadata,,platform
dbo,secsysuser,,4241,0,检验信息系统（源端）,,,live_metadata,,platform
dbo,sectokensequence,,0,0,检验信息系统（源端）,,,live_metadata,,platform
dbo,seculog,,14437,0,检验信息系统（源端）,,,live_metadata,,platform
dbo,secuser,,,0,检验信息系统（源端）,,,live_metadata,,platform
dbo,secusercalogin,,0,0,检验信息系统（源端）,,,live_metadata,,platform
dbo,secuserhosp,,59,0,检验信息系统（源端）,,,live_metadata,,platform
dbo,secuseriplist,,0,0,检验信息系统（源端）,,,live_metadata,,platform
dbo,secusermenuclickinfo,,4079,0,检验信息系统（源端）,,,live_metadata,,platform
dbo,secuseroption,,1,0,检验信息系统（源端）,,,live_metadata,,platform
dbo,secuserpanel,,4911,0,检验信息系统（源端）,,,live_metadata,,platform
dbo,secuserprg,,188,0,检验信息系统（源端）,,,live_metadata,,platform
dbo,secuserregion,,11,0,检验信息系统（源端）,,,live_metadata,,platform
dbo,secuserrolelog,,8674,0,检验信息系统（源端）,,,live_metadata,,platform
dbo,secuserrun,,0,0,检验信息系统（源端）,,,live_metadata,,platform
dbo,sec_usertips,,0,0,检验信息系统（源端）,,,live_metadata,,platform
dbo,SEX_MST,性别字典,3,0,ECG,,,live_metadata,,platform
dbo,smp_findrule,,0,0,检验信息系统（源端）,,,live_metadata,,platform
dbo,smp_library,,1,0,检验信息系统（源端）,,,live_metadata,,platform
dbo,smp_lisitem,,0,0,检验信息系统（源端）,,,live_metadata,,platform
dbo,smp_lisresult,,0,0,检验信息系统（源端）,,,live_metadata,,platform
dbo,smp_location,,93,0,检验信息系统（源端）,,,live_metadata,,platform
dbo,smp_loctype,,0,0,检验信息系统（源端）,,,live_metadata,,platform
dbo,smp_locvalidatetype,,0,0,检验信息系统（源端）,,,live_metadata,,platform
dbo,smp_log,,10142,0,检验信息系统（源端）,,,live_metadata,,platform
dbo,smp_register,,8667,0,检验信息系统（源端）,,,live_metadata,,platform
dbo,smp_registerdetail,,8667,0,检验信息系统（源端）,,,live_metadata,,platform
dbo,smp_reqagreement,,0,0,检验信息系统（源端）,,,live_metadata,,platform
dbo,smp_requsedetail,,0,0,检验信息系统（源端）,,,live_metadata,,platform
dbo,smp_rolelibr,,0,0,检验信息系统（源端）,,,live_metadata,,platform
dbo,smp_sample,,8667,0,检验信息系统（源端）,,,live_metadata,,platform
dbo,smp_shelf,,88,0,检验信息系统（源端）,,,live_metadata,,platform
dbo,smp_shelfposition,,8450,0,检验信息系统（源端）,,,live_metadata,,platform
dbo,smp_shelftype,,0,0,检验信息系统（源端）,,,live_metadata,,platform
dbo,smp_smptype,,0,0,检验信息系统（源端）,,,live_metadata,,platform
dbo,smp_strainturndetail,,764,0,检验信息系统（源端）,,,live_metadata,,platform
dbo,sms_msg,,0,0,检验信息系统（源端）,,,live_metadata,,platform
dbo,sp_hisinter_rmcloudlis_erkeCX,,,0,检验信息系统（源端）,,,live_metadata,,platform
dbo,sp_hisinter_rmcloudlis_jybg_jy,,,0,检验信息系统（源端）,,,live_metadata,,platform
dbo,sp_hisinter_rmcloudlis_jybg_sh,,,0,检验信息系统（源端）,,,live_metadata,,platform
dbo,sqr_permissions,,0,0,检验信息系统（源端）,,,live_metadata,,platform
dbo,sqr_querylog,,0,0,检验信息系统（源端）,,,live_metadata,,platform
dbo,sqr_stat,,0,0,检验信息系统（源端）,,,live_metadata,,platform
dbo,sqr_statdetail,,0,0,检验信息系统（源端）,,,live_metadata,,platform
dbo,ss_btnsetting,,0,0,检验信息系统（源端）,,,live_metadata,,platform
dbo,STATUS_MST,状态字典,7,0,ECG,,,live_metadata,,platform
dbo,STUDY_CLASS_MST,检查类别字典,3,0,ECG,,,live_metadata,,platform
dbo,STUDY_DIAGNOSIS_HOSPITAL_TBL,检查会诊医院表,0,0,ECG,,,live_metadata,,platform
dbo,STUDY_DIAGNOSIS_TBL,检查会诊表,0,0,ECG,,,live_metadata,,platform
dbo,STUDY_EDIT_HISTORY_TBL,检查历史记录表,4,0,ECG,,,live_metadata,,platform
dbo,STUDY_FAVOURITE_TBL,,4,0,ECG,,,live_metadata,,platform
dbo,STUDY_ITEM_MST,检查项目字典,15,0,ECG,,,live_metadata,,platform
dbo,STUDY_ITEM_MST_copy,检查项目字典,14,0,ECG,,,live_metadata,,platform
dbo,STUDY_QUALITY_ASSURANCE_TBL,,0,0,ECG,,,live_metadata,,platform
dbo,STUDY_SECRECY_TBL,,0,0,ECG,,,live_metadata,,platform
dbo,STUDY_SECRECY_USER_TBL,,0,0,ECG,,,live_metadata,,platform
dbo,STUDY_TBL,检查表,393643,0,ECG,,,live_metadata,,platform
dbo,syscode,,,0,检验信息系统（源端）,,,live_metadata,,platform
dbo,sys_userlogin,,0,0,检验信息系统（源端）,,,live_metadata,,platform
dbo,tablespaceinfo,,0,0,检验信息系统（源端）,,,live_metadata,,platform
dbo,tat_rules_group,,0,0,检验信息系统（源端）,,,live_metadata,,platform
dbo,tat_rules_item,,0,0,检验信息系统（源端）,,,live_metadata,,platform
dbo,tat_time_slot,,0,0,检验信息系统（源端）,,,live_metadata,,platform
dbo,tc_alert,,0,0,检验信息系统（源端）,,,live_metadata,,platform
dbo,tc_comb,,0,0,检验信息系统（源端）,,,live_metadata,,platform
dbo,tc_data,,0,0,检验信息系统（源端）,,,live_metadata,,platform
dbo,tc_datafilelog,,0,0,检验信息系统（源端）,,,live_metadata,,platform
dbo,tc_datafiles,,0,0,检验信息系统（源端）,,,live_metadata,,platform
dbo,tc_importnoderule,,0,0,检验信息系统（源端）,,,live_metadata,,platform
dbo,tc_interno,,0,0,检验信息系统（源端）,,,live_metadata,,platform
dbo,tc_node,,0,0,检验信息系统（源端）,,,live_metadata,,platform
dbo,tc_pageauth,,0,0,检验信息系统（源端）,,,live_metadata,,platform
dbo,tc_responsible,,0,0,检验信息系统（源端）,,,live_metadata,,platform
dbo,test,,991,0,检验信息系统（源端）,,,live_metadata,,platform
dbo,test_sysprg,,0,0,检验信息系统（源端）,,,live_metadata,,platform
dbo,TJ_LIS_REPORT,,,0,检验信息系统（源端）,,,live_metadata,,platform
dbo,tpl_dict,,3,0,检验信息系统（源端）,,,live_metadata,,platform
dbo,tpl_match_instr,,0,0,检验信息系统（源端）,,,live_metadata,,platform
dbo,tpl_match_rptitem,,1987,0,检验信息系统（源端）,,,live_metadata,,platform
dbo,tpl_match_rptunit,,81,0,检验信息系统（源端）,,,live_metadata,,platform
dbo,tpl_med,,117,0,检验信息系统（源端）,,,live_metadata,,platform
dbo,tpl_qcidvs,,0,0,检验信息系统（源端）,,,live_metadata,,platform
dbo,tpl_rptitem,,0,0,检验信息系统（源端）,,,live_metadata,,platform
dbo,tpl_sql,,50,0,检验信息系统（源端）,,,live_metadata,,platform
dbo,turnover_temp,,19409636,0,检验信息系统（源端）,,,live_metadata,,platform
dbo,USER_RELATED_DEPARTMENT_MST,,420,0,ECG,,,live_metadata,,platform
dbo,USERS_MST,用户表,43,0,ECG,,,live_metadata,,platform
dbo,v_EMR_INSPECTION,,,0,检验信息系统（源端）,,,live_metadata,,platform
dbo,v_EMR_INSPECTION_ALLERGY,,,0,检验信息系统（源端）,,,live_metadata,,platform
dbo,V_EMR_INSPECTION_IMAGE,,,0,检验信息系统（源端）,,,live_metadata,,platform
dbo,v_EMR_INSPECTION_ITEM,,,0,检验信息系统（源端）,,,live_metadata,,platform
dbo,vendorevalindic,,0,0,检验信息系统（源端）,,,live_metadata,,platform
dbo,vendorevaltemp,,0,0,检验信息系统（源端）,,,live_metadata,,platform
dbo,vendor_temp_indic,,0,0,检验信息系统（源端）,,,live_metadata,,platform
dbo,v_ewell_inpatient_lis,,,0,检验信息系统（源端）,,,live_metadata,,platform
dbo,v_ewell_inpatient_lis_detail,,,0,检验信息系统（源端）,,,live_metadata,,platform
dbo,v_ewell_inpatient_lis_order,,,0,检验信息系统（源端）,,,live_metadata,,platform
dbo,vfy_plan,,3,0,检验信息系统（源端）,,,live_metadata,,platform
dbo,vfy_planexec,,6,0,检验信息系统（源端）,,,live_metadata,,platform
dbo,vfy_planexecdetail,,25,0,检验信息系统（源端）,,,live_metadata,,platform
dbo,vfy_planinstrs,,10,0,检验信息系统（源端）,,,live_metadata,,platform
dbo,vfy_planitems,,27,0,检验信息系统（源端）,,,live_metadata,,platform
dbo,vfy_qualdvidict,,0,0,检验信息系统（源端）,,,live_metadata,,platform
dbo,vfy_qualdvimodel,,0,0,检验信息系统（源端）,,,live_metadata,,platform
dbo,view_ca,,,0,检验信息系统（源端）,,,live_metadata,,platform
dbo,View_ECG_BS25011,"
CREATE VIEW [dbo].[View_ECG_BS25011]
AS
SELECT     st.ORDER_MEMO AS ROWID, st.STUDY_SEQ AS PE_NO, st.ORDER_NO AS ELECTR_REQUISITION_NO, st.STUDY_ITEM_CODE AS EXAM_ITEM_CODE, st.STUDY_ITEM AS EXAM_",,0,ECG,,,live_metadata,,platform
dbo,view_ptbh,,,0,检验信息系统（源端）,,,live_metadata,,platform
dbo,view_REQ_GROUP,,,0,检验信息系统（源端）,,,live_metadata,,platform
dbo,V_KM_LISREQUEST,,,0,检验信息系统（源端）,,,live_metadata,,platform
dbo,V_LIS_SQD,,,0,检验信息系统（源端）,,,live_metadata,,platform
dbo,v_nis_bacteria,,,0,检验信息系统（源端）,,,live_metadata,,platform
dbo,V_NIS_DRUG,,,0,检验信息系统（源端）,,,live_metadata,,platform
dbo,v_nis_routine,,,0,检验信息系统（源端）,,,live_metadata,,platform
dbo,vw_bact_culresult,,,0,检验信息系统（源端）,,,live_metadata,,platform
dbo,vw_exportdiangroup,,,0,检验信息系统（源端）,,,live_metadata,,platform
dbo,vw_hisinter_cloudlis7_EMR_INSPECTION,,,0,检验信息系统（源端）,,,live_metadata,,platform
dbo,vw_hisinter_cloudlis7_EMR_INSPECTION_ALLERGY,,,0,检验信息系统（源端）,,,live_metadata,,platform
dbo,vw_hisinter_cloudlis7_EMR_INSPECTION_IMAGE,,,0,检验信息系统（源端）,,,live_metadata,,platform
dbo,vw_hisinter_cloudlis7_EMR_INSPECTION_ITEM,,,0,检验信息系统（源端）,,,live_metadata,,platform
dbo,vw_hisinter_klqc,,,0,检验信息系统（源端）,,,live_metadata,,platform
dbo,vw_hisinter_klqcinstr,,,0,检验信息系统（源端）,,,live_metadata,,platform
dbo,vw_hisinter_T_ITF_Lis,,,0,检验信息系统（源端）,,,live_metadata,,platform
dbo,vw_hisinter_T_ITF_LIS_ReportCount,,,0,检验信息系统（源端）,,,live_metadata,,platform
dbo,vw_hosp_dept_group,,,0,检验信息系统（源端）,,,live_metadata,,platform
dbo,v_wkhslis,,,0,检验信息系统（源端）,,,live_metadata,,platform
dbo,vw_lab_resultalert,,,0,检验信息系统（源端）,,,live_metadata,,platform
dbo,vw_medclass2,,,0,检验信息系统（源端）,,,live_metadata,,platform
dbo,vw_medclass3,,,0,检验信息系统（源端）,,,live_metadata,,platform
dbo,vw_report_outp_call,,,0,检验信息系统（源端）,,,live_metadata,,platform
dbo,vw_report_resultmed_bact,,,0,检验信息系统（源端）,,,live_metadata,,platform
dbo,vw_secclientlog,,,0,检验信息系统（源端）,,,live_metadata,,platform
dbo,vw_sec_dbpdata,,,0,检验信息系统（源端）,,,live_metadata,,platform
dbo,vw_sjcj_dc_mdkind,,,0,检验信息系统（源端）,,,live_metadata,,platform
dbo,vw_sjcj_dc_specimen,,,0,检验信息系统（源端）,,,live_metadata,,platform
dbo,vw_sjcj_lab_rptitem,,,0,检验信息系统（源端）,,,live_metadata,,platform
dbo,vw_sjcj_req_group,,,0,检验信息系统（源端）,,,live_metadata,,platform
dbo,vw_tat_report,,,0,检验信息系统（源端）,,,live_metadata,,platform
dbo,vw_tat_req,,,0,检验信息系统（源端）,,,live_metadata,,platform
dbo,whonet_option,,260,0,检验信息系统（源端）,,,live_metadata,,platform
dbo,wyp,,1721,0,检验信息系统（源端）,,,live_metadata,,platform
dbo,yg_data_detail,,21765,0,检验信息系统（源端）,,,live_metadata,,platform
dbo,yg_data_master,,6329,0,检验信息系统（源端）,,,live_metadata,,platform
dbo,yg_dept_dict,,0,0,检验信息系统（源端）,,,live_metadata,,platform
dbo,yg_dict_kind,,15,0,检验信息系统（源端）,,,live_metadata,,platform
dbo,yg_dict_modal,,773,0,检验信息系统（源端）,,,live_metadata,,platform
dbo,yg_dict_modaldetail,,3574,0,检验信息系统（源端）,,,live_metadata,,platform
dbo,yg_formula_dict,,0,0,检验信息系统（源端）,,,live_metadata,,platform
dbo,yg_region_dict,,0,0,检验信息系统（源端）,,,live_metadata,,platform
dbo,yg_survey_dict,,0,0,检验信息系统（源端）,,,live_metadata,,platform
dbo,YJ_JCBG,"CREATE VIEW dbo.YJ_JCBG
AS
SELECT     'YLV21051' AS YLJGDM, r.REPORT_SEQ AS JCBGDH, '山东省第二人民医院' AS YLJGMC, s.ORDER_NO AS JCSQDH, 
                      CASE WHEN S.REGIST_DATE_TIME < '2023-04-25 15",,0,ECG,,,live_metadata,,platform
dbo,YJ_JYBG,,,0,检验信息系统（源端）,,,live_metadata,,platform
dbo,YJ_JYBGMX,,,0,检验信息系统（源端）,,,live_metadata,,platform
dbo,YJ_XJPYBG,,,0,检验信息系统（源端）,,,live_metadata,,platform
dbo,YJ_YMPYBG,,,0,检验信息系统（源端）,,,live_metadata,,platform
DBZ,EMR_SHOUYE1,,43008,90,,,,,,metadata
DBZ,EMR_SHOUYE2024,,63600,47,,,,,,metadata
DBZ,EMR_SHOUYE2024OLD,,64634,50,,,,,,metadata
DBZ,EXAM_REPORT_TABLE,,127401,21,,,,,,metadata
dim,adrg_property,,,9,dim,,,,,platform
dim,case_base_review_rules_d01,,,2,dim,,,,,platform
dim,case_base_review_rules_d02,,,2,dim,,,,,platform
dim,case_base_review_rules_d03,,,1,dim,,,,,platform
dim,case_base_review_rules_d04,,,3,dim,,,,,platform
dim,case_base_review_rules_d04_remove,,,3,dim,,,,,platform
dim,case_base_review_rules_d06,,,1,dim,,,,,platform
dim,case_base_review_rules_d07,,,3,dim,,,,,platform
dim,case_base_review_rules_d08,,,4,dim,,,,,platform
dim,case_base_review_rules_d08_bak,,,4,dim,,,,,platform
dim,case_base_review_rules_s02,,,3,dim,,,,,platform
dim,case_base_review_rules_s02_test,,,3,dim,,,,,platform
dim,case_base_review_rules_s03,,,5,dim,,,,,platform
dim,case_base_review_rules_s04,,,2,dim,,,,,platform
dim,case_base_review_rules_s06,,,4,dim,,,,,platform
dim,case_base_review_rules_s07,,,4,dim,,,,,platform
dim,s01_rules_2,,,5,dim,,,,,platform
dim,s01_rules_2_result,,,5,dim,,,,,platform
DRUG_USER,2025-07-17MED_DICT_PRICE,,,46,药品,,DRUG_PRI,,非核心表，保留候选,platform
DRUG_USER,20260325MED_DICT_BASEINFO,,,99,药品,,DRUG_CODE,,药品相关扩展表，待药品闭环二次确认,platform
DRUG_USER,6.30MED_DICT_BASEINFO,,,97,药品,,DRUG_CODE,,药品相关扩展表，待药品闭环二次确认,platform
DRUG_USER,6.30MED_DICT_PRICE,,,46,药品,,DRUG_PRI,,非核心表，保留候选,platform
DRUG_USER,7月出院患者,,,9,药品,,,,药品相关扩展表，待药品闭环二次确认,platform
DRUG_USER,更改厂家,,,5,药品,,,,药品相关扩展表，待药品闭环二次确认,platform
DRUG_USER,CS_SECTION,,,2,药品,,,,药品相关扩展表，待药品闭环二次确认,platform
DRUG_USER,DATAPRESCRIPTION_DATA,,,35,药品,,,,药品相关扩展表，待药品闭环二次确认,platform
DRUG_USER,DATAPRESCRIPTIONDETAIL_DATA,,,15,药品,,,,药品相关扩展表，待药品闭环二次确认,platform
DRUG_USER,DOCK_CALL_LOG,,,32,药品,,LOG_ID,,,platform
DRUG_USER,DOCUMENT_UPLOAD_RECORD,,,7,药品,,ID,,,platform
DRUG_USER,DRUG_EXPORT_DETAIL,,,22,药品,,DOCUMENT_NO+ITEM_NO,,药品相关扩展表，待药品闭环二次确认,platform
DRUG_USER,DRUG_EXPORT_MASTER,,,18,药品,,DOCUMENT_NO,,药品相关扩展表，待药品闭环二次确认,platform
DRUG_USER,DRUG_IMPORT_DETAIL,,,34,药品,,DOCUMENT_NO+ITEM_NO,,药品相关扩展表，待药品闭环二次确认,platform
DRUG_USER,DRUG_IMPORT_MASTER,,,21,药品,,DOCUMENT_NO,,药品相关扩展表，待药品闭环二次确认,platform
DRUG_USER,DRUG_OTHER_INFO,,,36,药品,,,,药品相关扩展表，待药品闭环二次确认,platform
DRUG_USER,DRUG_SUPPLY_GUARANTEE,,,27,药品,,ID,,药品相关扩展表，待药品闭环二次确认,platform
DRUG_USER,DRUG_YPID,,,6,药品,,,,药品相关扩展表，待药品闭环二次确认,platform
DRUG_USER,DS_EXCLOUD_DRUG,,,1,药品,,,,药品相关扩展表，待药品闭环二次确认,platform
DRUG_USER,GJZXBZDW,,,4,药品,,,,药品相关扩展表，待药品闭环二次确认,platform
DRUG_USER,INIT_ACCOUNT_LOG,,,13,药品,,ID,,,platform
DRUG_USER,INP_ORDER_EXECDATA,,,39,药品,,,,住院用药/医嘱执行事实，已样本验证,platform
DRUG_USER,INP_PATIENT_LOG,,,15,药品,,,,,platform
DRUG_USER,MED_ADJUST_PRICE_DETAIL,,,22,药品,,RECORD_ID,,非核心表，保留候选,platform
DRUG_USER,MED_ADJUST_PRICE_LIST,,,27,药品,,RECORD_NO,,非核心表，保留候选,platform
DRUG_USER,MED_ADJUST_PRICE_MASTER,,,21,药品,,ADJUST_BILLNO,,非核心表，保留候选,platform
DRUG_USER,MED_CARE_DETAIL,,,18,药品,,RECORD_NO,,药品相关扩展表，待药品闭环二次确认,platform
DRUG_USER,MED_CARE_MASTER,,,9,药品,,,,药品相关扩展表，待药品闭环二次确认,platform
DRUG_USER,MED_CHECK_DETAIL,,,36,药品,,,,药品相关扩展表，待药品闭环二次确认,platform
DRUG_USER,MED_CHECK_DETAIL_2025-9-1,,,37,药品,,,,药品相关扩展表，待药品闭环二次确认,platform
DRUG_USER,MED_CHECK_DETAIL_COPY1,,,36,药品,,,,,platform
DRUG_USER,MED_CHECK_MASTER,,,24,药品,,CHECK_NO,,药品相关扩展表，待药品闭环二次确认,platform
DRUG_USER,MED_CODE_GENERATE_RULE,,,19,药品,,ID,,药品相关扩展表，待药品闭环二次确认,platform
DRUG_USER,MED_CODE_MASTER,,,15,药品,,ID,,药品相关扩展表，待药品闭环二次确认,platform
DRUG_USER,MED_DETAIL_STORAGE,,,25,药品,,,,药品相关扩展表，待药品闭环二次确认,platform
DRUG_USER,MED_DICT_BASEINFO,,,102,药品,,DRUG_CODE,,药品相关扩展表，待药品闭环二次确认,platform
DRUG_USER,MED_DICT_BASEINFO_RECORD,,,17,药品,,,,药品相关扩展表，待药品闭环二次确认,platform
DRUG_USER,MED_DICT_DEPT,,,21,药品,,,,药品相关扩展表，待药品闭环二次确认,platform
DRUG_USER,MED_DICT_FACTORY,,,48,药品,,FACTORY_ID,,药品相关扩展表，待药品闭环二次确认,platform
DRUG_USER,MED_DICT_FACTORY_COPY1,,,48,药品,,FACTORY_ID,,,platform
DRUG_USER,MED_DICT_INTYPE,,,18,药品,,IN_KIND,,药品相关扩展表，待药品闭环二次确认,platform
DRUG_USER,MED_DICT_LOC,,,13,药品,,ORG_CODE+STORE_CODE+LOC_CODE,,药品相关扩展表，待药品闭环二次确认,platform
DRUG_USER,MED_DICT_LOCRULE,,,5,药品,,SORT_NO+ORG_CODE+STORE_CODE,,药品相关扩展表，待药品闭环二次确认,platform
DRUG_USER,MED_DICT_OUTTYPE,,,20,药品,,OUT_TYPE_ID,,药品相关扩展表，待药品闭环二次确认,platform
DRUG_USER,MED_DICT_PRICE,,,47,药品,,DRUG_PRI,,非核心表，保留候选,platform
DRUG_USER,MED_DICT_PRICE_20250822,,,46,药品,,DRUG_PRI,,非核心表，保留候选,platform
DRUG_USER,MED_DICT_PRICE_20250826,,,46,药品,,DRUG_PRI,,非核心表，保留候选,platform
DRUG_USER,MED_DICT_PRICE_20260616,,,47,药品,,DRUG_PRI,,非核心表，保留候选,platform
DRUG_USER,MED_DICT_PRICE_RECORD,,,6,药品,,UPDATE_PRICE_ID,,非核心表，保留候选,platform
DRUG_USER,MED_DICT_SUPPLIER,,,48,药品,,SUPPLIER_ID,,药品相关扩展表，待药品闭环二次确认,platform
DRUG_USER,MED_DRUG_LOC,,,7,药品,,BIND_ID,,药品相关扩展表，待药品闭环二次确认,platform
DRUG_USER,MED_DRUG_LOC_2025-10-30,,,7,药品,,BIND_ID,,药品相关扩展表，待药品闭环二次确认,platform
DRUG_USER,MED_DRUG_LOC_COPY1,,,7,药品,,BIND_ID,,,platform
DRUG_USER,MED_FIN_DAYDETAIL,,,13,药品,,RECORD_NO,,药品相关扩展表，待药品闭环二次确认,platform
DRUG_USER,MED_FIN_DAYSETTLE,,,7,药品,,FIN_ID,,非核心表，保留候选,platform
DRUG_USER,MED_FIN_MONTHDETAIL,,,23,药品,,RECORD_NO,,药品相关扩展表，待药品闭环二次确认,platform
DRUG_USER,MED_FIN_MONTHSETTLE,,,19,药品,,FIN_ID,,非核心表，保留候选,platform
DRUG_USER,MED_IN_DETAIL,,,40,药品,,SORT_NO,,药品相关扩展表，待药品闭环二次确认,platform
DRUG_USER,MED_IN_DETAIL_2025-9-1,,,40,药品,,SORT_NO,,药品相关扩展表，待药品闭环二次确认,platform
DRUG_USER,MED_INIT_ACCOUNT,,,35,药品,,ID,,药品相关扩展表，待药品闭环二次确认,platform
DRUG_USER,MED_IN_MASTER,,,39,药品,,IN_BILLNO,,药品相关扩展表，待药品闭环二次确认,platform
DRUG_USER,MED_IN_PAY,,,21,药品,,ORG_CODE+ORDER_NO,,非核心表，保留候选,platform
DRUG_USER,MED_IN_PAYDETAIL,,,19,药品,,ID,,非核心表，保留候选,platform
DRUG_USER,MED_IN_PLAN,,,36,药品,,ORG_CODE+PLAN_BILLNO,,药品相关扩展表，待药品闭环二次确认,platform
DRUG_USER,MED_IN_PLAN_DETAIL,,,21,药品,,,,药品相关扩展表，待药品闭环二次确认,platform
DRUG_USER,MED_OUT_DETAIL,,,33,药品,,RECORD_NO,,药品相关扩展表，待药品闭环二次确认,platform
DRUG_USER,MED_OUT_MASTER,,,37,药品,,OUT_BILLNO,,药品相关扩展表，待药品闭环二次确认,platform
DRUG_USER,MED_PHARMACY,,,4,药品,,ID,,药品相关扩展表，待药品闭环二次确认,platform
DRUG_USER,MED_STORAGE,,,29,药品,,RECORD_NO,,药品相关扩展表，待药品闭环二次确认,platform
DRUG_USER,MED_STORAGE_DAY,,,32,药品,,ID,,,platform
DRUG_USER,MED_SUPPLIER_INFO,,,17,药品,,ID,,药品相关扩展表，待药品闭环二次确认,platform
DRUG_USER,MED_TRACE_RECORD,,,30,药品,,RECORD_ID,,药品相关扩展表，待药品闭环二次确认,platform
DRUG_USER,MED_TRACE_RECORD_COPY1,,,27,药品,,RECORD_ID,,,platform
DRUG_USER,MED_TRACE_STORGE,,,24,药品,,RECORD_ID,,药品相关扩展表，待药品闭环二次确认,platform
DRUG_USER,MED_TRACE_STORGE_COPY1,,,22,药品,,RECORD_ID,,,platform
DRUG_USER,MESSAGE_CENTER,,,7,药品,,,,药品相关扩展表，待药品闭环二次确认,platform
DRUG_USER,OPS_PRESC_DATA,,,42,药品,,,,药品相关扩展表，待药品闭环二次确认,platform
DRUG_USER,PHA_ALLOCAT_MASTER,,,26,药品,,REQUEST_NO,,药品相关扩展表，待药品闭环二次确认,platform
DRUG_USER,PHA_ALOOCAT_DETAIL,,,28,药品,,RECORD_NO,,药品相关扩展表，待药品闭环二次确认,platform
DRUG_USER,PHA_BALANCE,,,31,药品,,RECORD_NO,,药品相关扩展表，待药品闭环二次确认,platform
DRUG_USER,PHA_CHECK_DETAIL,,,37,药品,,,,药品相关扩展表，待药品闭环二次确认,platform
DRUG_USER,PHA_CHECK_DETAIL_COPY1,,,37,药品,,,,,platform
DRUG_USER,PHA_CHECK_MASTER,,,25,药品,,ID,,药品相关扩展表，待药品闭环二次确认,platform
DRUG_USER,PHA_CLI_REQUEST_DRUG,,,127,药品,,ID,,核心业务事实/主线表,platform
DRUG_USER,PHA_DETAIL_STORAGE,,,25,药品,,DETAIL_ID,,药品相关扩展表，待药品闭环二次确认,platform
DRUG_USER,PHA_DICT_MEDINFO,,,29,药品,,ORG_CODE+PHA_CODE+DRUG_PRI,,药品相关扩展表，待药品闭环二次确认,platform
DRUG_USER,PHA_FALSE_STORAGE,,,9,药品,,ID,,药品相关扩展表，待药品闭环二次确认,platform
DRUG_USER,PHA_FIN_DAYDETAIL,,,13,药品,,RECORD_NO,,药品相关扩展表，待药品闭环二次确认,platform
DRUG_USER,PHA_FIN_DAYSETTLE,,,9,药品,,FIN_ID,,非核心表，保留候选,platform
DRUG_USER,PHA_FIN_MONTHDETAIL,,,24,药品,,RECORD_NO,,药品相关扩展表，待药品闭环二次确认,platform
DRUG_USER,PHA_FIN_MONTHDETAIL_COPY1,,,24,药品,,RECORD_NO,,,platform
DRUG_USER,PHA_FIN_MONTHSETTLE,,,20,药品,,FIN_ID,,非核心表，保留候选,platform
DRUG_USER,PHA_FIN_MONTHSETTLE_COPY1,,,20,药品,,FIN_ID,,,platform
DRUG_USER,PHA_INIT_ACCOUNT,,,35,药品,,ID,,药品相关扩展表，待药品闭环二次确认,platform
DRUG_USER,PHA_INIT_ACCOUNT_COPY1,,,35,药品,,ID,,,platform
DRUG_USER,PHA_INP_DISPDETAIL,,,55,药品,,ORG_CODE+RECORD_NO,,核心业务事实/主线表,platform
DRUG_USER,PHA_INP_DISPMASTER,,,22,药品,,DIS_RECORDNO,,药品相关扩展表，待药品闭环二次确认,platform
DRUG_USER,PHA_INP_REQUEST_DRUG,,,105,药品,,,,核心业务事实/主线表,platform
DRUG_USER,PHA_INP_REQUEST_DRUG_DISPDATE,,,11,药品,,PATIENT_ID+VISIT_ID+ORDER_NO+ORDER_SUB_NO+PREFORM_DATETIME_LIST+DISP_EXECUTE_TIME+REQUEST_NO,,药品相关扩展表，待药品闭环二次确认,platform
DRUG_USER,PHA_MEDICAL_ADVICE_REVIEW,,,85,药品,,,,药品相关扩展表，待药品闭环二次确认,platform
DRUG_USER,PHA_SPECIAL_DRUG_REVIEW,,,44,药品,,ID,,药品相关扩展表，待药品闭环二次确认,platform
DRUG_USER,PHA_STORAGE,,,29,药品,,RECORD_NO,,药品相关扩展表，待药品闭环二次确认,platform
DRUG_USER,PHA_STORAGE_COPY1,,,29,药品,,RECORD_NO,,,platform
DRUG_USER,PHA_STORAGE_COPY2,,,29,药品,,RECORD_NO,,,platform
DRUG_USER,PHA_STORAGE_DAY,,,32,药品,,ID,,,platform
DRUG_USER,PHA_VISIT_DISPDETAIL,,,43,药品,,RECORD_NO,,药品相关扩展表，待药品闭环二次确认,platform
DRUG_USER,PHA_VISIT_DISPMASTER,,,14,药品,,ORG_CODE+PHA_CODE+PRESC_NO,,药品相关扩展表，待药品闭环二次确认,platform
DRUG_USER,PRINT_DEBUG_LOG,,,6,药品,,,,,platform
DRUG_USER,PUB_CONFIG,,,23,药品,,ID,,药品相关扩展表，待药品闭环二次确认,platform
DRUG_USER,PUB_CONFIG_SET,,,15,药品,,ID,,药品相关扩展表，待药品闭环二次确认,platform
DRUG_USER,SHEET1,,,4,药品,,,,药品相关扩展表，待药品闭环二次确认,platform
DRUG_USER,SHEET_DRUG,,,4,药品,,,,药品相关扩展表，待药品闭环二次确认,platform
DRUG_USER,SUPPLIER_IN_DETAIL,,,26,药品,,,,药品相关扩展表，待药品闭环二次确认,platform
DRUG_USER,SUPPLIER_IN_MASTER,,,18,药品,,IN_BILLNO,,药品相关扩展表，待药品闭环二次确认,platform
DRUG_USER,SYSTEM_CONFIG,,,7,药品,,,,药品相关扩展表，待药品闭环二次确认,platform
DRUG_USER,SYSTEM_ORDER_GENER,,,3,药品,,KIND_CODE+DATE_CODE+SEQUENCE_NO,,非核心表，保留候选,platform
DRUG_USER,TEMP_DRUG_INFO,,,4,药品,,,,,platform
DRUG_USER,TEMP_REQ_INFO,,,1,药品,,,,,platform
DRUG_USER,TMP_PREV_YEAR_STAT,,,7,药品,,,,,platform
DRUG_USER,TRACE_UPLOAD_TIME_LOG,,,12,药品,,LOG_ID,,,platform
DRUG_USER,VIEW_DEBUG_LOG,,,5,药品,,,,,platform
DRUG_USER,VIEW_SHOWDATA,,,4,药品,,BUSINESS_NO+PREVIEW_NO+BUSINESS_NO2,,药品相关扩展表，待药品闭环二次确认,platform
DRUG_USER,ZSM,,,1,药品,,,,药品相关扩展表，待药品闭环二次确认,platform
dw,a_ju01_06sheng,,,27,dw,,,,,platform
dw,a_ju01_06yi,,,26,dw,,,,,platform
dw,a_ju02_05,,,28,dw,,,,,platform
dw,a_ju06,,,26,dw,,,,,platform
dw,a_ju07,,,26,dw,,,,,platform
dw,a_ju08,,,28,dw,,,,,platform
dw,a_ju12sheng,,,39,dw,,,,,platform
dw,a_ju12yi,,,42,dw,,,,,platform
dw,balance_statistics_halfyear_di,,,34,dw,,,,,platform
dw,balance_statistics_month_di,,,34,dw,,,,,platform
dw,balance_statistics_season_di,,,34,dw,,,,,platform
dw,balance_statistics_year_di,,,34,dw,,,,,platform
dw,case_again_in_hospital_di,,,7,dw,,,,,platform
dw,case_base_df,,,159,dw,,,,,platform
dw,case_base_df_21_22,,,157,dw,,,,,platform
dw,case_base_group_df,,,188,dw,,,,,platform
dw,case_base_group_df_2023d,,,188,dw,,,,,platform
dw,case_base_group_df_2025-01-17,,,186,dw,,,,,platform
dw,case_base_group_df_copy1,,,188,dw,,,,,platform
dw,case_base_review_rules_detail_df,,,100,dw,,,,,platform
dw,case_base_review_rules_di,,,16,dw,,,,,platform
dw,case_base_review_rules_init_d_di,,,10,dw,,,,,platform
dw,case_base_review_rules_init_s_di,,,9,dw,,,,,platform
dw,case_contrast_analysis_di,,,34,dw,,,,,platform
dw,case_insurance_return_df,,,6,dw,,,,,platform
dw,dept,,,8,dw,,,,,platform
dw,high_low_rate_mapping_df,,,3,dw,,,,,platform
dw,sheets,,,103,dw,,,,,platform
dw,temp_settleid,,,1,dw,,,,,platform
dwd,case_base_oracle_df,,,160,dwd,,,,,platform
dwd,case_base_oracle_df_01,,,160,dwd,,,,,platform
dwd,case_base_oracle_df_0413,,,158,dwd,,,,,platform
dwd,case_base_oracle_df_20240418,,,160,dwd,,,,,platform
dwd,case_base_oracle_df_copy1,,,67,dwd,,,,,platform
dwd,case_group_result_di,,,22,dwd,,,,,platform
dwd,dept_oracle_df,,,3,dwd,,,,,platform
dwd,dept_rel_df,,,2,dwd,,,,,platform
dwd,doctor_oracle_df,,,9,dwd,,,,,platform
dwd,oracle_diagnosis_dict_df,,,24,dwd,,,,,platform
dwd,oracle_operation_dict_df,,,18,dwd,,,,,platform
dwd,oracle_view_basy,,,5,dwd,,,,,platform
dwd,oracle_yf_man_temp_df,,,10,dwd,,,,,platform
dwd,test,,,2,dwd,,,,,platform
EIS.DBO,BLFileTable,,0,0,体检,,,live_metadata,,platform
EIS.DBO,BookingPatient,,0,0,体检,,,live_metadata,,platform
EIS.DBO,BookingPatientExamItem,,0,0,体检,,,live_metadata,,platform
EIS.DBO,EAFileTable,,0,0,体检,,,live_metadata,,platform
EIS.DBO,EAMeasure,,0,0,体检,,,live_metadata,,platform
EIS.DBO,EAReport,,0,0,体检,,,live_metadata,,platform
EIS.DBO,EAStudy,,0,0,体检,,,live_metadata,,platform
EIS.DBO,EBFileTable,,0,0,体检,,,live_metadata,,platform
EIS.DBO,EBMeasure,,0,0,体检,,,live_metadata,,platform
EIS.DBO,EBReport,,0,0,体检,,,live_metadata,,platform
EIS.DBO,EBStudy,,0,0,体检,,,live_metadata,,platform
EIS.DBO,ECFileTable,,0,0,体检,,,live_metadata,,platform
EIS.DBO,ECMeasure,,0,0,体检,,,live_metadata,,platform
EIS.DBO,ECReport,,0,0,体检,,,live_metadata,,platform
EIS.DBO,ECStudy,,0,0,体检,,,live_metadata,,platform
EIS.DBO,EDFileTable,,0,0,体检,,,live_metadata,,platform
EIS.DBO,EDMeasure,,0,0,体检,,,live_metadata,,platform
EIS.DBO,EDReport,,0,0,体检,,,live_metadata,,platform
EIS.DBO,EDStudy,,0,0,体检,,,live_metadata,,platform
EIS.DBO,EEFileTable,,0,0,体检,,,live_metadata,,platform
EIS.DBO,EEMeasure,,0,0,体检,,,live_metadata,,platform
EIS.DBO,EEReport,,0,0,体检,,,live_metadata,,platform
EIS.DBO,EEStudy,,391,0,体检,,,live_metadata,,platform
EIS.DBO,EFFileTable,,0,0,体检,,,live_metadata,,platform
EIS.DBO,EFMeasure,,0,0,体检,,,live_metadata,,platform
EIS.DBO,EFReport,,0,0,体检,,,live_metadata,,platform
EIS.DBO,EFStudy,,0,0,体检,,,live_metadata,,platform
EIS.DBO,EGFileTable,,0,0,体检,,,live_metadata,,platform
EIS.DBO,EGMeasure,,0,0,体检,,,live_metadata,,platform
EIS.DBO,EGReport,,0,0,体检,,,live_metadata,,platform
EIS.DBO,EGStudy,,0,0,体检,,,live_metadata,,platform
EIS.DBO,EHFileTable,,0,0,体检,,,live_metadata,,platform
EIS.DBO,EHMeasure,,0,0,体检,,,live_metadata,,platform
EIS.DBO,EHReport,,0,0,体检,,,live_metadata,,platform
EIS.DBO,EHStudy,,0,0,体检,,,live_metadata,,platform
EIS.DBO,EIFileTable,,0,0,体检,,,live_metadata,,platform
EIS.DBO,EIMeasure,,0,0,体检,,,live_metadata,,platform
EIS.DBO,EIReport,,0,0,体检,,,live_metadata,,platform
EIS.DBO,EIS_EAInterFace_View,,,0,体检,,,live_metadata,,platform
EIS.DBO,EIS_EMInterFace_View,,,0,体检,,,live_metadata,,platform
EIS.DBO,EIS_EPInterFace_View,,,0,体检,,,live_metadata,,platform
EIS.DBO,EIS_ERInterFace_View,,,0,体检,,,live_metadata,,platform
EIS.DBO,EIS_ESInterFace_View,,,0,体检,,,live_metadata,,platform
EIS.DBO,EIS_EWInterFace_View,,,0,体检,,,live_metadata,,platform
EIS.DBO,EIS_EZInterFace_View,,,0,体检,,,live_metadata,,platform
EIS.DBO,EIStudy,,0,0,体检,,,live_metadata,,platform
EIS.DBO,EJFileTable,,0,0,体检,,,live_metadata,,platform
EIS.DBO,EJMeasure,,0,0,体检,,,live_metadata,,platform
EIS.DBO,EJReport,,0,0,体检,,,live_metadata,,platform
EIS.DBO,EJStudy,,0,0,体检,,,live_metadata,,platform
EIS.DBO,EKFileTable,,0,0,体检,,,live_metadata,,platform
EIS.DBO,EKMeasure,,0,0,体检,,,live_metadata,,platform
EIS.DBO,EKReport,,0,0,体检,,,live_metadata,,platform
EIS.DBO,EKStudy,,0,0,体检,,,live_metadata,,platform
EIS.DBO,ELFileTable,,0,0,体检,,,live_metadata,,platform
EIS.DBO,ELMeasure,,0,0,体检,,,live_metadata,,platform
EIS.DBO,ELReport,,0,0,体检,,,live_metadata,,platform
EIS.DBO,ELStudy,,15339,0,体检,,,live_metadata,,platform
EIS.DBO,EMFileTable,,0,0,体检,,,live_metadata,,platform
EIS.DBO,EMMeasure,,0,0,体检,,,live_metadata,,platform
EIS.DBO,EMReport,,0,0,体检,,,live_metadata,,platform
EIS.DBO,EMStudy,,1503,0,体检,,,live_metadata,,platform
EIS.DBO,ENFileTable,,0,0,体检,,,live_metadata,,platform
EIS.DBO,ENMeasure,,0,0,体检,,,live_metadata,,platform
EIS.DBO,ENReport,,0,0,体检,,,live_metadata,,platform
EIS.DBO,ENStudy,,0,0,体检,,,live_metadata,,platform
EIS.DBO,EOFileTable,,0,0,体检,,,live_metadata,,platform
EIS.DBO,EOMeasure,,0,0,体检,,,live_metadata,,platform
EIS.DBO,EOReport,,0,0,体检,,,live_metadata,,platform
EIS.DBO,EOStudy,,0,0,体检,,,live_metadata,,platform
EIS.DBO,EPFileTable,,0,0,体检,,,live_metadata,,platform
EIS.DBO,EPMeasure,,0,0,体检,,,live_metadata,,platform
EIS.DBO,EPReport,,0,0,体检,,,live_metadata,,platform
EIS.DBO,EPStudy,,7867,0,体检,,,live_metadata,,platform
EIS.DBO,EQFileTable,,0,0,体检,,,live_metadata,,platform
EIS.DBO,EQMeasure,,0,0,体检,,,live_metadata,,platform
EIS.DBO,EQReport,,0,0,体检,,,live_metadata,,platform
EIS.DBO,EQStudy,,0,0,体检,,,live_metadata,,platform
EIS.DBO,Equipment,,10,0,体检,,,live_metadata,,platform
EIS.DBO,Equ_Item,,24,0,体检,,,live_metadata,,platform
EIS.DBO,ERFileTable,,0,0,体检,,,live_metadata,,platform
EIS.DBO,ERMeasure,,0,0,体检,,,live_metadata,,platform
EIS.DBO,ERReport,,0,0,体检,,,live_metadata,,platform
EIS.DBO,ERStudy,,1479,0,体检,,,live_metadata,,platform
EIS.DBO,ESFileTable,,0,0,体检,,,live_metadata,,platform
EIS.DBO,ESMeasure,,0,0,体检,,,live_metadata,,platform
EIS.DBO,ESReport,,0,0,体检,,,live_metadata,,platform
EIS.DBO,ESStudy,,787,0,体检,,,live_metadata,,platform
EIS.DBO,EUFileTable,,0,0,体检,,,live_metadata,,platform
EIS.DBO,EUMeasure,,0,0,体检,,,live_metadata,,platform
EIS.DBO,EUReport,,0,0,体检,,,live_metadata,,platform
EIS.DBO,EUStudy,,0,0,体检,,,live_metadata,,platform
EIS.DBO,EVFileTable,,0,0,体检,,,live_metadata,,platform
EIS.DBO,EVMeasure,,0,0,体检,,,live_metadata,,platform
EIS.DBO,EVReport,,0,0,体检,,,live_metadata,,platform
EIS.DBO,EVStudy,,0,0,体检,,,live_metadata,,platform
EIS.DBO,EWFileTable,,0,0,体检,,,live_metadata,,platform
EIS.DBO,EWMeasure,,0,0,体检,,,live_metadata,,platform
EIS.DBO,EWReport,,0,0,体检,,,live_metadata,,platform
EIS.DBO,EWStudy,,2,0,体检,,,live_metadata,,platform
EIS.DBO,ExamRepTemplet,,96,0,体检,,,live_metadata,,platform
EIS.DBO,EXFileTable,,0,0,体检,,,live_metadata,,platform
EIS.DBO,EXMeasure,,0,0,体检,,,live_metadata,,platform
EIS.DBO,EXReport,,0,0,体检,,,live_metadata,,platform
EIS.DBO,EXStudy,,0,0,体检,,,live_metadata,,platform
EIS.DBO,EYFileTable,,0,0,体检,,,live_metadata,,platform
EIS.DBO,EYMeasure,,0,0,体检,,,live_metadata,,platform
EIS.DBO,EYReport,,0,0,体检,,,live_metadata,,platform
EIS.DBO,EYStudy,,0,0,体检,,,live_metadata,,platform
EIS.DBO,EZFileTable,,0,0,体检,,,live_metadata,,platform
EIS.DBO,EZMeasure,,0,0,体检,,,live_metadata,,platform
EIS.DBO,EZReport,,0,0,体检,,,live_metadata,,platform
EIS.DBO,EZStudy,,742,0,体检,,,live_metadata,,platform
EIS.DBO,FileTable,,0,0,体检,,,live_metadata,,platform
EIS.DBO,HWstudy,,0,0,体检,,,live_metadata,,platform
EIS.DBO,KJ_NZZ_ZJB,,782,0,体检,,,live_metadata,,platform
EIS.DBO,kkkFileTable,,0,0,体检,,,live_metadata,,platform
EIS.DBO,LSHB,,4,0,体检,,,live_metadata,,platform
EIS.DBO,Measure,,0,0,体检,,,live_metadata,,platform
EIS.DBO,MeaTemplet,,112,0,体检,,,live_metadata,,platform
EIS.DBO,Patient,,20895,0,体检,,,live_metadata,,platform
EIS.DBO,PatientExamItem,,28173,0,体检,,,live_metadata,,platform
EIS.DBO,People,,1,0,体检,,,live_metadata,,platform
EIS.DBO,Report,,0,0,体检,,,live_metadata,,platform
EIS.DBO,RequestExamItem,,28,0,体检,,,live_metadata,,platform
EIS.DBO,Section,,10,0,体检,,,live_metadata,,platform
EIS.DBO,SectionDevice,,19,0,体检,,,live_metadata,,platform
EIS.DBO,Security,,0,0,体检,,,live_metadata,,platform
EIS.DBO,Study,,0,0,体检,,,live_metadata,,platform
EIS.DBO,StudyItem,,24,0,体检,,,live_metadata,,platform
EIS.DBO,sysdiagrams,,0,0,体检,,,live_metadata,,platform
EIS.DBO,T_CHECK_EC,,3,0,体检,,,live_metadata,,platform
EIS.DBO,TranLog,,7444041,0,体检,,,live_metadata,,platform
EIS.DBO,T_SYN_ZK_CHECK,,8,0,体检,,,live_metadata,,platform
EIS.DBO,T_SYN_ZK_CHECK_ER,,2036,0,体检,,,live_metadata,,platform
EIS.DBO,T_SYN_ZK_CHECK_ES,,2213,0,体检,,,live_metadata,,platform
EMR,病程记录详单,,4162483,8,EMR,,,,,platform
EMR,核心数据校验_门诊费用,,,0,EMR,,,,VIEW,platform
EMR,核心数据校验_住院费用,,,0,EMR,,,,VIEW,platform
EMR,患者检查报告信息,,26,35,EMR,,,,,platform
EMR,患者检查申请信息,,18,32,EMR,,,,,platform
EMR,患者检验报告信息,,213765,41,EMR,,,,,platform
EMR,患者检验申请信息,,142299,30,EMR,,,,,platform
EMR,患者医嘱信息,,151,88,EMR,,,,,platform
EMR,疾病诊断码_32517,,32498,23,EMR,,,,,platform
EMR,检查报告对照,,2200518,2,EMR,,,,,platform
EMR,检查基本信息表,,696331,23,EMR,,,,,platform
EMR,检查结果信息表,,751631,26,EMR,,,,,platform
EMR,检验报告对照,,5928443,2,EMR,,,,,platform
EMR,接口视图_检验报告结果,,,0,EMR,,,,VIEW,platform
EMR,聊城数据门诊发药,,,0,EMR,,,,VIEW,platform
EMR,留护理记录表,,0,17,EMR,,,,,platform
EMR,留体温记录单,,0,16,EMR,,,,,platform
EMR,门急诊病历对照,,3855526,2,EMR,,,,,platform
EMR,门诊费用和发票主表,,,0,EMR,,,,VIEW,platform
EMR,门诊费用和发药申请校验视图,,,0,EMR,,,,VIEW,platform
EMR,门诊医生费用和门诊费用不平,,,0,EMR,,,,VIEW,platform
EMR,手术全部_12997,,12997,21,EMR,,,,,platform
EMR,损伤中毒外因_1665,,1665,15,EMR,,,,,platform
EMR,同步机构_TEMP,,7,29,EMR,,,,,platform
EMR,同步科室_TEMP,,437,16,EMR,,,,,platform
EMR,同步用户_TEMP,,2423,27,EMR,,,,,platform
EMR,同步HIS非药品_TEMP,,9202,51,EMR,,,,,platform
EMR,同步HIS药品_TEMP,,2232,92,EMR,,,,,platform
EMR,未收床位费的患者和项目,,,0,EMR,,,,VIEW,platform
EMR,问号视图,,,0,EMR,,,,VIEW,platform
EMR,校基础_复合项目和非药品价格,,,0,EMR,,,,VIEW,platform
EMR,校基础A_发票打印序号,,,0,EMR,,,,VIEW,platform
EMR,校基础A_药品字典非空校验1,,,0,EMR,,,,VIEW,platform
EMR,校基础A_最小费用没归到门诊发票,,,0,EMR,,,,VIEW,platform
EMR,校基础A_最小费用没归到住院发票,,,0,EMR,,,,VIEW,platform
EMR,校基础B_药品字典非空校验2,,,0,EMR,,,,VIEW,platform
EMR,校基础B_药品字典非空校验3,,,0,EMR,,,,VIEW,platform
EMR,校基础C_药品字典非空校验4,,,0,EMR,,,,VIEW,platform
EMR,校基础C_药品字典非空校验5,,,0,EMR,,,,VIEW,platform
EMR,校基础C_药品字典非空校验6,,,0,EMR,,,,VIEW,platform
EMR,校基础C_医保未对照物价项目,,,0,EMR,,,,VIEW,platform
EMR,校基础C_医保未对照药品项目,,,0,EMR,,,,VIEW,platform
EMR,校基础D_物价无使用范围,,,0,EMR,,,,VIEW,platform
EMR,校门诊_发票总额和报销自费不等,,,0,EMR,,,,VIEW,platform
EMR,校门诊_门诊药品丢失收费项目,,,0,EMR,,,,VIEW,platform
EMR,校门诊_明细总额和单价数量不等,,,0,EMR,,,,VIEW,platform
EMR,校门诊A_发票表比支付表多,,,0,EMR,,,,VIEW,platform
EMR,校门诊A_费用和处方调剂头表,,,0,EMR,,,,VIEW,platform
EMR,校门诊A_费用和发药申请,,,0,EMR,,,,VIEW,platform
EMR,校门诊A_没发票明细,,,0,EMR,,,,VIEW,platform
EMR,校门诊A_门诊发票与明细对帐,,,0,EMR,,,,VIEW,platform
EMR,校门诊A_门诊费用和发票主表,,,0,EMR,,,,VIEW,platform
EMR,校门诊A_全部费用,,,0,EMR,,,,VIEW,platform
EMR,校门诊A_收费开立科室不对,,,0,EMR,,,,VIEW,platform
EMR,校门诊A_医嘱和收费不平,,,0,EMR,,,,VIEW,platform
EMR,校验_医保出院结算与HIS记录,,,0,EMR,,,,VIEW,platform
EMR,校验_医保挂号记录与HIS记录,,,0,EMR,,,,VIEW,platform
EMR,校验_医保门诊收费与HIS记录,,,0,EMR,,,,VIEW,platform
EMR,校验月结数据与库存数据不对应,,,0,EMR,,,,VIEW,platform
EMR,校药品_盘点主表与明细表不等,,,0,EMR,,,,VIEW,platform
EMR,校药品A_月结与库存数据,,,0,EMR,,,,VIEW,platform
EMR,校住院A_末收床费的在院患者,,,0,EMR,,,,VIEW,platform
EMR,校住院A_全部费用,,,0,EMR,,,,VIEW,platform
EMR,校住院A_医嘱执行档和费用,,,0,EMR,,,,VIEW,platform
EMR,校住院A_总费用与单价数量不等,,,0,EMR,,,,VIEW,platform
EMR,新冠筛查上报,,4553,27,EMR,,,,,platform
EMR,新冠筛查上报0726,,2496,27,EMR,,,,,platform
EMR,形态学对照_1494,,1556,10,EMR,,,,,platform
EMR,血糖_频次表,,0,3,EMR,,,,,platform
EMR,血压_频次表,,0,3,EMR,,,,,platform
EMR,巡床记录单,,0,16,EMR,,,,,platform
EMR,巡床质控表,,0,10,EMR,,,,,platform
EMR,药品出库校验视图,,,0,EMR,,,,VIEW,platform
EMR,药品库存明细及汇总状态不同,,,0,EMR,,,,VIEW,platform
EMR,药品月结数据与库存数据,,,0,EMR,,,,VIEW,platform
EMR,医嘱和基本信息校验,,,0,EMR,,,,VIEW,platform
EMR,医嘱执行单有错,,,0,EMR,,,,VIEW,platform
EMR,医嘱执行档和费用校验,,,0,EMR,,,,VIEW,platform
EMR,中医疾病分类与代码数据20191201,,624,6,EMR,,,,,platform
EMR,中医症候分类与代码数据20191201,,1624,6,EMR,,,,,platform
EMR,住院收费费用自校验视图,,,0,EMR,,,,VIEW,platform
EMR,住院收费末收床位费的患者,,,0,EMR,,,,VIEW,platform
EMR,住院总费用与单价数量不等,,,0,EMR,,,,VIEW,platform
EMR,AAA,,8228,5,EMR,,,,,platform
EMR,AAAAAAA,,,0,EMR,,,,VIEW,platform
EMR,A_BLTJ,,5002,11,EMR,,,,,platform
EMR,ARCHIVEINFO,,0,2,EMR,,,,,platform
EMR,A_RYXX,,1594,7,EMR,,,,,platform
EMR,BAGJ_SJGL,,1,6,EMR,,,,,platform
EMR,BAGL_ALLOCATION_QC,,0,9,EMR,,,,,platform
EMR,BAGL_BABOX,,0,6,EMR,,,,,platform
EMR,BAGL_BAQX,,0,21,EMR,,,,,platform
EMR,BAGL_BASS,,828,55,EMR,,,,,platform
EMR,BAGL_BASSBACKUP,,0,55,EMR,,,,,platform
EMR,BAGL_BASY,,2276,240,EMR,,,,,platform
EMR,BAGL_BASYBACKUP,,0,240,EMR,,,,,platform
EMR,BAGL_BASY_EDITRECORD,,146934,12,EMR,,,,,platform
EMR,BAGL_BASY_FY,,2100,60,EMR,,,,,platform
EMR,BAGL_BASY_QUALITYSCORE,,0,7,EMR,,,,,platform
EMR,BAGL_BASY_QUALITYSCOREDETAIL,,0,4,EMR,,,,,platform
EMR,BAGL_BASY_SCORESTANDARD,,0,8,EMR,,,,,platform
EMR,BAGL_BAYJYYDJ,,0,32,EMR,,,,,platform
EMR,BAGL_BAZD,,6069,23,EMR,,,,,platform
EMR,BAGL_BAZDBACKUP,,0,23,EMR,,,,,platform
EMR,BAGL_BMQXBC,,0,16,EMR,,,,,platform
EMR,BAGL_BOX,,0,7,EMR,,,,,platform
EMR,BAGL_BOXLEND,,0,10,EMR,,,,,platform
EMR,BAGL_BOXLENDPATIENT,,0,13,EMR,,,,,platform
EMR,BAGL_BWBZRB,,0,9,EMR,,,,,platform
EMR,BAGL_DELIVER,,0,7,EMR,,,,,platform
EMR,BAGL_DISTRIBUTEDIVISION,,0,3,EMR,,,,,platform
EMR,BAGL_EMRCONTRAST,,0,6,EMR,,,,,platform
EMR,BAGL_FEES,,0,44,EMR,,,,,platform
EMR,BAGL_FYGL,,3,25,EMR,,,,,platform
EMR,BAGL_HOME_PAGE,,0,348,EMR,,,,,platform
EMR,BAGL_IN_HOSPITAL_GRADE_REP,,0,24,EMR,,,,,platform
EMR,BAGL_INHOSPRINTAPPLY,,0,21,EMR,,,,,platform
EMR,BAGL_KSCW,,40,4,EMR,,,,,platform
EMR,BAGL_MENURIGHTS,,1843,5,EMR,,,,,platform
EMR,BAGL_MOTHERBABY,,0,9,EMR,,,,,platform
EMR,BAGL_MOTHERBABY_BABY,,0,10,EMR,,,,,platform
EMR,BAGL_MZRB,,0,29,EMR,,,,,platform
EMR,BAGL_PAPERCASE,,0,10,EMR,,,,,platform
EMR,BAGL_PAPERCASE_COPYAUDIT,,0,11,EMR,,,,,platform
EMR,BAGL_PAPERCASE_COPYREGISTER,,0,7,EMR,,,,,platform
EMR,BAGL_PAPERCASE_PDF,,0,5,EMR,,,,,platform
EMR,BAGL_PAPERCASE_PRINT_RECORD,,0,6,EMR,,,,,platform
EMR,BAGL_PDF_ALL_LIST,,0,8,EMR,,,,,platform
EMR,BAGL_PDFCASE_AUDIT,,0,23,EMR,,,,,platform
EMR,BAGL_PDF_CONVERTLOG,,0,4,EMR,,,,,platform
EMR,BAGL_PDF_DESENSITIVE,,0,3,EMR,,,,,platform
EMR,BAGL_PDF_GENERATED,,0,13,EMR,,,,,platform
EMR,BAGL_PDF_MISSION,,0,10,EMR,,,,,platform
EMR,BAGL_PDF_OTHER,,0,28,EMR,,,,,platform
EMR,BAGL_PDF_PATIENT,,0,20,EMR,,,,,platform
EMR,BAGL_PDF_PRINTSETTING,,0,4,EMR,,,,,platform
EMR,BAGL_PDF_SIGNATURE,,0,9,EMR,,,,,platform
EMR,BAGL_PERFORMANCE_APPRAISAL_CH,,0,345,EMR,,,,,platform
EMR,BAGL_PERFORMANCE_APPRAISAL_WES,,0,644,EMR,,,,,platform
EMR,BAGL_PERFORMANCE_DICT,,0,10,EMR,,,,,platform
EMR,BAGL_PERFORMANCE_MAPPING,,0,6,EMR,,,,,platform
EMR,BAGL_PRINT_CAMERA,,0,6,EMR,,,,,platform
EMR,BAGL_PRINT_DOCTYPE,,0,4,EMR,,,,,platform
EMR,BAGL_PRINT_FOREGROUND,,0,28,EMR,,,,,platform
EMR,BAGL_PRINT_PARAMETER,,0,20,EMR,,,,,platform
EMR,BAGL_QXBC,,0,17,EMR,,,,,platform
EMR,BAGL_RCBAQX,,0,21,EMR,,,,,platform
EMR,BAGL_REPORT_DIAGNOSIS17,,,0,EMR,,,,VIEW,platform
EMR,BAGL_REPORT_JZRB,,0,16,EMR,,,,,platform
EMR,BAGL_REPORT_LGRB,,0,14,EMR,,,,,platform
EMR,BAGL_REPORT_MZRB,,0,16,EMR,,,,,platform
EMR,BAGL_REPORT_OPERATIONS18,,,0,EMR,,,,VIEW,platform
EMR,BAGL_REPORT_ZYRB,,,0,EMR,,,,VIEW,platform
EMR,BAGL_REPORT_ZYRB_ORIGINAL,,0,30,EMR,,,,,platform
EMR,BAGL_RIGHTS,,29,3,EMR,,,,,platform
EMR,BAGL_SHOOT_AUDIT,,0,10,EMR,,,,,platform
EMR,BAGL_TRACE,,0,8,EMR,,,,,platform
EMR,BAGL_WT2_REP,,0,33,EMR,,,,,platform
EMR,BAGL_YJDJ,,1,18,EMR,,,,,platform
EMR,BAGL_YJRB,,0,7,EMR,,,,,platform
EMR,BAGL_YJXM,,0,9,EMR,,,,,platform
EMR,BAGL_YXDJ,,0,20,EMR,,,,,platform
EMR,BAGL_ZHSQ,,254,24,EMR,,,,,platform
EMR,BAGL_ZYRB,,0,33,EMR,,,,,platform
EMR,BL_24HCRYJL,,,0,EMR,,,,VIEW,platform
EMR,BL_24HZYSWJL,,,0,EMR,,,,VIEW,platform
EMR,BL_BWZTZS,,,0,EMR,,,,VIEW,platform
EMR,BL_CYJL,,,0,EMR,,,,VIEW,platform
EMR,BL_CYJL_BF_OLD,,,0,EMR,,,,VIEW,platform
EMR,BL_CYXJ,,,0,EMR,,,,VIEW,platform
EMR,BL_HZJL,,,0,EMR,,,,VIEW,platform
EMR,BL_HZJL_0315BF,,,0,EMR,,,,VIEW,platform
EMR,BL_JBJKXX,,,0,EMR,,,,VIEW,platform
EMR,BL_JDXJ,,,0,EMR,,,,VIEW,platform
EMR,BL_JJBJL,,,0,EMR,,,,VIEW,platform
EMR,BL_MZZQTYS,,,0,EMR,,,,VIEW,platform
EMR,BLOODPREPARE_CHECK,,0,11,EMR,,,,,platform
EMR,BLOODTRANSFUSION_CHECK,,0,31,EMR,,,,,platform
EMR,BL_PGCJL,,,0,EMR,,,,VIEW,platform
EMR,BL_QJJL,,,0,EMR,,,,VIEW,platform
EMR,BL_QTZQTYS,,,0,EMR,,,,VIEW,platform
EMR,BL_RCBCJL,,,0,EMR,,,,VIEW,platform
EMR,BL_RYJL,,,0,EMR,,,,VIEW,platform
EMR,BL_SCBCJL,,,0,EMR,,,,VIEW,platform
EMR,BL_SHSCBCJL,,,0,EMR,,,,VIEW,platform
EMR,BL_SJYSCFJL,,,0,EMR,,,,VIEW,platform
EMR,BL_SQTL,,,0,EMR,,,,VIEW,platform
EMR,BL_SQXJ,,,0,EMR,,,,VIEW,platform
EMR,BL_SSTYS,,,0,EMR,,,,VIEW,platform
EMR,BL_SWBLTLJL,,,0,EMR,,,,VIEW,platform
EMR,BL_SWJL,,,0,EMR,,,,VIEW,platform
EMR,BL_SXZLTYS,,,0,EMR,,,,VIEW,platform
EMR,BL_TSJCJTSZLT,,,0,EMR,,,,VIEW,platform
EMR,BL_WSSJZY,,,0,EMR,,,,VIEW,platform
EMR,BL_YNBLTL,,,0,EMR,,,,VIEW,platform
EMR,BL_ZKJL,,,0,EMR,,,,VIEW,platform
EMR,BL_ZYBLYSXX,,,0,EMR,,,,VIEW,platform
EMR,BREASTMILK_CHECK,,0,14,EMR,,,,,platform
EMR,BV_DEPT,,,0,EMR,,,,VIEW,platform
EMR,BV_IPB_RECIPEDETAIL,,,0,EMR,,,,VIEW,platform
EMR,BV_IPR_INMAININFO,,,0,EMR,,,,VIEW,platform
EMR,BV_PATIENTINFO,,,0,EMR,,,,VIEW,platform
EMR,BV_PAYMENT,,,0,EMR,,,,VIEW,platform
EMR,BV_PREPAY,,,0,EMR,,,,VIEW,platform
EMR,BV_RECIPEDETAIL,,,0,EMR,,,,VIEW,platform
EMR,BV_REGDEPT,,,0,EMR,,,,VIEW,platform
EMR,BV_REGDOCTOR,,,0,EMR,,,,VIEW,platform
EMR,BV_REGISTER,,,0,EMR,,,,VIEW,platform
EMR,BV_SCHEDULE,,,0,EMR,,,,VIEW,platform
EMR,BV_SCHEDULESUB,,,0,EMR,,,,VIEW,platform
EMR,CA_ADVICE_CHANGE_RULE,,0,8,EMR,,,,,platform
EMR,CA_ADVICE_CHECK_RULE,,0,11,EMR,,,,,platform
EMR,CA_ADVICE_CONTROL_RULE,,1,11,EMR,,,,,platform
EMR,CA_ADVICE_GATHERING,,129,24,EMR,,,,,platform
EMR,CA_ADVICE_GATHERING_EXT,,0,7,EMR,,,,,platform
EMR,CA_ADVICE_PATIENT_ITEM,,0,82,EMR,,,,,platform
EMR,CA_ADVICE_PATIENT_ITEM_2020,,0,82,EMR,,,,,platform
EMR,CA_ADVICE_PATIENT_ITEM_2021,,0,82,EMR,,,,,platform
EMR,CA_ADVICE_PATIENT_ITEM_2022,,0,82,EMR,,,,,platform
EMR,CA_ADVICE_PATIENT_ITEM_2023,,0,82,EMR,,,,,platform
EMR,CA_ADVICE_TEMPLATE_GROUP,,300,8,EMR,,,,,platform
EMR,CA_ADVICE_TEMPLATE_ITEM,,887,73,EMR,,,,,platform
EMR,CA_ADVICE_TEMPLATE_LIB,,114,17,EMR,,,,,platform
EMR,CA_ADVICE_TEMPLATE_MAP_RULE,,0,14,EMR,,,,,platform
EMR,CA_VARIATION_DIC,,0,11,EMR,,,,,platform
EMR,CA_VARIATION_EFFECT,,0,3,EMR,,,,,platform
EMR,CA_VARIATION_ITEM,,0,26,EMR,,,,,platform
EMR,CODESMITH_EXTENDED_PROPERTIES,,0,6,EMR,,,,,platform
EMR,COM_DICTIONARY_CJ,,170,3,EMR,,,,,platform
EMR,COM_EMPLOYEE,员工代码表,2423,30,EMR,,,,,platform
EMR,COM_JOB,药品统计时间表,9,11,EMR,,,,,platform
EMR,COM_PATIENTINFO,,1589979,68,EMR,,,,,platform
EMR,CP_COM_SQL,,103,15,EMR,,,,,platform
EMR,CP_DB,,167,2,EMR,,,,,platform
EMR,CP_HETEROMORPHOSIS,,20329,22,EMR,,,,,platform
EMR,CP_LOG,,571630,7,EMR,,,,,platform
EMR,CP_M_PATHVERSION,,414,14,EMR,,,,,platform
EMR,CP_M_PATHVERSION_BF,,103,14,EMR,,,,,platform
EMR,CP_PATHADVICE_ITEMV2,,0,32,EMR,,,,,platform
EMR,CP_PATHADVICE_ITEM_VIEW,,,0,EMR,,,,VIEW,platform
EMR,CP_PATHGATHERING,,89217,72,EMR,,,,,platform
EMR,CP_PATHGATHERING221117,,31578,72,EMR,,,,,platform
EMR,CP_PATHGATHERINGTT,,1,72,EMR,,,,,platform
EMR,CP_PATHGROUP_ITEM,,314774,20,EMR,,,,,platform
EMR,CP_PATHINFO,,281,19,EMR,,,,,platform
EMR,CP_PATHINFO_DD,,45,2,EMR,,,,,platform
EMR,CP_PATHREPORTINFO,,0,17,EMR,,,,,platform
EMR,CP_PATHRULE_ITEM,,0,34,EMR,,,,,platform
EMR,CP_PATHRULE_ITEM_2020,,10864,34,EMR,,,,,platform
EMR,CP_PATHRULE_ITEM_2021,,933177,34,EMR,,,,,platform
EMR,CP_PATHRULE_ITEM_2022,,1255845,34,EMR,,,,,platform
EMR,CP_PATHRULE_ITEM_2023,,1513939,34,EMR,,,,,platform
EMR,CP_PATHRULE_ITEM_2024,,1729113,34,EMR,,,,,platform
EMR,CP_PATHRULE_ITEM_2025,,725437,34,EMR,,,,,platform
EMR,CP_PATIENTADVICE_ITEMV2,,0,21,EMR,,,,,platform
EMR,CP_PATIENT_FLAG,,0,14,EMR,,,,,platform
EMR,CP_RASON,,71,12,EMR,,,,,platform
EMR,DATASTORE_VITALSIGN,电子病历数据,5789598,19,EMR,,,,,platform
EMR,DATASTORE_VITALSIGN0312602,,313,19,EMR,,,,,platform
EMR,DATASTORE_VITALSIGN0319020,,57,19,EMR,,,,,platform
EMR,DATASTORE_VITALSIGN0319215,,141,19,EMR,,,,,platform
EMR,DATASTORE_VITALSIGN0724,,38,17,EMR,,,,,platform
EMR,DATASTORE_VITALSIGN_BF916,,102,19,EMR,,,,,platform
EMR,DATASTORE_VITALSIGN_ZCL,,1804,19,EMR,,,,,platform
EMR,DB_COLUMNS,,14382,10,EMR,,,,,platform
EMR,DB_MANAGE,,564,7,EMR,,,,,platform
EMR,DIAGNOSI,,,0,EMR,,,,VIEW,platform
EMR,DIAGNOSI_ORIGINAL,,8,38,EMR,,,,,platform
EMR,DN_V_VIEW_YSXX,,,0,EMR,,,,VIEW,platform
EMR,DOCTPICTURE,,722,3,EMR,,,,,platform
EMR,DR_CLOB,,1,2,EMR,,,,,platform
EMR,DR_REPORT,,108,11,EMR,,,,,platform
EMR,DRUGMENUACCEPT,,0,12,EMR,,,,,platform
EMR,EMR_ADMISSION_DIAGNOSIS,,,0,EMR,,,,VIEW,platform
EMR,EMR_ADMISSION_RECORD,,,0,EMR,,,,VIEW,platform
EMR,EMR_DISCHARGE_RECORD,,,0,EMR,,,,VIEW,platform
EMR,EMR_LCLJSBBB,,0,58,EMR,,,,,platform
EMR,EMR_MEDICAL_RECORD_INFO,,,0,EMR,,,,VIEW,platform
EMR,EMR_OUTPATIENT_PATIENT,,,0,EMR,,,,VIEW,platform
EMR,EMR_OUTPATIENT_PATIENT_ZY,,,0,EMR,,,,VIEW,platform
EMR,EMR_PATINFO,,,0,EMR,,,,VIEW,platform
EMR,EMR_PRESCRIPTION,,,0,EMR,,,,VIEW,platform
EMR,EMR_PRESCRIPTION_LIST,,,0,EMR,,,,VIEW,platform
EMR,EMRSD1,,0,87,EMR,,,,,platform
EMR,EMRSD10,,0,68,EMR,,,,,platform
EMR,EMRSD11,,0,85,EMR,,,,,platform
EMR,EMRSD12,,0,53,EMR,,,,,platform
EMR,EMRSD13,,0,53,EMR,,,,,platform
EMR,EMRSD14,,0,95,EMR,,,,,platform
EMR,EMRSD15,,0,127,EMR,,,,,platform
EMR,EMRSD16,,152,125,EMR,,,,,platform
EMR,EMRSD18,,0,55,EMR,,,,,platform
EMR,EMRSD19,,0,72,EMR,,,,,platform
EMR,EMRSD2,,0,67,EMR,,,,,platform
EMR,EMRSD20,,0,53,EMR,,,,,platform
EMR,EMRSD21,,0,59,EMR,,,,,platform
EMR,EMRSD22,,0,48,EMR,,,,,platform
EMR,EMRSD23,,0,105,EMR,,,,,platform
EMR,EMRSD24,,0,47,EMR,,,,,platform
EMR,EMRSD25,,0,45,EMR,,,,,platform
EMR,EMRSD26,,0,56,EMR,,,,,platform
EMR,EMRSD27,,0,54,EMR,,,,,platform
EMR,EMRSD28,,0,49,EMR,,,,,platform
EMR,EMRSD29,,25826,44,EMR,,,,,platform
EMR,EMRSD3,,0,82,EMR,,,,,platform
EMR,EMRSD30,,0,43,EMR,,,,,platform
EMR,EMRSD31,,409483,37,EMR,,,,,platform
EMR,EMRSD32,,0,168,EMR,,,,,platform
EMR,EMRSD33,,0,197,EMR,,,,,platform
EMR,EMRSD34,,225372,128,EMR,,,,,platform
EMR,EMRSD35,,7200,69,EMR,,,,,platform
EMR,EMRSD36,,159,64,EMR,,,,,platform
EMR,EMRSD37,,226551,49,EMR,,,,,platform
EMR,EMRSD37BF230206,,1,49,EMR,,,,,platform
EMR,EMRSD38,,704679,41,EMR,,,,,platform
EMR,EMRSD39,,499201,44,EMR,,,,,platform
EMR,EMRSD4,,0,51,EMR,,,,,platform
EMR,EMRSD40,,542,43,EMR,,,,,platform
EMR,EMRSD41,,39,51,EMR,,,,,platform
EMR,EMRSD42,,12796,61,EMR,,,,,platform
EMR,EMRSD43,,3650,56,EMR,,,,,platform
EMR,EMRSD44,,5369,52,EMR,,,,,platform
EMR,EMRSD45,,21916,57,EMR,,,,,platform
EMR,EMRSD46,,64160,75,EMR,,,,,platform
EMR,EMRSD47,,14136,52,EMR,,,,,platform
EMR,EMRSD48,,41207,66,EMR,,,,,platform
EMR,EMRSD49,,225150,67,EMR,,,,,platform
EMR,EMRSD5,,0,58,EMR,,,,,platform
EMR,EMRSD50,,1084,64,EMR,,,,,platform
EMR,EMRSD51,,1189,62,EMR,,,,,platform
EMR,EMRSD52,,0,63,EMR,,,,,platform
EMR,EMRSD53,,43,75,EMR,,,,,platform
EMR,EMRSD6,,0,86,EMR,,,,,platform
EMR,EMRSD7,,0,67,EMR,,,,,platform
EMR,EMRSD8,,0,62,EMR,,,,,platform
EMR,EMRSD9,,57155,67,EMR,,,,,platform
EMR,EMRSD_CONTENT,,3879265,5,EMR,,,,,platform
EMR,EMRSD_DIAGNOSE,,5946775,6,EMR,,,,,platform
EMR,EMRSD_OPERATION,,25269,5,EMR,,,,,platform
EMR,EMRSD_SIGNINFO,,2624211,8,EMR,,,,,platform
EMR,EMR_THIRDPARTYCALLLOG,,0,14,EMR,,,,,platform
EMR,EPR_BLOOD_APPLY,"通过申请单号和输血申请单明细表关联,一次输血申请单会有多个血液成分",0,44,EMR,,,,,platform
EMR,EPR_BLOOD_DETAIL,,1,22,EMR,,,,,platform
EMR,EPR_CA_KEY,,5,7,EMR,,,,,platform
EMR,EPR_CA_SIGN_RECORD,,78,17,EMR,,,,,platform
EMR,EPR_COM_DATASOURCECONFIG,,642,28,EMR,,,,,platform
EMR,EPR_COM_DIAGNOSETYPE,诊断类别表,19,4,EMR,,,,,platform
EMR,EPR_COM_DIAGNOSETYPE_BF,,16,4,EMR,,,,,platform
EMR,EPR_COM_MUTEX,医嘱互斥表,2,2,EMR,,,,,platform
EMR,EPR_COM_SQL,SQL表(NAME存储为CLOB型),83,15,EMR,,,,,platform
EMR,EPR_COM_TEXT,,4377709,11,EMR,,,,,platform
EMR,EPR_DEBUG_LOG,,221847,11,EMR,,,,,platform
EMR,EPR_DOC_BROWSERINFO,记录住院病历借阅申请及审核信息,0,12,EMR,,,,,platform
EMR,EPR_DOC_MANAGEINFO,记录住院病历管理相关信息，包括解档申请、解封申请、退回申请、临时权限申请、主动授权管理信息,0,34,EMR,,,,,platform
EMR,EPR_EMR_SJJMX,,898,10,EMR,,,,,platform
EMR,EPR_HOMEPAGE_ATTACHINFO,该表需要现场根据实际情况添加相应字段,1,38,EMR,,,,,platform
EMR,EPR_HOMEPAGE_BASEINFO,,0,271,EMR,,,,,platform
EMR,EPR_HOMEPAGE_CONFIG,,260,20,EMR,,,,,platform
EMR,EPR_HOMEPAGE_DIAGNOSIS,,0,36,EMR,,,,,platform
EMR,EPR_HOMEPAGE_ERRORS,,0,8,EMR,,,,,platform
EMR,EPR_HOMEPAGE_OPERATION,,0,51,EMR,,,,,platform
EMR,EPR_HOMEPAGE_SCRIPT,,0,6,EMR,,,,,platform
EMR,EPR_HOMEPAGE_TEMPLATE_APPLY,首页模板应用科室明细表,0,6,EMR,,,,,platform
EMR,EPR_HOMEPAGE_TEMPLATEINFO,,0,18,EMR,,,,,platform
EMR,EPR_HOMEPAGE_TEMPSTORAGEFIELD,,0,7,EMR,,,,,platform
EMR,EPR_INPATIENT,住院病历段落信息表。该表存储住院病历内容信息，以DATE_VALIDATED按年度进行分区存储。,3893128,49,EMR,,,,,platform
EMR,EPR_INPATIENT0201204,,1,49,EMR,,,,,platform
EMR,EPR_INPATIENT0312602,,18,49,EMR,,,,,platform
EMR,EPR_INPATIENT0362974,,7,49,EMR,,,,,platform
EMR,EPR_INPATIENT0369669,,16,49,EMR,,,,,platform
EMR,EPR_INPATIENT2020,,152,49,EMR,,,,,platform
EMR,EPR_INPATIENT_DOCINDEX,存储住院病历索引信息，包括病历的状态,232728,36,EMR,,,,,platform
EMR,EPR_INPATIENT_DOCINDEX0312602,,1,36,EMR,,,,,platform
EMR,EPR_INPATIENT_DOCINDEX20231013,,17,36,EMR,,,,,platform
EMR,EPR_INPATIENT_LOG,住院病历操作日志表,128,13,EMR,,,,,platform
EMR,EPR_INPATIENTTREECONFIG,,189,29,EMR,,,,,platform
EMR,EPR_INPUTASSISTANT001338,,295,32,EMR,,,,,platform
EMR,EPR_INPUTASSISTANT001338T,,55,32,EMR,,,,,platform
EMR,EPR_INPUTASSISTANT030109,,46,32,EMR,,,,,platform
EMR,EPR_MET_IPM_PERMISSION,授权资料档,324,12,EMR,,,,,platform
EMR,EPR_NURSE_DOCTITLE,,4,7,EMR,,,,,platform
EMR,EPR_NURSEPLAN_TEMPLATE,,0,14,EMR,,,,,platform
EMR,EPR_NURSING_PAGEINFO,用于存储护理记录单各页的整页的自定义数据，主要包含，备注信息，自定义列信息等,3,21,EMR,,,,,platform
EMR,EPR_NURSING_PLAN,,0,33,EMR,,,,,platform
EMR,EPR_NURSING_PRINTINFO,护理表单打印记录表,247863,20,EMR,,,,,platform
EMR,EPR_NURSING_RECORD,用于记录护理记录单内容,1454,161,EMR,,,,,platform
EMR,EPR_NURSING_SCORE,,1448,35,EMR,,,,,platform
EMR,EPR_NURSING_SCOREDETAIL,,49916,21,EMR,,,,,platform
EMR,EPR_NURSING_SINGLEMONITORING,,8,31,EMR,,,,,platform
EMR,EPR_NURSING_STYLE,,79,26,EMR,,,,,platform
EMR,EPR_NURSING_STYLE_BF,,36,25,EMR,,,,,platform
EMR,EPR_NURSING_STYLEDEPART,,103,19,EMR,,,,,platform
EMR,EPR_NURSING_STYLEMAPPING,,278,27,EMR,,,,,platform
EMR,EPR_NURSING_TEMPERATURE_CONFIG,,17,29,EMR,,,,,platform
EMR,EPR_OPERATION_APPLY,"通过申请单号和手术申请单明细表关联,一次手术申请单会有多个手术名称",0,67,EMR,,,,,platform
EMR,EPR_OPERATION_DETAIL,,5,22,EMR,,,,,platform
EMR,EPR_OPERATION_LOG,记录病历操作详细信息，包括病历创建、病历完成、病历删除、病历归档、病历解档、病历浏览、借阅、提交、退出等操作,1,18,EMR,,,,,platform
EMR,EPR_OPERATION_ROOM,,4,3,EMR,,,,,platform
EMR,EPR_OPERATION_THEATRED,,8,3,EMR,,,,,platform
EMR,EPR_OUTPATIENT,门诊病历信息表,5,33,EMR,,,,,platform
EMR,EPR_OUTPATIENT_DOCINDEX,存储门诊病历索引信息，包括病历的状态,0,30,EMR,,,,,platform
EMR,EPR_PACS_APPLY,通过申请单号和检查申请单明细表关联,0,59,EMR,,,,,platform
EMR,EPR_PACS_APPLY_ITEM,检查申请单项目表，一个申请单可以对应多个检查项目,0,21,EMR,,,,,platform
EMR,EPR_PATHOLOGY_APPLY,"通过申请单号和病理申请单明细表关联,一次病理申请单会有多个检查部位",0,98,EMR,,,,,platform
EMR,EPR_PATHOLOGY_MOLECULE_ITEMS,,0,18,EMR,,,,,platform
EMR,EPR_PATHOLOGY_SAMPLE,,14,20,EMR,,,,,platform
EMR,EPR_PDF_AUTHINFO,病历 PDF 管理授权信息,18738,9,EMR,,,,,platform
EMR,EPR_PDF_FILEINFO,病历 PDF 管理文件信息,3123985,17,EMR,,,,,platform
EMR,EPR_QC_BASE,,54,39,EMR,,,,,platform
EMR,EPR_QC_HOMEPAGE,,261,31,EMR,,,,,platform
EMR,EPR_QC_MARK,质控标记表,171420,25,EMR,,,,,platform
EMR,EPR_QC_NURSE,护理质控点表,0,25,EMR,,,,,platform
EMR,EPR_QC_RESULT,质控结果表,1221295,49,EMR,,,,,platform
EMR,EPR_QC_RESULT_COMMONMESSAGE,质控修改措施表,24,12,EMR,,,,,platform
EMR,EPR_QC_RESULT_COMMUNICATION,质控结果回复信息表,42,14,EMR,,,,,platform
EMR,EPR_QC_RESULT_MESSAGE,质控结果接消息表,1252364,14,EMR,,,,,platform
EMR,EPR_QC_RESULT_PICTURE,质控结果截图,7664,11,EMR,,,,,platform
EMR,EPR_QC_SPECIAL_GROUP,,4,21,EMR,,,,,platform
EMR,EPR_QC_SPECIAL_ITEMS,,5,40,EMR,,,,,platform
EMR,EPR_QC_TASK_RESULT,,242,18,EMR,,,,,platform
EMR,EPR_QC_TIMINGTASK,,1,25,EMR,,,,,platform
EMR,EPR_SCORE_ITEM,,80,25,EMR,,,,,platform
EMR,EPR_SCORE_QC_RELATION,,2,15,EMR,,,,,platform
EMR,EPR_SCORE_RESULT,,0,26,EMR,,,,,platform
EMR,EPR_SCORE_RESULT_DETAIL,,0,23,EMR,,,,,platform
EMR,EPR_TEMP_AUTHORITY,记录住院病历临时权限以及主动授权信息,957,12,EMR,,,,,platform
EMR,EPR_TEMPLATE_BORROW,,1301,5,EMR,,,,,platform
EMR,EPR_TEMPLATE_BORROW_BF20210120,,974,5,EMR,,,,,platform
EMR,EPR_TEMPLATE_DATAELEMENT,,2142,43,EMR,,,,,platform
EMR,EPR_TEMPLATE_DATAELEMENT_DIR,,96,20,EMR,,,,,platform
EMR,EPR_TEMPLATE_DATAGROUP,,144,22,EMR,,,,,platform
EMR,EPR_TEMPLATE_DATAGROUP_MAP,共享文档与章节的关系，改为共享文档与数据元的关系,3553,21,EMR,,,,,platform
EMR,EPR_TEMPLATE_DISEASETYPE,病历模板以及病历图库模板可以按照疾病进行分组维护，有利于减少重复模板,12,19,EMR,,,,,platform
EMR,EPR_TEMPLATE_DOCSEGMENT,,112,28,EMR,,,,,platform
EMR,EPR_TEMPLATE_DOCUMENT_TYPE,文档种类表,4,18,EMR,,,,,platform
EMR,EPR_TEMPLATE_EMRDOCTYPE,,169,27,EMR,,,,,platform
EMR,EPR_TEMPLATE_EMRDOCTYPE_0810,,327,27,EMR,,,,,platform
EMR,EPR_TEMPLATE_EMRDOCTYPE_BAK,,322,27,EMR,,,,,platform
EMR,EPR_TEMPLATE_EMRDOCTYPE_BF2021,,155,27,EMR,,,,,platform
EMR,EPR_TEMPLATE_HEADFOOT,,10,26,EMR,,,,,platform
EMR,EPR_TEMPLATE_HEADFOOT2020,,253,26,EMR,,,,,platform
EMR,EPR_TEMPLATE_IMAGELIB,存储专科科室所用到的医学图库,21,26,EMR,,,,,platform
EMR,EPR_TEMPLATE_INPUT030312,,30,32,EMR,,,,,platform
EMR,EPR_TEMPLATE_INPUTANT1023,,24,32,EMR,,,,,platform
EMR,EPR_TEMPLATE_INPUTASSISTANT,知识库信息,38416,32,EMR,,,,,platform
EMR,EPR_TEMPLATE_INPUTASSISTANT816,,40,32,EMR,,,,,platform
EMR,EPR_TEMPLATE_INPUTASSISTANT817,,42,32,EMR,,,,,platform
EMR,EPR_TEMPLATE_PRINTSIZE,,6,25,EMR,,,,,platform
EMR,EPR_TEMPLATE_TEMPLATE,,16985,46,EMR,,,,,platform
EMR,EPR_TEMPLATE_TEMPLATE2020,,525,46,EMR,,,,,platform
EMR,EPR_TEMPLATE_TEMPLATE202001,,524,46,EMR,,,,,platform
EMR,EPR_TEMPLATE_TEMPLATE20200811,,512,46,EMR,,,,,platform
EMR,EPR_TEMPLATE_TEMPLATE20210112,,5755,46,EMR,,,,,platform
EMR,EPR_TEMPLATE_TEMPLATE20230505,,12639,46,EMR,,,,,platform
EMR,EPR_TEMPLATE_TEMPLATE20230612,,12837,46,EMR,,,,,platform
EMR,EPR_TEMPLATE_TEMPLATE20230616,,13014,46,EMR,,,,,platform
EMR,EPR_TEMPLATE_TEMPLATE_BF,,402,46,EMR,,,,,platform
EMR,EPR_TEMPLATE_TEMPLATE_BF20201,,5389,46,EMR,,,,,platform
EMR,EPR_TEMPLATE_TEMPLATE_BF2021,,5814,46,EMR,,,,,platform
EMR,EPR_TEMPLATE_TEMPLATE_BFT1,,7748,46,EMR,,,,,platform
EMR,EPR_TEMPLATE_TEMPLATE_DIR,,0,24,EMR,,,,,platform
EMR,EPR_TEMPLATE_TEMPLATE_DR,,552,46,EMR,,,,,platform
EMR,EPR_TEMPLATE_TEMPLATESTYLE,,320,21,EMR,,,,,platform
EMR,EPR_THIRDPARTYCALLLOG,,888037,14,EMR,,,,,platform
EMR,EPR_TIMEOUTUNLOCKFORM,,2407,18,EMR,,,,,platform
EMR,EPR_TIMEOUTUNLOCKFORMOLD,,31,18,EMR,,,,,platform
EMR,EPR_ZYBZLZ,,359,27,EMR,,,,,platform
EMR,FIN_IPB_BALANCE_HM,住院结算(惠民优惠),1,11,EMR,,,,,platform
EMR,FIN_IPR_PREPAYIN,,,0,EMR,,,,VIEW,platform
EMR,FIN_IPR_PREPAYIN_VIEW_BF,,,0,EMR,,,,VIEW,platform
EMR,FXJCPT_CDR_EMR_DOCUMENT,,,0,EMR,,,,VIEW,platform
EMR,FXJCPT_CDR_EMR_DOCUMENT_NEW,,,0,EMR,,,,VIEW,platform
EMR,GET_DEPARTMENT,,,0,EMR,,,,VIEW,platform
EMR,GET_USER,,,0,EMR,,,,VIEW,platform
EMR,HIP_AM_ALLERGY,,6,18,EMR,,,,,platform
EMR,HIS_ANNOUNCEMENT,,2,13,EMR,,,,,platform
EMR,HIS_BIZ_EXAM_CONSOLE,检查台表,0,12,EMR,,,,,platform
EMR,HIS_BIZ_EXAM_MACHINE,检查设备管理,0,11,EMR,,,,,platform
EMR,HIS_BIZ_EXAM_QUEUE,检查队列表,0,20,EMR,,,,,platform
EMR,HIS_BIZ_EXAM_REGISTER,医技叫号登记表,0,19,EMR,,,,,platform
EMR,HIS_BIZ_EXAM_ROOM,检查室表,0,8,EMR,,,,,platform
EMR,HIS_BIZ_EXAM_TRIAGERECORD,检查分诊记录表,0,29,EMR,,,,,platform
EMR,HIS_BIZ_INPRC_ADMITTINGCERT,住院证,0,31,EMR,,,,,platform
EMR,HIS_BIZ_MORD_PRECHANGE,,0,66,EMR,,,,,platform
EMR,HIS_BIZ_MORD_PRESCRIBEDETAIL,诊间处方明细表,0,82,EMR,,,,,platform
EMR,HIS_BIZ_MREC_DAILYCCLT_DETAIL,,17,11,EMR,,,,,platform
EMR,HIS_BIZ_OPERATION_APPLY,手术申请单表,30,107,EMR,,,,,platform
EMR,HIS_BIZ_PRT_PRINTER,单据打印机,9,7,EMR,,,,,platform
EMR,HIS_BIZ_PRT_SHEETCONFIG,单据打印配置,3,10,EMR,,,,,platform
EMR,HIS_BIZ_PRT_SHEETTEMPLATE,单据打印模板,11,10,EMR,,,,,platform
EMR,HIS_COM_DEPARTMENT,,,0,EMR,,,,VIEW,platform
EMR,HIS_COM_DICTIONARY,,,0,EMR,,,,VIEW,platform
EMR,HIS_COM_EMPLOYEE,,,0,EMR,,,,VIEW,platform
EMR,HIS_COM_MEDICALINTERFACE,医保接口设置表,6,4,EMR,,,,,platform
EMR,HIS_COM_OPT_POWER,,561,10,EMR,,,,,platform
EMR,HIS_COM_PATIENTCARD,患者卡片信息表,0,7,EMR,,,,,platform
EMR,HIS_COM_PRIV_CLASS3,三级权限分类表：是二级权限分类表的进一步细分，代码可维护,232,16,EMR,,,,,platform
EMR,HIS_COM_PUBFEEPATIENTINFO,公费病人基本信息（离休，荣军等特殊病人）,175300,17,EMR,,,,,platform
EMR,HIS_COM_SQL,Sql表(Name存储为Long型),5461,15,EMR,,,,,platform
EMR,HIS_COM_SQLBF20201015,,5474,15,EMR,,,,,platform
EMR,HIS_COM_SQL_BF20201201,,5475,3,EMR,,,,,platform
EMR,HIS_CONSULTION_HZ,,,0,EMR,,,,VIEW,platform
EMR,HIS_CONSULTION_HZJL,,,0,EMR,,,,VIEW,platform
EMR,HIS_COST_GEN_BEDFEELEVEL,床位费及附加费用等级表,0,14,EMR,,,,,platform
EMR,HIS_COST_GEN_EMPLCOSTGROUP,人员财务组关系表,1,8,EMR,,,,,platform
EMR,HIS_COST_GEN_INVOICERECORD,发票领取记录,0,14,EMR,,,,,platform
EMR,HIS_COST_GEN_MEDINSURRATIO,患者费别代码表,3,32,EMR,,,,,platform
EMR,HIS_COST_GEN_MINFEESTATCODE,最小费用与统计大类对照,317,13,EMR,,,,,platform
EMR,HIS_COST_GEN_SOCINSURLIST,社保项目信息表(用于对照医保项目),125099,74,EMR,,,,,platform
EMR,HIS_COST_INPC_CCLTHEAD,住院结算头表,0,55,EMR,,,,,platform
EMR,HIS_COST_INPC_CCLTLIST,住院结算明细表,0,28,EMR,,,,,platform
EMR,HIS_COST_INPC_CCLTPAY,住院收费结算实付表,0,18,EMR,,,,,platform
EMR,HIS_COST_INPC_DRUGLIST,住院药品明细表,0,84,EMR,,,,,platform
EMR,HIS_COST_INPC_NONDRUGLIST,住院非药品明细表,0,83,EMR,,,,,platform
EMR,HIS_COST_INPC_NURSEFEESET,护士站患者收费组套,18,15,EMR,,,,,platform
EMR,HIS_COST_INPC_PREPAY,预交金表,0,36,EMR,,,,,platform
EMR,HIS_COST_INPC_TOTALFEE,住院费用汇总表,0,38,EMR,,,,,platform
EMR,HIS_COST_INPC_TOTALFEE_0709,,78936,38,EMR,,,,,platform
EMR,HIS_COST_INPRC_INPMAIN,住院主表,249890,133,EMR,,,,,platform
EMR,HIS_COST_INPRC_INPMAIN_BF21226,,98,133,EMR,,,,,platform
EMR,HIS_COST_INPRC_INPMAIN_T_BF,,1808,133,EMR,,,,,platform
EMR,HIS_COST_INPRC_INPMAIN_V_BF,,,0,EMR,,,,VIEW,platform
EMR,HIS_COST_INPRC_RECEPTION,,,0,EMR,,,,VIEW,platform
EMR,HIS_COST_INPRC_RECEPTION_BF,接诊信息表,0,24,EMR,,,,,platform
EMR,HIS_COST_OPC_INVOICEINFO,发票信息表(结算信息表),0,48,EMR,,,,,platform
EMR,HIS_COST_OPC_INVOICELIST,发票明细表(费用分类表),0,21,EMR,,,,,platform
EMR,HIS_COST_OPC_PAYSTATUS,结算支付情况表,0,29,EMR,,,,,platform
EMR,HIS_COST_OPC_PRESCRIPTION,"处方明细表,实际是门诊划价表",0,97,EMR,,,,,platform
EMR,HIS_COST_OP_DAILYCCLT,门诊日结表,0,13,EMR,,,,,platform
EMR,HIS_COST_OPRC_DIAGORDER,挂号看诊序号表,0,6,EMR,,,,,platform
EMR,HIS_COST_OPRC_PERIOD,午别表 分诊专用，其他地方用常数维护里的午别 ,4,7,EMR,,,,,platform
EMR,HIS_COST_OPRC_RECEPTCONFIG,,13,4,EMR,,,,,platform
EMR,HIS_COST_OPRC_REGFEE,挂号费分配方案,306,11,EMR,,,,,platform
EMR,HIS_COST_OPRC_REGISTERACCESS,挂号员权限表,0,5,EMR,,,,,platform
EMR,HIS_COST_OPRC_REGLEVEL,挂号级别维护,10,16,EMR,,,,,platform
EMR,HIS_COST_OPRC_REGMAIN,挂号主表,0,93,EMR,,,,,platform
EMR,HIS_COST_OPRC_REGMAINDETAIL,,0,9,EMR,,,,,platform
EMR,HIS_COST_OPRC_REGQUEUE,,0,8,EMR,,,,,platform
EMR,HIS_CP_ELEMENT,路径元素主表,10190,24,EMR,,,,,platform
EMR,HIS_CP_ELEMENT_BIZ,路径元素业务主表,0,33,EMR,,,,,platform
EMR,HIS_CP_ELEMENT_DETAIL,路径元素明细表,45736,40,EMR,,,,,platform
EMR,HIS_CP_ELEMENT_DETAIL_BIZ,路径元素明细业务表,0,43,EMR,,,,,platform
EMR,HIS_CP_ELEMENT_VARIANCE,路径元素变异主表,0,28,EMR,,,,,platform
EMR,HIS_CP_ELEMENT_VARIANCE_DETAIL,路径元素变异明细表,0,8,EMR,,,,,platform
EMR,HIS_CP_ITEMS_NURSING,护理项目表,1649,12,EMR,,,,,platform
EMR,HIS_CP_ITEMS_PATIENT,患者项目表,16,11,EMR,,,,,platform
EMR,HIS_CP_ITEMS_RECORD,诊疗项目表,928,11,EMR,,,,,platform
EMR,HIS_CP_PATH,路径主表,82,12,EMR,,,,,platform
EMR,HIS_CP_PATH_CHECK,路径审核表,0,8,EMR,,,,,platform
EMR,HIS_CP_PATH_DAY,住院日表,4236,9,EMR,,,,,platform
EMR,HIS_CP_PATH_DAY_BIZ,住院日业务表,0,13,EMR,,,,,platform
EMR,HIS_CP_PATH_DEPT,路径适用科室表,195,8,EMR,,,,,platform
EMR,HIS_CP_PATH_ICD10,路径诊断表,6,8,EMR,,,,,platform
EMR,HIS_CP_PATH_STAGE,路径阶段表,719,10,EMR,,,,,platform
EMR,HIS_CP_PATH_STAGE_BIZ,路径阶段业务表,0,12,EMR,,,,,platform
EMR,HIS_CP_PATH_VERSION,路径版本表,340,16,EMR,,,,,platform
EMR,HIS_CP_PATH_VERSION_BIZ,路径版本业务表,0,16,EMR,,,,,platform
EMR,HIS_CP_REGISTER,,,0,EMR,,,,VIEW,platform
EMR,HIS_CP_REGISTER_BFTAB,路径登记表,0,50,EMR,,,,,platform
EMR,HIS_CP_SUBJECT,临床路径专业表,24,2,EMR,,,,,platform
EMR,HIS_CP_VARIANCE_REASON,变异原因表,18,13,EMR,,,,,platform
EMR,HIS_CP_VARIANCE_REASON_DETAIL,变异原因明细表,0,10,EMR,,,,,platform
EMR,HIS_CP_VARIANCE_SOURCE,变异来源表,4,9,EMR,,,,,platform
EMR,HIS_DEPARTMENT,,473,4,EMR,,,,,platform
EMR,HIS_FIN_APPBALANCE_PRE,,3,29,EMR,,,,,platform
EMR,HIS_FIN_COM_CHANGECOST,住院费用汇总表,0,18,EMR,,,,,platform
EMR,HIS_FIN_COM_COMPARE,医疗保险对照表,7880,29,EMR,,,,,platform
EMR,HIS_FIN_COM_DEPTITEM,预约项目扩展表,0,27,EMR,,,,,platform
EMR,HIS_FIN_COM_DERATE,,0,23,EMR,,,,,platform
EMR,HIS_FIN_COM_GROUP,"组套信息表,用于门诊收费、住院收费、护士站收费、体检收费、手术组套、终端组套",634,13,EMR,,,,,platform
EMR,HIS_FIN_COM_GROUPDETAIL,组套明细表,2892,12,EMR,,,,,platform
EMR,HIS_FIN_COM_SIDIC,医保基础数据字典,0,11,EMR,,,,,platform
EMR,HIS_FIN_COM_SIDIC_COMPARE,医保字典对照,3207,6,EMR,,,,,platform
EMR,HIS_FIN_COM_SIICD,医保诊断库 201206add,21661,21,EMR,,,,,platform
EMR,HIS_FIN_COM_SIITEM_RATE,本地计算的项目比例,2948,9,EMR,,,,,platform
EMR,HIS_FIN_COM_UNDRUGINFO,,,0,EMR,,,,VIEW,platform
EMR,HIS_FIN_COM_UNDRUGMATCOMPARE,非药品物资对照表,246,16,EMR,,,,,platform
EMR,HIS_FIN_COM_UNDRUGMATCOMPARE24,非药品物资对照表,198,16,EMR,,,,,platform
EMR,HIS_FIN_IPB_DAYBALANCE,结算员日结,0,60,EMR,,,,,platform
EMR,HIS_FIN_IPB_DAYBALANCE_FEE,住院日结费用类别统计表,0,4,EMR,,,,,platform
EMR,HIS_FIN_IPB_DAYBALANCE_PACT,结算员日结费别明细,0,12,EMR,,,,,platform
EMR,HIS_FIN_IPB_ITEMLIST_VIITEM,住院非药品明细表_复合项目,0,26,EMR,,,,,platform
EMR,HIS_FIN_IPR_BABYINFO,婴儿住院主表,0,36,EMR,,,,,platform
EMR,HIS_FIN_IPR_HANGBEDINFO,挂床信息表,0,7,EMR,,,,,platform
EMR,HIS_FIN_IPR_SHIFTAPPLY,转科申请表,408008,16,EMR,,,,,platform
EMR,HIS_FIN_OPB_ACCOUNT,帐户信息表,0,8,EMR,,,,,platform
EMR,HIS_FIN_OPB_ACCOUNTPREPAY,帐户预交金,15,25,EMR,,,,,platform
EMR,HIS_FIN_OPB_ACCOUNTRECORD,帐户操作流水表,0,7,EMR,,,,,platform
EMR,HIS_FIN_OPB_ADDITIONALITEM,门诊用法附材关联表,0,5,EMR,,,,,platform
EMR,HIS_FIN_OPB_DAYBALANCE,门诊收款日结,0,32,EMR,,,,,platform
EMR,HIS_FIN_OPB_DAYBALANCE_FEE,住院日结费用类别统计表,0,4,EMR,,,,,platform
EMR,HIS_FIN_OPB_DAYBALANCE_NEW,门诊日结单新表,0,76,EMR,,,,,platform
EMR,HIS_FIN_OPB_DAYBALANCE_REFUND,发票作废表,0,19,EMR,,,,,platform
EMR,HIS_FIN_OPB_DAYBALANCE_SUM,门诊日结汇总表,0,66,EMR,,,,,platform
EMR,HIS_FIN_OPB_DAYBALANCE_SUM_FEE,门诊日结汇总表费用类别统计表,0,4,EMR,,,,,platform
EMR,HIS_FIN_OPB_INJECT,门诊用法附材关联表,0,7,EMR,,,,,platform
EMR,HIS_FIN_OPB_INVOICE_INVALID,发票作废表,0,7,EMR,,,,,platform
EMR,HIS_FIN_OPR_BOOKING,预约主表,0,27,EMR,,,,,platform
EMR,HIS_FIN_OPR_DAYBALANCE,挂号员日结档,0,22,EMR,,,,,platform
EMR,HIS_FIN_OPR_DAYBALANCEDETAIL,挂号员日结明细,0,16,EMR,,,,,platform
EMR,HIS_FIN_OPR_DEPTSCHEMA,科室出诊表,0,30,EMR,,,,,platform
EMR,HIS_FIN_OPR_DOCTSCHEMA,医师出诊表,0,35,EMR,,,,,platform
EMR,HIS_FIN_OPR_SCHEMA,排班表,0,36,EMR,,,,,platform
EMR,HIS_FIN_OPR_SCHEMA_0714,,8409,36,EMR,,,,,platform
EMR,HIS_FIN_OPR_SCHEMA_BAK,医师出诊表,0,35,EMR,,,,,platform
EMR,HIS_FIN_OPR_SCHEMALOG,出诊表操作记录,0,9,EMR,,,,,platform
EMR,HIS_FIN_OPR_SCHEMATEMPLET,排班模板表,997,26,EMR,,,,,platform
EMR,HIS_FIN_OPR_SCHEMATEMPLET_0714,,993,26,EMR,,,,,platform
EMR,HIS_FIN_SI_CHECK_BALANCE,,41,11,EMR,,,,,platform
EMR,HIS_FIN_SI_MEDPLAT,宿迁市医保按病种付费上报记录表,8362,7,EMR,,,,,platform
EMR,HIS_FIN_SI_RECIPE_UPLOAD,,0,9,EMR,,,,,platform
EMR,HIS_FIN_SI_RETURN,医保返回信息记录,21642,220,EMR,,,,,platform
EMR,HIS_FIN_SI_RETURN_TEMP,,0,210,EMR,,,,,platform
EMR,HIS_FIN_SI_SIGN,医保签到表,922,10,EMR,,,,,platform
EMR,HIS_GEN_ACCESS_INOUT_DEPTMT,定义可以向某一个部门供货和领用的一组单位(例如：入库时包括的供货单位，或出库时包括的领用单位),2138,8,EMR,,,,,platform
EMR,HIS_GEN_ALPHABETCODE,拼音码表,6851,5,EMR,,,,,platform
EMR,HIS_GEN_BEDBASE,病床信息表,1817,21,EMR,,,,,platform
EMR,HIS_GEN_BEDBASE_20200525,,2410,21,EMR,,,,,platform
EMR,HIS_GEN_BEDBASE_CJ,,1721,8,EMR,,,,,platform
EMR,HIS_GEN_CHANGE_FIELD,变更字段表,38,10,EMR,,,,,platform
EMR,HIS_GEN_CHANGELOG,资料变更纪录,0,12,EMR,,,,,platform
EMR,HIS_GEN_CHANGE_PROJECT,项目信息变更记录,12,11,EMR,,,,,platform
EMR,HIS_GEN_DATABASEERROR,数据库错误记录表,54,8,EMR,,,,,platform
EMR,HIS_GEN_DEPTSTAT,科室分类表,45,18,EMR,,,,,platform
EMR,HIS_GEN_DICTIONARY,,,0,EMR,,,,VIEW,platform
EMR,HIS_GEN_DOCTORARCHIVE,,23,31,EMR,,,,,platform
EMR,HIS_GEN_INTERFACE_LOG,库房接口操作日志表,0,8,EMR,,,,,platform
EMR,HIS_GEN_MEDINSURLIST,医保中心字典目录,3,9,EMR,,,,,platform
EMR,HIS_GEN_PATIENTBASE,,,0,EMR,,,,VIEW,platform
EMR,HIS_GEN_PATIENTBASE1,病人基本信息表,0,74,EMR,,,,,platform
EMR,HIS_GEN_PATIENTBASE_BF,,,0,EMR,,,,VIEW,platform
EMR,HIS_GEN_PATIENTBASE_T_BF,病人基本信息表,25070,75,EMR,,,,,platform
EMR,HIS_GEN_PATIENTIDCARD,患者证件信息表,17,4,EMR,,,,,platform
EMR,HIS_GEN_PRINTMAINTENANCE,打印控件维护表,662,11,EMR,,,,,platform
EMR,HIS_GEN_PRINTSIZE,打印纸张大小设置表-wolf,32,11,EMR,,,,,platform
EMR,HIS_GEN_PRINTTYPE,,25,2,EMR,,,,,platform
EMR,HIS_GEN_SUPPLIER,通用厂商、供应商信息表,33,32,EMR,,,,,platform
EMR,HIS_GEN_TOWNDICTIONARY,,520,15,EMR,,,,,platform
EMR,HIS_HIS_MET_IPM_EXECBILL,,0,8,EMR,,,,,platform
EMR,HIS_IN_PATI_REG,,,0,EMR,,,,VIEW,platform
EMR,HIS_MAT_COM_ADDRATE,物资加价率维护表,2,10,EMR,,,,,platform
EMR,HIS_MAT_COM_ADJUSTPRICEDETAIL,物资调价明细表,0,23,EMR,,,,,platform
EMR,HIS_MAT_COM_APPLY,物资入出库申请表,0,44,EMR,,,,,platform
EMR,HIS_MAT_COM_APPLYFOROUTPUT,物资入出库申请表,0,48,EMR,,,,,platform
EMR,HIS_MAT_COM_BASE_CHANGELIST,物资字典表变更记录表,1174,48,EMR,,,,,platform
EMR,HIS_MAT_COM_BASEINFO,物资字典表,3195,55,EMR,,,,,platform
EMR,HIS_MAT_COM_BASEREGINFO,物资字典对应生产厂家注册认证的附属表,0,17,EMR,,,,,platform
EMR,HIS_MAT_COM_CHECKDETAIL,物资盘点明细表,0,27,EMR,,,,,platform
EMR,HIS_MAT_COM_CHECKHEAD,物资盘点主表,0,14,EMR,,,,,platform
EMR,HIS_MAT_COM_COMPANY,物资供货公司生产厂家主表,569,24,EMR,,,,,platform
EMR,HIS_MAT_COM_COMPANYCONTRACT,物资供货公司生产厂家合同附属表,0,10,EMR,,,,,platform
EMR,HIS_MAT_COM_COMPANYPERMIT,物资供货公司生产厂家许可证附属表,0,10,EMR,,,,,platform
EMR,HIS_MAT_COM_FILES,物资文件附件附属表,0,10,EMR,,,,,platform
EMR,HIS_MAT_COM_INOUTCTR_CONFIG,物资入出库控件配置表,20,11,EMR,,,,,platform
EMR,HIS_MAT_COM_INPLAN,物资入库计划表,0,53,EMR,,,,,platform
EMR,HIS_MAT_COM_INPUT,物资入库记录表,0,66,EMR,,,,,platform
EMR,HIS_MAT_COM_KINDINFO,物资分类表,62,20,EMR,,,,,platform
EMR,HIS_MAT_COM_MSDEPT,物资科室月结表,3,28,EMR,,,,,platform
EMR,HIS_MAT_COM_MSITEM,物资物品明细月结表,3644,37,EMR,,,,,platform
EMR,HIS_MAT_COM_OUTPUT,物资出库记录表,0,56,EMR,,,,,platform
EMR,HIS_MAT_COM_PAYHEAD,物资供货单位付款头表,0,19,EMR,,,,,platform
EMR,HIS_MAT_COM_SETDEPT,物资默认取货科室,13,6,EMR,,,,,platform
EMR,HIS_MAT_COM_STOCKDETAIL,物资库存明细表,0,43,EMR,,,,,platform
EMR,HIS_MAT_COM_STOCKDETAIL_VIRT,物资库存明细表(虚库存),0,47,EMR,,,,,platform
EMR,HIS_MET_COM_DEPTDIAG,科常用诊断表,360,8,EMR,,,,,platform
EMR,HIS_MET_COM_DEPTFREQUENCY,医嘱科常用频次表,43,10,EMR,,,,,platform
EMR,HIS_MET_COM_DEPTUSAGE,医嘱科常用用法表,84,5,EMR,,,,,platform
EMR,HIS_MET_COM_DIAGNOSE,患者诊断表,1426995,28,EMR,,,,,platform
EMR,HIS_MET_COM_DIAGNOSE_MEDICARE,医保诊断表,22,13,EMR,,,,,platform
EMR,HIS_MET_COM_DRUGLIMIT,医嘱药品限制维护表,0,7,EMR,,,,,platform
EMR,HIS_MET_COM_GROUP,组套信息表,0,20,EMR,,,,,platform
EMR,HIS_MET_COM_GROUP_0609,,433,20,EMR,,,,,platform
EMR,HIS_MET_COM_GROUP_最终版,,1075,20,EMR,,,,,platform
EMR,HIS_MET_COM_GROUP_BAK,,785,20,EMR,,,,,platform
EMR,HIS_MET_COM_GROUPDETAIL,组套明细表,0,29,EMR,,,,,platform
EMR,HIS_MET_COM_GROUPDETAIL_0609,,1543,29,EMR,,,,,platform
EMR,HIS_MET_COM_GROUPDETAIL0624,,4545,29,EMR,,,,,platform
EMR,HIS_MET_COM_GROUPDETAIL_最终版,,4621,29,EMR,,,,,platform
EMR,HIS_MET_COM_GROUPDETAIL_BAK,,53,29,EMR,,,,,platform
EMR,HIS_MET_COM_GROUPFOLDER,组套文件夹头表,0,13,EMR,,,,,platform
EMR,HIS_MET_COM_ICD10,,,0,EMR,,,,VIEW,platform
EMR,HIS_MET_COM_OPERATION,,20325,59,EMR,,,,,platform
EMR,HIS_MET_COM_OPERATIONCOMMON,,1,9,EMR,,,,,platform
EMR,HIS_MET_COM_USERPERMISSSION,用户医疗权限管理,3,8,EMR,,,,,platform
EMR,HIS_MET_IPM_ALLERGICRECORD,过敏记录,4,11,EMR,,,,,platform
EMR,HIS_MET_IPM_CONSULTATION,会诊资料档-院内会诊,0,33,EMR,,,,,platform
EMR,HIS_MET_IPM_DRUGBILLDETAIL,,1475,7,EMR,,,,,platform
EMR,HIS_MET_IPM_DRUGBILLDETAIL_OLD,,328,7,EMR,,,,,platform
EMR,HIS_MET_IPM_EXECBILL,医嘱执行单信息表,22,8,EMR,,,,,platform
EMR,HIS_MET_IPM_EXECBILL_OLD,,11,8,EMR,,,,,platform
EMR,HIS_MET_IPM_EXECDRUG,药嘱执行档,0,85,EMR,,,,,platform
EMR,HIS_MET_IPM_EXECUNDRUG,非药嘱执行档,0,69,EMR,,,,,platform
EMR,HIS_MET_IPM_KIND,医嘱类别资料档,6,12,EMR,,,,,platform
EMR,HIS_MET_IPM_MEDICALTEAM_DOCTOR,,0,7,EMR,,,,,platform
EMR,HIS_MET_IPM_ODDITIONALITEM,医嘱附加材料字典表,0,10,EMR,,,,,platform
EMR,HIS_MET_IPM_ORDER,医嘱资料档,340,103,EMR,,,,,platform
EMR,HIS_MET_IPM_ORDERPRINT,,0,13,EMR,,,,,platform
EMR,HIS_MET_IPM_ORDER_V_BF,,,0,EMR,,,,VIEW,platform
EMR,HIS_MET_IPM_PACSBILL,检查申请单表,0,30,EMR,,,,,platform
EMR,HIS_MET_IPM_UNDRUGBILLDETAIL,非药品执行单明细,0,8,EMR,,,,,platform
EMR,HIS_MET_IPM_UNDRUGBILLDETAIL_1,,17,8,EMR,,,,,platform
EMR,HIS_MET_NUI_CANCELITEM,病区退费申请表,0,35,EMR,,,,,platform
EMR,HIS_MET_NUI_TRANSFUSION,输液卡格式信息表,0,4,EMR,,,,,platform
EMR,HIS_MET_NUO_ASSIGNRECORD,护士分诊记录表,0,26,EMR,,,,,platform
EMR,HIS_MET_NUO_CONSOLE,门诊科室诊台信息表,124,11,EMR,,,,,platform
EMR,HIS_MET_NUO_INJECT,门诊护士站注射确认表,0,49,EMR,,,,,platform
EMR,HIS_MET_NUO_INJECTRECORD,注射过程记录,0,8,EMR,,,,,platform
EMR,HIS_MET_NUO_KICKBACK,不良反应维护,1,10,EMR,,,,,platform
EMR,HIS_MET_NUO_MAININJECT,注射主表，预约信息,0,50,EMR,,,,,platform
EMR,HIS_MET_NUO_NDRELATION,门诊护士站对应看诊科室表[现在改到科室机构里面了],0,5,EMR,,,,,platform
EMR,HIS_MET_NUO_QUEUE,门诊护士站分诊队列表,1242,20,EMR,,,,,platform
EMR,HIS_MET_NUO_ROOM,门诊科室诊室信息表,135,8,EMR,,,,,platform
EMR,HIS_MET_TEC_APPLYARRANGE,项目预安排明细,0,34,EMR,,,,,platform
EMR,HIS_MET_TEC_CARRIER,医技设备维护,0,32,EMR,,,,,platform
EMR,HIS_MET_TEC_DEPTITEM,预约项目扩展表,0,28,EMR,,,,,platform
EMR,HIS_MET_TEC_ERROR,医技错误信息,0,10,EMR,,,,,platform
EMR,HIS_MET_TEC_INPATIENTCONFIRM,住院终端确认明细表,78643,18,EMR,,,,,platform
EMR,HIS_MET_TEC_ITEMBOOKINGINFO,,0,22,EMR,,,,,platform
EMR,HIS_MET_TEC_MACHINE,医技设备,0,12,EMR,,,,,platform
EMR,HIS_MET_TEC_MACHINE_ITEM,医技设备与收费项目的对应关系,0,12,EMR,,,,,platform
EMR,HIS_MET_TEC_TA_DETAIL,终端确认业务子表,0,23,EMR,,,,,platform
EMR,HIS_MET_TEC_TERMINALAPPLY,终端确认申请档,0,39,EMR,,,,,platform
EMR,HIS_PATIENT_EMR_SHENGYUBAX,,,0,EMR,,,,VIEW,platform
EMR,HIS_PDJH_NEW,,,0,EMR,,,,VIEW,platform
EMR,HIS_PHA_CHECKSPECIAL_QUALITY,需要特殊盘点的药品性质维护表,0,7,EMR,,,,,platform
EMR,HIS_PHA_COM_ADJUSTPRICEINFO,调价主表,0,43,EMR,,,,,platform
EMR,HIS_PHA_COM_BASEINFO,,,0,EMR,,,,VIEW,platform
EMR,HIS_PHA_COM_BASEINFO_BAK,药品目录表,443,93,EMR,,,,,platform
EMR,HIS_PHA_COM_BASEINFO_BAK2,药品目录表,2234,93,EMR,,,,,platform
EMR,HIS_PHA_COM_CHECKBATCH,药品盘点批次表(不用),0,27,EMR,,,,,platform
EMR,HIS_PHA_COM_CHECKDETAIL,药品盘点明细表,0,32,EMR,,,,,platform
EMR,HIS_PHA_COM_CHECKDETAIL31,,11618,32,EMR,,,,,platform
EMR,HIS_PHA_COM_CHECKDETAIL32,,11849,32,EMR,,,,,platform
EMR,HIS_PHA_COM_CHECKDETAIL_OLD,,5974,32,EMR,,,,,platform
EMR,HIS_PHA_COM_CHECKLOGS,盘点日志表,0,16,EMR,,,,,platform
EMR,HIS_PHA_COM_CHECKSTATIC,药品盘点统计表,0,12,EMR,,,,,platform
EMR,HIS_PHA_COM_CHECKSTATIC31,,43,12,EMR,,,,,platform
EMR,HIS_PHA_COM_CHECKSTATIC32,,44,12,EMR,,,,,platform
EMR,HIS_PHA_COM_CHECKSTATIC_OLD,,14,12,EMR,,,,,platform
EMR,HIS_PHA_COM_COMPANY,,,0,EMR,,,,VIEW,platform
EMR,HIS_PHA_COM_COMPANY_OLD,公司表（药品厂家或供货商表）,260,17,EMR,,,,,platform
EMR,HIS_PHA_COM_DAILYSTAT,药品日结表,0,42,EMR,,,,,platform
EMR,HIS_PHA_COM_DRUGLOCATION,药品货位匹配表,2951,5,EMR,,,,,platform
EMR,HIS_PHA_COM_GOODSALLOCATION,货位记录表,58,7,EMR,,,,,platform
EMR,HIS_PHA_COM_MS_DEPT,药品科室月结表_科室,0,67,EMR,,,,,platform
EMR,HIS_PHA_COM_MS_DRUG,药品月结表_药品明细,0,112,EMR,,,,,platform
EMR,HIS_PHA_COM_PURCHASE_PRICE,药品购入价字典表,0,12,EMR,,,,,platform
EMR,HIS_PHA_COM_SPEDRUG_SETTING,,0,10,EMR,,,,,platform
EMR,HIS_PHA_COM_STOCKLIMITED,库存限量表,0,9,EMR,,,,,platform
EMR,HIS_PHA_STO_PREOUTSTORE,药品预扣库存信息,0,13,EMR,,,,,platform
EMR,HIS_PHA_STO_PREOUTSTORE_0724,,197,13,EMR,,,,,platform
EMR,HIS_PHA_STO_TERMINAL_OPEN,"配药台,发药窗开放模板维护",0,6,EMR,,,,,platform
EMR,HIS_PHA_STO_TERMINAL_SPE,特殊项目与配药台关系,0,7,EMR,,,,,platform
EMR,HIS_PHMC_GEN_ACCOUNT,药品台帐表（流水帐）,0,41,EMR,,,,,platform
EMR,HIS_PHMC_GEN_ACCOUNT31,,390070,41,EMR,,,,,platform
EMR,HIS_PHMC_GEN_ACCOUNT32,,390074,41,EMR,,,,,platform
EMR,HIS_PHMC_GEN_ACCOUNT_OLD,,237599,41,EMR,,,,,platform
EMR,HIS_PHMC_GEN_ANTIBACTERIA,抗菌药品基本信息表,531,20,EMR,,,,,platform
EMR,HIS_PHMC_GEN_DRUGSET,药品组套(协定处方)明细,114,10,EMR,,,,,platform
EMR,HIS_PHMC_GEN_EFFECT,药品药理作用表,179,12,EMR,,,,,platform
EMR,HIS_PHMC_GEN_INPLAN,"入库计划表,实际上是采购计划",0,30,EMR,,,,,platform
EMR,HIS_PHMC_GEN_INRECORD,药品入库记录表,0,64,EMR,,,,,platform
EMR,HIS_PHMC_GEN_INRECORD31,,2629,64,EMR,,,,,platform
EMR,HIS_PHMC_GEN_INRECORD32,,2629,64,EMR,,,,,platform
EMR,HIS_PHMC_GEN_INRECORD_OLD,,918,64,EMR,,,,,platform
EMR,HIS_PHMC_GEN_OUTBOUNTAPPLY,出库申请表,0,70,EMR,,,,,platform
EMR,HIS_PHMC_GEN_OUTBOUNTAPPLY0723,,570,70,EMR,,,,,platform
EMR,HIS_PHMC_GEN_OUTBOUNTAPPLY31,,398910,70,EMR,,,,,platform
EMR,HIS_PHMC_GEN_OUTBOUNTAPPLY32,,398913,70,EMR,,,,,platform
EMR,HIS_PHMC_GEN_OUTBOUNTAPPLY_OLD,,244084,70,EMR,,,,,platform
EMR,HIS_PHMC_GEN_PRICEADJUST,调价主表,0,44,EMR,,,,,platform
EMR,HIS_PHMC_GEN_PRICEADJUST31,,69,44,EMR,,,,,platform
EMR,HIS_PHMC_GEN_PRICEADJUST32,,69,44,EMR,,,,,platform
EMR,HIS_PHMC_GEN_PRICEADJUSTLIST,药品调价明细表,0,27,EMR,,,,,platform
EMR,HIS_PHMC_GEN_PRICEADJUSTLIST31,,185,27,EMR,,,,,platform
EMR,HIS_PHMC_GEN_PRICEADJUSTLIST32,,185,27,EMR,,,,,platform
EMR,HIS_PHMC_GEN_PRICEBATCHLIST,药品调价批次表,344,27,EMR,,,,,platform
EMR,HIS_PHMC_GEN_RECORD,药品出库记录表,0,59,EMR,,,,,platform
EMR,HIS_PHMC_GEN_RECORD31,,382362,59,EMR,,,,,platform
EMR,HIS_PHMC_GEN_RECORD32,,382366,59,EMR,,,,,platform
EMR,HIS_PHMC_GEN_RECORD_批次,,3322,1,EMR,,,,,platform
EMR,HIS_PHMC_GEN_RECORD_OLD,,232271,59,EMR,,,,,platform
EMR,HIS_PHMC_GEN_RECORD_T,,0,12,EMR,,,,,platform
EMR,HIS_PHMC_GEN_STOCKINFO,药品库管信息,0,34,EMR,,,,,platform
EMR,HIS_PHMC_GEN_STOCKINFO_0724,,4482,34,EMR,,,,,platform
EMR,HIS_PHMC_GEN_STOCKINFO31,,4566,34,EMR,,,,,platform
EMR,HIS_PHMC_GEN_STOCKINFO32,,4566,34,EMR,,,,,platform
EMR,HIS_PHMC_GEN_STOCKINFO721,,4441,34,EMR,,,,,platform
EMR,HIS_PHMC_GEN_STOCKINFO_OLD,,4441,34,EMR,,,,,platform
EMR,HIS_PHMC_GEN_STORAGE,药品库存表,0,40,EMR,,,,,platform
EMR,HIS_PHMC_GEN_STORAGE0721,,4777,40,EMR,,,,,platform
EMR,HIS_PHMC_GEN_STORAGE_0724,,5357,40,EMR,,,,,platform
EMR,HIS_PHMC_GEN_STORAGE31,,6342,40,EMR,,,,,platform
EMR,HIS_PHMC_GEN_STORAGE32,,6342,40,EMR,,,,,platform
EMR,HIS_PHMC_GEN_STORAGE_OLD,,4777,40,EMR,,,,,platform
EMR,HIS_PHMC_GEN_STOREPARAM,库房参数表,78,14,EMR,,,,,platform
EMR,HIS_PHMC_MDC_ACCOUNTHEAD,药库供应商往来帐目头表,11,24,EMR,,,,,platform
EMR,HIS_PHMC_MDC_PURCHASEPLAN,药库采购计划表,0,39,EMR,,,,,platform
EMR,HIS_PHMC_STC_CLASSDETAIL,摆药单分类明细表,28,8,EMR,,,,,platform
EMR,HIS_PHMC_STC_CLASSDETAIL_BAK,,30441,8,EMR,,,,,platform
EMR,HIS_PHMC_STC_CLASSDETAILJC,,28,8,EMR,,,,,platform
EMR,HIS_PHMC_STC_CLASSLIST,摆药单分类表,10,12,EMR,,,,,platform
EMR,HIS_PHMC_STC_CLASSLISTJC,,10,12,EMR,,,,,platform
EMR,HIS_PHMC_STC_CONSOLE,住院摆药控制台,34,16,EMR,,,,,platform
EMR,HIS_PHMC_STC_DEFAULTPHA,默认取药药房,274,8,EMR,,,,,platform
EMR,HIS_PHMC_STC_DISPENSARY,配药台与发药窗口表,31,20,EMR,,,,,platform
EMR,HIS_PHMC_STC_DISPENSESET,配药属性表,0,7,EMR,,,,,platform
EMR,HIS_PHMC_STC_NOTICE,摆药通知档,0,11,EMR,,,,,platform
EMR,HIS_PHMC_STC_ORDERBATCH,医嘱批次设置,10,5,EMR,,,,,platform
EMR,HIS_PHMC_STC_PRESCRIBEFILL,处方调剂头表,0,39,EMR,,,,,platform
EMR,HIS_USER_DEPT,,7625,3,EMR,,,,,platform
EMR,HIS_USER_DEPTDYB,,2748,3,EMR,,,,,platform
EMR,HIS_ZYBASY,,57667,201,EMR,,,,,platform
EMR,HIS_ZYBASYFY,,101043,57,EMR,,,,,platform
EMR,HIS_ZYBASYFY20230731,,119583,57,EMR,,,,,platform
EMR,HIS_ZYBASYFY20231026,,119583,57,EMR,,,,,platform
EMR,HIS_ZYBASYFY20240126,,263501,57,EMR,,,,,platform
EMR,HIS_ZYBASYSS,,76687,46,EMR,,,,,platform
EMR,HIS_ZYBASYSS20231026,,104879,45,EMR,,,,,platform
EMR,HIS_ZYBASYZD,,1928688,25,EMR,,,,,platform
EMR,HIS_ZYBASYZD20231026,,286249,25,EMR,,,,,platform
EMR,HMS_CONNECTION,,0,8,EMR,,,,,platform
EMR,HMS_DATASOURCE,,0,7,EMR,,,,,platform
EMR,HMS_DATASOURCE_TABLE_STRUCT,,0,8,EMR,,,,,platform
EMR,HMS_DICTIONARY,,0,2,EMR,,,,,platform
EMR,HMS_DICTIONARY_COLUMN,,0,4,EMR,,,,,platform
EMR,HMS_DICTIONARY_ROW,,0,2,EMR,,,,,platform
EMR,HMS_DICTIONARY_TABLE_STRUCT,,0,8,EMR,,,,,platform
EMR,HMS_PLUGIN_APP,,0,4,EMR,,,,,platform
EMR,HMS_PLUGIN_INTERFACE,,0,4,EMR,,,,,platform
EMR,HMS_PLUGIN_MAPPING_DB,,0,6,EMR,,,,,platform
EMR,HMS_PLUGIN_MESSAGE,,0,11,EMR,,,,,platform
EMR,HMS_PLUGIN_SMS,,0,4,EMR,,,,,platform
EMR,HMS_PLUGIN_WECHAT,,0,4,EMR,,,,,platform
EMR,HMS_RULE,,0,9,EMR,,,,,platform
EMR,HMS_RULE_COMPILER,,0,3,EMR,,,,,platform
EMR,HMS_RULELIB,,0,2,EMR,,,,,platform
EMR,HMS_RULE_PARAMETER,,0,6,EMR,,,,,platform
EMR,HMS_UNIQUE_KEY,,0,3,EMR,,,,,platform
EMR,HOMEPAGE_PATIENT_IN_TAGS,住院患者标签表,8,3,EMR,,,,,platform
EMR,HOMEPAGE_PATIENT_OUT_TAGS,门诊患者标签表,0,3,EMR,,,,,platform
EMR,HOSPITAL_2019_手术,,0,15,EMR,,,,,platform
EMR,HOSPITAL_2019_医师签名,,0,9,EMR,,,,,platform
EMR,HOSPITAL_2019_诊断,,0,18,EMR,,,,,platform
EMR,HOSPITAL_CASE_MAIN,,2314,67,EMR,,,,,platform
EMR,HOSPITAL_LENDING_MAIN,,5,30,EMR,,,,,platform
EMR,ICDE10,,0,10,EMR,,,,,platform
EMR,INPATIENTVIEW_SCORE,,,0,EMR,,,,VIEW,platform
EMR,JBXX,,0,16,EMR,,,,,platform
EMR,LCLJ_HISFYXX,,,0,EMR,,,,VIEW,platform
EMR,LCLJ_HISFYXX_TAB,,319944,13,EMR,,,,,platform
EMR,LCLJ_JBXX,,,0,EMR,,,,VIEW,platform
EMR,LCLJ_JBXX_LSB,,0,16,EMR,,,,,platform
EMR,LCLJ_JBXX_TAB,,181554,21,EMR,,,,,platform
EMR,LCLJ_JBXX_TABBF220121,,49184,19,EMR,,,,,platform
EMR,LCLJ_JBXX_WCLJ,,,0,EMR,,,,VIEW,platform
EMR,LCLJ_JBXX_WCLJ_TAB,,65388,21,EMR,,,,,platform
EMR,LCLJ_JSCYRC,,,0,EMR,,,,VIEW,platform
EMR,LCLJ_ZYDJXX1,,,0,EMR,,,,VIEW,platform
EMR,LSB_625,,40,2,EMR,,,,,platform
EMR,MAT_COM_SQL,物资Sql表,290,12,EMR,,,,,platform
EMR,MDM_ASST_ITEM,,0,7,EMR,,,,,platform
EMR,MDM_BIZ_CATALOG_ICD10,,32497,14,EMR,,,,,platform
EMR,MDM_BIZ_CATALOG_ICD10_CN,,2246,10,EMR,,,,,platform
EMR,MDM_BIZ_CATALOG_ICD9,,12997,13,EMR,,,,,platform
EMR,MDM_BIZ_CATALOG_SSZD,,1661,14,EMR,,,,,platform
EMR,MDM_BIZ_CATALOG_ZLXTX,,1556,7,EMR,,,,,platform
EMR,MDM_BIZ_DICT_BEDINFO,病床信息表,94,25,EMR,,,,,platform
EMR,MDM_BIZ_DICT_COMPANY,公司表（药品厂家或供货商表）,1449,19,EMR,,,,,platform
EMR,MDM_BIZ_DICT_COMPANY2,,1319,19,EMR,,,,,platform
EMR,MDM_BIZ_DICT_DICTIONARY,,8837,16,EMR,,,,,platform
EMR,MDM_BIZ_DICT_DICTIONARY_0514,,8637,16,EMR,,,,,platform
EMR,MDM_BIZ_DICT_DICTIONARY_0514_1,,2070,16,EMR,,,,,platform
EMR,MDM_BIZ_DICT_DICTIONARY_0608,,345,16,EMR,,,,,platform
EMR,MDM_BIZ_DICT_DICTIONARY_WX,,2055,16,EMR,,,,,platform
EMR,MDM_BIZ_DICT_DRUG,药品目录表,2304,114,EMR,,,,,platform
EMR,MDM_BIZ_DICT_DRUG_0601,药品目录表,2122,106,EMR,,,,,platform
EMR,MDM_BIZ_DICT_DRUG_0617,,2128,107,EMR,,,,,platform
EMR,MDM_BIZ_DICT_DRUG_0720,,2249,111,EMR,,,,,platform
EMR,MDM_BIZ_DICT_DRUG200709,,2245,111,EMR,,,,,platform
EMR,MDM_BIZ_DICT_DRUG_20200601,,2121,106,EMR,,,,,platform
EMR,MDM_BIZ_DICT_DRUG20200628,,24,6,EMR,,,,,platform
EMR,MDM_BIZ_DICT_DRUG20200629,,2194,111,EMR,,,,,platform
EMR,MDM_BIZ_DICT_DRUG_删数据,,2303,111,EMR,,,,,platform
EMR,MDM_BIZ_DICT_DRUG_BAK,,2121,106,EMR,,,,,platform
EMR,MDM_BIZ_DICT_DRUG_BF,,250,111,EMR,,,,,platform
EMR,MDM_BIZ_DICT_FREQUENCY,医嘱科常用频次表,54,14,EMR,,,,,platform
EMR,MDM_BIZ_DICT_ICD10,,62870,32,EMR,,,,,platform
EMR,MDM_BIZ_DICT_ICD10_20201116,,34743,32,EMR,,,,,platform
EMR,MDM_BIZ_DICT_ICD10220728,,50933,32,EMR,,,,,platform
EMR,MDM_BIZ_DICT_ICD10_BF20201125,,37591,32,EMR,,,,,platform
EMR,MDM_BIZ_DICT_ICD10_OLD,,21361,32,EMR,,,,,platform
EMR,MDM_BIZ_DICT_ICD10_ZYBF,,450,32,EMR,,,,,platform
EMR,MDM_BIZ_DICT_ICD9,手术编码表,12997,18,EMR,,,,,platform
EMR,MDM_BIZ_DICT_ICD9_OLD,手术编码表,8934,17,EMR,,,,,platform
EMR,MDM_BIZ_DICT_OPSGRADE,,,0,EMR,,,,VIEW,platform
EMR,MDM_BIZ_DICT_OPSGRADE_20201116,,20289,13,EMR,,,,,platform
EMR,MDM_BIZ_DICT_OPSGRADE_LSB,,115,12,EMR,,,,,platform
EMR,MDM_BIZ_DICT_OPSGRADE_TBF,手术级别表,12856,13,EMR,,,,,platform
EMR,MDM_BIZ_DICT_PHAFUNCTION,药品药理作用表,179,14,EMR,,,,,platform
EMR,MDM_BIZ_DICT_SSZD,,1661,32,EMR,,,,,platform
EMR,MDM_BIZ_DICT_SYMPTOM_R,病症映射表,0,6,EMR,,,,,platform
EMR,MDM_BIZ_DICT_TYPE,,893,10,EMR,,,,,platform
EMR,MDM_BIZ_DICT_TYPE_0514,,1191,10,EMR,,,,,platform
EMR,MDM_BIZ_DICT_TYPE_BAK,,717,10,EMR,,,,,platform
EMR,MDM_BIZ_DICT_UNDRUGINFO,非药品信息表,6572,57,EMR,,,,,platform
EMR,MDM_BIZ_DICT_UNDRUGINFO_0601,,436,56,EMR,,,,,platform
EMR,MDM_BIZ_DICT_UNDRUGINFO0608,,630,56,EMR,,,,,platform
EMR,MDM_BIZ_DICT_UNDRUGINFO_0609,,5286,56,EMR,,,,,platform
EMR,MDM_BIZ_DICT_UNDRUGINFO_BAK68,,200,56,EMR,,,,,platform
EMR,MDM_BIZ_DICT_ZLXTX,,1556,32,EMR,,,,,platform
EMR,MDM_COLUMNS,表格显示字段信息表,12,9,EMR,,,,,platform
EMR,MDM_COM_SQL,Sql表(Name存储为Long型),14,15,EMR,,,,,platform
EMR,MDM_COM_SQLDEBUG,,10,6,EMR,,,,,platform
EMR,MDM_COM_SQLDEBUG_OLD,SQL语句调试日志表,0,6,EMR,,,,,platform
EMR,MDM_COM_SQLSETTING,SQL语句与表对照表,4,5,EMR,,,,,platform
EMR,MDM_DATAMASKING_RULE,,3,14,EMR,,,,,platform
EMR,MDM_DATA_RIGHT,,2193,7,EMR,,,,,platform
EMR,MDM_DEPARTMENT,科室表,598,29,EMR,,,,,platform
EMR,MDM_DEPARTMENT20240806,,601,29,EMR,,,,,platform
EMR,MDM_DEPARTMENT240806,,601,29,EMR,,,,,platform
EMR,MDM_DEPARTMENT_BF,,420,22,EMR,,,,,platform
EMR,MDM_DEPARTMENT_OLD,科室表,476,19,EMR,,,,,platform
EMR,MDM_DEPARTMENT_R,,2,17,EMR,,,,,platform
EMR,MDM_DEPARTMENT_TRANS,,1112,8,EMR,,,,,platform
EMR,MDM_DEPARTMENT_UN,,636,13,EMR,,,,,platform
EMR,MDM_DEPT_FZDYB,,143,3,EMR,,,,,platform
EMR,MDM_DEPT_RIGHT,科室权限表,11290,7,EMR,,,,,platform
EMR,MDM_DEPT_RIGHT_0709,,4546,7,EMR,,,,,platform
EMR,MDM_DEPT_RIGHT_BACKUP,,241,7,EMR,,,,,platform
EMR,MDM_DEPT_RIGHT_BAK,,4170,7,EMR,,,,,platform
EMR,MDM_DEPT_RIGHTBF,,2798,7,EMR,,,,,platform
EMR,MDM_DEPT_RIGHTBF2021,,7683,7,EMR,,,,,platform
EMR,MDM_DEPT_RIGHT_TYPE,科室权限类别,19,9,EMR,,,,,platform
EMR,MDM_DEPT_WARD_MAPPING,,169,6,EMR,,,,,platform
EMR,MDM_DIAG_TREAT_GROUP,诊疗组表,59,12,EMR,,,,,platform
EMR,MDM_DIAG_TREAT_GROUP_DETAIL,医疗组明细表,369,6,EMR,,,,,platform
EMR,MDM_DICT_CHINA_REGION,全国行政地区表,713479,13,EMR,,,,,platform
EMR,MDM_DICT_CN_DRUG,中药目录表,752,15,EMR,,,,,platform
EMR,MDM_DICT_CN_DRUG_R,中药-映射表,0,17,EMR,,,,,platform
EMR,MDM_DICT_CN_DRUG_SPT,中药目录表,701,15,EMR,,,,,platform
EMR,MDM_DICT_CN_DRUG_UN,中药-非标准表,0,14,EMR,,,,,platform
EMR,MDM_DICT_CONFIG,字典配置表,0,11,EMR,,,,,platform
EMR,MDM_DICT_DRUG,,435604,62,EMR,,,,,platform
EMR,MDM_DICT_DRUG_R,,0,17,EMR,,,,,platform
EMR,MDM_DICT_DRUG_SPT,,252795,62,EMR,,,,,platform
EMR,MDM_DICT_DRUG_UN,,0,24,EMR,,,,,platform
EMR,MDM_DICT_ENTERPRISE_CODE,企业编码表,3688,13,EMR,,,,,platform
EMR,MDM_DICT_EXAM,检查项目表,1405,16,EMR,,,,,platform
EMR,MDM_DICT_EXAM20230707,,1405,16,EMR,,,,,platform
EMR,MDM_DICT_EXAM_R,,0,17,EMR,,,,,platform
EMR,MDM_DICT_EXAM_SPT,检查项目表,1483,16,EMR,,,,,platform
EMR,MDM_DICT_EXAM_UN,,1840,17,EMR,,,,,platform
EMR,MDM_DICT_ICD10,,28550,14,EMR,,,,,platform
EMR,MDM_DICT_ICD10_0407,诊断编码表,0,14,EMR,,,,,platform
EMR,MDM_DICT_ICD10_20230406,,37289,14,EMR,,,,,platform
EMR,MDM_DICT_ICD10_20230420,,27383,14,EMR,,,,,platform
EMR,MDM_DICT_ICD10_HLHT,,22388,4,EMR,,,,,platform
EMR,MDM_DICT_ICD10_OLD,诊断编码表,23068,14,EMR,,,,,platform
EMR,MDM_DICT_ICD10_R,诊断编码-映射表,43181,17,EMR,,,,,platform
EMR,MDM_DICT_ICD10_R0419,,38161,17,EMR,,,,,platform
EMR,MDM_DICT_ICD10_R_20230406,,23069,17,EMR,,,,,platform
EMR,MDM_DICT_ICD10_R_20230420,,44006,17,EMR,,,,,platform
EMR,MDM_DICT_ICD10_SPT,诊断编码表,21638,14,EMR,,,,,platform
EMR,MDM_DICT_ICD10_TEMP,,37289,3,EMR,,,,,platform
EMR,MDM_DICT_ICD10_UN,,43081,13,EMR,,,,,platform
EMR,MDM_DICT_ICD10_UN_0406,诊断编码-非标准表,0,13,EMR,,,,,platform
EMR,MDM_DICT_ICD10_UN0419,,44885,13,EMR,,,,,platform
EMR,MDM_DICT_ICD10_UN_20230406,,0,13,EMR,,,,,platform
EMR,MDM_DICT_ICD9,手术编码表,9097,16,EMR,,,,,platform
EMR,MDM_DICT_ICD9_20230406,,12855,16,EMR,,,,,platform
EMR,MDM_DICT_ICD9_HLHT,,9097,5,EMR,,,,,platform
EMR,MDM_DICT_ICD9_OLD,手术编码表,8933,16,EMR,,,,,platform
EMR,MDM_DICT_ICD9_R,手术编码-映射表,16254,17,EMR,,,,,platform
EMR,MDM_DICT_ICD9_R_20230406,,2,17,EMR,,,,,platform
EMR,MDM_DICT_ICD9_SPT,手术编码表,8865,16,EMR,,,,,platform
EMR,MDM_DICT_ICD9_TEMP,,12855,4,EMR,,,,,platform
EMR,MDM_DICT_ICD9_UN,手术编码-非标准表,16361,14,EMR,,,,,platform
EMR,MDM_DICT_ICD9_UN_20230406,,0,14,EMR,,,,,platform
EMR,MDM_DICT_MATL_HIGH,主键,0,23,EMR,,,,,platform
EMR,MDM_DICT_MATL_HIGH_R,主键,0,17,EMR,,,,,platform
EMR,MDM_DICT_MATL_HIGH_SPT,主键,3199,23,EMR,,,,,platform
EMR,MDM_DICT_MATL_HIGH_UN,主键,0,24,EMR,,,,,platform
EMR,MDM_DICT_OID,字典值域表,13766,14,EMR,,,,,platform
EMR,MDM_DICT_OID_MANAGE,,8724,15,EMR,,,,,platform
EMR,MDM_DICT_OID_R,,131,17,EMR,,,,,platform
EMR,MDM_DICT_OID_SOURCE,,1418,18,EMR,,,,,platform
EMR,MDM_DICT_OID_UN,,265,14,EMR,,,,,platform
EMR,MDM_DICT_OPERATION_BAK1,,8223,6,EMR,,,,,platform
EMR,MDM_DICT_OPERATION_GRADE_BAK,,15648,13,EMR,,,,,platform
EMR,MDM_DICT_PUBLISH,字典发布表,683,11,EMR,,,,,platform
EMR,MDM_DICT_TEST,,1032,16,EMR,,,,,platform
EMR,MDM_DICT_TEST20230707,,1032,16,EMR,,,,,platform
EMR,MDM_DICT_TEST_R,,0,17,EMR,,,,,platform
EMR,MDM_DICT_TEST_SPT,检查项目表,1082,16,EMR,,,,,platform
EMR,MDM_DICT_TEST_UN,,1584,17,EMR,,,,,platform
EMR,MDM_DICT_TYPE,,679,25,EMR,,,,,platform
EMR,MDM_DICT_UNDRUG,,0,15,EMR,,,,,platform
EMR,MDM_DICT_UNDRUG_R,,0,17,EMR,,,,,platform
EMR,MDM_DICT_UNDRUG_UN,,0,16,EMR,,,,,platform
EMR,MDM_FORM_SETTING,菜单窗口的配置表,85,2,EMR,,,,,platform
EMR,MDM_HOSPITAL,机构表,1,37,EMR,,,,,platform
EMR,MDM_HOS_REGION,机构管辖区表,5,5,EMR,,,,,platform
EMR,MDM_HOS_RIGHT,机构权限表,5,6,EMR,,,,,platform
EMR,MDM_LOCK_DATA,,4291849,15,EMR,,,,,platform
EMR,MDM_LOCK_MUTEX,,1033228,11,EMR,,,,,platform
EMR,MDM_MAPPING_TMP,,43,4,EMR,,,,,platform
EMR,MDM_MARK_DATA,数据留痕表,1412,7,EMR,,,,,platform
EMR,MDM_MENU,功能菜单表,464,25,EMR,,,,,platform
EMR,MDM_MENU_0603,,337,24,EMR,,,,,platform
EMR,MDM_MENU_BAK20200422,功能菜单表,327,24,EMR,,,,,platform
EMR,MDM_MENU_RIGHT,菜单权限表,12048,8,EMR,,,,,platform
EMR,MDM_MESSAGE_BUSINESS,,794712,43,EMR,,,,,platform
EMR,MDM_MESSAGE_TYPE,,3,9,EMR,,,,,platform
EMR,MDM_MESSAGE_USER_STATE,,927203,15,EMR,,,,,platform
EMR,MDM_PERSONAL_CFG,用户个性化配置表,573,9,EMR,,,,,platform
EMR,MDM_PRODUCT_LICENSE,,1,18,EMR,,,,,platform
EMR,MDM_ROLE,角色表,53,9,EMR,,,,,platform
EMR,MDM_ROLE_DETAIL,角色明细表,2647,6,EMR,,,,,platform
EMR,MDM_RSS,,0,20,EMR,,,,,platform
EMR,MDM_RSS_BUSINESS,,0,4,EMR,,,,,platform
EMR,MDM_RSS_DELETE,,0,9,EMR,,,,,platform
EMR,MDM_RSS_RECORD,,0,7,EMR,,,,,platform
EMR,MDM_SEQUENCE,,67,2,EMR,,,,,platform
EMR,MDM_STATISTICS,,0,9,EMR,,,,,platform
EMR,MDM_SYSTEM,系统表,26,13,EMR,,,,,platform
EMR,MDM_SYSTEM_0604,,40,12,EMR,,,,,platform
EMR,MDM_SYSTEM_CONFIG,配置文件,34,5,EMR,,,,,platform
EMR,MDM_SYSTEM_PARAMETER,系统参数表,105,13,EMR,,,,,platform
EMR,MDM_TASK_LIST,,26,20,EMR,,,,,platform
EMR,MDM_TEMPLATE,,11,12,EMR,,,,,platform
EMR,MDM_TICKET,票据管理机构和系统的关系,17,9,EMR,,,,,platform
EMR,MDM_TOKEN,,0,7,EMR,,,,,platform
EMR,MDM_UPDATE_MAIN,上传主表,0,7,EMR,,,,,platform
EMR,MDM_USER,用户表,3117,40,EMR,,,,,platform
EMR,MDM_USER_BAK,,1582,31,EMR,,,,,platform
EMR,MDM_USER_OLD,用户表,2619,31,EMR,,,,,platform
EMR,MDM_USER_R,,0,17,EMR,,,,,platform
EMR,MDM_USER_UN,,0,23,EMR,,,,,platform
EMR,MENUSETTINGS_NEW,,55,7,EMR,,,,,platform
EMR,MET_COM_SIGNEDIMAGE,图片签名对照,320,11,EMR,,,,,platform
EMR,MET_NUI_ALLERGEN,患者过敏纪录,0,14,EMR,,,,,platform
EMR,MET_NUI_CANCELMETLIST,病区退费申请物资信息表,8,12,EMR,,,,,platform
EMR,MET_NUI_CHARGEBILL,病区收费单,0,33,EMR,,,,,platform
EMR,MET_NUI_CONFIRM,护士确认执行医嘱表(目前不用),0,42,EMR,,,,,platform
EMR,MET_NUI_INFECTION,感染记录表,0,10,EMR,,,,,platform
EMR,MET_NUI_LEAVE,请假信息表,0,9,EMR,,,,,platform
EMR,MET_NUI_LFCH,患者生命体征记录档,0,21,EMR,,,,,platform
EMR,MET_NUI_TRANSFUSION,输液卡格式信息表,2,4,EMR,,,,,platform
EMR,MR_PL_PDF_DOC_TYPE,PDF生成文书类别表,41,22,EMR,,,,,platform
EMR,MR_PL_PDF_GENERATE_LOG,,809223,16,EMR,,,,,platform
EMR,MR_PL_PDF_MODULAR,PDF生成接口模块表,2,13,EMR,,,,,platform
EMR,MR_PL_PDF_TASKINFO,,114379,39,EMR,,,,,platform
EMR,N041_DICTIONARY,,792,10,EMR,,,,,platform
EMR,N041_FIELDS,,0,8,EMR,,,,,platform
EMR,N041_KSBM,,0,5,EMR,,,,,platform
EMR,N041_KSDZ,,0,4,EMR,,,,,platform
EMR,N041_SSBM,,0,4,EMR,,,,,platform
EMR,N041_SSDZ,,0,4,EMR,,,,,platform
EMR,N041_ZDBM,,0,4,EMR,,,,,platform
EMR,N041_ZDDZ,,0,4,EMR,,,,,platform
EMR,N042_DICTIONARY,,0,4,EMR,,,,,platform
EMR,N042_KSBM,,0,5,EMR,,,,,platform
EMR,N042_KSDZ,,0,4,EMR,,,,,platform
EMR,N042_SSBM,,0,4,EMR,,,,,platform
EMR,N042_SSDZ,,0,4,EMR,,,,,platform
EMR,N042_ZDBM,,0,4,EMR,,,,,platform
EMR,N042_ZDDZ,,0,4,EMR,,,,,platform
EMR,N042ZDZK_KSBM,,0,5,EMR,,,,,platform
EMR,N042ZDZK_KSDZ,,0,4,EMR,,,,,platform
EMR,NO_HIS_MET_TEC_APPLY,医技预约申请表,0,34,EMR,,,,,platform
EMR,NURSEOPERATIONRECORD,,1,17,EMR,,,,,platform
EMR,OPERATION_LOG,操作日志表,33502939,10,EMR,,,,,platform
EMR,OPLOG,,8081,10,EMR,,,,,platform
EMR,PBCATCOL,,0,20,EMR,,,,,platform
EMR,PBCATEDT,,21,7,EMR,,,,,platform
EMR,PBCATFMT,,20,4,EMR,,,,,platform
EMR,PBCATTBL,,0,25,EMR,,,,,platform
EMR,PBCATVLD,,0,5,EMR,,,,,platform
EMR,PDI_COM_SQL,,23,15,EMR,,,,,platform
EMR,PHA_COM_BASEINFO_BAK,药品目录表,1832,93,EMR,,,,,platform
EMR,PHA_COM_COMPANY,公司表（药品厂家或供货商表）,2838,17,EMR,,,,,platform
EMR,PLATFORM_WF_BUSINESS,,20,14,EMR,,,,,platform
EMR,PLATFORM_WF_CONDITION,,13,6,EMR,,,,,platform
EMR,PLATFORM_WF_LINE,,32,20,EMR,,,,,platform
EMR,PLATFORM_WF_NODE,,38,15,EMR,,,,,platform
EMR,PLATFORM_WF_PROJECT,,8,17,EMR,,,,,platform
EMR,PLATFORM_WF_RECEIVER,,4841,8,EMR,,,,,platform
EMR,PLATFORM_WF_RECEIVER_0702-2117,,30,8,EMR,,,,,platform
EMR,PLATFORM_WF_RESULT,,4948,17,EMR,,,,,platform
EMR,PLATFORM_WF_TEMPLATE,,1,8,EMR,,,,,platform
EMR,PLATFORM_WF_TEXT,,0,10,EMR,,,,,platform
EMR,PRESCRIPTION,,1,67,EMR,,,,,platform
EMR,QUICKREPORT_REPORTS,,84,6,EMR,,,,,platform
EMR,QUICKREPORT_SETTINGS,,1402,4,EMR,,,,,platform
EMR,REGIONAL,,,0,EMR,,,,VIEW,platform
EMR,REGIONAL_ORIGINAL,,3144,7,EMR,,,,,platform
EMR,REPORT_ACTION_DETAIL,,2,11,EMR,,,,,platform
EMR,REPORT_CBC,,28,8,EMR,,,,,platform
EMR,REPORT_CYBAZLFKFX,,0,3,EMR,,,,,platform
EMR,REPORT_CYBRSSQKYGFLTJ,,0,3,EMR,,,,,platform
EMR,REPORT_CYBRSSQKYGTJ,,0,3,EMR,,,,,platform
EMR,REPORT_CYBRXXHSXPCTJAJBFL,,0,3,EMR,,,,,platform
EMR,REPORT_CYBRXXHSXPCTJAKSFL,,0,3,EMR,,,,,platform
EMR,REPORT_CYBRZDZLZB,,0,3,EMR,,,,,platform
EMR,REPORT_CYHZZYXLZBTJ,,102,88,EMR,,,,,platform
EMR,REPORT_CYSSBRLYFSTJ,,0,3,EMR,,,,,platform
EMR,REPORT_CYWCBRQJJFYFX,,0,3,EMR,,,,,platform
EMR,REPORT_CYWCBRQJXGJFY,,0,3,EMR,,,,,platform
EMR,REPORT_CYZDJB,,104,27,EMR,,,,,platform
EMR,REPORT_CYZFYTJJFXB,,0,3,EMR,,,,,platform
EMR,REPORT_EXPRESSION,,0,8,EMR,,,,,platform
EMR,REPORT_GJSSBB,,115,14,EMR,,,,,platform
EMR,REPORT_ICD10,,0,9,EMR,,,,,platform
EMR,REPORT_INTERFACE,,0,10,EMR,,,,,platform
EMR,REPORT_JBSWTJ,,411,12,EMR,,,,,platform
EMR,REPORT_JWYNBLTJ,,0,3,EMR,,,,,platform
EMR,REPORT_JWYNHZQKTJ,,115,31,EMR,,,,,platform
EMR,REPORT_KSHSBATJB,,0,3,EMR,,,,,platform
EMR,REPORT_KSSSYFX,,0,3,EMR,,,,,platform
EMR,REPORT_MAIN,,0,40,EMR,,,,,platform
EMR,REPORT_MZDJFLFX,,0,3,EMR,,,,,platform
EMR,REPORT_MZGZTJBB,,1,26,EMR,,,,,platform
EMR,REPORT_OBJECT,,2,10,EMR,,,,,platform
EMR,REPORT_OTHER_CONFIG,,2,10,EMR,,,,,platform
EMR,REPORT_QYBRLYFXBB,,0,3,EMR,,,,,platform
EMR,REPORT_RYXXTJ,,0,3,EMR,,,,,platform
EMR,REPORT_SBLDBXSSTJ,,113,16,EMR,,,,,platform
EMR,REPORT_SQLDBXJBTJ,,51,11,EMR,,,,,platform
EMR,REPORT_SSDJFLFX,,0,3,EMR,,,,,platform
EMR,REPORT_SSSWTJ,,50,14,EMR,,,,,platform
EMR,REPORT_SSZLQKTJ,,205,27,EMR,,,,,platform
EMR,REPORT_SYSWTJ,,4,11,EMR,,,,,platform
EMR,REPORT_TSXMTSJCTJBAJBFL,,0,3,EMR,,,,,platform
EMR,REPORT_TSXMTSJCTJBAKSFL,,0,3,EMR,,,,,platform
EMR,REPORT_WCSSQKTJ,,46,9,EMR,,,,,platform
EMR,REPORT_YLJGZZTJ,,0,3,EMR,,,,,platform
EMR,REPORT_YSBRXXTJ,,0,3,EMR,,,,,platform
EMR,REPORT_ZYGZTJBALYFSTJ,,0,3,EMR,,,,,platform
EMR,REPORT_ZYGZTJBAZLXGTJ,,0,3,EMR,,,,,platform
EMR,REPORT_ZYGZTJBE,,110,80,EMR,,,,,platform
EMR,REPORT_ZYGZTJBS,,110,80,EMR,,,,,platform
EMR,REPORT_ZYGZTJBY,,326,88,EMR,,,,,platform
EMR,REPORT_ZYJBYLJJXGFXBALYFS,,0,3,EMR,,,,,platform
EMR,REPORT_ZYJBYLJJXGFXBAZLXG,,0,3,EMR,,,,,platform
EMR,REQUEST_RE,,,0,EMR,,,,VIEW,platform
EMR,RM_传染病上报,,204,153,EMR,,,,,platform
EMR,RM_观察室工作量上报,,0,14,EMR,,,,,platform
EMR,RM_看守所工作量上报,,0,14,EMR,,,,,platform
EMR,RM_体检工作量上报,,0,14,EMR,,,,,platform
EMR,RM_心脑血管上报,,17,63,EMR,,,,,platform
EMR,RM_肿瘤上报,,23,64,EMR,,,,,platform
EMR,SEM_ADMIN_120VISIT,,0,9,EMR,,,,,platform
EMR,SEM_ADMIN_HOTLINE,,0,10,EMR,,,,,platform
EMR,SEM_ADMIN_SUMMARY,,0,59,EMR,,,,,platform
EMR,SEM_DON_CONTENT,,0,19,EMR,,,,,platform
EMR,SEM_DOW_APPROVE,,0,16,EMR,,,,,platform
EMR,SEM_DOW_CHECK,,0,15,EMR,,,,,platform
EMR,SEM_DOW_CONTENT,,0,3,EMR,,,,,platform
EMR,SEM_DOW_STATE,,0,22,EMR,,,,,platform
EMR,SEM_DOW_TOTAL,,0,54,EMR,,,,,platform
EMR,SEM_MASTER,,0,63,EMR,,,,,platform
EMR,SEM_PATIENT,,0,37,EMR,,,,,platform
EMR,SJZK_SYS_JGJHB,,20,8,EMR,,,,,platform
EMR,SS,,0,1,EMR,,,,,platform
EMR,SYS_BLGD,,2336,7,EMR,,,,,platform
EMR,SYS_BLTH,,60,15,EMR,,,,,platform
EMR,SYS_CUSTOMCONDITION,,1,55,EMR,,,,,platform
EMR,SYS_DICTIONARY,,0,6,EMR,,,,,platform
EMR,SYS_DISEASECLASSIFICATION,,9955,7,EMR,,,,,platform
EMR,SYS_DRGS,,36,6,EMR,,,,,platform
EMR,SYS_ENTITYRELEVANCE,,743,5,EMR,,,,,platform
EMR,SYS_HOLIDAY,,104,4,EMR,,,,,platform
EMR,SYS_KSDZ,,,0,EMR,,,,VIEW,platform
EMR,SYS_KSDZ_ORIGINAL,,0,6,EMR,,,,,platform
EMR,SYS_KSZD,,,0,EMR,,,,VIEW,platform
EMR,SYS_KSZD_ORIGINAL,,0,25,EMR,,,,,platform
EMR,SYS_MEDICALGROUP,,0,14,EMR,,,,,platform
EMR,SYS_MEDICALGROUPMEMBERS,,0,9,EMR,,,,,platform
EMR,SYS_MZZD,,0,2,EMR,,,,,platform
EMR,SYS_OPERATECLASSIFICATION,,882,7,EMR,,,,,platform
EMR,SYS_OPERATIONRELEVANCE,,45,5,EMR,,,,,platform
EMR,SYS_SJGL,,3,7,EMR,,,,,platform
EMR,SYS_SSDJ,,0,3,EMR,,,,,platform
EMR,SYS_SSZD,,0,6,EMR,,,,,platform
EMR,SYS_SYFYDZ,,0,9,EMR,,,,,platform
EMR,SYS_TJXMZD,,0,13,EMR,,,,,platform
EMR,SYS_WORKDAY,,12,4,EMR,,,,,platform
EMR,SYS_ZDYCXZD,,0,5,EMR,,,,,platform
EMR,SYS_ZDYFA,,0,5,EMR,,,,,platform
EMR,SYS_ZDYFAMX,,0,10,EMR,,,,,platform
EMR,SYS_ZDYFAXS,,0,6,EMR,,,,,platform
EMR,SYS_ZYZD,,0,5,EMR,,,,,platform
EMR,TEMP1,,0,6,EMR,,,,,platform
EMR,TEMP_ZYGZLYTJ,,0,35,EMR,,,,,platform
EMR,TEMP_ZYGZXGTJ,,0,30,EMR,,,,,platform
EMR,TEST111,,1,1,EMR,,,,,platform
EMR,T_ITF_EMR,,,0,EMR,,,,VIEW,platform
EMR,T_ITF_WZHZT,,,0,EMR,,,,VIEW,platform
EMR,TMP_HIS_COST_GEN_SOCINSURLIST,,0,74,EMR,,,,,platform
EMR,TMP_HIS_FIN_OPB_FEES,,0,20,EMR,,,,,platform
EMR,TMP_HIS_FIN_OPB_PAYMODE,,0,6,EMR,,,,,platform
EMR,TMP_HIS_FIN_OPR_REG,,0,1,EMR,,,,,platform
EMR,TMP_LOOP,,0,7,EMR,,,,,platform
EMR,TMP_LS_YYXX,,0,17,EMR,,,,,platform
EMR,TOOLS_CODE,工具,25,4,EMR,,,,,platform
EMR,TOOLS_TEST,测试用表,8,4,EMR,,,,,platform
EMR,V_BIP_ROLE_DETAIL,,,0,EMR,,,,VIEW,platform
EMR,V_BIP_USER,,,0,EMR,,,,VIEW,platform
EMR,V_COMPOSITQUERY,,,0,EMR,,,,VIEW,platform
EMR,V_COST_DETIAL_MZ,,,0,EMR,,,,VIEW,platform
EMR,V_DIAGNOSIS,,,0,EMR,,,,VIEW,platform
EMR,V_DRUG_NEW,,,0,EMR,,,,VIEW,platform
EMR,V_DRUGOLD,,,0,EMR,,,,VIEW,platform
EMR,V_EPR_HOMEPAGE_FEE,,,0,EMR,,,,VIEW,platform
EMR,V_HIS_COST_INPRC_INPMAIN_EMR,,,0,EMR,,,,VIEW,platform
EMR,V_HIS_MET_COM_GROUP,,,0,EMR,,,,VIEW,platform
EMR,V_HIS_MET_COM_GROUPDETAIL,,,0,EMR,,,,VIEW,platform
EMR,V_HOMEPAGE_FIRSTCHANGEDEPART,,,0,EMR,,,,VIEW,platform
EMR,VIEW_患者医嘱信息,,,0,EMR,,,,VIEW,platform
EMR,VIEW_ATDPS_INPATIENT_AREA,,,0,EMR,,,,VIEW,platform
EMR,VIEW_ATDPS_MEDICINE_TYPE,,,0,EMR,,,,VIEW,platform
EMR,VIEW_ATDPS_PRESCRIPTION,,,0,EMR,,,,VIEW,platform
EMR,VIEW_AUTODRUG_DRUGINFO,,,0,EMR,,,,VIEW,platform
EMR,VIEW_BAGL_PUERPERA,,,0,EMR,,,,VIEW,platform
EMR,VIEW_BASS,,,0,EMR,,,,VIEW,platform
EMR,VIEW_BASSCZ,,,0,EMR,,,,VIEW,platform
EMR,VIEW_BASS_ZSS,,,0,EMR,,,,VIEW,platform
EMR,VIEW_BAZD,,,0,EMR,,,,VIEW,platform
EMR,VIEW_BAZD_BFZ,,,0,EMR,,,,VIEW,platform
EMR,VIEW_BAZD_ZZD,,,0,EMR,,,,VIEW,platform
EMR,VIEW_CASE_FY,,,0,EMR,,,,VIEW,platform
EMR,VIEW_FEE,,,0,EMR,,,,VIEW,platform
EMR,VIEW_GROUPS,,,0,EMR,,,,VIEW,platform
EMR,VIEW_HIS_COST_INPRC_INPMAIN,,,0,EMR,,,,VIEW,platform
EMR,VIEW_HIS_GEN_PATIENTBASE,,,0,EMR,,,,VIEW,platform
EMR,VIEW_HIS_MET_COM_DIAGNOSE,,,0,EMR,,,,VIEW,platform
EMR,VIEW_HOMEPAGE_PUERPERA,,,0,EMR,,,,VIEW,platform
EMR,VIEW_HOSPITAL_CASE_MAIN,,,0,EMR,,,,VIEW,platform
EMR,VIEW_HOSPITALIZED_PATIENT,,,0,EMR,,,,VIEW,platform
EMR,VIEW_HQMS_BASS,,,0,EMR,,,,VIEW,platform
EMR,VIEW_HQMS_BASY,,,0,EMR,,,,VIEW,platform
EMR,VIEW_HQMS_BAZD,,,0,EMR,,,,VIEW,platform
EMR,VIEW_JH_MZ_NEW,,,0,EMR,,,,VIEW,platform
EMR,VIEW_MANDALA_EMR,,,0,EMR,,,,VIEW,platform
EMR,VIEW_MANDALA_INPATIENT,,,0,EMR,,,,VIEW,platform
EMR,VIEW_MANDALA_OUTPATIENT,,,0,EMR,,,,VIEW,platform
EMR,VIEW_MDM_BIZ_DICT_ICD10,,,0,EMR,,,,VIEW,platform
EMR,VIEW_OUTPATIENT_PATIENT,,,0,EMR,,,,VIEW,platform
EMR,VIEW_REGIONAL,,,0,EMR,,,,VIEW,platform
EMR,VIEW_TRANSFER_IN,,0,10,EMR,,,,,platform
EMR,VIEW_TRANSFER_OUT,,0,41,EMR,,,,,platform
EMR,VIEW_ZYTJ_PRESCRIPTION,,,0,EMR,,,,VIEW,platform
EMR,VIEW_ZYTJ_PRESCRIPTION_DETAIL,,,0,EMR,,,,VIEW,platform
EMR,V_LIS_DEPT_NEW,,,0,EMR,,,,VIEW,platform
EMR,V_LIS_DOCTOR_NEW,,,0,EMR,,,,VIEW,platform
EMR,V_LIS_FEEITEM_NEW,,,0,EMR,,,,VIEW,platform
EMR,V_LIS_FEETYPE_NEW,,,0,EMR,,,,VIEW,platform
EMR,V_LIS_GET_PATIENT_NEW,,,0,EMR,,,,VIEW,platform
EMR,V_LIS_HISSPECIMEN_NEW,,,0,EMR,,,,VIEW,platform
EMR,V_LIS_HISUSER_DEPT_NEW,,,0,EMR,,,,VIEW,platform
EMR,V_LIS_HISUSER_NEW,,,0,EMR,,,,VIEW,platform
EMR,V_LIS_HISUSER_WARD_NEW,,,0,EMR,,,,VIEW,platform
EMR,V_LIS_INPATIENT_ORDERS_NEW,,,0,EMR,,,,VIEW,platform
EMR,V_LIS_JYSQ_NEW,,,0,EMR,,,,VIEW,platform
EMR,V_LIS_JYSQ_NEW_MZ,,,0,EMR,,,,VIEW,platform
EMR,V_LIS_JYSQ_NEW_MZ_1,,,0,EMR,,,,VIEW,platform
EMR,V_LIS_ORDERITEM_NEW,,,0,EMR,,,,VIEW,platform
EMR,V_LIS_OUTPATIENT_ORDERS_NEW,,,0,EMR,,,,VIEW,platform
EMR,V_LIS_PATIENT_MZ,,,0,EMR,,,,VIEW,platform
EMR,V_LIS_PATINET_ZY,,,0,EMR,,,,VIEW,platform
EMR,V_LIS_REQRESULT,,,0,EMR,,,,VIEW,platform
EMR,V_LIS_REQRESULT_QXT,,,0,EMR,,,,VIEW,platform
EMR,V_LIS_WARD_INPLIST_NEW,,,0,EMR,,,,VIEW,platform
EMR,V_LIS_WARD_NEW,,,0,EMR,,,,VIEW,platform
EMR,V_MDM_BIZ_DICT_DICTIONARY,,,0,EMR,,,,VIEW,platform
EMR,V_MDM_BIZ_DICT_DRUG,,,0,EMR,,,,VIEW,platform
EMR,V_MDM_BIZ_DICT_ICD10,,,0,EMR,,,,VIEW,platform
EMR,V_MDM_BIZ_DICT_UNDRUGINFO,,,0,EMR,,,,VIEW,platform
EMR,V_MDM_DEPARTMENT,,,0,EMR,,,,VIEW,platform
EMR,V_MDM_DEPARTMENT_R,,,0,EMR,,,,VIEW,platform
EMR,V_MDM_DEPT_RIGHT,,,0,EMR,,,,VIEW,platform
EMR,V_MDM_DEPT_WARD_MAPPING,,,0,EMR,,,,VIEW,platform
EMR,V_MDM_DIAG_TREAT_GROUP,,,0,EMR,,,,VIEW,platform
EMR,V_MDM_DICT,,,0,EMR,,,,VIEW,platform
EMR,V_MDM_DICT_CN_DRUG_R,,,0,EMR,,,,VIEW,platform
EMR,V_MDM_DICT_DRUG_R,,,0,EMR,,,,VIEW,platform
EMR,V_MDM_DICT_EXAM_R,,,0,EMR,,,,VIEW,platform
EMR,V_MDM_DICT_ICD10_R,,,0,EMR,,,,VIEW,platform
EMR,V_MDM_DICT_ICD9_R,,,0,EMR,,,,VIEW,platform
EMR,V_MDM_DICT_MATL_HIGH_R,,,0,EMR,,,,VIEW,platform
EMR,V_MDM_DICT_OID,,,0,EMR,,,,VIEW,platform
EMR,V_MDM_DICT_OID_R,,,0,EMR,,,,VIEW,platform
EMR,V_MDM_DICT_PUBLISH,,,0,EMR,,,,VIEW,platform
EMR,V_MDM_DICT_TEST_R,,,0,EMR,,,,VIEW,platform
EMR,V_MDM_DICT_UNDRUG_R,,,0,EMR,,,,VIEW,platform
EMR,V_MDM_HOSPITAL,,,0,EMR,,,,VIEW,platform
EMR,V_MDM_HOS_REGION,,,0,EMR,,,,VIEW,platform
EMR,V_MDM_HOS_RIGHT,,,0,EMR,,,,VIEW,platform
EMR,V_MDM_MARK_DATA,,,0,EMR,,,,VIEW,platform
EMR,V_MDM_MENU_RIGHT,,,0,EMR,,,,VIEW,platform
EMR,V_MDM_MESSAGE_TYPE,,,0,EMR,,,,VIEW,platform
EMR,V_MDM_PERSONAL_CFG,,,0,EMR,,,,VIEW,platform
EMR,V_MDM_ROLE_DETAIL,,,0,EMR,,,,VIEW,platform
EMR,V_MDM_RSS,,,0,EMR,,,,VIEW,platform
EMR,V_MDM_RSS_RECORD,,,0,EMR,,,,VIEW,platform
EMR,V_MDM_SYSTEM_PARAMETER,,,0,EMR,,,,VIEW,platform
EMR,V_MDM_TICKET,,,0,EMR,,,,VIEW,platform
EMR,V_MDM_USER,,,0,EMR,,,,VIEW,platform
EMR,V_MDM_USER_R,,,0,EMR,,,,VIEW,platform
EMR,V_NDT_CFXX,,,0,EMR,,,,VIEW,platform
EMR,V_NDT_JZXX,,,0,EMR,,,,VIEW,platform
EMR,V_NDT_PATIENT,,,0,EMR,,,,VIEW,platform
EMR,V_NDT_SFXX,,,0,EMR,,,,VIEW,platform
EMR,V_NIS_ANTIBIOTICS_NEW,,,0,EMR,,,,VIEW,platform
EMR,V_NIS_BASICINFO_NEW,,,0,EMR,,,,VIEW,platform
EMR,V_NIS_DEPARTMENT_NEW,,,0,EMR,,,,VIEW,platform
EMR,V_NIS_DEPT_DICT,,,0,EMR,,,,VIEW,platform
EMR,V_NIS_DEPT_DICT_NEW,,,0,EMR,,,,VIEW,platform
EMR,V_NIS_DIAGNOSIS,,,0,EMR,,,,VIEW,platform
EMR,V_NIS_DIAGNOSIS_TT,,,0,EMR,,,,VIEW,platform
EMR,V_NIS_DOCTORS,,,0,EMR,,,,VIEW,platform
EMR,V_NIS_DOCTORS_NEW,,,0,EMR,,,,VIEW,platform
EMR,V_NIS_EMR,,,0,EMR,,,,VIEW,platform
EMR,V_NIS_EMR_BF,,,0,EMR,,,,VIEW,platform
EMR,V_NIS_ICUORDERS,,,0,EMR,,,,VIEW,platform
EMR,V_NIS_ICUORDERS_NEW,,,0,EMR,,,,VIEW,platform
EMR,V_NIS_IN_HOSPITAL,,,0,EMR,,,,VIEW,platform
EMR,V_NIS_IN_HOSPITAL_NEW,,,0,EMR,,,,VIEW,platform
EMR,V_NIS_LOOSESTOOL,,,0,EMR,,,,VIEW,platform
EMR,V_NIS_OPERATION_S,,,0,EMR,,,,VIEW,platform
EMR,V_NIS_OUT_HOSPITAL,,,0,EMR,,,,VIEW,platform
EMR,V_NIS_TEMPERATURE,,,0,EMR,,,,VIEW,platform
EMR,V_NIS_TEMPERATURE_CSTZ,,,0,EMR,,,,VIEW,platform
EMR,V_NIS_TEMPERATURE_DB,,,0,EMR,,,,VIEW,platform
EMR,V_NIS_TREATMENT_NEW,,,0,EMR,,,,VIEW,platform
EMR,V_NIS_WEIGHT,,,0,EMR,,,,VIEW,platform
EMR,V_NIS_WEIGHT_NEW,,,0,EMR,,,,VIEW,platform
EMR,V_NIS_YZB,,,0,EMR,,,,VIEW,platform
EMR,V_OPERATION_HOSPITAL,,,0,EMR,,,,VIEW,platform
EMR,V_OPERATION_HOSPITAL1,,,0,EMR,,,,VIEW,platform
EMR,V_OPERATION_INTERFACE,,,0,EMR,,,,VIEW,platform
EMR,V_OPERATION_LOG,,,0,EMR,,,,VIEW,platform
EMR,VPACS_ITEM_NEW,,,0,EMR,,,,VIEW,platform
EMR,V_TJRQ,,,0,EMR,,,,VIEW,platform
EMR,V_XT_BG_PAT_PRESCRIBE,,,0,EMR,,,,VIEW,platform
EMR,V_XT_INTF_BED,,,0,EMR,,,,VIEW,platform
EMR,V_XT_INTF_DEPT,,,0,EMR,,,,VIEW,platform
EMR,V_XT_INTF_USER,,,0,EMR,,,,VIEW,platform
EMR,V_XT_INTF_WARD,,,0,EMR,,,,VIEW,platform
EMR,V_XT_PAT_MASTER_INDEX,,,0,EMR,,,,VIEW,platform
EMR,V_YFPD,,,0,EMR,,,,VIEW,platform
EMR,YL_LCLJXX,,,0,EMR,,,,VIEW,platform
EMR,ZHANGXUNTEST,,18,20,EMR,,,,,platform
EXAM,BACKUP_PATIENT,,,4,检查,,PID,,,platform
EXAM,BACKUP_STUDY,,,10,检查,,SUID,,,platform
EXAM,EMP_DICT,,,5,检查,,EMP_ID,,基础字典/维表,platform
EXAM,EXAM_AGREE_DICT,,,3,检查,,AGREE_NAME+SERIAL_NO,,基础字典/维表,platform
EXAM,EXAM_APPOINTS,,,50,检查,,EXAM_NO,,非核心表，保留候选,platform
EXAM,EXAM_BILL_ITEMS,,,19,检查,,EXAM_NO+EXAM_ITEM_NO+CHARGE_ITEM_NO,,核心业务事实/主线表,platform
EXAM,EXAM_EXP_LIST,,,7,检查,,EXAM_CLASS+CLASS_NO+ITEM_CODE+FIRM_ID,,非核心表，保留候选,platform
EXAM,EXAM_EXP_LIST_CLASS_NO,,,4,检查,,EXAM_CLASS+CLASS_NO,,非核心表，保留候选,platform
EXAM,EXAM_GROUP_DICT,,,2,检查,,EXAM_GROUP+EXAM_CLASS,,基础字典/维表,platform
EXAM,EXAM_IMAGE_INDEX,,,6,检查,,FILE_NAME,,非核心表，保留候选,platform
EXAM,EXAM_INQUIRY,,,14,检查,,EXAM_NO,,非核心表，保留候选,platform
EXAM,EXAM_INTERVAL,,,4,检查,,EXAM_CLASS+EXAM_GROUP,,非核心表，保留候选,platform
EXAM,EXAM_ITEMS,,,12,检查,,EXAM_NO+EXAM_ITEM_NO,,核心业务事实/主线表,platform
EXAM,EXAM_MASTER,,,58,检查,,EXAM_NO,,核心业务事实/主线表,platform
EXAM,EXAM_MASTER_NEWPACS,,,4,检查,,,,非核心表，保留候选,platform
EXAM,EXAM_PAT_MI,,,13,检查,,LOCAL_ID_CLASS+PATIENT_LOCAL_ID,,非核心表，保留候选,platform
EXAM,EXAM_REPORT,,,14,检查,,EXAM_NO,,核心业务事实/主线表,platform
EXAM,EXAM_SCHEDULE,,,6,检查,,SERIAL_NO,,非核心表，保留候选,platform
EXAM,EXAM_SHARINGCENTER_DETAIL,,,14,检查,,ID,,非核心表，保留候选,platform
EXAM,EXAM_SHARINGCENTER_MASTER,,,19,检查,,ID,,非核心表，保留候选,platform
EXAM,EXAM_SUBDEPT_DICT,,,2,检查,,SUBDEPT,,基础字典/维表,platform
EXAM,EXAM_USER,,,7,检查,,USER_ID,,非核心表，保留候选,platform
EXAM,EXAM_WORKING_PLAN,,,7,检查,,EXAM_CLASS+EXAM_GROUP+DAY_OF_THE_WEEK,,非核心表，保留候选,platform
EXAM,GAOXIANG,,,2,检查,,,,非核心表，保留候选,platform
EXAM,MODALITY_VS_LOCAL_ID_CLASS,,,2,检查,,MODALITY,,非核心表，保留候选,platform
EXAM,PACSPATIENT,,,5,检查,,PID,,非核心表，保留候选,platform
EXAM,PACSSTUDY,,,16,检查,,SUID+HOSTCODE,,非核心表，保留候选,platform
EXAM,PACSUPDATE,,,1,检查,,SUID,,非核心表，保留候选,platform
EXAM,PBCATCOL,,,20,检查,,,,非核心表，保留候选,platform
EXAM,PBCATEDT,,,7,检查,,,,非核心表，保留候选,platform
EXAM,PBCATFMT,,,4,检查,,,,非核心表，保留候选,platform
EXAM,PBCATTBL,,,25,检查,,,,非核心表，保留候选,platform
EXAM,PBCATVLD,,,5,检查,,,,非核心表，保留候选,platform
EXAM,SQLEXPERT_PLAN1,,,23,检查,,,,非核心表，保留候选,platform
EXAM,STOREUID,,,2,检查,,STUDY_UID,,非核心表，保留候选,platform
EXAM,SUBSERVER_VS_DEPT,,,2,检查,,DEPT_CODE,,非核心表，保留候选,platform
EXAM,TREAT_APPOINT,,,48,检查,,TREAT_NO,,非核心表，保留候选,platform
EXAM,TREAT_ITEMS,,,6,检查,,EXAM_NO+EXAM_ITEM_NO,,非核心表，保留候选,platform
EXAM,TSMARCHIVE,,,4,检查,,HL_NAME+LL_NAME,,非核心表，保留候选,platform
extendnotify,CloudNotice,,0,0,PACS 影像系统（源端）,,,live_metadata,,platform
extendnotify,Notification,,112971,0,PACS 影像系统（源端）,,,live_metadata,,platform
extendnotify,NotificationHistory,,0,0,PACS 影像系统（源端）,,,live_metadata,,platform
fxcx,test001,,,2,电子病历,,,live_metadata,[review_source_period:from_2025],platform
FXHIS,CLI_REQUEST_DRUG_VIEW,门诊处方药品视图,,21,运维知识库,,,,2026-08-24 知识库缺口补采；源库对象类型=VIEW（视图，取数须注意其查询语义）；同名视图亦存在于 DRUG_USER（双 owner）,platform
FXHIS,SPECIAL_ANTIMICROBIALS_DETAILS,特抗药会诊抗菌药物信息明细,,17,运维知识库,,,,2026-08-24 知识库缺口补采；源库对象类型=TABLE,platform
FXHIS,SPECIAL_CONSUL_MASTER,特抗药会诊主表,,40,运维知识库,,,,2026-08-24 知识库缺口补采；源库对象类型=TABLE,platform
FXHIS,SYS_PAYMENT_COMPARE,银联终端与IP对照表,,4,运维知识库,,,,2026-08-24 知识库缺口补采；源库对象类型=TABLE,platform
FXJCPT,CDA_DICTIONARY,,69708,7,,,,,,metadata
gecbroker,cmoverecord,,29846,0,PACS 影像系统（源端）,,,live_metadata,,platform
gecbroker,Event,,3765528,0,PACS 影像系统（源端）,,,live_metadata,,platform
gecbroker,Exam,,162053,0,PACS 影像系统（源端）,,,live_metadata,,platform
gecbroker,ExamItem,,19813,0,PACS 影像系统（源端）,,,live_metadata,,platform
gecbroker,Patient,,41354,0,PACS 影像系统（源端）,,,live_metadata,,platform
gecbroker,YYPT_ORDER,,15305,0,PACS 影像系统（源端）,,,live_metadata,,platform
gecris,advancedsearch_period,,11,0,PACS 影像系统（源端）,,,live_metadata,,platform
gecris,app_config,,82,0,PACS 影像系统（源端）,,,live_metadata,,platform
gecris,APPLY_INFO,VIEW,,0,PACS 影像系统（源端）,,,live_metadata,,platform
gecris,APPLY_ITEM_DIC,VIEW,,0,PACS 影像系统（源端）,,,live_metadata,,platform
gecris,archived_image_mapping,,0,0,PACS 影像系统（源端）,,,live_metadata,,platform
gecris,auto_distribute,,0,0,PACS 影像系统（源端）,,,live_metadata,,platform
gecris,AutoPrintRule,,0,0,PACS 影像系统（源端）,,,live_metadata,,platform
gecris,backup_exam_change_record,,0,0,PACS 影像系统（源端）,,,live_metadata,,platform
gecris,backup_server,,0,0,PACS 影像系统（源端）,,,live_metadata,,platform
gecris,backup_session,,0,0,PACS 影像系统（源端）,,,live_metadata,,platform
gecris,backup_session_modified_data,,0,0,PACS 影像系统（源端）,,,live_metadata,,platform
gecris,backup_session_modify_history,,0,0,PACS 影像系统（源端）,,,live_metadata,,platform
gecris,BodyPartLookup,,0,0,PACS 影像系统（源端）,,,live_metadata,,platform
gecris,caip,,32,0,PACS 影像系统（源端）,,,live_metadata,,platform
gecris,casgin,,130,0,PACS 影像系统（源端）,,,live_metadata,,platform
gecris,CategoryInfo,,0,0,PACS 影像系统（源端）,,,live_metadata,,platform
gecris,CDR_CHECK_REPORT,VIEW,,0,PACS 影像系统（源端）,,,live_metadata,,platform
gecris,cdr_check_report_new,VIEW,,0,PACS 影像系统（源端）,,,live_metadata,,platform
gecris,CHK_INFO,VIEW,,0,PACS 影像系统（源端）,,,live_metadata,,platform
gecris,ClinicalDiagnose,,0,0,PACS 影像系统（源端）,,,live_metadata,,platform
gecris,ClinicalDiagnoseCategory,,4,0,PACS 影像系统（源端）,,,live_metadata,,platform
gecris,ConfigurationInfo,,84,0,PACS 影像系统（源端）,,,live_metadata,,platform
gecris,configuration_item,,689,0,PACS 影像系统（源端）,,,live_metadata,,platform
gecris,configuration_item_rule_relation,,596,0,PACS 影像系统（源端）,,,live_metadata,,platform
gecris,configuration_item_value,,2124,0,PACS 影像系统（源端）,,,live_metadata,,platform
gecris,configuration_validation_rule,,22,0,PACS 影像系统（源端）,,,live_metadata,,platform
gecris,configuration_validation_rule_parameter,,63,0,PACS 影像系统（源端）,,,live_metadata,,platform
gecris,consumable_material,,0,0,PACS 影像系统（源端）,,,live_metadata,,platform
gecris,consumable_material_vendor,,6,0,PACS 影像系统（源端）,,,live_metadata,,platform
gecris,contrast_material_res,,0,0,PACS 影像系统（源端）,,,live_metadata,,platform
gecris,critical_content,,18,0,PACS 影像系统（源端）,,,live_metadata,,platform
gecris,customconfig,,0,0,PACS 影像系统（源端）,,,live_metadata,,platform
gecris,DBRelease,,127,0,PACS 影像系统（源端）,,,live_metadata,,platform
gecris,DeathCause,,2,0,PACS 影像系统（源端）,,,live_metadata,,platform
gecris,defaultconfig,,31,0,PACS 影像系统（源端）,,,live_metadata,,platform
gecris,DefaultMaterialBundle,,0,0,PACS 影像系统（源端）,,,live_metadata,,platform
gecris,DefaultPriorityInfo,,2,0,PACS 影像系统（源端）,,,live_metadata,,platform
gecris,department,,6,0,PACS 影像系统（源端）,,,live_metadata,,platform
gecris,DiagnosisGroupInfo,,13,0,PACS 影像系统（源端）,,,live_metadata,,platform
gecris,dic_anatomy,,733,0,PACS 影像系统（源端）,,,live_metadata,,platform
gecris,dic_category,,14,0,PACS 影像系统（源端）,,,live_metadata,,platform
gecris,dic_critical_disease,,36,0,PACS 影像系统（源端）,,,live_metadata,,platform
gecris,dic_critical_system,,12,0,PACS 影像系统（源端）,,,live_metadata,,platform
gecris,dic_keyword_category,,10,0,PACS 影像系统（源端）,,,live_metadata,,platform
gecris,dic_keyword_item,,35,0,PACS 影像系统（源端）,,,live_metadata,,platform
gecris,dic_knowbase_keyword_category,,0,0,PACS 影像系统（源端）,,,live_metadata,,platform
gecris,dic_knowbase_keyword_item,,0,0,PACS 影像系统（源端）,,,live_metadata,,platform
gecris,dic_medical_item,,0,0,PACS 影像系统（源端）,,,live_metadata,,platform
gecris,dic_medical_item_values,,0,0,PACS 影像系统（源端）,,,live_metadata,,platform
gecris,dic_misc,,79,0,PACS 影像系统（源端）,,,live_metadata,,platform
gecris,dicom_measurement,,0,0,PACS 影像系统（源端）,,,live_metadata,,platform
gecris,dic_pathology,,10915,0,PACS 影像系统（源端）,,,live_metadata,,platform
gecris,distribute_priority,,0,0,PACS 影像系统（源端）,,,live_metadata,,platform
gecris,distribute_type,,0,0,PACS 影像系统（源端）,,,live_metadata,,platform
gecris,domain_config,,5,0,PACS 影像系统（源端）,,,live_metadata,,platform
gecris,DSDutyCategory,,0,0,PACS 影像系统（源端）,,,live_metadata,,platform
gecris,ds_dutycategory_resource,,0,0,PACS 影像系统（源端）,,,live_metadata,,platform
gecris,DSDutyInstance,,0,0,PACS 影像系统（源端）,,,live_metadata,,platform
gecris,DSDutyPeriod,,0,0,PACS 影像系统（源端）,,,live_metadata,,platform
gecris,ds_status,,0,0,PACS 影像系统（源端）,,,live_metadata,,platform
gecris,DSTableMemo,,0,0,PACS 影像系统（源端）,,,live_metadata,,platform
gecris,DSUserGroupOfDC,,0,0,PACS 影像系统（源端）,,,live_metadata,,platform
gecris,DSUserOfDI,,0,0,PACS 影像系统（源端）,,,live_metadata,,platform
gecris,DutyUser,,19,0,PACS 影像系统（源端）,,,live_metadata,,platform
gecris,ea_risserver_config,,0,0,PACS 影像系统（源端）,,,live_metadata,,platform
gecris,EmpRelation,,60,0,PACS 影像系统（源端）,,,live_metadata,,platform
gecris,EMR_EXAM_IMAGE_PATH,VIEW,,0,PACS 影像系统（源端）,,,live_metadata,,platform
gecris,EMR_EXAM_IMAGE_REP,VIEW,,0,PACS 影像系统（源端）,,,live_metadata,,platform
gecris,enhancement_template_category,,4,0,PACS 影像系统（源端）,,,live_metadata,,platform
gecris,enhancement_template_config,,22,0,PACS 影像系统（源端）,,,live_metadata,,platform
gecris,enhancement_template_config_item,,71,0,PACS 影像系统（源端）,,,live_metadata,,platform
gecris,enhancement_template_diagnose_result,,17,0,PACS 影像系统（源端）,,,live_metadata,,platform
gecris,exam_attach_info,,645193,0,PACS 影像系统（源端）,,,live_metadata,,platform
gecris,exam_condition_summary,,0,0,PACS 影像系统（源端）,,,live_metadata,,platform
gecris,exam_condition_summary_dic,,5,0,PACS 影像系统（源端）,,,live_metadata,,platform
gecris,exam_consumable_material,,0,0,PACS 影像系统（源端）,,,live_metadata,,platform
gecris,ExamFilmDistribute,,0,0,PACS 影像系统（源端）,,,live_metadata,,platform
gecris,ExamFilmPrint,,0,0,PACS 影像系统（源端）,,,live_metadata,,platform
gecris,exam_folder,,431,0,PACS 影像系统（源端）,,,live_metadata,,platform
gecris,exam_folder_mapping,,8397,0,PACS 影像系统（源端）,,,live_metadata,,platform
gecris,examination_items_detail,检查项目详细表,378,0,PACS 影像系统（源端）,,,live_metadata,,platform
gecris,exam_info,VIEW,,0,PACS 影像系统（源端）,,,live_metadata,,platform
gecris,ExamInfo,,1038257,0,PACS 影像系统（源端）,,,live_metadata,,platform
gecris,ExamInfoExtend,,0,0,PACS 影像系统（源端）,,,live_metadata,,platform
gecris,exam_notice,,0,0,PACS 影像系统（源端）,,,live_metadata,,platform
gecris,ExamPJobRelation,,0,0,PACS 影像系统（源端）,,,live_metadata,,platform
gecris,ExamPRecord,,0,0,PACS 影像系统（源端）,,,live_metadata,,platform
gecris,ExamPrintInfo,,0,0,PACS 影像系统（源端）,,,live_metadata,,platform
gecris,ExamProcSteps,,0,0,PACS 影像系统（源端）,,,live_metadata,,platform
gecris,ExamStaffCategoryLookup,,5,0,PACS 影像系统（源端）,,,live_metadata,,platform
gecris,ExamStatisticInfo,,0,0,PACS 影像系统（源端）,,,live_metadata,,platform
gecris,ExceptionEvent,,0,0,PACS 影像系统（源端）,,,live_metadata,,platform
gecris,ExceptionEvent_Content_Item,,3,0,PACS 影像系统（源端）,,,live_metadata,,platform
gecris,expresssearch,,274,0,PACS 影像系统（源端）,,,live_metadata,,platform
gecris,Film,,0,0,PACS 影像系统（源端）,,,live_metadata,,platform
gecris,FilmPRecord,,0,0,PACS 影像系统（源端）,,,live_metadata,,platform
gecris,FilmPrint,,0,0,PACS 影像系统（源端）,,,live_metadata,,platform
gecris,FilmPrintCamera,,0,0,PACS 影像系统（源端）,,,live_metadata,,platform
gecris,filmprint_default_camera,,0,0,PACS 影像系统（源端）,,,live_metadata,,platform
gecris,FilmPrintPriorityLkup,,4,0,PACS 影像系统（源端）,,,live_metadata,,platform
gecris,filmprint_repeat_memo,,0,0,PACS 影像系统（源端）,,,live_metadata,,platform
gecris,FilmPrintServer,,0,0,PACS 影像系统（源端）,,,live_metadata,,platform
gecris,FilmPrintStatLkup,,8,0,PACS 影像系统（源端）,,,live_metadata,,platform
gecris,FollowUp,,0,0,PACS 影像系统（源端）,,,live_metadata,,platform
gecris,FollowUpReport,,0,0,PACS 影像系统（源端）,,,live_metadata,,platform
gecris,ForwardUserInfo,,0,0,PACS 影像系统（源端）,,,live_metadata,,platform
gecris,fulltextsearch_field,,9,0,PACS 影像系统（源端）,,,live_metadata,,platform
gecris,fulltextsearch_fields,,10,0,PACS 影像系统（源端）,,,live_metadata,,platform
gecris,fulltextsearch_index,,0,0,PACS 影像系统（源端）,,,live_metadata,,platform
gecris,grouphospital,,1,0,PACS 影像系统（源端）,,,live_metadata,,platform
gecris,GUI,,71,0,PACS 影像系统（源端）,,,live_metadata,,platform
gecris,hospital_area,,0,0,PACS 影像系统（源端）,,,live_metadata,,platform
gecris,hospital_org,,5,0,PACS 影像系统（源端）,,,live_metadata,,platform
gecris,i18n_messages,,0,0,PACS 影像系统（源端）,,,live_metadata,,platform
gecris,IMAGE_INFO,VIEW,,0,PACS 影像系统（源端）,,,live_metadata,,platform
gecris,iw_matchrule,,5,0,PACS 影像系统（源端）,,,live_metadata,,platform
gecris,iws_dept_modality_mapping,,13,0,PACS 影像系统（源端）,,,live_metadata,,platform
gecris,IwsType,,9,0,PACS 影像系统（源端）,,,live_metadata,,platform
gecris,JobRole,,7,0,PACS 影像系统（源端）,,,live_metadata,,platform
gecris,knowbase_keyword,,0,0,PACS 影像系统（源端）,,,live_metadata,,platform
gecris,KnowbaseTemplateInfo,,5190,0,PACS 影像系统（源端）,,,live_metadata,,platform
gecris,linshi_view,VIEW,,0,PACS 影像系统（源端）,,,live_metadata,,platform
gecris,luyuceshi,,582,0,PACS 影像系统（源端）,,,live_metadata,,platform
gecris,MatchTask,,0,0,PACS 影像系统（源端）,,,live_metadata,,platform
gecris,MaterialBundleInfo,,0,0,PACS 影像系统（源端）,,,live_metadata,,platform
gecris,MaterialBundleItem,,0,0,PACS 影像系统（源端）,,,live_metadata,,platform
gecris,MaterialConsumed,,0,0,PACS 影像系统（源端）,,,live_metadata,,platform
gecris,MaterialInfo,,0,0,PACS 影像系统（源端）,,,live_metadata,,platform
gecris,measurement_mapping,,14,0,PACS 影像系统（源端）,,,live_metadata,,platform
gecris,MediaInfo,,386,0,PACS 影像系统（源端）,,,live_metadata,,platform
gecris,media_info_extend,,0,0,PACS 影像系统（源端）,,,live_metadata,,platform
gecris,MedicalRecord,,0,0,PACS 影像系统（源端）,,,live_metadata,,platform
gecris,MemoInfo,Patient remark,67727,0,PACS 影像系统（源端）,,,live_metadata,,platform
gecris,MergeExamInfo,,242,0,PACS 影像系统（源端）,,,live_metadata,,platform
gecris,MergeHistory,,187,0,PACS 影像系统（源端）,,,live_metadata,,platform
gecris,modality_default_consumable_material,,0,0,PACS 影像系统（源端）,,,live_metadata,,platform
gecris,modalitydept,,7,0,PACS 影像系统（源端）,,,live_metadata,,platform
gecris,ModalityInfo,,29,0,PACS 影像系统（源端）,,,live_metadata,,platform
gecris,ModalityProcedureStep,,7686,0,PACS 影像系统（源端）,,,live_metadata,,platform
gecris,modality_schedule_config,,0,0,PACS 影像系统（源端）,,,live_metadata,,platform
gecris,modality_schedule_disactive_period,,0,0,PACS 影像系统（源端）,,,live_metadata,,platform
gecris,modality_schedule_extend_period,,0,0,PACS 影像系统（源端）,,,live_metadata,,platform
gecris,modality_schedule_reserve_period,,0,0,PACS 影像系统（源端）,,,live_metadata,,platform
gecris,ModalityScheduleRule,,0,0,PACS 影像系统（源端）,,,live_metadata,,platform
gecris,ModalityScheduleSlot,,0,0,PACS 影像系统（源端）,,,live_metadata,,platform
gecris,ModalityTypeInfo,,35,0,PACS 影像系统（源端）,,,live_metadata,,platform
gecris,MPPS,,1173448,0,PACS 影像系统（源端）,,,live_metadata,,platform
gecris,mpps_state,,0,0,PACS 影像系统（源端）,,,live_metadata,,platform
gecris,mywk_distribute_history,,520746,0,PACS 影像系统（源端）,,,live_metadata,,platform
gecris,mywk_examinfo,,1627,0,PACS 影像系统（源端）,,,live_metadata,,platform
gecris,note_configuration,,30,0,PACS 影像系统（源端）,,,live_metadata,,platform
gecris,NoticeEvent,,1,0,PACS 影像系统（源端）,,,live_metadata,,platform
gecris,NoticeEventType,,2,0,PACS 影像系统（源端）,,,live_metadata,,platform
gecris,NoticeSubscribeInfo,,1,0,PACS 影像系统（源端）,,,live_metadata,,platform
gecris,nuclear_procedurestep_info,,0,0,PACS 影像系统（源端）,,,live_metadata,,platform
gecris,nurse_calm,,0,0,PACS 影像系统（源端）,,,live_metadata,,platform
gecris,nurse_calm_exam,,0,0,PACS 影像系统（源端）,,,live_metadata,,platform
gecris,oauth_client_details,,5,0,PACS 影像系统（源端）,,,live_metadata,,platform
gecris,object_table,,614,0,PACS 影像系统（源端）,,,live_metadata,,platform
gecris,ogg_test,,2,0,PACS 影像系统（源端）,,,live_metadata,,platform
gecris,order_bill_entry,,0,0,PACS 影像系统（源端）,,,live_metadata,,platform
gecris,OrderInfo,,1008236,0,PACS 影像系统（源端）,,,live_metadata,,platform
gecris,OrgInfo,,6,0,PACS 影像系统（源端）,,,live_metadata,,platform
gecris,OrgRelation,,6,0,PACS 影像系统（源端）,,,live_metadata,,platform
gecris,PACS_BS25005,VIEW,,0,PACS 影像系统（源端）,,,live_metadata,,platform
gecris,PACS_BS25006,VIEW,,0,PACS 影像系统（源端）,,,live_metadata,,platform
gecris,PACS_BS25006_copy1,VIEW,,0,PACS 影像系统（源端）,,,live_metadata,,platform
gecris,PACS_BS25020,VIEW,,0,PACS 影像系统（源端）,,,live_metadata,,platform
gecris,PACS_HOST_INFO,VIEW,,0,PACS 影像系统（源端）,,,live_metadata,,platform
gecris,pacs_nuion_acc,VIEW,,0,PACS 影像系统（源端）,,,live_metadata,,platform
gecris,pacs_nuion_acc_copy,VIEW,,0,PACS 影像系统（源端）,,,live_metadata,,platform
gecris,pacsstudy,,603782,0,PACS 影像系统（源端）,,,live_metadata,,platform
gecris,partial_match_supported_scu,,0,0,PACS 影像系统（源端）,,,live_metadata,,platform
gecris,patient_attached_category,,4,0,PACS 影像系统（源端）,,,live_metadata,,platform
gecris,patient_attached_category_value,,8,0,PACS 影像系统（源端）,,,live_metadata,,platform
gecris,patient_attached_info,,12,0,PACS 影像系统（源端）,,,live_metadata,,platform
gecris,patient_attached_info_edit_history,,12,0,PACS 影像系统（源端）,,,live_metadata,,platform
gecris,patient_identifier,,0,0,PACS 影像系统（源端）,,,live_metadata,,platform
gecris,PatientInfo,,472090,0,PACS 影像系统（源端）,,,live_metadata,,platform
gecris,PatientInfoTemp,,0,0,PACS 影像系统（源端）,,,live_metadata,,platform
gecris,patient_label,,10,0,PACS 影像系统（源端）,,,live_metadata,,platform
gecris,Patinfo_Lis_imaTest,VIEW,,0,PACS 影像系统（源端）,,,live_metadata,,platform
gecris,PayInfo,,0,0,PACS 影像系统（源端）,,,live_metadata,,platform
gecris,pdatacategory,,602,0,PACS 影像系统（源端）,,,live_metadata,,platform
gecris,pdatacategory_config,,8,0,PACS 影像系统（源端）,,,live_metadata,,platform
gecris,pdatagroup,,56,0,PACS 影像系统（源端）,,,live_metadata,,platform
gecris,performed_technic,,0,0,PACS 影像系统（源端）,,,live_metadata,,platform
gecris,PersonInfo,,71,0,PACS 影像系统（源端）,,,live_metadata,,platform
gecris,PersonOtherID,,0,0,PACS 影像系统（源端）,,,live_metadata,,platform
gecris,pfeature,,159,0,PACS 影像系统（源端）,,,live_metadata,,platform
gecris,pfeaturegroup,,378,0,PACS 影像系统（源端）,,,live_metadata,,platform
gecris,pgroup,,22,0,PACS 影像系统（源端）,,,live_metadata,,platform
gecris,pjob_current_sharing,,0,0,PACS 影像系统（源端）,,,live_metadata,,platform
gecris,PJobMatchRule,,0,0,PACS 影像系统（源端）,,,live_metadata,,platform
gecris,PJobPRecord,,0,0,PACS 影像系统（源端）,,,live_metadata,,platform
gecris,pjob_sharing_info,,0,0,PACS 影像系统（源端）,,,live_metadata,,platform
gecris,pjob_sharing_job,,0,0,PACS 影像系统（源端）,,,live_metadata,,platform
gecris,pjob_sharing_study,,0,0,PACS 影像系统（源端）,,,live_metadata,,platform
gecris,pjob_study_field_mapping,,5,0,PACS 影像系统（源端）,,,live_metadata,,platform
gecris,PositionVeracity,,0,0,PACS 影像系统（源端）,,,live_metadata,,platform
gecris,post_processing_action,,0,0,PACS 影像系统（源端）,,,live_metadata,,platform
gecris,post_processing_info,,0,0,PACS 影像系统（源端）,,,live_metadata,,platform
gecris,post_processing_reference,,0,0,PACS 影像系统（源端）,,,live_metadata,,platform
gecris,post_processing_step,,5,0,PACS 影像系统（源端）,,,live_metadata,,platform
gecris,PQSButton,,0,0,PACS 影像系统（源端）,,,live_metadata,,platform
gecris,predef_report_subscribe,,0,0,PACS 影像系统（源端）,,,live_metadata,,platform
gecris,PriceInfo,,331,0,PACS 影像系统（源端）,,,live_metadata,,platform
gecris,Printer,,0,0,PACS 影像系统（源端）,,,live_metadata,,platform
gecris,PrintJob,,0,0,PACS 影像系统（源端）,,,live_metadata,,platform
gecris,PrintJobCache,,0,0,PACS 影像系统（源端）,,,live_metadata,,platform
gecris,printjob_fuzzy_match_rule,,0,0,PACS 影像系统（源端）,,,live_metadata,,platform
gecris,PrintRule,,4,0,PACS 影像系统（源端）,,,live_metadata,,platform
gecris,PrintSCU,,0,0,PACS 影像系统（源端）,,,live_metadata,,platform
gecris,PrintSCUPrinterRelation,,0,0,PACS 影像系统（源端）,,,live_metadata,,platform
gecris,PrintTemplate,,0,0,PACS 影像系统（源端）,,,live_metadata,,platform
gecris,PrintTemplateMapping,,21,0,PACS 影像系统（源端）,,,live_metadata,,platform
gecris,ProcBodyPart,,0,0,PACS 影像系统（源端）,,,live_metadata,,platform
gecris,ProcedureInfo,,33,0,PACS 影像系统（源端）,,,live_metadata,,platform
gecris,ProcedureStepInfo,,1009,0,PACS 影像系统（源端）,,,live_metadata,,platform
gecris,ProcedureStepPriceInfo,,0,0,PACS 影像系统（源端）,,,live_metadata,,platform
gecris,ProcedureStepPrintIndexInfo,,0,0,PACS 影像系统（源端）,,,live_metadata,,platform
gecris,PsiDetailDesc,,0,0,PACS 影像系统（源端）,,,live_metadata,,platform
gecris,pusergroup,,422,0,PACS 影像系统（源端）,,,live_metadata,,platform
gecris,QAMatchRules,,24,0,PACS 影像系统（源端）,,,live_metadata,,platform
gecris,QAUpdateRules,,50,0,PACS 影像系统（源端）,,,live_metadata,,platform
gecris,qc_check_rule,,0,0,PACS 影像系统（源端）,,,live_metadata,,platform
gecris,qc_check_rule_condition,,0,0,PACS 影像系统（源端）,,,live_metadata,,platform
gecris,QCCriterion,,0,0,PACS 影像系统（源端）,,,live_metadata,,platform
gecris,QCCriticalCriterion,,0,0,PACS 影像系统（源端）,,,live_metadata,,platform
gecris,qc_exam_mapping,,3229,0,PACS 影像系统（源端）,,,live_metadata,,platform
gecris,QCLevel,,20,0,PACS 影像系统（源端）,,,live_metadata,,platform
gecris,qc_party_group,,2,0,PACS 影像系统（源端）,,,live_metadata,,platform
gecris,qc_party_group_user_relation,,10,0,PACS 影像系统（源端）,,,live_metadata,,platform
gecris,qc_reason,,0,0,PACS 影像系统（源端）,,,live_metadata,,platform
gecris,qc_record,,0,0,PACS 影像系统（源端）,,,live_metadata,,platform
gecris,qc_record_feedback,,0,0,PACS 影像系统（源端）,,,live_metadata,,platform
gecris,qc_record_reason,,0,0,PACS 影像系统（源端）,,,live_metadata,,platform
gecris,qc_record_sub_type,,0,0,PACS 影像系统（源端）,,,live_metadata,,platform
gecris,qc_report,,0,0,PACS 影像系统（源端）,,,live_metadata,,platform
gecris,QCResult,,0,0,PACS 影像系统（源端）,,,live_metadata,,platform
gecris,QCResultDetail,,0,0,PACS 影像系统（源端）,,,live_metadata,,platform
gecris,QCTemplate,,0,0,PACS 影像系统（源端）,,,live_metadata,,platform
gecris,QualityEvent,,0,0,PACS 影像系统（源端）,,,live_metadata,,platform
gecris,QualityVeracity,,0,0,PACS 影像系统（源端）,,,live_metadata,,platform
gecris,RadiologistInstruction,,0,0,PACS 影像系统（源端）,,,live_metadata,,platform
gecris,RAIEnableStatus,,66,0,PACS 影像系统（源端）,,,live_metadata,,platform
gecris,RAIFunction,,30,0,PACS 影像系统（源端）,,,live_metadata,,platform
gecris,RAIState,,45,0,PACS 影像系统（源端）,,,live_metadata,,platform
gecris,rebuild_info,,0,0,PACS 影像系统（源端）,,,live_metadata,,platform
gecris,recovery_status,,4,0,PACS 影像系统（源端）,,,live_metadata,,platform
gecris,register_period_schedule,,5956,0,PACS 影像系统（源端）,,,live_metadata,,platform
gecris,register_procedure_group,,2,0,PACS 影像系统（源端）,,,live_metadata,,platform
gecris,register_procedure_group_item,,292,0,PACS 影像系统（源端）,,,live_metadata,,platform
gecris,register_resource_exam_detail,,1587,0,PACS 影像系统（源端）,,,live_metadata,,platform
gecris,register_sch_condition_relation,,5354,0,PACS 影像系统（源端）,,,live_metadata,,platform
gecris,register_sch_condition_relation_312bak,,0,0,PACS 影像系统（源端）,,,live_metadata,,platform
gecris,rel_grouphospital_domaincfg,,0,0,PACS 影像系统（源端）,,,live_metadata,,platform
gecris,rel_modality_rulegroup,,0,0,PACS 影像系统（源端）,,,live_metadata,,platform
gecris,rel_modtype_reporttemplate,,0,0,PACS 影像系统（源端）,,,live_metadata,,platform
gecris,rel_modtype_scheduletemplate,,0,0,PACS 影像系统（源端）,,,live_metadata,,platform
gecris,reminder_consumer_type,,12,0,PACS 影像系统（源端）,,,live_metadata,,platform
gecris,reminder_content_config,,15,0,PACS 影像系统（源端）,,,live_metadata,,platform
gecris,reminder_level,,10,0,PACS 影像系统（源端）,,,live_metadata,,platform
gecris,reminder_level_consumer,,1,0,PACS 影像系统（源端）,,,live_metadata,,platform
gecris,reminder_level_trigger_time,,1,0,PACS 影像系统（源端）,,,live_metadata,,platform
gecris,ReminderResult,,0,0,PACS 影像系统（源端）,,,live_metadata,,platform
gecris,reminder_rule,,11,0,PACS 影像系统（源端）,,,live_metadata,,platform
gecris,ReminderRule,,0,0,PACS 影像系统（源端）,,,live_metadata,,platform
gecris,reminder_rule_level,,0,0,PACS 影像系统（源端）,,,live_metadata,,platform
gecris,reminder_search_group,,19,0,PACS 影像系统（源端）,,,live_metadata,,platform
gecris,reminder_search_sub_group,,0,0,PACS 影像系统（源端）,,,live_metadata,,platform
gecris,reminder_search_sub_group_conditions,,0,0,PACS 影像系统（源端）,,,live_metadata,,platform
gecris,reminder_task,,5,0,PACS 影像系统（源端）,,,live_metadata,,platform
gecris,ReminderTask,,0,0,PACS 影像系统（源端）,,,live_metadata,,platform
gecris,reminder_task_action,,0,0,PACS 影像系统（源端）,,,live_metadata,,platform
gecris,reminder_task_level,,5,0,PACS 影像系统（源端）,,,live_metadata,,platform
gecris,reminder_top_message,,0,0,PACS 影像系统（源端）,,,live_metadata,,platform
gecris,reminder_trigger_time,,8,0,PACS 影像系统（源端）,,,live_metadata,,platform
gecris,reminder_type,,4,0,PACS 影像系统（源端）,,,live_metadata,,platform
gecris,Report,InnoDB free: 175104 kB,1017506,0,PACS 影像系统（源端）,,,live_metadata,,platform
gecris,ReportAction,,932753,0,PACS 影像系统（源端）,,,live_metadata,,platform
gecris,ReportDistribute,,1076,0,PACS 影像系统（源端）,,,live_metadata,,platform
gecris,report_forward,,430,0,PACS 影像系统（源端）,,,live_metadata,,platform
gecris,ReportHistory,,855724,0,PACS 影像系统（源端）,,,live_metadata,,platform
gecris,ReportingGroupRelation,,0,0,PACS 影像系统（源端）,,,live_metadata,,platform
gecris,ReportingInfo,,6,0,PACS 影像系统（源端）,,,live_metadata,,platform
gecris,ReportParticipant,,51393,0,PACS 影像系统（源端）,,,live_metadata,,platform
gecris,report_refpdf,,0,0,PACS 影像系统（源端）,,,live_metadata,,platform
gecris,report_sharing_info,,0,0,PACS 影像系统（源端）,,,live_metadata,,platform
gecris,report_sharing_job,,0,0,PACS 影像系统（源端）,,,live_metadata,,platform
gecris,report_sharing_studies,,0,0,PACS 影像系统（源端）,,,live_metadata,,platform
gecris,report_subscribe,,0,0,PACS 影像系统（源端）,,,live_metadata,,platform
gecris,reporttemplate,,18,0,PACS 影像系统（源端）,,,live_metadata,,platform
gecris,report_template_data,,342,0,PACS 影像系统（源端）,,,live_metadata,,platform
gecris,reporttemplate_rule,,16,0,PACS 影像系统（源端）,,,live_metadata,,platform
gecris,reporttemplate_rule_dept,,28,0,PACS 影像系统（源端）,,,live_metadata,,platform
gecris,reporttemplate_rule_patientfrom,,48,0,PACS 影像系统（源端）,,,live_metadata,,platform
gecris,reporttemplate_rule_patientlevel,,0,0,PACS 影像系统（源端）,,,live_metadata,,platform
gecris,reporttemplate_rule_procedurestep,,255,0,PACS 影像系统（源端）,,,live_metadata,,platform
gecris,ris_configuration_item,,228,0,PACS 影像系统（源端）,,,live_metadata,,platform
gecris,RIS_HOST_INFO,VIEW,,0,PACS 影像系统（源端）,,,live_metadata,,platform
gecris,RIS_PACS,VIEW,,0,PACS 影像系统（源端）,,,live_metadata,,platform
gecris,rpstatus_repaction_rule,,28,0,PACS 影像系统（源端）,,,live_metadata,,platform
gecris,rpstatus_repaction_rulegroup,,4,0,PACS 影像系统（源端）,,,live_metadata,,platform
gecris,RPT_IMAGE,VIEW,,0,PACS 影像系统（源端）,,,live_metadata,,platform
gecris,RPT_INFO,VIEW,,0,PACS 影像系统（源端）,,,live_metadata,,platform
gecris,RPT_INFO_DETAILS,VIEW,,0,PACS 影像系统（源端）,,,live_metadata,,platform
gecris,RPT_PATH_INFO,VIEW,,0,PACS 影像系统（源端）,,,live_metadata,,platform
gecris,RTCusColor,,5,0,PACS 影像系统（源端）,,,live_metadata,,platform
gecris,RTCusColorRule,,6,0,PACS 影像系统（源端）,,,live_metadata,,platform
gecris,schedule_group,,0,0,PACS 影像系统（源端）,,,live_metadata,,platform
gecris,schedule_group_period,,0,0,PACS 影像系统（源端）,,,live_metadata,,platform
gecris,schedule_group_rule,,0,0,PACS 影像系统（源端）,,,live_metadata,,platform
gecris,schedule_group_rule_item,,0,0,PACS 影像系统（源端）,,,live_metadata,,platform
gecris,schedule_modality_config,,0,0,PACS 影像系统（源端）,,,live_metadata,,platform
gecris,ScheduleTemp,,707624,0,PACS 影像系统（源端）,,,live_metadata,,platform
gecris,schedule_template,,4,0,PACS 影像系统（源端）,,,live_metadata,,platform
gecris,scpinfo,,11,0,PACS 影像系统（源端）,,,live_metadata,,platform
gecris,seq_table,,5,0,PACS 影像系统（源端）,,,live_metadata,,platform
gecris,SERIES_INFO,VIEW,,0,PACS 影像系统（源端）,,,live_metadata,,platform
gecris,ServiceQCInfo,,0,0,PACS 影像系统（源端）,,,live_metadata,,platform
gecris,ServiceQCSeverity,,0,0,PACS 影像系统（源端）,,,live_metadata,,platform
gecris,ServiceQCType,,2,0,PACS 影像系统（源端）,,,live_metadata,,platform
gecris,sharing_task,,0,0,PACS 影像系统（源端）,,,live_metadata,,platform
gecris,staff_leave,,0,0,PACS 影像系统（源端）,,,live_metadata,,platform
gecris,StaffRoleRelation,,133,0,PACS 影像系统（源端）,,,live_metadata,,platform
gecris,staff_sch_post_attr,,0,0,PACS 影像系统（源端）,,,live_metadata,,platform
gecris,statff_stat_item,,0,0,PACS 影像系统（源端）,,,live_metadata,,platform
gecris,StationInfo,,15,0,PACS 影像系统（源端）,,,live_metadata,,platform
gecris,structure_report_data,,1734,0,PACS 影像系统（源端）,,,live_metadata,,platform
gecris,structure_report_personal_data,,279,0,PACS 影像系统（源端）,,,live_metadata,,platform
gecris,structure_report_relation_data,,70,0,PACS 影像系统（源端）,,,live_metadata,,platform
gecris,structure_report_rule_node,,139,0,PACS 影像系统（源端）,,,live_metadata,,platform
gecris,structure_report_rule_relation,,25,0,PACS 影像系统（源端）,,,live_metadata,,platform
gecris,structure_report_template,,5,0,PACS 影像系统（源端）,,,live_metadata,,platform
gecris,structure_report_template_node,,91,0,PACS 影像系统（源端）,,,live_metadata,,platform
gecris,structure_report_template_version,,3,0,PACS 影像系统（源端）,,,live_metadata,,platform
gecris,structure_report_tnm,,0,0,PACS 影像系统（源端）,,,live_metadata,,platform
gecris,structure_report_tnm_config,,23,0,PACS 影像系统（源端）,,,live_metadata,,platform
gecris,structure_report_tnm_relation,,1,0,PACS 影像系统（源端）,,,live_metadata,,platform
gecris,SubBodyPartInfo,,0,0,PACS 影像系统（源端）,,,live_metadata,,platform
gecris,SubProcedureStepInfo,,0,0,PACS 影像系统（源端）,,,live_metadata,,platform
gecris,subscribe_items,,0,0,PACS 影像系统（源端）,,,live_metadata,,platform
gecris,syxptitem,,210,0,PACS 影像系统（源端）,,,live_metadata,,platform
gecris,tenant,,0,0,PACS 影像系统（源端）,,,live_metadata,,platform
gecris,terminal_group,,0,0,PACS 影像系统（源端）,,,live_metadata,,platform
gecris,testrrrrr,VIEW,,0,PACS 影像系统（源端）,,,live_metadata,,platform
gecris,TimerTask,,20,0,PACS 影像系统（源端）,,,live_metadata,,platform
gecris,T_ITF_PACS,VIEW,,0,PACS 影像系统（源端）,,,live_metadata,,platform
gecris,T_ITF_PACS_ReportCount,VIEW,,0,PACS 影像系统（源端）,,,live_metadata,,platform
gecris,t_tag,,747,0,PACS 影像系统（源端）,,,live_metadata,,platform
gecris,UserGroupRelation,,0,0,PACS 影像系统（源端）,,,live_metadata,,platform
gecris,UserManagement,,121,0,PACS 影像系统（源端）,,,live_metadata,,platform
gecris,UserModalitydeptRelation,,0,0,PACS 影像系统（源端）,,,live_metadata,,platform
gecris,user_panel_config,,14,0,PACS 影像系统（源端）,,,live_metadata,,platform
gecris,value_formatter,,0,0,PACS 影像系统（源端）,,,live_metadata,,platform
gecris,V_NIS_XRAY,VIEW,,0,PACS 影像系统（源端）,,,live_metadata,,platform
gecris,V_PACS_INFO,VIEW,,0,PACS 影像系统（源端）,,,live_metadata,,platform
gecris,V_PACS_INFO_old,VIEW,,0,PACS 影像系统（源端）,,,live_metadata,,platform
gecris,vRIS,VIEW,,0,PACS 影像系统（源端）,,,live_metadata,,platform
gecris,V_RIS_ExamInfo,VIEW,,0,PACS 影像系统（源端）,,,live_metadata,,platform
gecris,v_web_jcjg,VIEW,,0,PACS 影像系统（源端）,,,live_metadata,,platform
gecris,v_web_jctj,VIEW,,0,PACS 影像系统（源端）,,,live_metadata,,platform
gecris,xds_association,,0,0,PACS 影像系统（源端）,,,live_metadata,,platform
gecris,xds_author,,0,0,PACS 影像系统（源端）,,,live_metadata,,platform
gecris,xds_code,,0,0,PACS 影像系统（源端）,,,live_metadata,,platform
gecris,xds_code_category,,16,0,PACS 影像系统（源端）,,,live_metadata,,platform
gecris,xds_current_processing_report,,0,0,PACS 影像系统（源端）,,,live_metadata,,platform
gecris,xds_document,,0,0,PACS 影像系统（源端）,,,live_metadata,,platform
gecris,xds_document_entry_field_mapping,,5,0,PACS 影像系统（源端）,,,live_metadata,,platform
gecris,xds_document_eventcode,,0,0,PACS 影像系统（源端）,,,live_metadata,,platform
gecris,xds_document_path,,0,0,PACS 影像系统（源端）,,,live_metadata,,platform
gecris,xds_encounter_folder_field_mapping,,0,0,PACS 影像系统（源端）,,,live_metadata,,platform
gecris,xds_folder,,0,0,PACS 影像系统（源端）,,,live_metadata,,platform
gecris,xds_folder_code,,0,0,PACS 影像系统（源端）,,,live_metadata,,platform
gecris,xds_folder_field_mapping,,0,0,PACS 影像系统（源端）,,,live_metadata,,platform
gecris,xds_submission_set,,0,0,PACS 影像系统（源端）,,,live_metadata,,platform
gecris,xds_submission_set_field_mapping,,3,0,PACS 影像系统（源端）,,,live_metadata,,platform
gecris,yibaoyunceshi,,85500,0,PACS 影像系统（源端）,,,live_metadata,,platform
gecris,YJ_JCBG,VIEW,,0,PACS 影像系统（源端）,,,live_metadata,,platform
gecris,YYPT_ORDER,,10,0,PACS 影像系统（源端）,,,live_metadata,,platform
HIS,11111,,0,4,,,,,,metadata
HIS,编码33手术项目中项目名称带腹腔,,0,31,,,,,,metadata
HIS,病房床位费,,0,14,,,,,,metadata
HIS,病种数据,,0,10,,,,,,metadata
HIS,不得收取麻醉中监测费用,,0,65,,,,,,metadata
HIS,不得重复收取气管切开护理,,0,65,,,,,,metadata
HIS,不得重复收取一般专项护理,,0,65,,,,,,metadata
HIS,肠切除术费用同时收取肠粘连松解,,0,30,,,,,,metadata
HIS,大关节松动训练单日计费大于1,,0,65,,,,,,metadata
HIS,单方,,0,65,,,,,,metadata
HIS,防褥疮气垫加收费用,,0,15,,,,,,metadata
HIS,非心电图室收取常规心电图检查,,0,29,,,,,,metadata
HIS,肺癌根治术收取肺楔形切除术,,0,35,,,,,,metadata
HIS,复方氨基酸注射液,,0,65,,,,,,metadata
HIS,复杂模拟定位,,0,70,,,,,,metadata
HIS,妇科特殊治疗限女性,,0,65,,,,,,metadata
HIS,冠状动脉成像时同时收取增强扫描,,0,65,,,,,,metadata
HIS,黄体酮注射液限女性,,0,65,,,,,,metadata
HIS,基础护理费,,0,14,,,,,,metadata
HIS,脊柱椎间融合器植入植骨融合术时,,0,35,,,,,,metadata
HIS,肩外展功能重建术,,0,65,,,,,,metadata
HIS,经同一切口进行的两种不同疾病,,0,65,,,,,,metadata
HIS,居民住院,,0,6,,,,,,metadata
HIS,开展断指再植术同时收取肌腱,,0,36,,,,,,metadata
HIS,开展关节置换术同时收取,,0,36,,,,,,metadata
HIS,快速石蜡切片检查门诊,,0,22,,,,,,metadata
HIS,快速石蜡切片检查住院,,0,26,,,,,,metadata
HIS,快速石蜡切片检查住院_新,,0,24,,,,,,metadata
HIS,七叶皂苷注射液,,0,65,,,,,,metadata
HIS,纤维结肠镜检查门诊,,0,21,,,,,,metadata
HIS,纤维结肠镜检查住院,,0,27,,,,,,metadata
HIS,纤维结肠镜检查住院_新,,0,25,,,,,,metadata
HIS,纤维胃十二指肠镜检查门诊,,0,21,,,,,,metadata
HIS,纤维胃十二指肠镜检查住院,,0,27,,,,,,metadata
HIS,纤维胃十二指肠镜检查住院_新,,0,25,,,,,,metadata
HIS,日常生活能力评定,,0,65,,,,,,metadata
HIS,日常生活能力评定一个疾病过程,,0,65,,,,,,metadata
HIS,乳腺肿物穿刺术计价为次,,0,65,,,,,,metadata
HIS,乳腺肿物切除术,,0,65,,,,,,metadata
HIS,收取单胎顺产接生费用同时收取宫,,0,31,,,,,,metadata
HIS,收取粪便常规费用同时收取隐血试,,0,32,,,,,,metadata
HIS,收取高流量湿化氧疗费用同时收取,,0,22,,,,,,metadata
HIS,收取高频电刀使用费用,,0,27,,,,,,metadata
HIS,收取高频电刀使用费用同时收取双,,0,30,,,,,,metadata
HIS,收取机械辅助排痰费用同时收取,,0,30,,,,,,metadata
HIS,收取疾病健康教育费用,,0,29,,,,,,metadata
HIS,收取冷光源治疗费用,,0,27,,,,,,metadata
HIS,收取临床操作的彩色多普勒,,0,67,,,,,,metadata
HIS,收取麻醉中监测费用同时收,,0,30,,,,,,metadata
HIS,收取尿常规检查加沉渣费用门诊,,0,33,,,,,,metadata
HIS,收取尿常规检查加沉渣费用住院,,0,39,,,,,,metadata
HIS,收取疼痛综合评估费用,,0,29,,,,,,metadata
HIS,收取心肺复苏术费用同时收气管,,0,65,,,,,,metadata
HIS,收取一次性床垫费用门诊,,0,24,,,,,,metadata
HIS,收取一次性床垫费用住院,,0,29,,,,,,metadata
HIS,收取一次性使用呼吸过滤器费用,,0,30,,,,,,metadata
HIS,收取一次性使用麻醉穿刺包费用,,0,28,,,,,,metadata
HIS,收射频消融术同时收彩色多普勒超,,0,28,,,,,,metadata
HIS,手术标本检查与诊断单切,,0,69,,,,,,metadata
HIS,术中体温监测,,0,65,,,,,,metadata
HIS,水合氯醛糖浆组合包装违规记录表,,0,65,,,,,,metadata
HIS,同一手术两个切口,,0,65,,,,,,metadata
HIS,违规数据,,0,65,,,,,,metadata
HIS,未使用双极电凝镊收取费用门诊,,0,24,,,,,,metadata
HIS,未使用双极电凝镊收取费用住院,,0,29,,,,,,metadata
HIS,胃肠减压费用,,0,28,,,,,,metadata
HIS,稳态诱听,,0,67,,,,,,metadata
HIS,心电监测费用,,0,19,,,,,,metadata
HIS,心外科收取手术项下ACT监测费用,,0,32,,,,,,metadata
HIS,胸腔闭式引流,,0,65,,,,,,metadata
HIS,血清天门冬氨酸氨基转移酶测定,,0,65,,,,,,metadata
HIS,血清总蛋白测定超1次收费,,0,65,,,,,,metadata
HIS,血栓弹力图试验TEG,,0,31,,,,,,metadata
HIS,血氧饱和度监测,,0,19,,,,,,metadata
HIS,咽鼓管压力测定,,0,67,,,,,,metadata
HIS,盐酸坦索罗辛缓释胶囊女用男药,,0,65,,,,,,metadata
HIS,言语训练单日计费大于1,,0,65,,,,,,metadata
HIS,氧气吸入费用,,0,19,,,,,,metadata
HIS,异地出院,,0,9,,,,,,metadata
HIS,阴囊坏死扩创术限男性,,0,65,,,,,,metadata
HIS,游离前列腺特异性抗原测定,,0,65,,,,,,metadata
HIS,孕酮测定限女性,,0,65,,,,,,metadata
HIS,运动疗法每日支付不超过2次,,0,65,,,,,,metadata
HIS,整蛋白型肠内营养剂,,0,65,,,,,,metadata
HIS,职工住院,,0,6,,,,,,metadata
HIS,中长链脂肪乳注射液,,0,65,,,,,,metadata
HIS,肿瘤标志物,,0,66,,,,,,metadata
HIS,重复收取局部浸润麻醉,,0,65,,,,,,metadata
HIS,住院诊查费,,0,14,,,,,,metadata
HIS,作业疗法每日支付不超过1次,,0,65,,,,,,metadata
HIS,ACT监测大于1次,,0,28,,,,,,metadata
HIS,ADMINISTRATION_DICT,给药途径字典,108,11,,,,,,metadata
HIS,ADT_LOG,病人入出转及状态变化日志,1326775,10,,,,,,metadata
HIS,ANAESTHESIA_DICT,麻醉方法字典,35,7,,,,,,metadata
HIS,AREA_DICT,行政区字典,3027,11,,,,,,metadata
HIS,BEDPATS_IN_HOSPITAL,,4830897,29,,,,,,metadata
HIS,BED_REC,床位记录,5163,18,,,,,,metadata
HIS,BED_REC_LOG,床位状态变更记录,0,9,,,,,,metadata
HIS,BED_TRANS_LOG,,1779988,9,,,,,,metadata
HIS,BI_INP_BILL_DAY_DOCTOR_SUM,,0,7,,,,,,metadata
HIS,BI_OUTP_FEE_DAY_SUM,,0,10,,,,,,metadata
HIS,BLOOD_TYPE_DICT,血型字典,6,3,,,,,,metadata
HIS,BNP,,0,65,,,,,,metadata
HIS,C反应蛋白,,0,65,,,,,,metadata
HIS,CA_LOGIN_INFO,CA登录信息表,0,8,,,,,,metadata
HIS,CA_STAMPSIGN_LOG,CA签名日志,0,7,,,,,,metadata
HIS,CDA_DICTIONARY,,39730,6,,,,,,metadata
HIS,CHARGE_TYPE_DICT,费别字典,19,16,,,,,,metadata
HIS,CHARGE_TYPE_DICT_ZDY,,16,3,,,,,,metadata
HIS,CHARGE_TYPE_DICT_ZDY_BX,,16,3,,,,,,metadata
HIS,CLINIC_ITEM_DICT,临床诊疗项目字典,19062,32,,,,,,metadata
HIS,CLINIC_MASTER,就诊记录,5642875,94,门诊,门诊就诊主记录,PATIENT_ID|VISIT_DATE|VISIT_NO,B,门诊主线,curated
HIS,CLINIC_RETURNED_ACCT,挂号结帐主记录,86561,24,,,,,,metadata
HIS,CLINIC_VS_CHARGE,临床诊疗项目与价表项目对照表,23771,12,,,,,,metadata
HIS,CONSULTATION_DOCTOR_DETAIL,会诊子表,456577,16,,,,,,metadata
HIS,CONSULTATION_DOCTOR_MASTER,会诊主表,456265,18,,,,,,metadata
HIS,CONSULTATION_MDT_DETAIL,,9,14,,,,,,metadata
HIS,CONSULTATION_MDT_MASTER,,7,14,,,,,,metadata
HIS,COUNTRY_DICT,国家及地区字典,41,10,,,,,,metadata
HIS,D07_EXAM_ITEM_MAP,D07影像诊断报告院内检查项目与省级CV04.30.009检查项目对照表,0,5,,,,,,metadata
HIS,DATA_EXT_TEMP,,0,6,,,,,,metadata
HIS,DEPT_ADT_DAY,科室伤病员流动日统计记录,433053,24,,,,,,metadata
HIS,DEPT_CLINIC_ATTR_DICT,科室临床属性字典,6,4,,,,,,metadata
HIS,DEPT_DICT,科室字典,815,46,科室字典,一个科室,DEPT_CODE,A,含院内 DEPT_CODE/NAME;QMPT 为平台标准(如有),curated
HIS,DEPT_VS_WARD,临床科室与病房（区）对照,184,2,,,,,,metadata
HIS,DEPT_VS_WARD_NEW,临床科室与病房（区）对照,228,3,,,,,,metadata
HIS,DIAGNOSIS,诊断记录 ,3324186,23,诊断,一次住院×一条诊断,PATIENT_ID|VISIT_ID|DIAGNOSIS_TYPE|DIAGNOSIS_NO,A,DIAGNOSIS_TYPE: 2入院3出院8病理7损伤1门急诊,curated
HIS,DIAGNOSIS_DICT,疾病字典,50220,34,,,,,,metadata
HIS,DIAGNOSIS_EMR,,181305,12,,,,,,metadata
HIS,DIAGNOSIS_GB,,22916,2,,,,,,metadata
HIS,DIAGNOSIS_JH,,176113,6,,,,,,metadata
HIS,DIAGNOSIS_TYPE_DICT,诊断类别字典,12,6,诊断字典,一个诊断类型,DIAGNOSIS_TYPE_CODE,A,诊断类型字典,curated
HIS,DIM_AREA_MAPPING,行政区划代码映射字典表,261,8,,,,,,metadata
HIS,DISCHARGE_DISPOSITION_DICT,出院方式字典,7,11,,,,,,metadata
HIS,DISPOSAL_LOG,护士站处置操作日志,0,11,,,,,,metadata
HIS,DOCTOR_GROUP,,1150,7,,,,,,metadata
HIS,DRUG_DICT,药品字典,6039,21,,,,,,metadata
HIS,DRUG_DISPENSE_REC,摆药记录,47120278,30,,,,,,metadata
HIS,DRUG_DISPENSE_REC_MASTER,医嘱打印记录表,2725733,9,,,,,,metadata
HIS,DRUG_PRESC_DETAIL,药品处方明细记录,15510667,35,,,,,,metadata
HIS,DRUG_PRESC_MASTER,药品处方主记录,6215528,60,,,,,,metadata
HIS,DRUG_PRICE_LIST,药品价格,32190,29,,,,,,metadata
HIS,DW_PROJECT_DOWNLOAD_LOG,,840,12,,,,,,metadata
HIS,DW_PROJECT_DOWNLOAD_LOG0401,,944,9,,,,,,metadata
HIS,DW_PROJECT_INFO,对照目录-省二,0,53,,,,,,metadata
HIS,DW_PROJECT_INFO0401,对照目录-省二,0,53,,,,,,metadata
HIS,DW_PROJECT_INFO_ONE,对照目录-省二,0,53,,,,,,metadata
HIS,EMPLCODELIST,,0,1,,,,,,metadata
HIS,EMPL_LEVE,,0,5,,,,,,metadata
HIS,EXAM_CLASS_DICT,检查类别字典,23,13,,,,,,metadata
HIS,EXAM_CLASS_DICT_NEW,,23,13,,,,,,metadata
HIS,EXAM_ITEMS,检查项目记录,4374561,12,,,,,,metadata
HIS,EXAM_MASTER,检查主记录 ,3385322,58,检查,一份检查,EXAM_NO,A,"EXAM_CLASS 存中文(CT/磁共振),非字典内码",curated
HIS,EXAM_REPORT,检查报告,1314456,14,检查,检查报告,EXAM_NO,A,"无 PATIENT_ID,必经 EXAM_NO 关联 EXAM_MASTER",curated
HIS,EXAM_RPT_PATTERN,检查报告模版,1207,12,,,,,,metadata
HIS,EXAM_SUBCLASS_DICT,检查子类字典,81,9,,,,,,metadata
HIS,EXP_DICT_1,,0,2,,,,,,metadata
HIS,EXP_DICT_Z,,0,4,,,,,,metadata
HIS,EXP_DICT_ZZ,,0,4,,,,,,metadata
HIS,EXP_DICT_ZZD,,10898,4,,,,,,metadata
HIS,FLJL,,2477,34,,,,,,metadata
HIS,FLJL_copy1,,2509,34,,,,,,metadata
HIS,HIS_VS_HRP_DEPT,his_hrp科室对照,287,4,,,,,,metadata
HIS,INP_BILL_DETAIL,住院病人费用明细记录,215721688,74,住院费用,住院费用明细,PATIENT_ID|VISIT_ID,A,"巨表(约2亿行),查询必限定",curated
HIS,INP_BILL_DETAIL20260324,,2835,74,,,,,,metadata
HIS,INP_SETTLE_MASTER,住院病人结算主记录,622182,20,住院费用,住院结算主表,PATIENT_ID|VISIT_ID,A,,curated
HIS,INP_SETTLE_MASTER_YB,省、市医保结算记录,464715,49,,,,,,metadata
HIS,INP_SETTLE_MASTER_YB_0122,,1,49,,,,,,metadata
HIS,INSUR_CATALOG_NEW,,6123,3,,,,,,metadata
HIS,INSUR_VSH_CENTER_ITEM_NEW,,0,43,,,,,,metadata
HIS,INSUR_VSH_CENTER_ITEM_NEW0401,,0,43,,,,,,metadata
HIS,INSUR_VSH_CENTER_ITEM_NEW_TEMP,,0,43,,,,,,metadata
HIS,LAB_ITEM_CLASS_DICT,检验项目类别字典,16,8,,,,,,metadata
HIS,LAB_RESULT,检验结果,96312418,26,检验,报告×项目×结果,TEST_NO|ITEM_NO|PRINT_ORDER,A,"约1亿行,查询必用 TEST_NO 限定",curated
HIS,LAB_RESULT_MAPPING,,119,4,,,,,,metadata
HIS,LAB_TEST_ITEMS,检验项目,9602577,16,检验,报告×项目,TEST_NO|ITEM_NO,A,PK_LAB_TEST_ITEMS2=ORDER_ID+ORDER_ITEM_ID,curated
HIS,LAB_TEST_ITEMS_DETAIL,,4045082,12,,,,,,metadata
HIS,LAB_TEST_MASTER,检验主记录,9134900,49,检验,一份检验报告,TEST_NO,A,检验主表;住院 VISIT_ID 或 0/NULL=门诊,curated
HIS,LIS_EXAMINE_ITEM_MAP,LIS本地检验项目与平台检验项目值域对照表,4698,10,检验,检验项目平台值域映射,,B,,curated
HIS,LS,,0,9,,,,,,metadata
HIS,LS2,,0,8,,,,,,metadata
HIS,LS3,,0,8,,,,,,metadata
HIS,LS4,,0,8,,,,,,metadata
HIS,LS5,,0,8,,,,,,metadata
HIS,MARITAL_STATUS_DICT,婚姻状况字典,9,10,,,,,,metadata
HIS,MED_DICT_BASEINFO,药品目录表,6037,102,,,,,,metadata
HIS,MED_DICT_FACTORY,药品字典厂商,1618,48,,,,,,metadata
HIS,MED_DICT_PRICE,药品产地价格表,8486,47,,,,,,metadata
HIS,MR_AREA_DICT,病人来源字典,2990,6,,,,,,metadata
HIS,MR_BASE_DICT,病案接口公共编码字典,573,5,,,,,,metadata
HIS,MR_BILL_CLASS_DICT,2011版病案首页费用分类字典,31,12,,,,,,metadata
HIS,MR_BILL_COSTS,2011版病案首页住院病人费用记录,6742587,5,,,,,,metadata
HIS,MR_BILL_COSTS_PATIENTINF,,0,2,,,,,,metadata
HIS,MR_COMM_VS_HIS_COMM,2011版病案首页国家基础数据与HIS对照字典,82,5,,,,,,metadata
HIS,NATION_DICT,民族字典,58,9,,,,,,metadata
HIS,NEWBORN_REC,,8603,75,,,,,,metadata
HIS,NURSING_DEPT_REL,门诊护理单元与科室关联表,0,4,,,,,,metadata
HIS,OCCUPATION_DICT,职业分类字典,13,10,,,,,,metadata
HIS,OPERATION,手术记录,527895,31,手术,HIS侧手术/操作,PATIENT_ID|VISIT_ID|OPERATION_NO,B,"OPER_ID 全为 NULL,不要用它关联手麻",curated
HIS,OPERATION_DICT,手术操作字典,16450,22,,,,,,metadata
HIS,OPERATION_GB,,8880,2,,,,,,metadata
HIS,OPERATION_MASTER,手术信息,198941,46,手术,每就诊每手术一行（手麻系统侧主表）,,,,metadata
HIS,OPERATION_YB,,36791,2,,,,,,metadata
HIS,OPS_CLINIC_DEPT_VS,,0,4,,,,,,metadata
HIS,OPS_CLINIC_INFO_PROVINCE,省平台门诊病案首页,0,213,,,,,,metadata
HIS,OPS_EMERGENCY_TRIAGE_INFO,急诊分诊信息,0,26,,,,,,metadata
HIS,OPS_TREAT_NARCOTISM,门诊手术处置麻醉信息,577,12,,,,,,metadata
HIS,ORDER_BILLING_LOG,医嘱滚费日志表,0,17,,,,,,metadata
HIS,ORDER_BILLING_LOG_TEST,医嘱滚费日志表,0,17,,,,,,metadata
HIS,ORDER_BILLING_TYPE_LOG,医嘱滚费异常日志表,0,8,,,,,,metadata
HIS,ORDER_BILLING_TYPE_LOG_TEST,医嘱滚费异常日志表,0,8,,,,,,metadata
HIS,ORDER_CLASS_DICT,医嘱类别字典,9,6,,,,,,metadata
HIS,ORDERS,医嘱,41033865,88,医嘱,一次住院×医嘱,PATIENT_ID|VISIT_ID|ORDER_NO,B,状态1新开2执行3停止有效/4作废无效,curated
HIS,ORDERS00507543,,52,88,,,,,,metadata
HIS,ORDERS_COSTS_TEST,医嘱计价项目,0,25,,,,,,metadata
HIS,ORDERS_EXECUTE_DETAILS_TEST,医嘱执行明细-拆分使用的测试表 勿动,0,30,,,,,,metadata
HIS,ORDER_SPLIT_LOG,医嘱拆解日志表,0,15,,,,,,metadata
HIS,ORDER_SPLIT_LOG_TEST,医嘱拆解日志表,0,15,,,,,,metadata
HIS,ORDER_STATUS_DICT,医嘱状态字典,8,4,,,,,,metadata
HIS,ORDERS_TEST,医嘱,0,84,,,,,,metadata
HIS,OUTP_BILL_ITEMS,门诊病人诊疗费用项目,28614987,64,门诊费用,门诊收费明细,RCPT_NO|ITEM_NO,B,,curated
HIS,OUTP_MR,门诊病历记录,5684755,43,门诊,门诊病历,,B,与门诊就诊关联,curated
HIS,OUTP_MR_DIAG_DESC,门诊病历诊断记录,3135738,13,,,,,,metadata
HIS,OUTP_ORDER_DESC,开单记录,13056770,13,,,,,,metadata
HIS,OUTP_ORDERS,门诊医嘱主记录,11768337,17,,,,,,metadata
HIS,OUTP_PAYMENTS_MONEY,门诊病人支付方式记录,11295386,9,,,,,,metadata
HIS,OUTP_PRESC_T,处方医嘱明细记录,5852899,50,,,,,,metadata
HIS,OUTP_RCPT_MASTER,门诊医疗收据记录,9819756,56,门诊费用,门诊收据主表,RCPT_NO,B,,curated
HIS,OUTP_TREAT_REC,检查治疗医嘱明细记录,10906462,37,,,,,,metadata
HIS,PATIENT_CLASS_DICT,入院方式字典,4,4,,,,,,metadata
HIS,PATIENT_STATUS_CHG_DICT,病人状态变化字典,16,4,,,,,,metadata
HIS,PATIENT_STATUS_DICT,病情状态字典,3,4,,,,,,metadata
HIS,PAT_MASTER_INDEX,病人主索引,1939319,113,患者主数据,一名患者,PATIENT_ID,A,患者主索引;含 INP_NO 住院号用于关联 EMR 文书,curated
HIS,PAT_MASTER_RENAME_LOG,修改姓名记录表,12253,9,,,,,,metadata
HIS,PATS_IN_HOSPITAL,在院病人记录,1250,34,就诊,在院床位兜底,PATIENT_ID|VISIT_ID,A,病区/床号兜底,curated
HIS,PATS_IN_HOSPITAL_TEST,在院病人记录,0,33,,,,,,metadata
HIS,PATS_IN_TRANSFERRING,转科病人记录,55,7,,,,,,metadata
HIS,PAT_VISIT,病人住院主记录,575041,268,就诊,一名患者一次住院,PATIENT_ID|VISIT_ID,A,住院就诊事实主表;出院时间常用于上报范围,curated
HIS,PERFORM_FREQ_DICT,医嘱执行频率字典,59,6,,,,,,metadata
HIS,PH_SS,,0,5,,,,,,metadata
HIS,PORTAL_SYS_DICT,,1772,18,,,,,,metadata
HIS,PRICE_LIST,价表,99554,46,,,,,,metadata
HIS,PUB_DICTIONARY,数据字典,6318,31,,,,,,metadata
HIS,PUB_SKIN_TEST,皮试记录,0,24,,,,,,metadata
HIS,py_temp,,0,355,,,,,,metadata
HIS,RECK_ITEM_CLASS_DICT,核算项目分类字典,33,9,,,,,,metadata
HIS,REJECT_ITEM,项目互斥维护表,0,9,,,,,,metadata
HIS,RELATIONSHIP_DICT,社会关系字典,25,10,,,,,,metadata
HIS,SETTLE_ZY_REC,,305341,33,,,,,,metadata
HIS,SPECIAL_CONSUL_NOFEE_SETTING,,49,2,,,,,,metadata
HIS,SPECIAL_DURG_RECORD,14天医嘱药品记录,0,15,,,,,,metadata
HIS,SPECIMAN_DICT,标本字典,240,12,,,,,,metadata
HIS,STAFF_DICT,工作人员字典,4216,30,人员字典,一名职工,EMP_NO,A,医师工号/姓名/身份证,curated
HIS,STAFF_GROUP_CLASS_DICT,工作组类字典,15,2,,,,,,metadata
HIS,STAFF_GROUP_DICT,工作组字典,555,7,,,,,,metadata
HIS,STAFF_VS_GROUP,工作人员分组情况,9376,6,,,,,,metadata
HIS,STAT_VS_CHARGE_TYPE,卫统5医保接口用医疗付款方式(停用，启用新表),16,9,,,,,,metadata
HIS,STAT_WARD_MODIFYFIX,,39,12,,,,,,metadata
HIS,SYS_EMPLOYEE,员工,2453,37,,,,,,metadata
HIS,SYS_ROLE,角色,0,10,,,,,,metadata
HIS,SYS_ROLE_PERMISSION,角色权限表,0,10,,,,,,metadata
HIS,SYS_USER_ROLE,用户角色关系维护表,0,3,,,,,,metadata
HIS,TEMP20260211,,917,6,,,,,,metadata
HIS,TEMP_ORDER_FEE_DIAG_OPER,,28840774,32,,,,,,metadata
HIS,TEST_ONE,,2747,43,,,,,,metadata
HIS,TMEP1,,0,10,,,,,,metadata
HIS,WAED_ADT_DAY,护理伤病员流动日统计记录,98291,25,,,,,,metadata
HIS,WARD_TRANSFER,病人在科记录,253805,16,,,,,,metadata
HIS,XHAAA,,0,1,,,,,,metadata
HIS,YYXMBM,,0,4,,,,,,metadata
HIS,YYXMBM0401,,0,4,,,,,,metadata
HIS,ZJH,,9200,5,,,,,,metadata
HIS,zy_register_log,HIS 医保登记日志,0,11,,,,,,metadata
HISUSER,V_EMR_EXAM_IMAGE_PATH,,,0,影像检查报告,,,live_metadata,three-level review view; source status=VALID,platform
HISUSER,V_EMR_EXAM_IMAGE_REP,,,0,影像检查报告,,,live_metadata,three-level review view; source status=VALID,platform
hl7db,configuration,,0,0,PACS 影像系统（源端）,,,live_metadata,,platform
hl7db,errors,,0,0,PACS 影像系统（源端）,,,live_metadata,,platform
hl7db,ids,,0,0,PACS 影像系统（源端）,,,live_metadata,,platform
hl7db,interface_events,,0,0,PACS 影像系统（源端）,,,live_metadata,,platform
hl7db,interface_inbound,,0,0,PACS 影像系统（源端）,,,live_metadata,,platform
hl7db,interface_outbound,,0,0,PACS 影像系统（源端）,,,live_metadata,,platform
hl7db,interface_triggers,,47,0,PACS 影像系统（源端）,,,live_metadata,,platform
hl7db,license_manager,,0,0,PACS 影像系统（源端）,,,live_metadata,,platform
hl7db,lock_strings,,0,0,PACS 影像系统（源端）,,,live_metadata,,platform
hl7db,yp_base,,0,0,PACS 影像系统（源端）,,,live_metadata,,platform
HRP,BD_ADDRESS,,8524,15,,,,,,metadata
HRP,BD_COUNTRYZONE,,238,34,,,,,,metadata
HRP,BD_DEFDOC,,22139,50,,,,,,metadata
HRP,BD_PSNCL,,19,22,,,,,,metadata
HRP,BD_PSNDOC,,3271,115,,,,,,metadata
HRP,BD_VOUCHERTYPE,,5,31,,,,,,metadata
HRP,GL_DETAIL,,1095268,87,,,,,,metadata
HRP,GL_DOCFREE1,,22014,34,,,,,,metadata
HRP,HI_PSNDOC_CTRT,,0,47,,,,,,metadata
HRP,HI_PSNDOC_EDU,,4034,40,,,,,,metadata
HRP,HI_PSNDOC_LANGABILITY,,0,19,,,,,,metadata
HRP,HI_PSNDOC_PSNCHG,,3279,28,,,,,,metadata
HRP,HI_PSNDOC_TITLE,,0,27,,,,,,metadata
HRP,HI_PSNJOB,,5477,73,,,,,,metadata
HRP,HR_RYDA1,,2205,77,,,,,,metadata
HRP,OM_JOB,,326,38,,,,,,metadata
HRP,ORG_ADMINORG,,1,62,,,,,,metadata
HRP,ORG_DEPT,,325,80,,,,,,metadata
HRP,SEY_HCCK,,60929,5,,,,,,metadata
HRP,SEY_WZCK,,16176,5,,,,,,metadata
HRP,SM_USER,,995,39,,,,,,metadata
HRPSEY656,BD_ACCOUNT,,2757,0,用户账号,,,,,platform
HRPSEY656,BD_ACCPERIODMONTH,,120,0,其他,,,,非重点 HRP 业务表，保留候选,platform
HRPSEY656,BD_ADDRESS,,8487,0,其他,,,,非重点 HRP 业务表，保留候选,platform
HRPSEY656,BD_BILLTYPE,,1852,0,财务,,,,,platform
HRPSEY656,BD_COUNTRYZONE,,238,0,其他,,,,非重点 HRP 业务表，保留候选,platform
HRPSEY656,BD_DEFDOC,,22087,0,字典/编码,,,,,platform
HRPSEY656,BD_FUNDSOURCE,,13,0,其他,,,,非重点 HRP 业务表，保留候选,platform
HRPSEY656,BD_MARBASCLASS,,38,0,字典/编码,,,,,platform
HRPSEY656,BD_MATERIAL,,37976,0,供应商/物资,,,,,platform
HRPSEY656,BD_MATERIALSTOCK,,37766,0,供应商/物资,,,,,platform
HRPSEY656,BD_MEASDOC,,113,0,其他,,,,非重点 HRP 业务表，保留候选,platform
HRPSEY656,BD_PROJECT,,1523,0,其他,,,,非重点 HRP 业务表，保留候选,platform
HRPSEY656,BD_PSNCL,,19,0,人员,,,,,platform
HRPSEY656,BD_PSNDOC,,3279,0,人员,,,,,platform
HRPSEY656,BD_STORDOC,,135,0,其他,,,,非重点 HRP 业务表，保留候选,platform
HRPSEY656,BD_SUPPLIER,,3035,0,供应商/物资,,,,,platform
HRPSEY656,BD_SUPPLIERCLASS,,4,0,供应商/物资,,,,,platform
HRPSEY656,BD_VOUCHERTYPE,,5,0,财务,,,,,platform
HRPSEY656,BM_BUDGETCENTERDEPT,,39,0,科室/组织,,,,,platform
HRPSEY656,BM_CENTERDEPTMAKE,,148,0,科室/组织,,,,,platform
HRPSEY656,BM_CENTERDEPTMAKE_B,,1832,0,科室/组织,,,,,platform
HRPSEY656,CDA_SECTION_MAP,,205,0,科室/组织,,,,,platform
HRPSEY656,FA_CAPITALSOURCE,,115955,0,其他,,,,非重点 HRP 业务表，保留候选,platform
HRPSEY656,FA_CARD,,115442,0,其他,,,,非重点 HRP 业务表，保留候选,platform
HRPSEY656,FA_CARDHISTORY,,1454132,0,其他,,,,非重点 HRP 业务表，保留候选,platform
HRPSEY656,FA_CARDSUB,,115832,0,其他,,,,非重点 HRP 业务表，保留候选,platform
HRPSEY656,FA_CATEGORY,,5893,0,其他,,,,非重点 HRP 业务表，保留候选,platform
HRPSEY656,FA_DEPTSCALE,,36505,0,科室/组织,,,,,platform
HRPSEY656,GL_DETAIL,,1086132,0,财务,,,,,platform
HRPSEY656,GL_DOCFREE1,,21809,0,财务,,,,,platform
HRPSEY656,HI_PSNDOC_CERT,,3216,0,人员,,,,,platform
HRPSEY656,HI_PSNDOC_CTRT,,0,0,人员,,,,,platform
HRPSEY656,HI_PSNDOC_EDU,,3824,0,人员,,,,,platform
HRPSEY656,HI_PSNDOC_GLBDEF2,,3567,0,人员,,,,,platform
HRPSEY656,HI_PSNDOC_LANGABILITY,,0,0,人员,,,,,platform
HRPSEY656,HI_PSNDOC_PSNCHG,,3287,0,人员,,,,,platform
HRPSEY656,HI_PSNDOC_TITLE,,0,0,人员,,,,,platform
HRPSEY656,HI_PSNJOB,,5460,0,人员,,,,,platform
HRPSEY656,HI_PSNTRANSTER,,0,0,人员,,,,,platform
HRPSEY656,IA_ASSISTANTLEDGER,,2230170,0,其他,,,,非重点 HRP 业务表，保留候选,platform
HRPSEY656,IA_DETAILLEDGER,,3114644,0,其他,,,,非重点 HRP 业务表，保留候选,platform
HRPSEY656,IC_GENERALIN_B,,324497,0,其他,,,,非重点 HRP 业务表，保留候选,platform
HRPSEY656,IC_GENERALIN_H,,105990,0,其他,,,,非重点 HRP 业务表，保留候选,platform
HRPSEY656,IC_MATERIAL_B,,1280451,0,供应商/物资,,,,,platform
HRPSEY656,IC_MATERIAL_H,,176371,0,供应商/物资,,,,,platform
HRPSEY656,IC_ONHANDDIM,,237814,0,其他,,,,非重点 HRP 业务表，保留候选,platform
HRPSEY656,IC_ONHANDNUM,,189118,0,其他,,,,非重点 HRP 业务表，保留候选,platform
HRPSEY656,IC_ONHANDSN,,1428995,0,其他,,,,非重点 HRP 业务表，保留候选,platform
HRPSEY656,IC_PURCHASEIN_B,,255134,0,其他,,,,非重点 HRP 业务表，保留候选,platform
HRPSEY656,IC_PURCHASEIN_H,,68786,0,其他,,,,非重点 HRP 业务表，保留候选,platform
HRPSEY656,MD_ENUMVALUE,,10133,0,字典/编码,,,,,platform
HRPSEY656,OM_JOB,,326,0,岗位/职务,,,,,platform
HRPSEY656,ORG_ADMINORG,,1,0,科室/组织,,,,,platform
HRPSEY656,ORG_DEPT,,325,0,科室/组织,,,,,platform
HRPSEY656,ORG_DEPT_V,,328,0,科室/组织,,,,,platform
HRPSEY656,ORG_ORGS,,337,0,科室/组织,,,,,platform
HRPSEY656,ORG_ORGTYPE,,50,0,科室/组织,,,,,platform
HRPSEY656,ORG_STOCKORG,,1,0,科室/组织,,,,,platform
HRPSEY656,PAM_ADDREDUCESTYLE,,23,0,其他,,,,非重点 HRP 业务表，保留候选,platform
HRPSEY656,PAM_CATEGORY,,5926,0,其他,,,,非重点 HRP 业务表，保留候选,platform
HRPSEY656,PAM_EQUIP,,55337,0,其他,,,,非重点 HRP 业务表，保留候选,platform
HRPSEY656,PAM_STATUS,,6,0,其他,,,,非重点 HRP 业务表，保留候选,platform
HRPSEY656,PO_INVOICE,,11036,0,供应商/物资,,,,,platform
HRPSEY656,PO_INVOICE_B,,699846,0,供应商/物资,,,,,platform
HRPSEY656,PO_PRAYBILL_B,,176218,0,财务,,,,,platform
HRPSEY656,SCM_BATCHCODE,,75445,0,供应商/物资,,,,,platform
HRPSEY656,SM_USER,,987,0,用户账号,,,,,platform
INPADM,ADT_LOG,,,10,住院管理,,WARD_CODE+PATIENT_ID+VISIT_ID+LOG_DATE_TIME+ACTION,,,platform
INPADM,ADT_LOG_BACKUP2025,,,10,住院管理,,,,,platform
INPADM,ADT_LOG_C0525325,,,10,住院管理,,,,,platform
INPADM,BED_REC,,,18,住院管理,,WARD_CODE+BED_NO,,基础字典/维表,platform
INPADM,BED_TRANS_LOG,,,9,住院管理,,WARD_CODE+BED_NO+LOG_DATE_TIME+ACTION,,,platform
INPADM,BED_TRANS_LOG_BACKUP2025,,,9,住院管理,,,,,platform
INPADM,BED_TRANS_LOG_C0525325,,,9,住院管理,,,,,platform
INPADM,CEQ$PATS_IN_HOSPITAL,,,32,住院管理,,,,非核心表，保留候选,platform
INPADM,CLG$PATS_IN_HOSPITAL,,,3,住院管理,,,,非核心表，保留候选,platform
INPADM,CVR$PATS_IN_HOSPITAL,,,3,住院管理,,,,非核心表，保留候选,platform
INPADM,ERROR_LOG,,,7,住院管理,,,,,platform
INPADM,LEND_BED_LOG,,,8,住院管理,,WARD_CODE+PATIENT_ID+VISIT_ID+LEND_START_DATE,,,platform
INPADM,MEDICAL_QC_LOG,,,6,住院管理,,PATIENT_ID+VISIT_ID+CHECK_DATE,,,platform
INPADM,MEDICAL_QC_MSG,,,14,住院管理,,PATIENT_ID+VISIT_ID+QC_MSG_CODE+ISSUED_DATE_TIME,,非核心表，保留候选,platform
INPADM,ORDERS_GROUP_REC,,,9,住院管理,,PATIENT_ID+VISIT_ID,,非核心表，保留候选,platform
INPADM,PATS_IN_HOSPITAL,,,34,住院管理,,PATIENT_ID,,核心业务事实/主线表,platform
INPADM,PATS_IN_HOSPITAL_BACKUP2025,,,34,住院管理,,,,,platform
INPADM,PATS_IN_HOSPITAL_BK,,,30,住院管理,,,,,platform
INPADM,PATS_IN_HOSPITAL_C0525325,,,34,住院管理,,,,非核心表，保留候选,platform
INPADM,PATS_IN_HOSPITAL_TEST,,,33,住院管理,,PATIENT_ID,,非核心表，保留候选,platform
INPADM,PATS_IN_TRANSFERRING,,,7,住院管理,,PATIENT_ID,,非核心表，保留候选,platform
INPADM,PAT_VISIT_BACKUP2025,,,267,住院管理,,,,,platform
INPADM,PRE_DISCHGED_PATS,,,9,住院管理,,PATIENT_ID+VISIT_ID,,非核心表，保留候选,platform
INPADM,PRE_TRANSFERRING_PATS,,,6,住院管理,,PATIENT_ID+VISIT_ID+TRANSFER_DATE_TIME,,非核心表，保留候选,platform
INPADM,WAIT_BED_PATS,,,23,住院管理,,WAIT_NO,,基础字典/维表,platform
INPADM,WAIT_BED_PATS_NEW,,,50,住院管理,,WAIT_NO+PATIENT_ID,,基础字典/维表,platform
INPBILL,ACCT_STAFF_GROUP,,,3,住院费用,,LOCAL_NO+DEPT_CODE,,非核心表，保留候选,platform
INPBILL,BANK_TRANS_LISTS,,,17,住院费用,,,,非核心表，保留候选,platform
INPBILL,BILL_DEPT_CONFIG,,,1,住院费用,,DEPT_CODE,,非核心表，保留候选,platform
INPBILL,BILL_MISC_ITEM,,,4,住院费用,,ITEM_CLASS+ITEM_CODE+ITEM_SPEC,,非核心表，保留候选,platform
INPBILL,BILL_MISC_ITEM_PATCH,,,10,住院费用,,DEPT_CODE+ITEM_CLASS+ITEM_CODE+ITEM_SPEC+PATIENT_ID+VISIT_ID,,非核心表，保留候选,platform
INPBILL,CASHER_NO_REC,,,7,住院费用,,LOCAL_NO,,非核心表，保留候选,platform
INPBILL,CASHER_WORKING_LOG,,,4,住院费用,,OPER_NO+OPER_DATE_TIME,,,platform
INPBILL,DISPENSE_MEDICINE_APPLICATION,,,11,住院费用,,ID+PATIENT_ID+VISIT_ID,,非核心表，保留候选,platform
INPBILL,DOWNLOAD_LIST,,,10,住院费用,,JYCKH+JYSJ,,,platform
INPBILL,INP_ACCT_DETAIL,,,4,住院费用,,ACCT_NO+SUBJ_CODE,,非核心表，保留候选,platform
INPBILL,INP_ACCT_MASTER,,,12,住院费用,,ACCT_NO,,非核心表，保留候选,platform
INPBILL,INP_ACCT_MONEY,,,4,住院费用,,ACCT_NO+MONEY_TYPE,,非核心表，保留候选,platform
INPBILL,INP_BILL_DETAIL,,,74,住院费用,,PATIENT_ID+VISIT_ID+ITEM_NO,,核心业务事实/主线表,platform
INPBILL,INP_BILL_DETAIL_1123,,,72,住院费用,,PATIENT_ID+VISIT_ID+ITEM_NO,,非核心表，保留候选,platform
INPBILL,INP_BILL_DETAIL_112302,,,72,住院费用,,PATIENT_ID+VISIT_ID+ITEM_NO,,非核心表，保留候选,platform
INPBILL,INP_BILL_DETAIL_20241231,,,62,住院费用,,,,非核心表，保留候选,platform
INPBILL,INP_BILL_DETAIL_B,,,45,住院费用,,PATIENT_ID+VISIT_ID+ITEM_NO,,非核心表，保留候选,platform
INPBILL,INP_BILL_DETAIL_BACK,,,18,住院费用,,,,非核心表，保留候选,platform
INPBILL,INP_BILL_DETAIL_BACKUP0105,,,74,住院费用,,,,,platform
INPBILL,INP_BILL_DETAIL_BACKUP2025,,,74,住院费用,,,,,platform
INPBILL,INP_BILL_DETAIL_BK,,,50,住院费用,,,,,platform
INPBILL,INP_BILL_DETAIL_C0525325,,,74,住院费用,,,,非核心表，保留候选,platform
INPBILL,INP_BILL_DETAIL_CANCEL,,,18,住院费用,,,,非核心表，保留候选,platform
INPBILL,INP_BILL_DETAIL_COPY1,,,74,住院费用,,PATIENT_ID+VISIT_ID+ITEM_NO,,,platform
INPBILL,INP_BILL_DETAIL_COPY2,,,74,住院费用,,PATIENT_ID+VISIT_ID+ITEM_NO,,,platform
INPBILL,INP_BILL_DETAIL_COPY3,,,74,住院费用,,PATIENT_ID+VISIT_ID+ITEM_NO,,,platform
INPBILL,INP_BILL_DETAIL_COPY4,,,74,住院费用,,PATIENT_ID+VISIT_ID+ITEM_NO,,,platform
INPBILL,INP_BILL_DETAIL_HRP,,,4,住院费用,,,,非核心表，保留候选,platform
INPBILL,INP_BILL_DETAIL_JZ,,,38,住院费用,,PATIENT_ID+VISIT_ID+ITEM_NO,,非核心表，保留候选,platform
INPBILL,INP_BILL_DETAILQ,,,58,住院费用,,PATIENT_ID+VISIT_ID+ITEM_NO,,非核心表，保留候选,platform
INPBILL,INP_BILL_DETAIL_SETTLE_BK,,,4,住院费用,,,,,platform
INPBILL,INP_BILL_DETAIL_TEST,,,74,住院费用,,PATIENT_ID+VISIT_ID+ITEM_NO,,非核心表，保留候选,platform
INPBILL,INPBILL_ITEMPRICE_CHANGES_LOG,,,10,住院费用,,PATIENT_ID+VISIT_ID+ITEM_NO,,,platform
INPBILL,INP_CASH_SJG,,,10,住院费用,,ACCT_DATE,,非核心表，保留候选,platform
INPBILL,INP_DIET_COSTS,,,8,住院费用,,PATIENT_ID+VISIT_ID+ITEM_NO,,非核心表，保留候选,platform
INPBILL,INP_OVERDRAFT_REG_DETAIL,,,13,住院费用,,PATIENT_ID+VISIT_ID+REG_SUB_NO,,非核心表，保留候选,platform
INPBILL,INP_OVERDRAFT_REG_MASTER,,,9,住院费用,,PATIENT_ID+VISIT_ID+CHARGE_TYPE+DEPT_CODE,,非核心表，保留候选,platform
INPBILL,INP_PAYMENTS_MONEY,,,5,住院费用,,RCPT_NO+MONEY_TYPE,,非核心表，保留候选,platform
INPBILL,INP_PAYMENTS_MONEY_BACKUP2025,,,5,住院费用,,,,,platform
INPBILL,INP_SETTLE_DETAIL,,,4,住院费用,,RCPT_NO+FEE_CLASS_NAME,,非核心表，保留候选,platform
INPBILL,INP_SETTLE_DETAIL_BACKUP2025,,,4,住院费用,,,,,platform
INPBILL,INP_SETTLE_INVOICE,,,5,住院费用,,,,非核心表，保留候选,platform
INPBILL,INP_SETTLE_MASTER,,,20,住院费用,,RCPT_NO,,核心业务事实/主线表,platform
INPBILL,INP_SETTLE_MASTER_BACKUP2025,,,18,住院费用,,,,,platform
INPBILL,INP_SETTLE_MASTER_BK,,,16,住院费用,,,,,platform
INPBILL,INP_SETTLE_MASTER_C0525325,,,18,住院费用,,,,非核心表，保留候选,platform
INPBILL,INP_SETTLE_MASTER_COPY1,,,18,住院费用,,RCPT_NO,,,platform
INPBILL,INP_SETTLE_MASTER_YB,,,49,住院费用,,BRJSH,,非核心表，保留候选,platform
INPBILL,INP_SETTLE_MASTER_YB_0122,,,49,住院费用,,,,非核心表，保留候选,platform
INPBILL,INP_SETTLE_MASTER_YD,,,8,住院费用,,,,非核心表，保留候选,platform
INPBILL,LIVE_BILL_DETAIL,,,36,住院费用,,PATIENT_ID+VISIT_ID+ITEM_NO,,非核心表，保留候选,platform
INPBILL,NEED_BILLING_PATS,,,4,住院费用,,PATIENT_ID,,非核心表，保留候选,platform
INPBILL,PREPAY_ACCT,,,16,住院费用,,ACCT_NO,,非核心表，保留候选,platform
INPBILL,PREPAY_ACCT_BK,,,16,住院费用,,,,,platform
INPBILL,PREPAY_ACCT_MONEY,,,4,住院费用,,ACCT_NO+MONEY_TYPE,,非核心表，保留候选,platform
INPBILL,PREPAY_ACCT_MONEY_BK,,,4,住院费用,,,,,platform
INPBILL,PREPAYMENT_RCPT,,,39,住院费用,,RCPT_NO,,患者预交金/缴费事实，用户确认纳入,platform
INPBILL,PREPAYMENT_RCPT_ADD,,,15,住院费用,,,,非核心表，保留候选,platform
INPBILL,PREPAYMENT_RCPT_ADD_BACKUP2025,,,14,住院费用,,,,,platform
INPBILL,PREPAYMENT_RCPT_ADD_C0525325,,,14,住院费用,,,,非核心表，保留候选,platform
INPBILL,PREPAYMENT_RCPT_BACKUP2025,,,39,住院费用,,,,,platform
INPBILL,PREPAYMENT_RCPT_BK,,,38,住院费用,,,,,platform
INPBILL,PREPAYMENT_RCPT_C0525325,,,39,住院费用,,,,非核心表，保留候选,platform
INPBILL,PREPAYMENT_RCPT_COPY1,,,38,住院费用,,RCPT_NO,,,platform
INPBILL,RELIEF_ACCOUNTS,,,9,住院费用,,SERIAL_NO,,非核心表，保留候选,platform
INPBILL,TMP_030418BILL_DETAIL202605,,,74,住院费用,,,,,platform
INPBILL,UNSETTLE_REC,,,16,住院费用,,PATIENT_ID+VISIT_ID,,非核心表，保留候选,platform
iws_bi,cron_job,,0,0,PACS 影像系统（源端）,,,live_metadata,,platform
iws_bi,dashboard,,32,0,PACS 影像系统（源端）,,,live_metadata,,platform
iws_bi,dashboard_portal,,1,0,PACS 影像系统（源端）,,,live_metadata,,platform
iws_bi,davinci_rel_role_user,,0,0,PACS 影像系统（源端）,,,live_metadata,,platform
iws_bi,davinci_rel_user_organization,,0,0,PACS 影像系统（源端）,,,live_metadata,,platform
iws_bi,davinci_role,权限表,0,0,PACS 影像系统（源端）,,,live_metadata,,platform
iws_bi,davinci_statistic_duration,,0,0,PACS 影像系统（源端）,,,live_metadata,,platform
iws_bi,davinci_statistic_terminal,,0,0,PACS 影像系统（源端）,,,live_metadata,,platform
iws_bi,davinci_statistic_visitor_operation,,0,0,PACS 影像系统（源端）,,,live_metadata,,platform
iws_bi,display,,0,0,PACS 影像系统（源端）,,,live_metadata,,platform
iws_bi,display_slide,,0,0,PACS 影像系统（源端）,,,live_metadata,,platform
iws_bi,download_record,,159,0,PACS 影像系统（源端）,,,live_metadata,,platform
iws_bi,favorite,,0,0,PACS 影像系统（源端）,,,live_metadata,,platform
iws_bi,iws_type,VIEW,,0,PACS 影像系统（源端）,,,live_metadata,,platform
iws_bi,iws_type_all,VIEW,,0,PACS 影像系统（源端）,,,live_metadata,,platform
iws_bi,mem_dashboard_widget,,25,0,PACS 影像系统（源端）,,,live_metadata,,platform
iws_bi,mem_display_slide_widget,,0,0,PACS 影像系统（源端）,,,live_metadata,,platform
iws_bi,mem_display_slide_widget_bak,,0,0,PACS 影像系统（源端）,,,live_metadata,,platform
iws_bi,organization,,0,0,PACS 影像系统（源端）,,,live_metadata,,platform
iws_bi,platform,,0,0,PACS 影像系统（源端）,,,live_metadata,,platform
iws_bi,project,,0,0,PACS 影像系统（源端）,,,live_metadata,,platform
iws_bi,rel_project_admin,,0,0,PACS 影像系统（源端）,,,live_metadata,,platform
iws_bi,rel_role_dashboard,,75,0,PACS 影像系统（源端）,,,live_metadata,,platform
iws_bi,rel_role_dashboard_widget,,0,0,PACS 影像系统（源端）,,,live_metadata,,platform
iws_bi,rel_role_display,,0,0,PACS 影像系统（源端）,,,live_metadata,,platform
iws_bi,rel_role_display_slide_widget,,0,0,PACS 影像系统（源端）,,,live_metadata,,platform
iws_bi,rel_role_portal,,1,0,PACS 影像系统（源端）,,,live_metadata,,platform
iws_bi,rel_role_project,,14,0,PACS 影像系统（源端）,,,live_metadata,,platform
iws_bi,rel_role_slide,,0,0,PACS 影像系统（源端）,,,live_metadata,,platform
iws_bi,rel_role_user,VIEW,,0,PACS 影像系统（源端）,,,live_metadata,,platform
iws_bi,rel_role_view,,0,0,PACS 影像系统（源端）,,,live_metadata,,platform
iws_bi,rel_user_organization,VIEW,,0,PACS 影像系统（源端）,,,live_metadata,,platform
iws_bi,role,VIEW,,0,PACS 影像系统（源端）,,,live_metadata,,platform
iws_bi,share_download_record,,0,0,PACS 影像系统（源端）,,,live_metadata,,platform
iws_bi,source,,0,0,PACS 影像系统（源端）,,,live_metadata,,platform
iws_bi,star,,0,0,PACS 影像系统（源端）,,,live_metadata,,platform
iws_bi,user,VIEW,,0,PACS 影像系统（源端）,,,live_metadata,,platform
iws_bi,view,,37,0,PACS 影像系统（源端）,,,live_metadata,,platform
iws_bi,widget,,34,0,PACS 影像系统（源端）,,,live_metadata,,platform
jhcdr,jhcdr_exam_report,患者检查信息-业务类-患者检查结果表,,36,电子病历,,"exam_apply_no,exam_no,patient_id,visit_id,hospital_no",live_metadata,documented; [review_source_period:from_2025],platform
jhcdr,jhcdr_exam_report_items,患者检查信息-业务类-检查项目,,8,电子病历,,"exam_no,exam_item_no,hospital_no,exam_apply_no",live_metadata,documented; [review_source_period:from_2025],platform
jhcdr,jhcdr_inpat_execute_order,患者医嘱信息-业务类-患者医嘱执行表,,39,电子病历,,"patient_id,order_no,visit_id,order_sub_no,hospital_no,execute_orders_schedule",live_metadata,documented; [review_source_period:from_2025],platform
jhcdr,jhcdr_inpat_order,患者医嘱信息-业务类-患者医嘱内容表,,51,电子病历,,"patient_id,order_no,visit_id,order_sub_no,local_record_pk,hospital_no",live_metadata,documented; [review_source_period:from_2025],platform
jhcdr,jhcdr_lab_report,患者检验信息-业务类-检验报告单,,40,电子病历,,"patient_id,visit_id,lab_apply_no,specimen_no,hospital_no,paritemno",live_metadata,documented; [review_source_period:from_2025],platform
jhcdr,jhcdr_lab_report_items,患者检验信息-业务类-检验报告项目明细,,30,电子病历,,"lab_apply_no,hospital_no,paritemno,specimen_no,item_no",live_metadata,documented; [review_source_period:from_2025],platform
jhcdr,jhcdr_lab_report_microbe,患者检验信息-业务类-检验报告微生物检验值,,16,电子病历,,"lab_apply_no,lab_item_code,hospital_no,resultno",live_metadata,documented; [review_source_period:from_2025],platform
jhcdr,jhcdr_local_exam_item_dict,临床数据中心-字典类-本地检查项目,,5,电子病历,,"item_no,hospital_no",live_metadata,documented; [review_source_period:from_2025],platform
jhcdr,jhcdr_local_lab_item_dict,临床数据中心-字典类-本地检验项目,,7,电子病历,,"item_no,hospital_no",live_metadata,documented; [review_source_period:from_2025],platform
jhcdr,jhcdr_local_lab_subitem_dict,临床数据中心-字典类-本地检验明细项目,,3,电子病历,,"item_no,subitem_no",live_metadata,[review_source_period:from_2025],platform
jhcdr,jhcdr_local_order_item_dict,临床数据中心-字典类-本地医嘱项目,,6,电子病历,,"order_code,hospital_no",live_metadata,documented; [review_source_period:from_2025],platform
jhcdr,jhcdr_local_order_type_dict,临床数据中心-字典类-医嘱类别,,5,电子病历,,"order_type_code,hospital_no",live_metadata,documented; [review_source_period:from_2025],platform
jhcdr,sys_export_schema_01,Data Pump Master Table EXPORT                         SCHEMA                        ,,95,电子病历,,,live_metadata,[review_source_period:from_2025],platform
jhemr,疾病编码映射表,,,13,电子病历,,主键id,live_metadata,[review_source_period:from_2025],platform
jhemr,疾病编码映射表1,,,12,电子病历,,,live_metadata,[review_source_period:from_2025],platform
jhemr,手术编码映射表,,,12,电子病历,,,live_metadata,[review_source_period:from_2025],platform
jhemr,adt_log,接口同步-业务类-转科转床记录表,,15,电子病历,,"ward_code,log_date_time,patient_id,visit_id,hospital_no,action",live_metadata,documented; [review_source_period:from_2025],platform
jhemr,BA_MANBING,,,39,电子病历,,,live_metadata,[review_source_period:from_2025],platform
jhemr,bed_rec,系统管理-字典类-床位字典,,16,电子病历,,"bed_no,ward_code,hospital_no",live_metadata,documented; [review_source_period:from_2025],platform
jhemr,blood_transfusion,病案首页-业务类-输血信息,,21,电子病历,,"visit_id,patient_id,hospital_no",live_metadata,documented; [review_source_period:from_2025],platform
jhemr,cchi_dict,诊断手术-字典类-CCHI字典表,,4,电子病历,,id,live_metadata,documented; [review_source_period:from_2025],platform
jhemr,dbz_icuxx,,,10,电子病历,,,live_metadata,[review_source_period:from_2025],platform
jhemr,dbz_jbxx,,,113,电子病历,,,live_metadata,[review_source_period:from_2025],platform
jhemr,dbz_jbxx0327,,,113,电子病历,,,live_metadata,[review_source_period:from_2025],platform
jhemr,dbz_ssxx,,,23,电子病历,,,live_metadata,[review_source_period:from_2025],platform
jhemr,dbz_zdxx,,,15,电子病历,,,live_metadata,[review_source_period:from_2025],platform
jhemr,dc_cda_autoupload,CDA自动上报设置,,14,电子病历,,,live_metadata,[review_source_period:from_2025],platform
jhemr,dc_cda_commonconfig,CDA列表配置,,13,电子病历,,,live_metadata,[review_source_period:from_2025],platform
jhemr,dc_cda_dataitemsetting,CDA项目配置（信息）,,20,电子病历,,,live_metadata,[review_source_period:from_2025],platform
jhemr,dc_cda_doctype,,,3,电子病历,,,live_metadata,[review_source_period:from_2025],platform
jhemr,dc_cda_filesetting,文件上报配置,,18,电子病历,,,live_metadata,[review_source_period:from_2025],platform
jhemr,dc_cda_filetype,文书类别表,,6,电子病历,,,live_metadata,[review_source_period:from_2025],platform
jhemr,dc_cda_fileuploadrecord,,,10,电子病历,,"patient_id,visit_id,doctype,file_unique_id,hospital_no,projectcode",live_metadata,[review_source_period:from_2025],platform
jhemr,dc_cda_goalsettingconfig,,,4,电子病历,,,live_metadata,[review_source_period:from_2025],platform
jhemr,dc_cda_project,CDA系统参数,,6,电子病历,,,live_metadata,[review_source_period:from_2025],platform
jhemr,dc_cda_uploaddetail,,,19,电子病历,,,live_metadata,[review_source_period:from_2025],platform
jhemr,dc_cda_uploadrecord,,,7,电子病历,,"patient_id,visit_id,projectcode,hospital_no",live_metadata,[review_source_period:from_2025],platform
jhemr,dc_cda_uploadsplicing,信息整合配置,,10,电子病历,,,live_metadata,[review_source_period:from_2025],platform
jhemr,dc_cda_uploadtask,,,14,电子病历,,,live_metadata,[review_source_period:from_2025],platform
jhemr,dc_cda_uploadtask_0729,,,14,电子病历,,,live_metadata,[review_source_period:from_2025],platform
jhemr,dc_cda_uploadtask1,,,14,电子病历,,,live_metadata,[review_source_period:from_2025],platform
jhemr,dept_antitheses_dict,科室病区-映射类-科室病区关联对照表,,7,电子病历,,"ward_code,dept_code",live_metadata,documented; [review_source_period:from_2025],platform
jhemr,dept_dict,科室病区-字典类-科室字典zt,,36,电子病历,,"dept_code,hospital_no",live_metadata,documented; [review_source_period:from_2025],platform
jhemr,dept_dict20240322,,,36,电子病历,,,live_metadata,[review_source_period:from_2025],platform
jhemr,diag_comparing,病案首页-业务类-患者所属疾病组,,5,电子病历,,"diag_compare_group,visit_id,patient_id,hospital_no",live_metadata,documented; [review_source_period:from_2025],platform
jhemr,diagnosis,病案首页-业务类-首页诊断,,50,电子病历,,"diagnosis_type,diagnosis_no,patient_id,visit_id,id",live_metadata,documented; [review_source_period:from_2025],platform
jhemr,diagnosis_b_dict,诊断手术-字典类-诊断中医病名字典,,9,电子病历,,serial_no,live_metadata,documented; [review_source_period:from_2025],platform
jhemr,diagnosis_contrast_dict,诊断对照表,,5,电子病历,,,live_metadata,[review_source_period:from_2025],platform
jhemr,diagnosis_dict,诊断手术-字典类-诊断字典,,35,电子病历,,"diagnosis_name,diagnosis_code,hospital_no",live_metadata,documented; [review_source_period:from_2025],platform
jhemr,diagnosis_dict20260407,,,35,电子病历,,,live_metadata,[review_source_period:from_2025],platform
jhemr,diagnosis_doct,临床诊断V5表-作废类-不再维护 孙朋朋 2022-05-06,,14,电子病历,,"patient_id,diagnosis_no,diagnosis_type,visit_id,hospital_no",live_metadata,documented; [review_source_period:from_2025],platform
jhemr,diagnosis_f_dict,诊断手术-字典类-诊断中医治法字典,,6,电子病历,,serial_no,live_metadata,[review_source_period:from_2025],platform
jhemr,diagnosis_fzk_dict,诊断手术-字典类-诊断分值字典,,11,电子病历,,id,live_metadata,[review_source_period:from_2025],platform
jhemr,diagnosis_kk,诊断卡控表,,10,电子病历,,"diagnosis_code,event_name,hospital_no,user_name,user_id,dept_name",live_metadata,[review_source_period:from_2025],platform
jhemr,diagnosis_type_dict,诊断手术-字典类-诊断类别字典,,5,电子病历,,"diagnosis_type_code,hospital_no",live_metadata,documented; [review_source_period:from_2025],platform
jhemr,diagnosis_yb_dict,医保诊断字典,,5,电子病历,,"diagnosis_code,diagnosis_name,hospital_no",live_metadata,[review_source_period:from_2025],platform
jhemr,diagnosis_z_dict,诊断手术-字典类-诊断中医症候字典,,9,电子病历,,serial_no,live_metadata,documented; [review_source_period:from_2025],platform
jhemr,diagnostic_category,"病案首页-作废类-旧版首页 诊断分两个表存，原V5 孙朋朋 2022-05-06
三明区域部分旧首页",,6,电子病历,,"diagnosis_code,diagnosis_no,diagnosis_type,visit_id,patient_id,hospital_no",live_metadata,documented; [review_source_period:from_2025],platform
jhemr,dict_operate_log,框架表-字典类-操作日志字典表,,6,电子病历,,"dict_name,oper_date",live_metadata,[review_source_period:from_2025],platform
jhemr,discharge_summary,,,11,电子病历,,,live_metadata,[review_source_period:from_2025],platform
jhemr,disease_type,上报卡管理-字典类-慢病上报卡病种类型表  ,,4,电子病历,,item_code,live_metadata,documented; [review_source_period:from_2025],platform
jhemr,doctor_in_charge_log,患者设置管床医师,,13,电子病历,,id,live_metadata,[review_source_period:from_2025],platform
jhemr,doctor_transfer_sql,医生交接班-配置类-医师交接班配置表,,8,电子病历,,"type_code,pat_type,show_flag,hospital_no,dept_code,display_order,dept_name",live_metadata,[review_source_period:from_2025],platform
jhemr,drg_report_dict,,,6,电子病历,,,live_metadata,[review_source_period:from_2025],platform
jhemr,drg_report_record,首页质控报表记录,,10,电子病历,,,live_metadata,[review_source_period:from_2025],platform
jhemr,emr_adverse_event_info,不良事件上报管理-业务类-不良事件上报,,31,电子病历,,event_id,live_metadata,[review_source_period:from_2025],platform
jhemr,emr_bcjl,,,7,电子病历,,,live_metadata,[review_source_period:from_2025] 20260814 用户确认无用；活库 SELECT 触发 blob_to_char GBK 失败，不可作为业务表。,platform
jhemr,emr_blood_approve,北医三院输血申请-业务类-输血申请,,19,电子病历,,approve_id,live_metadata,[review_source_period:from_2025],platform
jhemr,emr_blood_reaction_detail,北医三院输血申请-业务类-北医三院输血详细信息表,,12,电子病历,,"patient_id,visit_id,times_no,elem_name",live_metadata,[review_source_period:from_2025],platform
jhemr,emr_blood_reaction_log,北医三院输血申请-业务类-北医三院输血记录文件,,4,电子病历,,commit_time,live_metadata,[review_source_period:from_2025],platform
jhemr,emr_catalog_dict,V5树形目录-作废类-v5的树形目录配置表,,15,电子病历,,"catalog_code,hospital_no",live_metadata,documented; [review_source_period:from_2025],platform
jhemr,emr_certificate_operation_log,死亡证明-业务类-死亡证明历次操作记录表,,9,电子病历,,"operation_date,certificate_no",live_metadata,[review_source_period:from_2025],platform
jhemr,emr_certificate_redserial_no,死亡证明-配置类-死亡医学证明书红号信息表,,8,电子病历,,sect_id,live_metadata,[review_source_period:from_2025],platform
jhemr,emr_certificate_serial_no,死亡证明-配置类-死亡证明书号段信息表,,8,电子病历,,sect_id,live_metadata,[review_source_period:from_2025],platform
jhemr,emr_check_xml_node_content,病历文书-业务类-检测XML节点内容不能为空,,3,电子病历,,"findtext,mr_class,layerno",live_metadata,documented; [review_source_period:from_2025],platform
jhemr,emr_consult_evaluate_answer,会诊管理-业务类-会诊质量评价表,,13,电子病历,,"visit_id,patient_id,hospital_no,apply_time",live_metadata,documented; [review_source_period:from_2025],platform
jhemr,emr_consult_hospital,会诊管理-业务类-外院会诊医院信息表,,5,电子病历,,"id,hospital_name",live_metadata,documented; [review_source_period:from_2025],platform
jhemr,emr_contagion_diagnosis,上报卡管理-映射类-诊断关联模块,,6,电子病历,,"mr_code,diagnosis_code,hospital_no",live_metadata,documented; [review_source_period:from_2025],platform
jhemr,emr_contagion_exam,上报卡管理-映射类-检查关键字关联模板,,5,电子病历,,mr_code,live_metadata,documented; [review_source_period:from_2025],platform
jhemr,emr_contagion_operation,上报卡管理-映射类-模板关联手术,,6,电子病历,,"mr_class,operation_code,mr_code,hospital_no",live_metadata,documented; [review_source_period:from_2025],platform
jhemr,emr_custom_columns_order,模块自定义列表顺序,,11,电子病历,,"application,user_id,columns_name,order_type",live_metadata,documented; [review_source_period:from_2025],platform
jhemr,emr_custom_columns_order_dict,,,18,电子病历,,"user_id,columns_name,order_type,application_id,columns_text",live_metadata,[review_source_period:from_2025],platform
jhemr,emr_deadcertificate_no,死亡证明-业务类-死亡证书填报明细,,10,电子病历,,"certificate_no,sect_id",live_metadata,documented; [review_source_period:from_2025],platform
jhemr,emr_deadcertificate_redno,死亡证明-业务类-死亡证书红号使用记录表,,10,电子病历,,"certificate_no,sect_id",live_metadata,[review_source_period:from_2025],platform
jhemr,emr_dead_print_pic,死亡证明-业务类-死亡证书打印证书图片记录,,5,电子病历,,"patient_id,visit_id",live_metadata,documented; [review_source_period:from_2025],platform
jhemr,emr_dead_print_record,死亡证明-业务类-死亡证书打印记录表,,11,电子病历,,"patient_id,visit_id,print_times",live_metadata,documented; [review_source_period:from_2025],platform
jhemr,emr_dead_reason_custom_dict,死亡证明-字典类-患者死亡原因字典表,,5,电子病历,,diagnosis_code,live_metadata,documented; [review_source_period:from_2025],platform
jhemr,emr_dept_clinic_icd,诊断手术-映射类-科室对照诊断,,5,电子病历,,"diagnosis_name,diagnosis_code,hospital_no",live_metadata,documented; [review_source_period:from_2025],platform
jhemr,emr_diagdetail_catalog_dict,病历诊断-配置类-病历诊断格式详细信息配置表,,57,电子病历,,diagsort,live_metadata,[review_source_period:from_2025],platform
jhemr,emr_diagnose_item_dict,病历诊断-配置类-诊断格式类型配置表,,12,电子病历,,"hospital_no,field_name,item_value",live_metadata,[review_source_period:from_2025],platform
jhemr,emr_diagtype_catalog_dict,病历诊断-配置类-诊断格式详细信息配置表,,14,电子病历,,"diag_type,file_type",live_metadata,[review_source_period:from_2025],platform
jhemr,emr_dict_detail,字典明细表,,11,电子病历,,"dict_code,class_code,hospital_no",live_metadata,documented; [review_source_period:from_2025],platform
jhemr,emr_dict_detail_1121back,,,10,电子病历,,,live_metadata,[review_source_period:from_2025],platform
jhemr,emr_dict_master,系统字典-字典类-电子病历主字典类别表,,7,电子病历,,class_code,live_metadata,documented; [review_source_period:from_2025],platform
jhemr,emr_doctor_custom_dict,病历诊断-映射类-科室临床映射表,,3,电子病历,,"dept_code,hospital_no,serial_no",live_metadata,documented; [review_source_period:from_2025],platform
jhemr,emr_doctor_group,,,4,电子病历,,"request_doctor_id,hospital_no",live_metadata,documented; [review_source_period:from_2025],platform
jhemr,emr_event_file_elem,不良事件管理-业务类-不良事件报卡内容表,,6,电子病历,,event_id,live_metadata,[review_source_period:from_2025],platform
jhemr,emr_event_master,不良事件管理-业务类-不良事件报卡索引表,,26,电子病历,,event_id,live_metadata,[review_source_period:from_2025],platform
jhemr,emr_first_page_button_list,病案首页-配置类-首页个性化业务按钮配置,,13,电子病历,,button_id,live_metadata,[review_source_period:from_2025],platform
jhemr,emr_first_page_column_dict,病案首页-配置类-首页GridControl类数据列显示配置,,31,电子病历,,"controlno,control_type",live_metadata,documented; [review_source_period:from_2025],platform
jhemr,emr_first_page_column_dict_0513,,,31,电子病历,,,live_metadata,[review_source_period:from_2025],platform
jhemr,emr_first_page_column_dict_0519,,,31,电子病历,,,live_metadata,[review_source_period:from_2025],platform
jhemr,emr_first_page_column_dict_bf,,,31,电子病历,,,live_metadata,[review_source_period:from_2025],platform
jhemr,emr_first_page_column_index,病案首页-映射类-首页实体类与UC的映射,,8,电子病历,,"control_type,hospital_no",live_metadata,documented; [review_source_period:from_2025],platform
jhemr,emr_first_page_config,病案首页-配置类-病案首页配置,,8,电子病历,,"type_code,item_code,item_no,hospital_no",live_metadata,documented; [review_source_period:from_2025],platform
jhemr,emr_first_page_control_color,病案首页-配置类-控件颜色,,2,电子病历,,category,live_metadata,documented; [review_source_period:from_2025],platform
jhemr,emr_first_page_control_config,病案首页-配置类-控件配置,,6,电子病历,,control_id,live_metadata,documented; [review_source_period:from_2025],platform
jhemr,emr_first_page_diag_oper_fre,病案首页-字典类-首页常用诊断手术字典,,10,电子病历,,"item_code,item_name,oper_id,dept_id,item_class,hospital_no",live_metadata,documented; [review_source_period:from_2025],platform
jhemr,emr_first_page_item_dict,病案首页-字典类-病案首页字典,,19,电子病历,,"hospital_no,field_name,item_value",live_metadata,documented; [review_source_period:from_2025],platform
jhemr,emr_first_page_item_dict_0513,,,19,电子病历,,,live_metadata,[review_source_period:from_2025],platform
jhemr,emr_first_page_item_dict_bf,,,19,电子病历,,,live_metadata,[review_source_period:from_2025],platform
jhemr,emr_first_page_print,病案首页-配置类-首页打印配置,,12,电子病历,,"print_field_name,hospital_no",live_metadata,documented; [review_source_period:from_2025],platform
jhemr,emr_first_page_print_log,病案首页-日志类-首页打印日志,,10,电子病历,,"print_date,patient_id,visit_id,hospital_no",live_metadata,[review_source_period:from_2025],platform
jhemr,emr_first_page_qc_detail,首页质控记明细,,15,电子病历,,"validate_pk,hospital_no,validate_id,validate_date",live_metadata,[review_source_period:from_2025],platform
jhemr,emr_first_page_qc_feedback,质控提交反馈,,11,电子病历,,"patient_id,visit_id,user_id,feedback_date,message_info",live_metadata,[review_source_period:from_2025],platform
jhemr,emr_first_page_qc_index,首页质控评分主索引,,10,电子病历,,"validate_pk,patient_id,visit_id,validate_date,hospital_no",live_metadata,[review_source_period:from_2025],platform
jhemr,emr_first_page_qc_index_log,首页评分质控记录表,,10,电子病历,,"validate_pk,patient_id,visit_id,validate_date,hospital_no",live_metadata,[review_source_period:from_2025],platform
jhemr,emr_first_page_qc_repository,【首】首页验证清单,,34,电子病历,,"hospital_no,validate_code,validate_class_code,validate_item_code",live_metadata,[review_source_period:from_2025],platform
jhemr,emr_first_page_thirdsource,病案首页-配置类-首页信息从第三方获取配置,,13,电子病历,,configid,live_metadata,documented; [review_source_period:from_2025],platform
jhemr,emr_first_page_thirdsource_log,病案首页-日志类-记录首页获取第三方数据,,7,电子病历,,"configid,patient_id,visit_id,hospital_no",live_metadata,[review_source_period:from_2025],platform
jhemr,emr_first_page_validate,病案首页-配置类-首页校验质控,,32,电子病历,,"validate_item,hospital_no,validate_id",live_metadata,documented; [review_source_period:from_2025],platform
jhemr,emr_first_page_validate_type,病案首页-字典类-首页项目校验类别字典,,2,电子病历,,validate_type_code,live_metadata,documented; [review_source_period:from_2025],platform
jhemr,emr_inandout_classifysum,旧版护理记录-业务类-患者出入量信息表,,12,电子病历,,"patient_id,visit_id,file_no,hospital_no,inorout_name",live_metadata,[review_source_period:from_2025],platform
jhemr,EMR_MEDICAL_RECORD_INFO,,,17,电子病历,,,live_metadata,[review_source_period:from_2025],platform
jhemr,emr_med_ref_chk_set,上报卡管理-配置类-必填项校验设置,,17,电子病历,,chk_id,live_metadata,[review_source_period:from_2025],platform
jhemr,emr_med_rep_def_condi,上报卡管理-配置类-上报卡监测预设条件保存表,,9,电子病历,,"condiautoid,condimasterid,hospital_no",live_metadata,documented; [review_source_period:from_2025],platform
jhemr,emr_med_rep_def_master,"上报卡管理-配置类-上报卡监测预设条件保存主表
",,6,电子病历,,"condimasterid,hospital_no",live_metadata,documented; [review_source_period:from_2025],platform
jhemr,emr_med_rep_file_elem,上报卡管理-业务类-上报卡内容记录表,,8,电子病历,,"patient_id,visit_id,file_name,elem_no",live_metadata,documented; [review_source_period:from_2025],platform
jhemr,emr_med_rep_fill_detail,上报卡管理-配置类-上报卡模板中自动填充数据字段与元素对照表,,4,电子病历,,"mr_code,elem_name",live_metadata,[review_source_period:from_2025],platform
jhemr,emr_med_rep_fill_master,上报卡管理-配置类-上报卡模板中自动填充数据定制SQL语句,,3,电子病历,,"mr_code,hospital_no",live_metadata,[review_source_period:from_2025],platform
jhemr,emr_monitor_patient_order,患者信息-作废类-患者医嘱信息表,,12,电子病历,,"order_sub_no,order_no,order_code,visit_id,patient_id,hospital_no",live_metadata,documented; [review_source_period:from_2025],platform
jhemr,emr_monitor_vs_clinic,未知类-患者医嘱相关,,6,电子病历,,"clinic_item_code,monitor_order_code,hospital_no",live_metadata,documented; [review_source_period:from_2025],platform
jhemr,emr_mr_borrow,病案借阅-业务类-病案借阅信息表,,20,电子病历,,"apply_date,borrow_dept,borrow_doctor_id,patient_id,hospital_no",live_metadata,documented; [review_source_period:from_2025],platform
jhemr,emr_mr_copy,复印管理-业务类-病案复印按类别记录功能,,8,电子病历,,"set_id,patient_id,visit_id,mr_class",live_metadata,documented; [review_source_period:from_2025],platform
jhemr,emr_mr_setvip_log,敏感病历-业务类-设置保密操作日志表,,9,电子病历,,"id,hospital_no",live_metadata,documented; [review_source_period:from_2025],platform
jhemr,emr_mr_vip_apply,敏感病历-业务类-保密病例申请表,,15,电子病历,,"patient_id,visit_id,apply_date_time,apply_user_id,hospital_no",live_metadata,documented; [review_source_period:from_2025],platform
jhemr,emr_nurse_button_form_config,临床护理-配置类-出入量总结个性化配置,,7,电子病历,,"button_name,mr_code,hospital_no",live_metadata,documented; [review_source_period:from_2025],platform
jhemr,emr_nurse_ca_index,临床护理-业务类-护理记录ca签名数据表,,19,电子病历,,"serial_no,hospital_no",live_metadata,documented; [review_source_period:from_2025],platform
jhemr,emr_nurse_catalog_dict,临床护理-字典类-护士目录字典,,19,电子病历,,"catalog_code,mr_code,hospital_no",live_metadata,documented; [review_source_period:from_2025],platform
jhemr,emr_nurse_elem_dict,临床护理-配置类-护理记录打印项目配置表,,26,电子病历,,"mr_code_print,elem_no,hospital_no",live_metadata,documented; [review_source_period:from_2025],platform
jhemr,emr_nurse_elem_sum_config,临床护理-配置类-出入量总结配置表,,23,电子病历,,"button_name,mr_code,hospital_no,elem_name,date_time",live_metadata,documented; [review_source_period:from_2025],platform
jhemr,emr_nurse_emrfile_elem,老版护理-业务类-护理病历内容记录表,,18,电子病历,,"time_point,recording_date,elem_no,file_no,visit_id,patient_id,hospital_no",live_metadata,documented; [review_source_period:from_2025],platform
jhemr,emr_nurse_emrfile_elem_log,临床护理-日志类-护理记录修改日志表,,11,电子病历,,"update_date,elem_name,file_no,visit_id,patient_id,hospital_no",live_metadata,documented; [review_source_period:from_2025],platform
jhemr,emr_nurse_emrfile_index,老版护理-业务类-护理病历文件索引表,,52,电子病历,,"file_no,visit_id,patient_id,hospital_no",live_metadata,documented; [review_source_period:from_2025],platform
jhemr,emr_nurse_monitor_item_dict,临床护理-字典类-护理要提醒项目列表,,5,电子病历,,"item_code,item_name",live_metadata,documented; [review_source_period:from_2025],platform
jhemr,emr_nurse_monitor_temp_dict,临床护理-字典类-体征项目字典,,5,电子病历,,"item_code,item_name,monitor_times,time_point",live_metadata,documented; [review_source_period:from_2025],platform
jhemr,emr_nurse_special_content,临床护理-业务类-导管观察数据表,,10,电子病历,,"in_time,content_id,item_name,visit_id,patient_id,hospital_no",live_metadata,documented; [review_source_period:from_2025],platform
jhemr,emr_nurse_to_vital_signs_rec,临床护理-配置类-护理记录写回体温单项目配置表,,7,电子病历,,"mr_code,vital_signs,units,vital_signs_no",live_metadata,documented; [review_source_period:from_2025],platform
jhemr,emr_nurse_to_vital_time,临床护理-配置类-护理记录写回体温单时界面和数据库显示时间配置,,2,电子病历,,"time_in_form,time_in_db",live_metadata,documented; [review_source_period:from_2025],platform
jhemr,emr_online_monitor,质控管理-业务类-在线质控明细表（时限、次数）,,23,电子病历,,"monitor_no,item_code,visit_id,patient_id,hospital_no",live_metadata,documented; [review_source_period:from_2025],platform
jhemr,emr_online_monitor_history,质控管理-业务类-离线质控明细 归档后迁移到此表,,25,电子病历,,"monitor_no,item_code,visit_id,patient_id,hospital_no",live_metadata,documented; [review_source_period:from_2025],platform
jhemr,emr_operation_maintain_config,病案首页-配置类-个性化手术维护窗体配置表,,14,电子病历,,control_name,live_metadata,[review_source_period:from_2025],platform
jhemr,emr_pad_input_dict,病历书写-,,8,电子病历,,serial_no,live_metadata,documented; [review_source_period:from_2025],platform
jhemr,emr_pad_interface,病历写书-,,6,电子病历,,"element_code,hospital_no",live_metadata,documented; [review_source_period:from_2025],platform
jhemr,emr_paper_mr_borrow,借阅管理-业务类-纸质病案借阅表,,22,电子病历,,"patient_id,visit_id,hospital_no,borrow_date",live_metadata,documented; [review_source_period:from_2025],platform
jhemr,emr_paper_mr_copy,复印管理-业务类-纸质病案复印表,,23,电子病历,,"patient_id,visit_id,copy_date,hospital_no",live_metadata,documented; [review_source_period:from_2025],platform
jhemr,emr_paper_mr_copy_info,复印管理-业务类-复印资料信息明细,,8,电子病历,,"patient_id,visit_id,mrclass,copy_date,hospital_no",live_metadata,documented; [review_source_period:from_2025],platform
jhemr,emr_paper_mr_copy_pic,复印管理-业务类-复印登记关联图片如身份证，申请单图片,,6,电子病历,,"visit_id,patient_id,hospital_no,pic_no",live_metadata,documented; [review_source_period:from_2025],platform
jhemr,emr_paper_mr_dict,病案管理-字典类-纸质病案字典表,,10,电子病历,,"item_id,children_item_id",live_metadata,documented; [review_source_period:from_2025],platform
jhemr,emr_paper_mr_post,复印管理-业务类-纸质病案邮寄表,,28,电子病历,,"patient_id,visit_id,register_date,hospital_no",live_metadata,documented; [review_source_period:from_2025],platform
jhemr,emr_paper_post_delete_record,纸质病案管理-业务类-邮寄删除记录,,7,电子病历,,"patient_id,visit_id,hospital_no",live_metadata,[review_source_period:from_2025],platform
jhemr,emr_paper_type_group,复印管理-业务类-复印登记类别分组,,5,电子病历,,"id,item_id,children_item_id",live_metadata,[review_source_period:from_2025],platform
jhemr,emr_pat_antibiotics,病案首页-业务类-患者抗菌药物使用情况,,25,电子病历,,"patient_id,visit_id,hospital_no,id",live_metadata,documented; [review_source_period:from_2025],platform
jhemr,emr_pat_ca_index,患者签名-业务类-患者签名主内容表,,36,电子病历,,serial_no,live_metadata,documented; [review_source_period:from_2025],platform
jhemr,emr_pat_ca_index_temp,患者签名-业务类-患者签名临时表,,20,电子病历,,serial_no,live_metadata,[review_source_period:from_2025],platform
jhemr,emr_pat_ca_log,患者签名-日志类-患者签名日志,,18,电子病历,,serial_no,live_metadata,[review_source_period:from_2025],platform
jhemr,emr_pat_ca_patinfo,患者相关信息,,17,电子病历,,"patient_id,visit_id,hospital_no,pat_type,pat_cardtype,pat_cardid,pat_name",live_metadata,[review_source_period:from_2025],platform
jhemr,emr_pat_ca_record,患者签名-业务类-患者签名记录表,,14,电子病历,,,live_metadata,[review_source_period:from_2025],platform
jhemr,emr_pat_ca_type_dict,ca字典表,,8,电子病历,,"pat_code,pat_name,pat_type,hospital_no,dict_type",live_metadata,[review_source_period:from_2025],platform
jhemr,emr_pat_diagnosis_type,诊断手术-字典类-患者诊断类型表,,6,电子病历,,"pat_diagnosis_type_class,pat_diagnosis_type_name,hospital_no",live_metadata,documented; [review_source_period:from_2025],platform
jhemr,emr_phms,,,15,电子病历,,,live_metadata,[review_source_period:from_2025] 20260814 用户确认无用，不纳入正式关系范围。,platform
jhemr,emr_replace_dict,,,10,电子病历,,"dept_code,findtext,targettext,source,target,hospital_no",live_metadata,documented; [review_source_period:from_2025],platform
jhemr,emr_scanregistrationrecord,扫描登记-业务类-病历扫描登记信息,,10,电子病历,,"patient_id,visit_id,file_no",live_metadata,documented; [review_source_period:from_2025],platform
jhemr,emr_structure_analyse_dict,,,3,电子病历,,"content,element,hospital_no",live_metadata,documented; [review_source_period:from_2025],platform
jhemr,emr_templet_dept_dict,模板维护-映射类-模板科室,,2,电子病历,,templet_dept_code,live_metadata,documented; [review_source_period:from_2025],platform
jhemr,emr_treament_apply,患者信息-业务类-跨科处置患者表,,59,电子病历,,"patient_id,visit_id,apply_dept_code,apply_date_time,plan_treat_dept_code,hospital_no",live_metadata,documented; [review_source_period:from_2025],platform
jhemr,emr_treament_apply_master,会诊管理-医务类-会诊主表,,39,电子病历,,applyid,live_metadata,documented; [review_source_period:from_2025],platform
jhemr,emr_treament_apply_work_plan,会诊管理-业务类-会诊排班,,7,电子病历,,"dept_code,user_id,plan_date",live_metadata,documented; [review_source_period:from_2025],platform
jhemr,emr_treament_dict,会诊管理-字典类-会诊评价字典表,,4,电子病历,,feedback_code,live_metadata,documented; [review_source_period:from_2025],platform
jhemr,emr_treament_feedback,会诊管理-业务类-会诊反馈结果表,,15,电子病历,,"apply_dept_code,treat_dept_code,apply_detail_id,applyid,feedback_code,feedback_type,feedback_name",live_metadata,documented; [review_source_period:from_2025],platform
jhemr,emr_treament_log_record,会诊管理-日志类-第三方接口记录表,,15,电子病历,,,live_metadata,[review_source_period:from_2025],platform
jhemr,emr_winform_templet,病案首页-配置类-首页模板,,12,电子病历,,"page_no,hospital_no,page_type",live_metadata,documented; [review_source_period:from_2025],platform
jhemr,entity_log,实体类日志,,10,电子病历,,,live_metadata,[review_source_period:from_2025],platform
jhemr,event_list,病案首页-业务类-首页个性化业务的事件列表,,8,电子病历,,event_id,live_metadata,[review_source_period:from_2025],platform
jhemr,exam_dict,上报卡管理-字典类-检查结果关键词与报卡模板关联表,,4,电子病历,,exam_name,live_metadata,documented; [review_source_period:from_2025],platform
jhemr,file_unique_id_result,,,1,电子病历,,,live_metadata,[review_source_period:from_2025],platform
jhemr,final_chief_diagnosis,,,9,电子病历,,,live_metadata,[review_source_period:from_2025],platform
jhemr,first_page_costs,病案首页-业务类-首页费用(接口同步),,59,电子病历,,"patient_id,visit_id,hospital_no",live_metadata,documented; [review_source_period:from_2025],platform
jhemr,fu_master_index,随访管理-业务类-患者随访信息,,20,电子病历,,"patient_id,hospital_no",live_metadata,documented; [review_source_period:from_2025],platform
jhemr,fu_result_dict,随访管理-字典类-随访结果字典,,2,电子病历,,fu_result_type,live_metadata,documented; [review_source_period:from_2025],platform
jhemr,fu_situation_dict,随访管理-字典类-随访情况字典,,2,电子病历,,,live_metadata,[review_source_period:from_2025],platform
jhemr,fu_type,随访管理-字典类-随访类型字典,,2,电子病历,,fu_type_id,live_metadata,documented; [review_source_period:from_2025],platform
jhemr,fu_visit,随访管理-业务类-患者随访信息,,27,电子病历,,"patient_id,fu_times,hospital_no,out_or_in",live_metadata,documented; [review_source_period:from_2025],platform
jhemr,goal_setting_table,系统配置-字典类-全局系统配置表,,10,电子病历,,"settingid,hospital_no,sys_code",live_metadata,documented; [review_source_period:from_2025],platform
jhemr,goal_setting_table_config,系统配置-配置类-GOAL_SETTING_TABLE配置表,,10,电子病历,,settingid,live_metadata,[review_source_period:from_2025],platform
jhemr,goal_view_setting,系统配置-配置类-WIDGET调用视图配置,,5,电子病历,,"widget_id,control_name,hospital_no",live_metadata,documented; [review_source_period:from_2025],platform
jhemr,grave_ward_detail,病案首页-业务类-患者重症监护明细表,,46,电子病历,,"patient_id,visit_id,ward_name,enter_time,hospital_no",live_metadata,documented; [review_source_period:from_2025],platform
jhemr,his_sybccx,,,3,电子病历,,,live_metadata,[review_source_period:from_2025],platform
jhemr,hospital_branch_dict,科室所属分院字典,,3,电子病历,,hospital_branch_code,live_metadata,[review_source_period:from_2025],platform
jhemr,hospital_config,系统配置-字典类-医院配置表,,51,电子病历,,hospital,live_metadata,documented; [review_source_period:from_2025],platform
jhemr,icu_dict_detail,,,8,电子病历,,"dict_code,class_code,hospital_no",live_metadata,documented; [review_source_period:from_2025],platform
jhemr,icu_dict_master,,,4,电子病历,,"class_code,hospital_no",live_metadata,documented; [review_source_period:from_2025],platform
jhemr,icu_in_out_gross,出入总量,,9,电子病历,,"gross_type,recording_date,visit_id,patient_id,hospital_no",live_metadata,documented; [review_source_period:from_2025],platform
jhemr,icu_lab_result,,,8,电子病历,,"file_no,recording_date,visit_id,patient_id,hospital_no",live_metadata,documented; [review_source_period:from_2025],platform
jhemr,icu_mr_file_index,,,10,电子病历,,"record_date_time,file_no,visit_id,patient_id,hospital_no",live_metadata,documented; [review_source_period:from_2025],platform
jhemr,icu_nurse_file_index,,,26,电子病历,,"file_no,nurse_type,recording_date,visit_id,patient_id,hospital_no",live_metadata,documented; [review_source_period:from_2025],platform
jhemr,icu_pat_adt_visit,,,17,电子病历,,"date_time_d,visit_id,patient_id,hospital_no",live_metadata,documented; [review_source_period:from_2025],platform
jhemr,icu_pat_visit_inc,监护单每天的数据,,12,电子病历,,"recording_date,visit_id,patient_id,hospital_no",live_metadata,documented; [review_source_period:from_2025],platform
jhemr,icu_record,"上报卡管理-日志类-湖南省妇幼ICU病人日志
",,14,电子病历,,"record_date,dept_code",live_metadata,documented; [review_source_period:from_2025],platform
jhemr,icu_special_content,,,10,电子病历,,"in_time,content_id,item_name,visit_id,patient_id,hospital_no",live_metadata,documented; [review_source_period:from_2025],platform
jhemr,jhai_diag_oper_frequen,病历诊断-业务类-频繁输入统计,,14,电子病历,,"item_code,item_name,oper_id,oper_type,item_class,hospital_no",live_metadata,documented; [review_source_period:from_2025],platform
jhemr,jharea_qc_error_detail,区域质控-业务类-质控缺陷明细表,,22,电子病历,,"hospital_no,patient_id,visit_id,task_no,error_no,clinic_type",live_metadata,documented; [review_source_period:from_2025],platform
jhemr,jharea_qc_score,区域质控-业务类-质控评分,,13,电子病历,,"task_no,patient_id,visit_id,hospital_no",live_metadata,documented; [review_source_period:from_2025],platform
jhemr,jharea_qc_task_detail,区域质控-业务类-质控任务明细,,23,电子病历,,"hospital_no,task_no,patient_id,visit_id",live_metadata,documented; [review_source_period:from_2025],platform
jhemr,jharea_qc_task_master,区域质控-业务类-质控任务主表,,9,电子病历,,"hospital_no,task_no",live_metadata,documented; [review_source_period:from_2025],platform
jhemr,jharea_qc_users,区域质控-业务类-质控用户表,,7,电子病历,,"hospital_no,user_id,start_date_time",live_metadata,documented; [review_source_period:from_2025],platform
jhemr,jharea_qc_users_log,区域质控-日志类-质控人员日志表,,8,电子病历,,"hospital_no,user_id,start_date_time",live_metadata,documented; [review_source_period:from_2025],platform
jhemr,jhauth_dept_group,用户科室组字典,,3,电子病历,,"dept_group_id,hospital_no",live_metadata,[review_source_period:from_2025],platform
jhemr,jhauth_dept_group_vs_dept,用户科室组与科室对照,,3,电子病历,,"dept_group_id,dept_code,hospital_no",live_metadata,[review_source_period:from_2025],platform
jhemr,jhauth_medical_group_dict,用户管理-业务类-科室诊疗组信息,,7,电子病历,,"group_id,hospital_no,dept_code",live_metadata,documented; [review_source_period:from_2025],platform
jhemr,jhauth_role_dict,角色画布widget-字典类-角色字典,,10,电子病历,,role_id,live_metadata,documented; [review_source_period:from_2025],platform
jhemr,jhauth_role_group,用户管理-字典类-用户角色组字典,,6,电子病历,,"role_group_id,hospital_no",live_metadata,documented; [review_source_period:from_2025],platform
jhemr,jhauth_role_group_vs_role,用户管理-映射类-用户角色组字典与角色字典对照,,4,电子病历,,"role_group_id,role_id,hospital_no",live_metadata,documented; [review_source_period:from_2025],platform
jhemr,jhauth_role_permission_dict,角色画布widget-字典类-角色权限字典,,6,电子病历,,"role_permission_id,permission_type",live_metadata,documented; [review_source_period:from_2025],platform
jhemr,jhauth_role_vs_catalog_dict,角色画布widget-映射类-角色关联病历文书目录,,5,电子病历,,"role_id,catalog_code",live_metadata,documented; [review_source_period:from_2025],platform
jhemr,jhauth_role_vs_ips_syscode,角色关系表_IP段_系统标识,,4,电子病历,,"ip_start,ip_end",live_metadata,[review_source_period:from_2025],platform
jhemr,jhauth_secret_dict,用户管理-字典类-保密等级分级,,2,电子病历,,secret_level,live_metadata,documented; [review_source_period:from_2025],platform
jhemr,jhauth_user_ca_dict,用户管理CA-用户信息与KEY证书对照表（仅限于广东CA）,,10,电子病历,,certificate,live_metadata,documented; [review_source_period:from_2025],platform
jhemr,jhauth_user_type,用户管理-字典类-用户类型字典表,,3,电子病历,,"user_type,hospital_no",live_metadata,documented; [review_source_period:from_2025],platform
jhemr,jhauth_user_vs_education,用户管理-映射类-医生学生关联对照表,,6,电子病历,,"user_id,sub_user_id,hospital_no,start_time",live_metadata,documented; [review_source_period:from_2025],platform
jhemr,jhauth_user_vs_group,用户管理-映射类-用户与诊疗组对照表,,12,电子病历,,"user_id,group_id,hospital_no",live_metadata,[review_source_period:from_2025],platform
jhemr,jhauth_user_vs_permission,用户管理-映射类-用户对照权限表,,3,电子病历,,"user_id,permission_no,hospital_no",live_metadata,documented; [review_source_period:from_2025],platform
jhemr,jhauth_user_vs_role,用户管理-映射表-用户与角色对照表,,7,电子病历,,"user_id,role_id,hospital_no",live_metadata,documented; [review_source_period:from_2025],platform
jhemr,jhauth_user_vs_role_0528,,,7,电子病历,,,live_metadata,[review_source_period:from_2025],platform
jhemr,jhauth_user_vs_role_bf,,,7,电子病历,,,live_metadata,[review_source_period:from_2025],platform
jhemr,jhauth_user_vs_role_group,用户管理-映射类-用户与角色组对照表,,3,电子病历,,"user_id,role_group_id,hospital_no",live_metadata,documented; [review_source_period:from_2025],platform
jhemr,jhauth_user_vs_role_log,用户管理-日志类-用户与角色分配日志表,,9,电子病历,,"user_id,role_id,hospital_no,start_date_time",live_metadata,documented; [review_source_period:from_2025],platform
jhemr,jhbd_cv_index,数据集管理-业务类-数据元值域索引表,,8,电子病历,,cv_code,live_metadata,documented; [review_source_period:from_2025],platform
jhemr,jhbd_cv_items,数据集管理-业务类-数据元值域项目表,,13,电子病历,,"cv_code,cv_value,cv_version",live_metadata,documented; [review_source_period:from_2025],platform
jhemr,jhbd_cv_versions,数据集管理-业务类-数据元值域版本表,,6,电子病历,,"cv_code,cv_version",live_metadata,documented; [review_source_period:from_2025],platform
jhemr,jhbd_de_dictionary,数据集管理-字典类-数据元数据类型字典表,,3,电子病历,,id,live_metadata,documented; [review_source_period:from_2025],platform
jhemr,jhbd_de_index,数据集管理-业务类-数据元索引表,,10,电子病历,,de_code,live_metadata,documented; [review_source_period:from_2025],platform
jhemr,jhbd_dg_index,数据集管理-业务类-数据组索引表,,6,电子病历,,dg_code,live_metadata,[review_source_period:from_2025],platform
jhemr,jhbd_dg_vs_de,数据集管理-映射类-数据组包含数据元表,,6,电子病历,,"dg_order_num,dg_code",live_metadata,documented; [review_source_period:from_2025],platform
jhemr,jhbd_dg_vs_template,,,2,电子病历,,"template_code,dg_code",live_metadata,[review_source_period:from_2025],platform
jhemr,jhbd_ds_index,数据集管理-业务类-数据集索引表,,7,电子病历,,ds_code,live_metadata,[review_source_period:from_2025],platform
jhemr,jhbd_ds_versions,数据集管理-业务类-数据集版本表,,6,电子病历,,"ds_code,ds_version",live_metadata,[review_source_period:from_2025],platform
jhemr,jhbd_ds_vs_de,数据集管理-映射类-数据集包含数据元/数据组表,,8,电子病历,,"ds_internal_code,ds_version",live_metadata,documented; [review_source_period:from_2025],platform
jhemr,jhbd_fpaq_custom_query,首页全查询-业务类-查询方案主索引,,5,电子病历,,"fpaq_filecode,hospital_no",live_metadata,documented; [review_source_period:from_2025],platform
jhemr,jhbd_fpaq_custom_queryleft,首页全查询-业务类-查询方案左侧显示项,,6,电子病历,,"fpaq_filecode,fpaq_filed_show_name,fpaq_filed_name,hospital_no",live_metadata,documented; [review_source_period:from_2025],platform
jhemr,jhbd_fpaq_custom_queryright,首页全查询-业务类-查询方案右侧查询项,,16,电子病历,,"fpaq_filecode,fpaq_query_item,fpaq_symbol,hospital_no",live_metadata,documented; [review_source_period:from_2025],platform
jhemr,jhbd_fpaq_field_query_dict,首页全查询-字典类-首页全查询的字典数据,,5,电子病历,,"fpaq_dict_name,fpaq_item_id",live_metadata,documented; [review_source_period:from_2025],platform
jhemr,jhbd_fpaq_field_setting,首页全查询-配置类-首页全查询字段维护,,16,电子病历,,"fpaq_owner,fpaq_table_name,fpaq_column_name,hospital_no",live_metadata,documented; [review_source_period:from_2025],platform
jhemr,jhbd_spa_pat_alergy,过敏信息-业务类-病人过敏史,,9,电子病历,,"alergy_code,visit_id,patient_id,hospital_no",live_metadata,documented; [review_source_period:from_2025],platform
jhemr,jhbr_report_list,皕杰报表-业务类-报表查看,,27,电子病历,,report_id,live_metadata,documented; [review_source_period:from_2025],platform
jhemr,jhbr_report_list_params,,,10,电子病历,,"report_id,placeholder,params_code",live_metadata,[review_source_period:from_2025],platform
jhemr,jhbr_report_vs_group,皕杰报表-配置类-分组管理,,3,电子病历,,"report_id,group_id",live_metadata,documented; [review_source_period:from_2025],platform
jhemr,jhbr_report_vs_role,皕杰报表-配置类-报表角色权限表 ,,3,电子病历,,"role_id,report_id,hospital_no",live_metadata,documented; [review_source_period:from_2025],platform
jhemr,jhca_pat_params_dict,操作字典表,,8,电子病历,,,live_metadata,[review_source_period:from_2025],platform
jhemr,jhcard_sd_ami,老版病种-作废类-不再维护 孙朋朋 2021年6月30日,,124,电子病历,,card_id,live_metadata,documented; [review_source_period:from_2025],platform
jhemr,jhcard_sd_arthroplasty,老版病种-作废类-不再维护 孙朋朋 2021年6月30日,,80,电子病历,,card_id,live_metadata,documented; [review_source_period:from_2025],platform
jhemr,jhcard_sd_cabg,老版病种-作废类-不再维护 孙朋朋 2021年6月30日,,81,电子病历,,card_id,live_metadata,documented; [review_source_period:from_2025],platform
jhemr,jhcard_sd_cabg_bridges,老版病种-作废类-不再维护 孙朋朋 2021年6月30日,,6,电子病历,,"card_id,id",live_metadata,documented; [review_source_period:from_2025],platform
jhemr,jhcard_sd_cap,老版病种-作废类-不再维护 孙朋朋 2021年6月30日,,69,电子病历,,card_id,live_metadata,documented; [review_source_period:from_2025],platform
jhemr,jhcard_sd_child,老版病种-作废类-不再维护 孙朋朋 2021年6月30日,,9,电子病历,,"item_class,item_code,card_id",live_metadata,documented; [review_source_period:from_2025],platform
jhemr,jhcard_sd_copd,老版病种-作废类-不再维护 孙朋朋 2021年6月30日,,67,电子病历,,card_id,live_metadata,documented; [review_source_period:from_2025],platform
jhemr,jhcard_sd_cs,老版病种-作废类-不再维护 孙朋朋 2021年6月30日,,86,电子病历,,card_id,live_metadata,documented; [review_source_period:from_2025],platform
jhemr,jhcard_sd_delete_reason,老版病种-作废类-不再维护 孙朋朋 2021年6月30日,,37,电子病历,,card_id,live_metadata,documented; [review_source_period:from_2025],platform
jhemr,jhcard_sd_dict,老版病种-作废类-不再维护 孙朋朋 2021年6月30日,,7,电子病历,,"item_code,item_class",live_metadata,documented; [review_source_period:from_2025],platform
jhemr,jhcard_sd_explain_dict,老版病种-作废类-不再维护 孙朋朋 2021年6月30日,,3,电子病历,,"explain_class,id",live_metadata,documented; [review_source_period:from_2025],platform
jhemr,jhcard_sd_export_configure,老版病种-作废类-不再维护 孙朋朋 2021年6月30日,,7,电子病历,,"field_name,caption,column_order,singleill_code",live_metadata,documented; [review_source_period:from_2025],platform
jhemr,jhcard_sd_hf,老版病种-作废类-不再维护 孙朋朋 2021年6月30日,,88,电子病历,,card_id,live_metadata,documented; [review_source_period:from_2025],platform
jhemr,jhcard_sd_master_index,老版病种-作废类-不再维护 孙朋朋 2021年6月30日,,35,电子病历,,card_id,live_metadata,documented; [review_source_period:from_2025],platform
jhemr,jhcard_sd_pneumonia,老版病种-作废类-不再维护 孙朋朋 2021年6月30日,,85,电子病历,,card_id,live_metadata,documented; [review_source_period:from_2025],platform
jhemr,jhcard_sd_ppodvt,老版病种-作废类-不再维护 孙朋朋 2021年6月30日,,69,电子病历,,card_id,live_metadata,documented; [review_source_period:from_2025],platform
jhemr,jhcard_sd_ppoi,老版病种-作废类-不再维护 孙朋朋 2021年6月30日,,49,电子病历,,card_id,live_metadata,documented; [review_source_period:from_2025],platform
jhemr,jhcard_sd_query_config,老版病种-作废类-不再维护 孙朋朋 2021年6月30日,,7,电子病历,,sn,live_metadata,[review_source_period:from_2025],platform
jhemr,jhcard_sd_score,老版病种-作废类-不再维护 孙朋朋 2021年6月30日,,6,电子病历,,"class_name,item_id",live_metadata,documented; [review_source_period:from_2025],platform
jhemr,jhcard_sd_singledis_detial,老版病种-作废类-不再维护 孙朋朋 2021年6月30日,,7,电子病历,,"singlediseases_code,singlediagnosis_code,diagnosis_code",live_metadata,documented; [review_source_period:from_2025],platform
jhemr,jhcard_sd_singledisease_dept,老版病种-作废类-不再维护 孙朋朋 2021年6月30日,,5,电子病历,,"singlediseases_code,dept_code,hospital_no",live_metadata,documented; [review_source_period:from_2025],platform
jhemr,jhcard_sd_singlediseases,老版病种-作废类-不再维护 孙朋朋 2021年6月30日,,5,电子病历,,singlediseases_code,live_metadata,documented; [review_source_period:from_2025],platform
jhemr,jhcard_sd_singleill_reason,老版病种-作废类-不再维护 孙朋朋 2021年6月30日,,4,电子病历,,"patient_id,visit_id,singleill_code",live_metadata,documented; [review_source_period:from_2025],platform
jhemr,jhcard_sd_singlereason_dict,老版病种-作废类-不再维护 孙朋朋 2021年6月30日,,5,电子病历,,"singlediseases_name,singlediseases_code,fixed_reason_code",live_metadata,documented; [review_source_period:from_2025],platform
jhemr,jhcard_sd_stk,老版病种-作废类-不再维护 孙朋朋 2021年6月30日,,157,电子病历,,card_id,live_metadata,documented; [review_source_period:from_2025],platform
jhemr,jhcard_sd_vs_dict,老版病种-作废类-不再维护 孙朋朋 2021年6月30日,,6,电子病历,,"item_class,local_code,standard_code",live_metadata,[review_source_period:from_2025],platform
jhemr,jhcdr_emr_form_data_element,FORM窗体门诊打散保存文书数据表,,11,电子病历,,"patient_id,visit_id,file_unique_id,de_code",live_metadata,[review_source_period:from_2025],platform
jhemr,jhcdr_inpat_vital_signs,老版护理-业务类-体温单数据（含新生儿）,,13,电子病历,,"patient_id,visit_id,baby_no,hospital_no,time_point,recording_date,vital_signs",live_metadata,documented; [review_source_period:from_2025],platform
jhemr,jhcdr_interface_tree_module,接口同步-配置类-接口配置,,5,电子病历,,"tree_code,parent_code",live_metadata,documented; [review_source_period:from_2025],platform
jhemr,jhcdr_lab_report_0328,,,40,电子病历,,,live_metadata,[review_source_period:from_2025],platform
jhemr,jhcdr_lab_report_microbe_0328,,,16,电子病历,,,live_metadata,[review_source_period:from_2025],platform
jhemr,jhcdr_local_order_type_vs_de,质控管理-映射类-医嘱类别与数据元对照,,3,电子病历,,"order_type_code,de_code,hospital_no",live_metadata,documented; [review_source_period:from_2025],platform
jhemr,jhcdr_monitor_order_temp,质控-业务类-质控医嘱临时表(解决触发质控错误),,10,电子病历,,"patient_id,visit_id,hospital_no,dept_code,source_system_identity",live_metadata,documented; [review_source_period:from_2025],platform
jhemr,jhcdr_operation,,,45,电子病历,,"narcosis_no,hospital_no",live_metadata,documented; [review_source_period:from_2025],platform
jhemr,jhcdr_syn_client_config,接口同步-配置类-同步客户端显示配置,,10,电子病历,,"code,hospital_no,type,outp_or_inp",live_metadata,documented; [review_source_period:from_2025],platform
jhemr,jhcdr_syn_service_config,接口同步-配置类-同步服务配置,,9,电子病历,,"hospital_no,type_code,item_code,outp_or_inp,item_no",live_metadata,documented; [review_source_period:from_2025],platform
jhemr,jhcgcard_aids_content,上报卡管理-业务类-艾滋病报卡,,40,电子病历,,card_id,live_metadata,documented; [review_source_period:from_2025],platform
jhemr,jhcgcard_back_card_log,上报卡管理-日志类-退卡记录,,7,电子病历,,"card_id,card_no",live_metadata,documented; [review_source_period:from_2025],platform
jhemr,jhcgcard_card_type,上报卡管理-字典类-上报卡类型字典表,,4,电子病历,,"card_type,hospital_no",live_metadata,documented; [review_source_period:from_2025],platform
jhemr,jhcgcard_ccv_content,上报卡管理-业务类-心脑血管报卡内容（哈尔滨二院）,,37,电子病历,,"patient_id,visit_id,num",live_metadata,documented; [review_source_period:from_2025],platform
jhemr,jhcgcard_chronic_card,上报卡管理-业务类-宜兴慢性病传染上报卡,,65,电子病历,,"patient_id,visit_id,num",live_metadata,documented; [review_source_period:from_2025],platform
jhemr,jhcgcard_death_card,上报卡管理-业务类-宜兴市人民医院住院死亡上报卡,,61,电子病历,,"patient_id,visit_id,num",live_metadata,documented; [review_source_period:from_2025],platform
jhemr,jhcgcard_diag_card,上报卡管理-映射类-上报卡的诊断与winform版上报卡关联,,4,电子病历,,"diagnosis_code,hospital_no,card_type",live_metadata,documented; [review_source_period:from_2025],platform
jhemr,jhcgcard_disease_diagtype,上报卡管理-配置类-上报卡自定义配置,,5,电子病历,,"disease_code,tips,hospital_no,diag_type",live_metadata,documented; [review_source_period:from_2025],platform
jhemr,jhcgcard_disease_name,上报卡管理-配置类-疾病名称索引表,,5,电子病历,,disease_code,live_metadata,documented; [review_source_period:from_2025],platform
jhemr,jhcgcard_drc_content,上报卡管理-业务类-关联性病例监测卡,,23,电子病历,,card_id,live_metadata,documented; [review_source_period:from_2025],platform
jhemr,jhcgcard_file_index,"上报卡管理- 业务类-winfrom传染上报卡索引表
",,25,电子病历,,"patient_id,visit_id,card_id",live_metadata,documented; [review_source_period:from_2025],platform
jhemr,jhcgcard_file_oper_log,上报卡管理-日志类-winFORM报卡操作日志,,9,电子病历,,"card_id,user_id,modify_date_time",live_metadata,[review_source_period:from_2025],platform
jhemr,jhcgcard_foodborne_content,上报卡管理-业务类-食源性疾病报卡,,55,电子病历,,card_id,live_metadata,[review_source_period:from_2025],platform
jhemr,jhcgcard_foodborne_info,上报卡管理-业务类-食源性上报卡食品信息,,27,电子病历,,"card_id,no",live_metadata,[review_source_period:from_2025],platform
jhemr,jhcgcard_foodborne_sample,上报卡管理-业务类-食源性上报卡样本,,10,电子病历,,"card_id,no",live_metadata,[review_source_period:from_2025],platform
jhemr,jhcgcard_hb_content,上报卡管理-winfrom 窗体版肝炎附卡信息表,,11,电子病历,,card_id,live_metadata,documented; [review_source_period:from_2025],platform
jhemr,jhcgcard_infection_anti_drug,上报卡管理-业务类-winfrom 窗体版抗感染药物敏感试验,,6,电子病历,,"card_id,antibacterial_druy",live_metadata,documented; [review_source_period:from_2025],platform
jhemr,jhcgcard_infection_card,上报卡管理-业务类-winfrom 窗体版院内感染上报卡登记表,,44,电子病历,,card_id,live_metadata,documented; [review_source_period:from_2025],platform
jhemr,jhcgcard_infection_operation,上报卡管理-业务类-院感报卡手术信息,,17,电子病历,,"card_id,operating_date,operation_code",live_metadata,documented; [review_source_period:from_2025],platform
jhemr,jhcgcard_infection_site,上报卡管理-业务类-winfrom 窗体版医院感染病例登记表,,5,电子病历,,card_id,live_metadata,documented; [review_source_period:from_2025],platform
jhemr,jhcgcard_main_content,上报卡管理-业务类-winfrom 窗体版感染上报内容信息表,,46,电子病历,,card_id,live_metadata,documented; [review_source_period:from_2025],platform
jhemr,jhcgcard_med_diag_vs_card,上报卡管理-业务类- 下传染诊断不填上报卡原因存储,,11,电子病历,,"visit_id,diagnosis_code,card_type,patient_id,hospital_no",live_metadata,documented; [review_source_period:from_2025],platform
jhemr,jhcgcard_report_data,上报卡管理-业务类-winform流感报告信息表,,13,电子病历,,"report_date,report_dept,hospital_no",live_metadata,documented; [review_source_period:from_2025],platform
jhemr,jhcgcard_sex_content,上报卡管理-业务类-winform性病附卡,,97,电子病历,,card_id,live_metadata,documented; [review_source_period:from_2025],platform
jhemr,jhcgcard_tb_content,上报卡管理-业务类-winform肺结核附卡信息表,,24,电子病历,,card_id,live_metadata,documented; [review_source_period:from_2025],platform
jhemr,jhcgcard_venereal_content,上报卡管理-业务类-性病附卡（三明）,,85,电子病历,,card_id,live_metadata,[review_source_period:from_2025],platform
jhemr,jhclinics_preview,病历文书-业务类-诊疗预览,,10,电子病历,,"patient_id,de_code",live_metadata,documented; [review_source_period:from_2025],platform
jhemr,jhcon_defect_control,质控管理-医务类-病历质量事中控制-缺陷控制表,,6,电子病历,,type_id,live_metadata,[review_source_period:from_2025],platform
jhemr,jhcon_diagnosis_control,质控管理-业务类-诊断质量事中控制,,5,电子病历,,type_id,live_metadata,[review_source_period:from_2025],platform
jhemr,jhconfig_action,API接口方法表,,8,电子病历,,"api_code,action_code",live_metadata,[review_source_period:from_2025],platform
jhemr,jhconfig_action_result, API接口方法返回结果表,,7,电子病历,,"patient_id,visit_id,api_code,action_code,action_result_code,action_return_code",live_metadata,[review_source_period:from_2025],platform
jhemr,jhconfig_action_return,API接口方法返回字段信息表,,9,电子病历,,"api_code,action_code,action_return_code",live_metadata,[review_source_period:from_2025],platform
jhemr,jhconfig_api,API信息主表,,10,电子病历,,,live_metadata,[review_source_period:from_2025],platform
jhemr,jhconfig_webservice_invoke,病案首页-配置类-首页调用webservice,,12,电子病历,,"id,hospital_no",live_metadata,[review_source_period:from_2025],platform
jhemr,jhcon_lack_control,质控管理-业务类-病历质量事中控制-缺写控制表,,9,电子病历,,type_id,live_metadata,[review_source_period:from_2025],platform
jhemr,jhcon_patientcontent_control,患者列表内容事中控制,,5,电子病历,,,live_metadata,[review_source_period:from_2025],platform
jhemr,jhcon_patientcontent_data,患者列表内容质控表,,4,电子病历,,,live_metadata,[review_source_period:from_2025],platform
jhemr,jhcon_state_control,质控管理-业务类-病历质量事中控制-状态控制表,,10,电子病历,,"type_id,type_note",live_metadata,[review_source_period:from_2025],platform
jhemr,jhcriticalvalues,危急值管理-业务类-危机值确认记录,,31,电子病历,,criticalvalues_no,live_metadata,documented; [review_source_period:from_2025],platform
jhemr,jhcriticalvalues_msg,危急值管理-业务类-危机值未处理记录,,16,电子病历,,,live_metadata,[review_source_period:from_2025],platform
jhemr,jhcriticalvalues_user,危急值管理-业务类-用户消息数,,1,电子病历,,,live_metadata,[review_source_period:from_2025],platform
jhemr,jhdata_elementsource,病历文书-配置类-元素模板提取配置表,,9,电子病历,,id,live_metadata,[review_source_period:from_2025],platform
jhemr,jhdead_cerno,死亡证明-字典类-死亡证明号段维护,,9,电子病历,,"year,cerno_type",live_metadata,[review_source_period:from_2025],platform
jhemr,jhdead_cerno_patient,死亡证明-配置类-患者对应国家号,,6,电子病历,,patient_cerid,live_metadata,[review_source_period:from_2025],platform
jhemr,jhdead_certificate,死亡证明-业务类-死亡证明书,,42,电子病历,,cerid,live_metadata,[review_source_period:from_2025],platform
jhemr,jhdead_certificate_operate,死亡证明-业务类-死亡医学证明操作表（死亡患者信息）,,56,电子病历,,operate_id,live_metadata,[review_source_period:from_2025],platform
jhemr,jhdead_dict,死亡证明书字典,,6,电子病历,,dict_id,live_metadata,[review_source_period:from_2025],platform
jhemr,jhdead_dict_type,死亡证明-字典类-死亡字典类型表,,2,电子病历,,dict_type_id,live_metadata,[review_source_period:from_2025],platform
jhemr,jhdead_reprint,死亡证明-业务类-死亡证明书补打记录,,16,电子病历,,reprint_id,live_metadata,[review_source_period:from_2025],platform
jhemr,jhdead_setting,死亡证明-配置类-死亡证明设置表,,5,电子病历,,name,live_metadata,[review_source_period:from_2025],platform
jhemr,jhdg_enter_criterion,疾病分组-映射类-入组标准诊断手术关联疾病分组,,7,电子病历,,"dg_code,dg_sub_code,diag_oper_code,diag_oper_name",live_metadata,documented; [review_source_period:from_2025],platform
jhemr,jhdg_extended_prop_class,疾病分组-字典类-疾病分组扩展属性,,3,电子病历,,dg_ext_prop_code,live_metadata,documented; [review_source_period:from_2025],platform
jhemr,jhdg_extended_prop_details,疾病分组-业务类-扩展属性详细表,,9,电子病历,,"serial_no,dg_ext_prop_code",live_metadata,documented; [review_source_period:from_2025],platform
jhemr,jhdg_extended_prop_items,疾病分组-映射类-疾病分组与扩展属性映射表,,8,电子病历,,"dg_code,dg_sub_code,dg_ext_prop_code,map_item_code",live_metadata,documented; [review_source_period:from_2025],platform
jhemr,jhdg_hos_bzcontrast,诊断手术-映射类-院内诊断对应标准诊断字典表 ,,9,电子病历,,"id,hos_diagcode,hos_diagdesc",live_metadata,[review_source_period:from_2025],platform
jhemr,jhdg_hos_icdcontrast,诊断手术-映射类-院内手术对应ICD字典表 ,,11,电子病历,,"id,hos_opercode,hos_opername",live_metadata,documented; [review_source_period:from_2025],platform
jhemr,jhdg_key_indicators,疾病分组-映射类-疾病关键指标,,11,电子病历,,"dg_code,dg_sub_code,indicator_code",live_metadata,documented; [review_source_period:from_2025],platform
jhemr,jhdg_know_diaope_set,疾病分组-作废类-诊断手术表  ,,5,电子病历,,,live_metadata,documented; [review_source_period:from_2025],platform
jhemr,jhdg_know_key_index,疾病分组-作废类-诊断关键指标表,,10,电子病历,,,live_metadata,documented; [review_source_period:from_2025],platform
jhemr,jhdg_know_main_orders,疾病分组-作废类-诊断常用医嘱表 ,,5,电子病历,,,live_metadata,documented; [review_source_period:from_2025],platform
jhemr,jhdg_know_ops_dangerindex,疾病分组-作废类-手术风险指标表,,13,电子病历,,,live_metadata,documented; [review_source_period:from_2025],platform
jhemr,jhdg_master_index,疾病分组-业务类-同类疾病分组主索引,,16,电子病历,,"dg_code,dg_sub_code",live_metadata,documented; [review_source_period:from_2025],platform
jhemr,jhdg_nursing_plan,疾病分组-业务类-护理计划,,12,电子病历,,"dg_code,dg_sub_code,plan_code",live_metadata,documented; [review_source_period:from_2025],platform
jhemr,jhdg_problem_list,疾病分组-业务类-常见问题列表,,6,电子病历,,"dg_code,dg_sub_code,problem_code",live_metadata,documented; [review_source_period:from_2025],platform
jhemr,jhdg_treatment_plan,疾病分组-业务类-诊疗计划,,7,电子病历,,"dg_code,dg_sub_code,plan_code",live_metadata,documented; [review_source_period:from_2025],platform
jhemr,jhdg_vs_druglist,疾病分组-映射类-疾病与数据元关联,,6,电子病历,,"dg_code,dg_sub_code,de_code",live_metadata,documented; [review_source_period:from_2025],platform
jhemr,jhdict_clinic_vs_dept,配置管理-映射类-科室临床诊断映射表2012.06.07陈联忠,,3,电子病历,,"dept_code,hospital_no,serial_no",live_metadata,documented; [review_source_period:from_2025],platform
jhemr,jhdict_icd_vs_clinic,配置管理-映射类-ICD诊断和临床诊断映射 2012.06.07陈联忠,,10,电子病历,,serial_no,live_metadata,documented; [review_source_period:from_2025],platform
jhemr,jhdict_items,系统字典-字典类-输入法字典项目表,,6,电子病历,,dict_code,live_metadata,documented; [review_source_period:from_2025],platform
jhemr,jhdict_master_index,系统字典-字典类-输入法字典索引表,,6,电子病历,,dict_table,live_metadata,documented; [review_source_period:from_2025],platform
jhemr,jhdict_operation_vs_clinic,配置管理-映射类-ICD手术和临床手术对照表,,10,电子病历,,serial_no,live_metadata,[review_source_period:from_2025],platform
jhemr,jh_doctor_shift_del_bjkq,医生交接班-业务类-北京口腔医院交接班删除记录,,22,电子病历,,,live_metadata,[review_source_period:from_2025],platform
jhemr,jh_doctor_shift_record,医生交接班-业务类-医师交接班记录表,,18,电子病历,,id,live_metadata,documented; [review_source_period:from_2025],platform
jhemr,jh_doctor_shift_record_bjkq,医生交接班-业务类-北京口腔医院交接班记录,,20,电子病历,,id,live_metadata,[review_source_period:from_2025],platform
jhemr,jh_doctor_shift_record_del,医生交接班-业务类-医师交接班删除记录,,20,电子病历,,"record_date,pat_type,shift_class,patient_id,visit_id,bed_label,del_date_time",live_metadata,documented; [review_source_period:from_2025],platform
jhemr,jh_doctor_title,,,23,电子病历,,"title_dept_code,title_date",live_metadata,[review_source_period:from_2025],platform
jhemr,jhdoctorvsoperationdict,病案首页-映射类-人员对应手术编码字典 ,,6,电子病历,,"id,doctor_id",live_metadata,documented; [review_source_period:from_2025],platform
jhemr,jhdoctorvsoperationlevel,病案首页-映射类-人员对应手术级别字典 ,,6,电子病历,,"id,doctor_id",live_metadata,[review_source_period:from_2025],platform
jhemr,jhdoct_transfer_record,医生交接班-业务类-黄石市中心医院医师交接班,,16,电子病历,,"patient_id,visit_id,shift_date_time,dept_code",live_metadata,[review_source_period:from_2025],platform
jhemr,jhdr_basic_dict,HQMS上报-字典类-数据元值域代码表 国标,,5,电子病历,,"dict_class,field_value,field_name",live_metadata,documented; [review_source_period:from_2025],platform
jhemr,jhdr_basic_dict_level,HQMS上报-映射类-值域,,5,电子病历,,"dict_class,field_value",live_metadata,[review_source_period:from_2025],platform
jhemr,jhdr_log,HQMS上报-日志类-HQMS上报日志,,19,电子病历,,token,live_metadata,documented; [review_source_period:from_2025],platform
jhemr,jhdr_rc020_icd_bj,HQMS上报-字典类-北京版RC20-ICD-10诊断编码,,3,电子病历,,"diagnosis_code,diagnosis_name",live_metadata,documented; [review_source_period:from_2025],platform
jhemr,jhdr_rc020_icd_qg,HQMS上报-字典类-全国版RC20-ICD-10诊断编码,,3,电子病历,,"diagnosis_code,diagnosis_name",live_metadata,documented; [review_source_period:from_2025],platform
jhemr,jhdr_rc021_icd_bj,HQMS上报-字典类-北京版RC021-ICD-10形态学编码,,5,电子病历,,"item_name,item_code",live_metadata,documented; [review_source_period:from_2025],platform
jhemr,jhdr_rc021_icd_qg,HQMS上报-字典类-全国版RC021-ICD-10形态学编码,,3,电子病历,,"morphology_code,morphology_name",live_metadata,documented; [review_source_period:from_2025],platform
jhemr,jhdr_rc021_vs_icd,HQMS上报-映射类-院内病理和标准病理字典对照表,,6,电子病历,,"hospital_morphology,standard_morphology",live_metadata,documented; [review_source_period:from_2025],platform
jhemr,jhdr_rc022_icd_9_norm,HQMS上报-字典类-全国版标准手术编码,,4,电子病历,,"operation_code,operation_name",live_metadata,documented; [review_source_period:from_2025],platform
jhemr,jhdr_temp,HQMS上报-业务类-转换后标准数据,,346,电子病历,,"p2,p3",live_metadata,documented; [review_source_period:from_2025],platform
jhemr,jhdr_temp_date,HQMS上报-业务类-标准数据上传日期,,7,电子病历,,"patient_id,visit_id",live_metadata,documented; [review_source_period:from_2025],platform
jhemr,jhdr_vs_dept,HQMS上报-映射类-院内科室编码与上报标准科室编码对照,,5,电子病历,,"dept_code_hqms,dept_code_hospital",live_metadata,documented; [review_source_period:from_2025],platform
jhemr,jhdr_vs_diagnosis,HQMS上报-映射类-院内诊断与标准诊断映射,,5,电子病历,,"diagnosis_code_hospital,diagnosis_code_hqms",live_metadata,documented; [review_source_period:from_2025],platform
jhemr,jhdr_vs_dict,HQMS上报-映射类-本地字典与上报标准字典映射,,4,电子病历,,"local_code,hqms_item_code,hqms_vs_type",live_metadata,documented; [review_source_period:from_2025],platform
jhemr,jhdr_vs_operation,HQMS上报-映射类-院内手术与标准手术映射,,5,电子病历,,"operation_code_hqms,operation_code_hospital",live_metadata,documented; [review_source_period:from_2025],platform
jhemr,jhdsis_anesthesia_approve_log,麻醉审核日志,,8,电子病历,,guid,live_metadata,[review_source_period:from_2025],platform
jhemr,jhdsis_anesthesia_flag_dict,日间手术麻醉字典,,3,电子病历,,anes_flag_code,live_metadata,[review_source_period:from_2025],platform
jhemr,jhdsis_approve_record,日间手术审核记录,,7,电子病历,,"hospital_no,operation_apply_no",live_metadata,[review_source_period:from_2025],platform
jhemr,jhdsis_basic_project,准入基本项目,,8,电子病历,,"hospital_no,disease_code,operation_stage,project_code",live_metadata,[review_source_period:from_2025],platform
jhemr,jhdsis_bring_oper_apply,纳入日间手术申请,,10,电子病历,,"patient_id,hospital_no,visit_id",live_metadata,[review_source_period:from_2025],platform
jhemr,jhdsis_disease_dict,手术病种字典表,,7,电子病历,,"hospital_no,disease_code",live_metadata,[review_source_period:from_2025],platform
jhemr,jhdsis_disease_factortype_dict,日间手术取消或爽约因素,,4,电子病历,,"reason_type_code,hospital_no",live_metadata,[review_source_period:from_2025],platform
jhemr,jhdsis_disease_reason_dict,日间手术 取消原因字典,,8,电子病历,,"reason_code,hospital_no",live_metadata,[review_source_period:from_2025],platform
jhemr,jhdsis_disease_type_dict,日间手术病种分类表,,4,电子病历,,,live_metadata,[review_source_period:from_2025],platform
jhemr,jhdsis_exclude_diag,排除诊断标识,,6,电子病历,,"hospital_no,disease_code,exclude_diags_code",live_metadata,[review_source_period:from_2025],platform
jhemr,jhdsis_inform_recore,日间手术患者通知记录表,,9,电子病历,,guid,live_metadata,[review_source_period:from_2025],platform
jhemr,jhdsis_operation_status_log,日间手术完成状态操作日志表,,9,电子病历,,guid,live_metadata,[review_source_period:from_2025],platform
jhemr,jhdsis_operator_approve_log,日间手术主刀医师审批日志表,,8,电子病历,,guid,live_metadata,[review_source_period:from_2025],platform
jhemr,jhdsis_oper_specification,日间手术操作规范,,14,电子病历,,"hospital_no,disease_code",live_metadata,[review_source_period:from_2025],platform
jhemr,jhdsis_permid_dept,准入科室表,,6,电子病历,,"disease_code,hospital_no,dept_code",live_metadata,[review_source_period:from_2025],platform
jhemr,jhdsis_permid_dept_log,准入科室操作日志表,,9,电子病历,,guid,live_metadata,[review_source_period:from_2025],platform
jhemr,jhdsis_permid_diag,准入诊断表,,6,电子病历,,"hospital_no,disease_code,diagnosis_code",live_metadata,[review_source_period:from_2025],platform
jhemr,jhdsis_permid_diag_log,准入诊断操作日志表,,9,电子病历,,guid,live_metadata,[review_source_period:from_2025],platform
jhemr,jhdsis_permid_operation,准入手术表,,6,电子病历,,"hospital_no,disease_code,operation_code",live_metadata,[review_source_period:from_2025],platform
jhemr,jhdsis_permid_operation_log,准入手术操作日志表,,9,电子病历,,guid,live_metadata,[review_source_period:from_2025],platform
jhemr,jhdsis_permid_patient,准入患者信息,,5,电子病历,,"hospital_no,disease_code",live_metadata,[review_source_period:from_2025],platform
jhemr,jhdsis_permid_user,准入主刀医师,,6,电子病历,,"hospital_no,disease_code,operation_user_id",live_metadata,[review_source_period:from_2025],platform
jhemr,jhdsis_permid_user_log,准入医师操作日志表,,9,电子病历,,guid,live_metadata,[review_source_period:from_2025],platform
jhemr,jhdsis_project_dict,基本项目字典,,6,电子病历,,"hospital_no,project_code",live_metadata,[review_source_period:from_2025],platform
jhemr,jhdsis_push_appoint_log,日间手术推送手术申请日志表,,7,电子病历,,guid,live_metadata,[review_source_period:from_2025],platform
jhemr,jhdsis_register_appoint,日间手术预约登记表,,72,电子病历,,"register_id,hospital_no",live_metadata,[review_source_period:from_2025],platform
jhemr,jhdsis_register_operation,日间手术预约登记手术表,,10,电子病历,,"hospital_no,register_id,operation_code",live_metadata,[review_source_period:from_2025],platform
jhemr,jhdsis_review_item,日间手术病种复核项目字典表,,5,电子病历,,"hospital_no,disease_code,item_code",live_metadata,[review_source_period:from_2025],platform
jhemr,jhdsis_review_oper_log,日间手术手术复核操作日志表,,8,电子病历,,guid,live_metadata,[review_source_period:from_2025],platform
jhemr,jhdsis_user_apply,日间手术主刀医师资质申请记录,,18,电子病历,,"hospital_no,apply_id",live_metadata,[review_source_period:from_2025],platform
jhemr,jhdsis_user_apply_log,日间手术主刀医师资质申请日志,,9,电子病历,,guid,live_metadata,[review_source_period:from_2025],platform
jhemr,jhemr_assistant_formula,病历助手-计算公式主表,,6,电子病历,,"lable,id",live_metadata,[review_source_period:from_2025],platform
jhemr,jhemr_autofile_queue,,,19,电子病历,,"serial_no,patient_id,visit_id,mr_code",live_metadata,[review_source_period:from_2025],platform
jhemr,jhemr_autofile_queue_dg,,,4,电子病历,,"id,q_no",live_metadata,[review_source_period:from_2025],platform
jhemr,jhemr_autofile_queue_log,,,18,电子病历,,,live_metadata,[review_source_period:from_2025],platform
jhemr,jhemr_autofile_vs_content_dg,,,10,电子病历,,,live_metadata,[review_source_period:from_2025],platform
jhemr,jhemr_disease_name_dict,"字典管理-术语字典表 

配置管理相关表",,6,电子病历,,id,live_metadata,documented; [review_source_period:from_2025],platform
jhemr,jhemr_first_page_check_log,病案首页-业务类-首页复审日志,,9,电子病历,,"patient_id,visit_id,hospital_no,unique_id",live_metadata,[review_source_period:from_2025],platform
jhemr,jhemr_formula_unit,病历助手-计算公式明细表,,5,电子病历,,"assistantformulaid,itemname",live_metadata,[review_source_period:from_2025],platform
jhemr,jhemr_monitor_type,质控管理-质控项目类型表,,12,电子病历,,"code_id,code_name,hospital_no",live_metadata,[review_source_period:from_2025],platform
jhemr,jhemr_qc_diagnose_order,质控管理-诊断质控医嘱,,6,电子病历,,diagnosis_code,live_metadata,[review_source_period:from_2025],platform
jhemr,jhemr_quality_name_dict,字典管理-属性字典表 ,,3,电子病历,,quality_number,live_metadata,documented; [review_source_period:from_2025],platform
jhemr,jhemr_role_menu,病历书写-自定义右键功能,,8,电子病历,,"id,role,app_class_type",live_metadata,[review_source_period:from_2025],platform
jhemr,jhemr_user_qc_rights,质控管理-,,9,电子病历,,"user_id,dept_code",live_metadata,[review_source_period:from_2025],platform
jhemr,jhemr_user_ward_group,用户管理-北医三院病房组管理,,5,电子病历,,,live_metadata,[review_source_period:from_2025],platform
jhemr,jhemr_web_anonymity,,,4,电子病历,,id,live_metadata,[review_source_period:from_2025],platform
jhemr,jhextra_operation_appointse,手术申请主索引表,,71,电子病历,,operation_id,live_metadata,documented; [review_source_period:from_2025],platform
jhemr,jhextra_operation_plan_diag,手术申请管理-手术申请拟诊断编码,,3,电子病历,,"operation_id,diagnosis_id",live_metadata,documented; [review_source_period:from_2025],platform
jhemr,jhextra_operation_plan_oper,手术申请管理-手术申请拟手术编码,,22,电子病历,,"operation_id,operation_code",live_metadata,documented; [review_source_period:from_2025],platform
jhemr,jhextra_operation_surgery,手术申请管理-手术申请—术者，助手,,4,电子病历,,"operation_id,user_id,role_id",live_metadata,documented; [review_source_period:from_2025],platform
jhemr,jhextra_qxt_baby,生长曲线-中国0-3岁儿童曲线图,,11,电子病历,,"patient_id,visit_id,hospital_no,recorddatetime",live_metadata,documented; [review_source_period:from_2025],platform
jhemr,jhextra_qxt_children,生长曲线-中国2-18岁儿童生长曲线,,15,电子病历,,"patient_id,visit_id,hospital_no,nianling",live_metadata,documented; [review_source_period:from_2025],platform
jhemr,jhextra_qxt_preterm,生长曲线-中国胎儿生长曲线,,11,电子病历,,"patient_id,visit_id,hospital_no,nianling",live_metadata,documented; [review_source_period:from_2025],platform
jhemr,jhextra_qxt_settings,生长曲线-生长曲线图的模板对应表,,3,电子病历,,id,live_metadata,documented; [review_source_period:from_2025],platform
jhemr,jhinpat_diagnose_group,疾病管理-患者诊断分组记录 2012.06.12  陈联忠,,10,电子病历,,"patient_id,visit_id,diagnosis_type,diagnosis_no,diagnosis_date,hospital_no",live_metadata,documented; [review_source_period:from_2025],platform
jhemr,jhinpat_doctor_diag_path,患者病房流转记录,,14,电子病历,,"patient_id,visit_id,diagnosis_type,diagnosis_no,hospital_no",live_metadata,documented; [review_source_period:from_2025],platform
jhemr,jhinpat_grade_detail,质控管理.病历质量-评分计算明细,,8,电子病历,,"patient_id,visit_id,error_code,dept_code,score_date,hospital_no",live_metadata,documented; [review_source_period:from_2025],platform
jhemr,jhinpat_grade_detail_history,质控管理.病历质量-评分计算明细,,8,电子病历,,"patient_id,visit_id,error_code,dept_code,score_date",live_metadata,documented; [review_source_period:from_2025],platform
jhemr,jhinpat_grade_master,质控管理.病历质量-评分计算日志,,16,电子病历,,"patient_id,visit_id,hospital_no,score_date,dept_code",live_metadata,documented; [review_source_period:from_2025],platform
jhemr,jhinpat_grade_master_history,质控管理.病历质量-评分计算日志主,,16,电子病历,,"patient_id,visit_id,hospital_no,score_date,dept_code",live_metadata,documented; [review_source_period:from_2025],platform
jhemr,jhinpat_maintain_apply,病案返修-业务类-文档维护申请表,,17,电子病历,,"patient_id,visit_id,hospital_no,maintain_apply_time",live_metadata,documented; [review_source_period:from_2025],platform
jhemr,jhinpat_monitorcompute_log,质控管理-质控和评分计算日志,,8,电子病历,,"com_start_time,hospital_no,compute_item",live_metadata,documented; [review_source_period:from_2025],platform
jhemr,jhinpat_mr_grading_class,质控管理-病案评分类别字典,,5,电子病历,,grading_class_code,live_metadata,documented; [review_source_period:from_2025],platform
jhemr,jhinpat_mr_grading_class_other,质控管理-病案首页评分类别字典,,4,电子病历,,grading_class_code,live_metadata,[review_source_period:from_2025],platform
jhemr,jhinpat_mr_grading_items,质控管理-病案评分明细,,14,电子病历,,"grading_class_code,grading_item_code",live_metadata,documented; [review_source_period:from_2025],platform
jhemr,jhinpat_mr_grading_vs_tclass,质控管理-病案评分类别关联模板国标临床文档基础代码,,2,电子病历,,"grading_class_code,mr_class_code",live_metadata,documented; [review_source_period:from_2025],platform
jhemr,jhinpat_mr_monitor_items,质控管理-字典类-病案自动质控项目字典,,16,电子病历,,monitor_item_code,live_metadata,documented; [review_source_period:from_2025],platform
jhemr,jhinpat_mr_monitor_log,质控管理-住院病历文书自动质控归档,,19,电子病历,,"patient_id,visit_id,hospital_no,enter_date,monitor_item_code",live_metadata,documented; [review_source_period:from_2025],platform
jhemr,jhinpat_mr_monitor_mrcommit,质控管理-病历提交触发质控规则表,,8,电子病历,,"monitor_code,action_monitor_code",live_metadata,documented; [review_source_period:from_2025],platform
jhemr,jhinpat_mr_monitor_order,质控管理-自动质控触发医嘱,,7,电子病历,,"monitor_item_code,order_code,hospital_no,create_date_time",live_metadata,documented; [review_source_period:from_2025],platform
jhemr,jhinpat_mr_monitor_vs_item,质控管理-质控监控代码对照表,,2,电子病历,,"monitor_item_code,relate_item_code",live_metadata,documented; [review_source_period:from_2025],platform
jhemr,jhinpat_mr_on_line,质控管理-病历在线记录2012.07.03陈联忠,,12,电子病历,,"patient_id,visit_id,dept_code,doctor_or_nurser_flag,request_date_time,hospital_no",live_metadata,documented; [review_source_period:from_2025],platform
jhemr,jhinpat_mr_on_line_log,质控管理-病历在线记录日志,,14,电子病历,,"patient_id,visit_id,request_date_time,dept_code,doctor_or_nurser_flag,hospital_no,log_date_time",live_metadata,documented; [review_source_period:from_2025],platform
jhemr,jhinpat_nurse_diag_path,患者病房流转记录?？,,14,电子病历,,"patient_id,visit_id,diagnosis_type,diagnosis_no,hospital_no",live_metadata,documented; [review_source_period:from_2025],platform
jhemr,jhinpat_pat_visit_relation,患者诊疗关联记录（如生殖与移植等）,,5,电子病历,,"patient_id,visit_id,hospital_no,related_patient_id,related_visit_id",live_metadata,documented; [review_source_period:from_2025],platform
jhemr,jhinpat_remind_item_dict,住院医疗日常提醒项目字典,,3,电子病历,,remind_item_code,live_metadata,documented; [review_source_period:from_2025],platform
jhemr,jhinpat_scale_score,评分表,,6,电子病历,,"patient_id,visit_id,score_date_time,scalescore_code,baby_no",live_metadata,documented; [review_source_period:from_2025],platform
jhemr,jhinpat_scale_score_items,评分项目明细,,8,电子病历,,"patient_id,visit_id,score_date_time,scalescore_code,baby_no,de_code,cv_value",live_metadata,documented; [review_source_period:from_2025],platform
jhemr,jhinpat_synchronous_log,接口同步-日志类-数据源数据同步日志,,6,电子病历,,"syn_start_time,data_source,hospital_no",live_metadata,documented; [review_source_period:from_2025],platform
jhemr,jhinpattemperature_config,体温单相关,,8,电子病历,,"baby_flag,dept_code",live_metadata,[review_source_period:from_2025],platform
jhemr,jhkbs_diagnosis_basis,疾病分组-业务类-诊断依据表,,13,电子病历,,"dg_code,dg_sub_code,diagnosis_basis_name,id,hospital_no",live_metadata,documented; [review_source_period:from_2025],platform
jhemr,jhkbs_diff_diagnosis,疾病分组-业务类-鉴别诊断,,13,电子病历,,"dg_code,dg_sub_code,diagnosis_code,id,hospital_no",live_metadata,documented; [review_source_period:from_2025],platform
jhemr,jhkbs_manipulate_records,疾病分组-日志类-操作记录表,,14,电子病历,,"dg_code,dg_sub_code,manipulate_code,id,hospital_no",live_metadata,documented; [review_source_period:from_2025],platform
jhemr,jhkbs_nurse_records,疾病分组-业务类-护理记录知识库,,13,电子病历,,"serial_no,hospital_no",live_metadata,documented; [review_source_period:from_2025],platform
jhemr,jhkbs_operation_records,疾病分组-业务类-手术记录 ,,14,电子病历,,"dg_code,dg_sub_code,operation_code,id,hospital_no",live_metadata,documented; [review_source_period:from_2025],platform
jhemr,jhkbs_scalescore_index,疾病分组-业务类-量表评分索引,,4,电子病历,,scalescore_code,live_metadata,documented; [review_source_period:from_2025],platform
jhemr,jhkbs_specification_class,知识库-业务类-知识库类别,,2,电子病历,,kbs_spec_class_code,live_metadata,documented; [review_source_period:from_2025],platform
jhemr,jhkbs_specification_content,知识库-业务类-知识库内容明细,,3,电子病历,,"kbs_spec_class_code,item_id",live_metadata,documented; [review_source_period:from_2025],platform
jhemr,jhkbs_specification_index,知识库-业务类-知识库索引表,,6,电子病历,,"kbs_spec_class_code,item_id",live_metadata,documented; [review_source_period:from_2025],platform
jhemr,jhlog_exception,日志管理-业务类-系统全局异常日志,,14,电子病历,,"serial_no,hospital_no",live_metadata,documented; [review_source_period:from_2025],platform
jhemr,jhlog_login,日志管理-业务类-登录日志,,12,电子病历,,"user_id,hospital_no,sys_code",live_metadata,documented; [review_source_period:from_2025],platform
jhemr,jhlog_login_detail,日志管理-业务类-登录日志明细,,11,电子病历,,"user_id,login_time,hospital_no,logts",live_metadata,documented; [review_source_period:from_2025],platform
jhemr,jhlog_login_detail_log,运维管理-日志类-用户登录日志明细,,12,电子病历,,log_id,live_metadata,[review_source_period:from_2025],platform
jhemr,jhlog_mr_borrow_view,病案借阅-日志类-操作借阅日志(功能模块),,11,电子病历,,"serial_no,hospital_no",live_metadata,[review_source_period:from_2025],platform
jhemr,jhlog_operate_data,数据集管理-日志类-数据集数据组数据元操作日志,,10,电子病历,,"serial_no,hospital_no",live_metadata,documented; [review_source_period:from_2025],platform
jhemr,jhlog_operate_function,日志管理-业务类-操作日志(功能模块),,9,电子病历,,"serial_no,hospital_no",live_metadata,documented; [review_source_period:from_2025],platform
jhemr,jhlog_operation_file,病历操作日志,,19,电子病历,,"file_unique_id,operation_user_id,operation_date",live_metadata,[review_source_period:from_2025],platform
jhemr,jhlog_service_call,日志管理-业务类-服务调用日志,,7,电子病历,,event_id,live_metadata,documented; [review_source_period:from_2025],platform
jhemr,jhlog_tree_module,数据集管理-字典类-维护日志中节点名称字典,,4,电子病历,,tree_code,live_metadata,documented; [review_source_period:from_2025],platform
jhemr,jhlog_updatepro,程序更新记录主表,,6,电子病历,,log_id,live_metadata,[review_source_period:from_2025],platform
jhemr,jhlog_updatepro_detail,程序更新明细表,,9,电子病历,,log_id,live_metadata,[review_source_period:from_2025],platform
jhemr,jhlog_updatepro_detail_log,更新明细的历次记录,,9,电子病历,,log_id,live_metadata,[review_source_period:from_2025],platform
jhemr,jhlog_updatepro_log,程序更新历次记录,,6,电子病历,,log_id,live_metadata,[review_source_period:from_2025],platform
jhemr,jhlog_view_patient,日志管理-病案浏览双击患者记录表门诊及住院,,14,电子病历,,serial_no,live_metadata,documented; [review_source_period:from_2025],platform
jhemr,jhmqmc_auto_compu_record,三级指标管理-指标上报数据表,,5,电子病历,,"hospital_no,table_en,column_en,report_date",live_metadata,documented; [review_source_period:from_2025],platform
jhemr,jhmqmc_general_sql,三级指标通用脚本配置表,,4,电子病历,,sql_no,live_metadata,documented; [review_source_period:from_2025],platform
jhemr,jhmqmc_hos_infection,三级指标管理-医院感染指标,,31,电子病历,,"hospital_no,report_date",live_metadata,documented; [review_source_period:from_2025],platform
jhemr,jhmqmc_inpat_mortality,三级指标管理-住院死亡率指标,,157,电子病历,,"hospital_no,report_date",live_metadata,documented; [review_source_period:from_2025],platform
jhemr,jhmqmc_op_complication,三级指标管理-手术并发症指标,,15,电子病历,,"hospital_no,report_date",live_metadata,documented; [review_source_period:from_2025],platform
jhemr,jhmqmc_patient_safety,三级指标管理-患者安全指标,,25,电子病历,,"hospital_no,report_date",live_metadata,documented; [review_source_period:from_2025],platform
jhemr,jhmqmc_patients_return,三级指标管理-重返类指标,,50,电子病历,,"hospital_no,report_date",live_metadata,documented; [review_source_period:from_2025],platform
jhemr,jhmqmc_performance,三级指标管理-年报-医院运行管理指标,,71,电子病历,,"hospital_no,report_date",live_metadata,documented; [review_source_period:from_2025],platform
jhemr,jhmqmc_rational_use_drug,三级指标管理-合理用药指标,,35,电子病历,,"hospital_no,report_date",live_metadata,documented; [review_source_period:from_2025],platform
jhemr,jhmqmc_report_master,三级指标管理-上报日志主表,,9,电子病历,,"hospital_no,report_date,report_type",live_metadata,documented; [review_source_period:from_2025],platform
jhemr,jhmqmc_report_vs_canvas,三级指标管理-上报类别与画布对照配置表,,5,电子病历,,"canvas_id,hospital_no",live_metadata,documented; [review_source_period:from_2025],platform
jhemr,jhmqmc_table_columns_config,三级指标管理-三级评审字段配置表,,19,电子病历,,"table_en,column_en,hospital_no",live_metadata,documented; [review_source_period:from_2025],platform
jhemr,jhmr_allergyinfield_config,过敏史管理-配置类-文书过敏史回写pat_visit配置表,,5,电子病历,,id,live_metadata,[review_source_period:from_2025],platform
jhemr,jhmr_app_catalog_dict,病历书写-字典类-应用程序文档分类（树形左侧展示菜单）,,16,电子病历,,"app_class,catalog_code",live_metadata,documented; [review_source_period:from_2025],platform
jhemr,jhmr_app_catalog_vs_tclass,"病历书写-应用程序文档分类与模板分类对照,用于编程使用2012.04.12陈联忠",,4,电子病历,,"app_class,catalog_code,mr_class_code",live_metadata,documented; [review_source_period:from_2025],platform
jhemr,jhmr_card_apply_edit,上报卡管理-报卡申请编辑记录表,,8,电子病历,,file_unique_id,live_metadata,[review_source_period:from_2025],platform
jhemr,jhmr_card_cancelled_reason,上报卡管理-报卡作废记录表,,9,电子病历,,file_unique_id,live_metadata,[review_source_period:from_2025],platform
jhemr,jhmr_card_del_reason,上报卡管理-报卡删除记录表,,12,电子病历,,file_unique_id,live_metadata,[review_source_period:from_2025],platform
jhemr,jhmrcardmanager_config,上报卡模块专用的配置表,,9,电子病历,,"widget_name,widget_name_sub",live_metadata,[review_source_period:from_2025],platform
jhemr,jhmr_card_menu_config,上报卡管理-菜单显示配置表,,22,电子病历,,"mr_status,mr_type",live_metadata,[review_source_period:from_2025],platform
jhemr,jhmr_card_menu_dict,上报卡管理-配置菜单显示,,21,电子病历,,mr_status,live_metadata,[review_source_period:from_2025],platform
jhemr,jhmr_check_mediacl,质控管理-病历完成校验完整性,,5,电子病历,,"mr_class,patient_type,is_use",live_metadata,[review_source_period:from_2025],platform
jhemr,jhmr_config_anonymous,保密管理-匿名化配置,,2,电子病历,,element_name,live_metadata,[review_source_period:from_2025],platform
jhemr,jhmr_convert_xml_index,转换为xml与第三方交互,,6,电子病历,,"main_message_code,sub_message_code",live_metadata,documented; [review_source_period:from_2025],platform
jhemr,jhmr_convert_xml_items,转换xml配置项,,9,电子病历,,"main_message_code,sub_message_code,placeholder_number",live_metadata,documented; [review_source_period:from_2025],platform
jhemr,jhmr_core_menu_dict,质控管理-核心制度配置表,,12,电子病历,,menu_id,live_metadata,documented; [review_source_period:from_2025],platform
jhemr,jhmr_famlify_history_rx,乳腺中心家族史,,5,电子病历,,file_unique_id,live_metadata,documented; [review_source_period:from_2025],platform
jhemr,jhmr_file_apply_approval,新版本病历文件申请审批表,,18,电子病历,,"patient_id,visit_id,file_unique_id,hospital_no,apply_file_type",live_metadata,[review_source_period:from_2025],platform
jhemr,jhmr_file_apply_hcv_approval,新版本病历文件申请审批表,,23,电子病历,,"patient_id,visit_id,file_unique_id,hospital_no,apply_file_type",live_metadata,[review_source_period:from_2025],platform
jhemr,jhmr_file_batch_record,,,17,电子病历,,,live_metadata,[review_source_period:from_2025],platform
jhemr,jhmr_file_button_sel,病历书写-,,3,电子病历,,"file_unique_id,mr_code",live_metadata,documented; [review_source_period:from_2025],platform
jhemr,jhmr_file_ca_app_index,移动签名-业务类-签名值保存表,,34,电子病历,,serial_no,live_metadata,[review_source_period:from_2025],platform
jhemr,jhmr_file_ca_data_errorlog,病历书写.CA-,,4,电子病历,,,live_metadata,[review_source_period:from_2025],platform
jhemr,jhmr_file_ca_index,病历书写.CA-医生签名信息表,,28,电子病历,,serial_no,live_metadata,[review_source_period:from_2025],platform
jhemr,jhmr_file_card_record,上报卡管理-报卡操作日志,,18,电子病历,,"patient_id,visit_id,file_unique_id",live_metadata,[review_source_period:from_2025],platform
jhemr,jhmr_file_change_creator,病历书写-修改起草者记录表,,6,电子病历,,"file_unique_id,change_date_time",live_metadata,documented; [review_source_period:from_2025],platform
jhemr,jhmr_file_content_00,,,2,电子病历,,,live_metadata,[review_source_period:from_2025],platform
jhemr,jhmr_file_content_img_pdf,存储首页与文书BLOB,,3,电子病历,,,live_metadata,[review_source_period:from_2025],platform
jhemr,jhmr_file_content_pdf_third,,,7,电子病历,,"patient_id,visit_id,file_no",live_metadata,[review_source_period:from_2025],platform
jhemr,jhmr_file_cum_autofile_config,自动创建文书配置表,,20,电子病历,,id,live_metadata,[review_source_period:from_2025],platform
jhemr,jhmr_file_cum_autofile_templt,自动创建病历模板记录表,,8,电子病历,,id,live_metadata,[review_source_period:from_2025],platform
jhemr,jhmr_file_cum_buttonevent,病历书写.个性化-个性化按钮事件配置表,,15,电子病历,,button_name,live_metadata,[review_source_period:from_2025],platform
jhemr,jhmr_file_cum_calog,病历元素更新CA日志表,,16,电子病历,,"file_unique_id,create_date_time",live_metadata,[review_source_period:from_2025],platform
jhemr,jhmr_file_cum_computeelement,文书计算元素表,,13,电子病历,,"element_name,element_code,mr_code",live_metadata,[review_source_period:from_2025],platform
jhemr,jhmr_file_cum_config,病历书写.个性化-数据回写文书配置表,,15,电子病历,,id,live_metadata,[review_source_period:from_2025],platform
jhemr,jhmr_file_cum_config_detail,病历书写.个性化-数据回写详细表,,9,电子病历,,id,live_metadata,[review_source_period:from_2025],platform
jhemr,jhmr_file_cum_content_dg,,,12,电子病历,,"file_unique_id,patient_id,visit_id,element_name",live_metadata,[review_source_period:from_2025],platform
jhemr,jhmr_file_cum_dicfroms,病历书写.个性化-个性化字典弹窗回写配置表,,22,电子病历,,"element_code,element_name",live_metadata,[review_source_period:from_2025],platform
jhemr,jhmr_file_cum_element_qc_log,病历元素质控记录表,,16,电子病历,,"elementverift_id,file_unique_id,element_name",live_metadata,[review_source_period:from_2025],platform
jhemr,jhmr_file_cum_elementsource,病历书写.个性化-元素模版提取配置表,,9,电子病历,,id,live_metadata,[review_source_period:from_2025],platform
jhemr,jhmr_file_cum_elementverift,病历书写.个性化-文书元素验证表,,18,电子病历,,"element_name,mr_class,mr_code",live_metadata,[review_source_period:from_2025],platform
jhemr,jhmr_file_cum_fileverify,病历书写.个性化-个性化新建、签名前、打印校验配置表,,20,电子病历,,id,live_metadata,[review_source_period:from_2025],platform
jhemr,jhmr_file_cum_keyword,病历书写.个性化-个性化签名校验关键词配置表,,6,电子病历,,id,live_metadata,[review_source_period:from_2025],platform
jhemr,jhmr_file_cum_log,病历书写.个性化-个性化文书日志表,,12,电子病历,,id,live_metadata,[review_source_period:from_2025],platform
jhemr,jhmr_file_cum_pack_detail,模板套组详细表,,6,电子病历,,id,live_metadata,[review_source_period:from_2025],platform
jhemr,jhmr_file_cum_service_config,体温单相关,,21,电子病历,,id,live_metadata,[review_source_period:from_2025],platform
jhemr,jhmr_file_cum_templetpack,模板套组表,,10,电子病历,,id,live_metadata,[review_source_period:from_2025],platform
jhemr,jhmr_file_cum_veriftkeyword,病历书写.个性化-个性化文书元素校验关键词,,5,电子病历,,,live_metadata,[review_source_period:from_2025],platform
jhemr,jhmr_file_cum_vs_dict,病历输入法字典编码关联表,,9,电子病历,,"file_unique_id,element_content,element_codes",live_metadata,[review_source_period:from_2025],platform
jhemr,jhmr_file_flag_dict,病历文书-字典类-文档状态字典 2012.05.25 陈联忠,,2,电子病历,,file_flag,live_metadata,documented; [review_source_period:from_2025],platform
jhemr,jhmr_file_form_index,新版本病历文件索引,,68,电子病历,,"patient_id,visit_id,file_no,hospital_no,file_visit_type,baby_no",live_metadata,[review_source_period:from_2025],platform
jhemr,jhmr_file_index,病历文书-业务类-新版本病历文件索引,,67,电子病历,,"patient_id,visit_id,file_no,hospital_no,file_visit_type,baby_no",live_metadata,documented; [review_source_period:from_2025],platform
jhemr,jhmr_file_index_export_apply,病历文书-业务类-文件导出申请,,15,电子病历,,"apply_date_time,file_unique_id,apply_user_id",live_metadata,documented; [review_source_period:from_2025],platform
jhemr,jhmr_file_index_jc,,,53,电子病历,,,live_metadata,[review_source_period:from_2025],platform
jhemr,jhmr_file_index_vs_ope_history,病历文书-映射类-手术文件关联表 12.06.20 陈联忠,,6,电子病历,,"patient_id,visit_id,operation_no,file_visit_type,file_unique_id",live_metadata,documented; [review_source_period:from_2025],platform
jhemr,jhmr_file_index_vs_operation,病历文书-映射类-手术文件关联表 12.06.20 陈联忠,,6,电子病历,,"patient_id,visit_id,operation_no,file_visit_type,file_unique_id",live_metadata,documented; [review_source_period:from_2025],platform
jhemr,jhmr_file_maintain_apply,病历文书-业务类-病历维护申请,,15,电子病历,,"file_unique_id,maintain_apply_time",live_metadata,documented; [review_source_period:from_2025],platform
jhemr,jhmr_file_nurse_shift_index,老版护理-业务类-护理交接班记录 ls 20130219,,22,电子病历,,"hospital_no,dept_code,file_no",live_metadata,documented; [review_source_period:from_2025],platform
jhemr,jhmr_file_open,病历文书-业务类-病历文件打开状态,,9,电子病历,,"file_unique_id,user_id,open_time",live_metadata,documented; [review_source_period:from_2025],platform
jhemr,jhmr_file_oper_ex_log,,,15,电子病历,,guid,live_metadata,[review_source_period:from_2025],platform
jhemr,jhmr_file_oper_ex_type,,,11,电子病历,,"type_master_code,type_sub_code",live_metadata,[review_source_period:from_2025],platform
jhemr,jhmr_file_oper_log,病历文书-日志类-病历操作日志,,20,电子病历,,"user_id,modify_date_time,file_unique_id,logts",live_metadata,documented; [review_source_period:from_2025],platform
jhemr,jhmr_file_oper_log_element,,,21,电子病历,,,live_metadata,[review_source_period:from_2025],platform
jhemr,jhmr_file_oper_log_history,病历文书-日志类-病历操作日志,,10,电子病历,,"file_unique_id,user_id,modify_date_time",live_metadata,documented; [review_source_period:from_2025],platform
jhemr,jhmr_file_patient_pdf,病历书写.CA-,,25,电子病历,,"pdf_id,file_unique_id,hospital_no",live_metadata,[review_source_period:from_2025],platform
jhemr,jhmr_file_patient_pdf_log,病历书写.CA-,,23,电子病历,,"pdf_id,file_unique_id,hospital_no",live_metadata,[review_source_period:from_2025],platform
jhemr,jhmr_file_print_log,病历文书-日志类-文档打印日志2012.05.30陈联忠,,11,电子病历,,"file_unique_id,print_time,user_id,logts",live_metadata,documented; [review_source_period:from_2025],platform
jhemr,jhmr_file_print_log_history,病历文书-日志类-文档打印日志2012.05.30陈联忠,,10,电子病历,,"file_unique_id,print_time,user_id",live_metadata,documented; [review_source_period:from_2025],platform
jhemr,jhmr_file_scan,知情同意书扫描文件表,,10,电子病历,,file_unique_id,live_metadata,documented; [review_source_period:from_2025],platform
jhemr,jhmr_file_sign_style_dic,病历书写.CA-,,10,电子病历,,id,live_metadata,[review_source_period:from_2025],platform
jhemr,jhmr_file_sign_validation,病历书写.CA-,,9,电子病历,,serial_no,live_metadata,[review_source_period:from_2025],platform
jhemr,jhmr_file_user_oper_dict,病历文书-字典类-文件用户操作类型字典 2012.05.25 陈联忠,,2,电子病历,,user_oper,live_metadata,documented; [review_source_period:from_2025],platform
jhemr,jhmr_file_visit_type_dict,病历文书-字典类-文件的属性如门诊住院体检随访科研等,,2,电子病历,,file_visit_type,live_metadata,documented; [review_source_period:from_2025],platform
jhemr,jhmr_file_visit_type_vs_dg,病历文书-映射类-就诊类型与提取疾病分组条目对照2012.05.24陈联忠,,2,电子病历,,"file_visit_type,dg_code",live_metadata,documented; [review_source_period:from_2025],platform
jhemr,jhmr_give_up_smoke_fllowup,门诊戒烟问诊随访记录,,11,电子病历,,"fllow_id,guid",live_metadata,[review_source_period:from_2025],platform
jhemr,jhmr_give_up_smoke_history,戒烟问诊记录戒烟史,,5,电子病历,,"guid,answer_name",live_metadata,[review_source_period:from_2025],platform
jhemr,jhmr_give_up_smoke_record,门诊戒烟问诊记录表,,14,电子病历,,guid,live_metadata,[review_source_period:from_2025],platform
jhemr,jhmr_livingstate,病人生存状态,,9,电子病历,,"parent_id,visit_id,clevel,id,hospital_no,parent",live_metadata,documented; [review_source_period:from_2025],platform
jhemr,jhmr_macro_or_replace_config,病历书写.个性化-通用宏元素可替换项配置,,6,电子病历,,id,live_metadata,[review_source_period:from_2025],platform
jhemr,jhmr_med_audit_msg,"上报卡管理-打回报卡原因表
注： 模板编辑器-保存在待审批界面，对上报卡进行打回操作的相关
信息。",,6,电子病历,,"file_unique_id,unpass_date",live_metadata,documented; [review_source_period:from_2025],platform
jhemr,jhmr_med_diag_vs_card,上报卡管理-诊断关联上报卡书写情况及原因,,8,电子病历,,"diagnosis_code,mr_code,patient_id,visit_id",live_metadata,documented; [review_source_period:from_2025],platform
jhemr,jhmr_medicare_verify,医保病历审核,,16,电子病历,,id,live_metadata,documented; [review_source_period:from_2025],platform
jhemr,jhmr_medication_history,药历监护列表(用于存储监护药历列表)2012.11.29,,20,电子病历,,"patient_id,visit_id,add_apply_time,user_id,hospital_no",live_metadata,documented; [review_source_period:from_2025],platform
jhemr,jhmr_med_ref_chk_set,上报卡管理-报卡必填项校验项设置信息表,,5,电子病历,,"chk_id,hospital_no",live_metadata,documented; [review_source_period:from_2025],platform
jhemr,jhmr_med_ref_dept_contagion,上报卡管理-映射类-科室关联模板,,5,电子病历,,"dept_code,mr_code",live_metadata,documented; [review_source_period:from_2025],platform
jhemr,jhmr_med_rep_fill_detail,病历文书-业务类-医保病历审核,,4,电子病历,,de_code,live_metadata,documented; [review_source_period:from_2025],platform
jhemr,jhmr_mergerpatid_log,合并住院号日志,,16,电子病历,,"ser_number,new_patient_id,new_visit_id,old_patient_id,old_visit_id",live_metadata,documented; [review_source_period:from_2025],platform
jhemr,jhmr_message_error_log,系统消息-,,5,电子病历,,"message_id,hospital_no",live_metadata,[review_source_period:from_2025],platform
jhemr,jhmr_message_log,系统消息-,,10,电子病历,,"class_code,mess_data_count,message_id,hospital_no",live_metadata,[review_source_period:from_2025],platform
jhemr,jhmr_message_other_type,系统消息-,,4,电子病历,,other_class_code,live_metadata,[review_source_period:from_2025],platform
jhemr,jhmr_message_record,系统消息-,,16,电子病历,,"class_code,class_name,to_user_id,hospital_no,message_id",live_metadata,[review_source_period:from_2025],platform
jhemr,jhmr_message_type,系统消息-,,10,电子病历,,"class_code,class_name,hospital_no,is_enable",live_metadata,[review_source_period:from_2025],platform
jhemr,jhmr_microelement_config,病历书写.个性化-配置类-宏配置表,,6,电子病历,,"element_name,table_name",live_metadata,[review_source_period:from_2025],platform
jhemr,jhmr_monitor_limit_log,质控管理-,,13,电子病历,,"patient_id,visit_id,monitor_code,apply_date_time,hospital_no",live_metadata,documented; [review_source_period:from_2025],platform
jhemr,jhmr_mrreceivesignholiday,病案管理-业务类-病案签收率休息日 、上班日设置 2013.9.24,,2,电子病历,,"holidaydate,type",live_metadata,documented; [review_source_period:from_2025],platform
jhemr,jhmr_mr_urge_log,病案管理-业务类-病历催交记录,,16,电子病历,,"patient_id,visit_id,file_unique_id,hospital_no,urge_date",live_metadata,documented; [review_source_period:from_2025],platform
jhemr,jhmr_node_content,,,10,电子病历,,"his_register_pk,node,user_id,order_no",live_metadata,[review_source_period:from_2025],platform
jhemr,jhmr_nonconformity_items,检查下不符合内容记录表,,16,电子病历,,id,live_metadata,[review_source_period:from_2025],platform
jhemr,jhmr_nurse_monitor_dict,临床护理-,,9,电子病历,,"order_no,hospital_no,dept_code,monitor_type,time_point",live_metadata,documented; [review_source_period:from_2025],platform
jhemr,jhmr_pad_dev_event,病历文书-配置类-病历书写事件外部个性化重载,,11,电子病历,,event_code,live_metadata,documented; [review_source_period:from_2025],platform
jhemr,jhmr_patinfo_config,患者列表患者信息配置表,,10,电子病历,,"id,hospital_no",live_metadata,[review_source_period:from_2025],platform
jhemr,jhmr_patinfo_param,患者信息参数表,,5,电子病历,,"id,app_id",live_metadata,[review_source_period:from_2025],platform
jhemr,jhmr_pat_log,病历提交日志表,,7,电子病历,,"patient_id,visit_id,log_num",live_metadata,documented; [review_source_period:from_2025],platform
jhemr,jhmr_pat_visit_showinfo,患者列表-业务类-患者列表展示用,,24,电子病历,,"patient_id,visit_id",live_metadata,[review_source_period:from_2025],platform
jhemr,jhmr_pic_file_index,图片上传表,,13,电子病历,,"patient_id,visit_id",live_metadata,documented; [review_source_period:from_2025],platform
jhemr,jhmr_print_catalog_dict,"病历书写-业务类-文档打印归类,用于编程使用2012.06.07陈联忠",,4,电子病历,,"app_class,print_code",live_metadata,[review_source_period:from_2025],platform
jhemr,jhmr_print_catalog_vs_tclass,"病历书写-映射类-文档打印分类与模板分类对照,用于编程使用2012.06.07陈联忠",,3,电子病历,,"app_class,print_code,mr_class_code",live_metadata,documented; [review_source_period:from_2025],platform
jhemr,jhmr_query_condition_vs_user,上报卡管理-快速检索条件组,,6,电子病历,,query_code,live_metadata,[review_source_period:from_2025],platform
jhemr,jhmr_quick_dept_dict,上报卡管理-快速检索关联科室维护,,4,电子病历,,dept_code,live_metadata,[review_source_period:from_2025],platform
jhemr,jhmr_quick_elem_dict,上报卡管理-快速检索关联上报卡模板元素维护,,7,电子病历,,mr_code,live_metadata,[review_source_period:from_2025],platform
jhemr,jhmr_quick_query_index,上报卡管理-快速检索条件设置主表,,19,电子病历,,serial_no,live_metadata,[review_source_period:from_2025],platform
jhemr,jhmr_quick_templet_dict,上报卡管理-映射类-快速检索上报卡模板与条件组关联,,4,电子病历,,mr_code,live_metadata,[review_source_period:from_2025],platform
jhemr,jhmr_record_file,录音查房-,,9,电子病历,,record_id,live_metadata,documented; [review_source_period:from_2025],platform
jhemr,jhmr_rectification,质控管理-业务类-病历整改通知书主索引表（人工质控）,,19,电子病历,,"patient_id,visit_id,hospital_no,rectification_date_time,file_visit_type",live_metadata,documented; [review_source_period:from_2025],platform
jhemr,jhmr_rectification_history,病历质控-业务类-病历整改通知书,,19,电子病历,,"patient_id,visit_id,hospital_no,rectification_date_time,file_visit_type",live_metadata,documented; [review_source_period:from_2025],platform
jhemr,jhmr_rectification_item,质控管理-业务类-病历整改通知书项目明细(人工质控),,23,电子病历,,"rectification_item_no,rectification_unique_id,grading_item_code",live_metadata,documented; [review_source_period:from_2025],platform
jhemr,jhmr_rectification_item_other,质控管理-首页整改通知书明细,,23,电子病历,,"grading_item_code,rectification_unique_id,rectification_item_no",live_metadata,[review_source_period:from_2025],platform
jhemr,jhmr_rectification_item_out,质控管理-病历整改项目明细,,23,电子病历,,"rectification_item_no,rectification_unique_id,grading_item_code",live_metadata,[review_source_period:from_2025],platform
jhemr,jhmr_rectification_mark,质控管理-质控缺陷标注表,,11,电子病历,,"patient_id,visit_id,hospital_no,rectification_item_no",live_metadata,documented; [review_source_period:from_2025],platform
jhemr,jhmr_rectification_msg_log,消息管理-短信日志表,,10,电子病历,,msg_id,live_metadata,documented; [review_source_period:from_2025],platform
jhemr,jhmr_rectification_open_log,质控管理-质控浏览过的病历记录表,,9,电子病历,,"file_unique_id,qc_date_time,rectification_level,patient_id,visit_id,hospital_no",live_metadata,documented; [review_source_period:from_2025],platform
jhemr,jhmr_rectification_other,质控管理-首页整改通知书,,19,电子病历,,"patient_id,visit_id,hospital_no,rectification_date_time,file_visit_type",live_metadata,[review_source_period:from_2025],platform
jhemr,jhmr_rectification_out,质控管理-病历整改通知书,,18,电子病历,,"patient_id,visit_id,hospital_no,rectification_date_time,file_visit_type",live_metadata,[review_source_period:from_2025],platform
jhemr,jhmr_rectification_task,质控管理-终末质控任务分配表,,10,电子病历,,"patient_id,visit_id,hospital_no",live_metadata,documented; [review_source_period:from_2025],platform
jhemr,jhmr_rect_item_history,质控管理-病历整改项目明细,,23,电子病历,,"rectification_item_no,rectification_unique_id,grading_item_code",live_metadata,documented; [review_source_period:from_2025],platform
jhemr,jhmr_regulation_record,质控管理-,,5,电子病历,,,live_metadata,[review_source_period:from_2025],platform
jhemr,jhmr_sequestration_first_page,病案管理.病案封存-业务类-封存首页,,12,电子病历,,"patient_id,visit_id,sequestration_date,inp_no,hospital_no",live_metadata,documented; [review_source_period:from_2025],platform
jhemr,jhmr_sequestration_log,病案管理.病案封存-封存日志,,17,电子病历,,"patient_id,visit_id,file_unique_id,sequestration_date,hospital_no",live_metadata,documented; [review_source_period:from_2025],platform
jhemr,jhmr_sign_type_dict,,,3,电子病历,,,live_metadata,[review_source_period:from_2025],platform
jhemr,jhmr_sql_setting,SQL配置表,,6,电子病历,,"id,hospital_no",live_metadata,[review_source_period:from_2025],platform
jhemr,jhmr_statistics_menu_config,报表角色配置,,8,电子病历,,"role_id,menu_id",live_metadata,documented; [review_source_period:from_2025],platform
jhemr,jhmr_syncdata_config,数据迁移日志,,16,电子病历,,"ser_number,othersys_sql,oursys_table_name",live_metadata,documented; [review_source_period:from_2025],platform
jhemr,jhmr_templet_bat_tools,模板管理-配置类-个人模板批量处理元素处理配置类,,10,电子病历,,"bat_type,elem_name",live_metadata,[review_source_period:from_2025],platform
jhemr,jhmr_templet_cancel_reason,模板管理-业务类-模板审核不通过原因表(王海林）,,5,电子病历,,"cancel_reason,cancel_time,cancel_user_name",live_metadata,documented; [review_source_period:from_2025],platform
jhemr,jhmr_templet_card_vs_dept,上报卡管理-映射类-上报卡模板与科室对照表,,3,电子病历,,"dept_code,mr_code",live_metadata,documented; [review_source_period:from_2025],platform
jhemr,jhmr_templet_class,模板维护-字典类-模板分类字典,,17,电子病历,,mr_class_code,live_metadata,documented; [review_source_period:from_2025],platform
jhemr,jhmr_templet_class_0401,,,14,电子病历,,,live_metadata,[review_source_period:from_2025],platform
jhemr,jhmr_templet_content,模板管理-业务类-病历模板内容,,2,电子病历,,templet_unique_id,live_metadata,documented; [review_source_period:from_2025],platform
jhemr,jhmr_templet_content_bk,模板维护-业务类-病历模板内容,,2,电子病历,,,live_metadata,[review_source_period:from_2025],platform
jhemr,jhmr_templet_content_dg,模板管理-业务类-模板打散节点数据表,,18,电子病历,,"id,mr_code",live_metadata,[review_source_period:from_2025],platform
jhemr,jhmr_templet_content_his_bk,模板维护-业务类-病历模板内容历史记录,,3,电子病历,,,live_metadata,[review_source_period:from_2025],platform
jhemr,jhmr_templet_content_history,模板管理-业务类-病历模板内容历史记录,,3,电子病历,,"templet_unique_id,cur_version",live_metadata,documented; [review_source_period:from_2025],platform
jhemr,jhmr_templet_content_log,模板维护-业务类-病历模板内容日志,,3,电子病历,,"templet_unique_id,log_date_time",live_metadata,documented; [review_source_period:from_2025],platform
jhemr,jhmr_templet_delete_record,模板管理-业务类-模板备份表,,12,电子病历,,"mr_code,delete_date_time,hospital_no",live_metadata,[review_source_period:from_2025],platform
jhemr,jhmr_templet_doc_signelem,多个医生签名签名位与右键菜单显示对照表,,17,电子病历,,"mr_code,sign_elem",live_metadata,[review_source_period:from_2025],platform
jhemr,jhmr_templet_index,模板管理-业务类-新版本模板索引,,57,电子病历,,"mr_code,hospital_no",live_metadata,documented; [review_source_period:from_2025],platform
jhemr,jhmr_templet_index0320,,,56,电子病历,,,live_metadata,[review_source_period:from_2025],platform
jhemr,jhmr_templet_index_0324,,,56,电子病历,,,live_metadata,[review_source_period:from_2025],platform
jhemr,jhmr_templet_index_0401,,,56,电子病历,,,live_metadata,[review_source_period:from_2025],platform
jhemr,jhmr_templet_index_bk,模板维护-业务类-新版本模板索引,,49,电子病历,,,live_metadata,[review_source_period:from_2025],platform
jhemr,jhmr_templet_normal,常用模板表,,7,电子病历,,,live_metadata,[review_source_period:from_2025],platform
jhemr,jhmr_templet_oper_log,模板维护-业务类-病历模板操作日志,,7,电子病历,,"templet_unique_id,user_id,modify_date_time",live_metadata,documented; [review_source_period:from_2025],platform
jhemr,jhmr_templet_pat_signelem,新版患者签名配置表,,43,电子病历,,,live_metadata,[review_source_period:from_2025],platform
jhemr,jhmr_templet_pat_signelem_beifen,,,43,电子病历,,"mr_code,sign_elem",live_metadata,[review_source_period:from_2025],platform
jhemr,jhmr_templet_pat_signelem_ces,,,43,电子病历,,,live_metadata,[review_source_period:from_2025],platform
jhemr,jhmr_templet_read_or_write,模板维护-业务类-病历模板读写权限（门诊）,,8,电子病历,,"mr_code,user_id",live_metadata,documented; [review_source_period:from_2025],platform
jhemr,jhmr_templet_register_item,模板维护-字典类-模板中使用的宏和替换项目字典2012.04.06,,5,电子病历,,"item_name,item_type",live_metadata,documented; [review_source_period:from_2025],platform
jhemr,jhmr_templet_segment_index,模板维护-业务类-关键词 模板分段索引如主诉、现病史、既往史等,,17,电子病历,,"mr_code,hospital_no",live_metadata,documented; [review_source_period:from_2025],platform
jhemr,jhmr_templet_self_bat_log,模板管理-日志类-模板批量处理日志表,,8,电子病历,,"templet_unique_id,oper_date_time",live_metadata,[review_source_period:from_2025],platform
jhemr,jhmr_templet_share_record,模板管理-业务类-个人模板分享记录表(门诊),,7,电子病历,,"mr_code,share_mr_code",live_metadata,[review_source_period:from_2025],platform
jhemr,jhmr_templet_transfer_log,模板迁移日志,,10,电子病历,,id,live_metadata,[review_source_period:from_2025],platform
jhemr,jhmr_templet_vs_dept,模板维护-映射类-医疗机构科室与疾病分组映射,,5,电子病历,,"dept_code,hospital_no,dg_code,dg_sub_code,mr_code",live_metadata,documented; [review_source_period:from_2025],platform
jhemr,jhmr_templet_vs_jhdg,模板管理-模板与疾病分组映射,,7,电子病历,,"mr_code,dg_code,dg_sub_code",live_metadata,documented; [review_source_period:from_2025],platform
jhemr,jhmr_templet_vs_jhdg_bk,模板维护-映射类-模板与疾病分组映射,,7,电子病历,,,live_metadata,[review_source_period:from_2025],platform
jhemr,jhmr_templet_vs_user,模板管理-业务类-301医院门诊模板属性,,7,电子病历,,"mr_code,file_visit_type,user_id,hospital_no,catalog_code",live_metadata,documented; [review_source_period:from_2025],platform
jhemr,jhmr_templet_vs_widget,模板维护-映射类-针对报表模板设置程序内部标识号供编程固定调用,,4,电子病历,,prog_internal_code,live_metadata,documented; [review_source_period:from_2025],platform
jhemr,jhmr_templet_vs_workflow,模板管理-映射类-模板和工作流对照,,7,电子病历,,"step_id,widget_id,canvas_or_role",live_metadata,documented; [review_source_period:from_2025],platform
jhemr,jhmr_terminal_score,病案管理-业务类-病案终末评分索引表,,11,电子病历,,"patient_id,visit_id,hospital_no,file_visit_type,clinic_type,score_unique_id,score_date_time",live_metadata,documented; [review_source_period:from_2025],platform
jhemr,jhmr_terminal_score_item,病案管理-业务类-病案终末评分明细表,,18,电子病历,,"grading_item_code,score_unique_id",live_metadata,documented; [review_source_period:from_2025],platform
jhemr,jhmr_yb_dict,医保明细项字典,,7,电子病历,,"field_name,yb_code,yb_name,hospital_no",live_metadata,[review_source_period:from_2025],platform
jhemr,jhms_stat_result_items,统计方案观察指标定义,,10,电子病历,,"scheme_id,ds_code,node_no",live_metadata,documented; [review_source_period:from_2025],platform
jhemr,jhms_stat_scheme,统计方案列表,,7,电子病历,,"scheme_id,hospital_no",live_metadata,documented; [review_source_period:from_2025],platform
jhemr,jhms_stat_scheme_items,统计方案条件定义,,15,电子病历,,"node_no,ds_code,scheme_id,hospital_no",live_metadata,documented; [review_source_period:from_2025],platform
jhemr,jhms_stat_statistic_search,,,11,电子病历,,id,live_metadata,documented; [review_source_period:from_2025],platform
jhemr,jhms_stat_templet,随访管理-映射类-随访对应模板,,4,电子病历,,"scheme_id,mr_class_code",live_metadata,documented; [review_source_period:from_2025],platform
jhemr,jhnis_comm_data_index,护理通用数据主记录表,,29,电子病历,,rec_main_id,live_metadata,[review_source_period:from_2025],platform
jhemr,jhnis_data_flow_rec,嘉和护理记录流程状态记录表,,15,电子病历,,flow_rec_id,live_metadata,[review_source_period:from_2025],platform
jhemr,jhnism_master_watch_statistics,工作计划-业务类-总值班统计记录表,,33,电子病历,,"dept_code,record_date",live_metadata,[review_source_period:from_2025],platform
jhemr,jhnism_v_staff_info,,,65,电子病历,,,live_metadata,[review_source_period:from_2025],platform
jhemr,jhnis_pat_archive_rec,护理患者数据归档记录表,,10,电子病历,,"patient_id,visit_id,hospital_no",live_metadata,[review_source_period:from_2025],platform
jhemr,jhnis_vital_signs_rec,,,11,电子病历,,,live_metadata,[review_source_period:from_2025],platform
jhemr,jhois_system_log,系统日志表,,15,电子病历,,log_id,live_metadata,[review_source_period:from_2025],platform
jhemr,jhoperationlevel,手术级别？,,4,电子病历,,scale_id,live_metadata,documented; [review_source_period:from_2025],platform
jhemr,jhoperation_schedule,,,50,电子病历,,"patient_id,visit_id,hospital_no,operationflow",live_metadata,documented; [review_source_period:from_2025],platform
jhemr,jhoutpat_visit,门诊系统-业务类-门诊患者信息表,,48,电子病历,,"hospital_no,patient_id,visit_id",live_metadata,documented; [review_source_period:from_2025],platform
jhemr,jhpa_pat_allergy,过敏史管理-业务类-病人过敏史,,9,电子病历,,"alergy_code,visit_id,patient_id,hospital_no",live_metadata,documented; [review_source_period:from_2025],platform
jhemr,jhpat_diagnosis_expand,临床诊断 拓展  20120815   LS,,25,电子病历,,"patient_id,visit_id,diagnosis_type,diagnosis_no,diagnosis_sub_no,diagnosis_type_name,hospital_no,diagnosis_flag",live_metadata,documented; [review_source_period:from_2025],platform
jhemr,jhpat_extend_app,,,24,电子病历,,app_code,live_metadata,documented; [review_source_period:from_2025],platform
jhemr,jhpat_prev_alergy,过敏史,,9,电子病历,,"patient_id,alergy_name,visit_type,visit_date_time,hospital_no,alergy_date",live_metadata,documented; [review_source_period:from_2025],platform
jhemr,jhpat_prev_complained,既往疾病主诉,,5,电子病历,,"patient_id,visit_type,visit_date_time,hospital_no",live_metadata,documented; [review_source_period:from_2025],platform
jhemr,jhpat_prev_diagnose,既往诊断史,,11,电子病历,,"patient_id,diagnosis_no,visit_type,visit_date_time,hospital_no",live_metadata,documented; [review_source_period:from_2025],platform
jhemr,jhpat_prev_drugs,既往用药史,,11,电子病历,,"hospital_no,patient_id,visit_type,visit_date_time,start_date_time,drug_name",live_metadata,documented; [review_source_period:from_2025],platform
jhemr,jhpat_prev_operation,既往手术史,,17,电子病历,,"patient_id,hospital_no,operation_no,visit_type,visit_date_time",live_metadata,documented; [review_source_period:from_2025],platform
jhemr,jhpat_prev_reactions,不良反应史,,8,电子病历,,"hospital_no,patient_id,visit_type,visit_date_time,reaction_symptoms,reaction_date_time",live_metadata,documented; [review_source_period:from_2025],platform
jhemr,jhpedigreechart,谱系图-谱系图表,,8,电子病历,,"patient_id,visit_id,hospital_no,generation_no,order_no",live_metadata,[review_source_period:from_2025],platform
jhemr,jhpix_address,系统配置-作废类-地址主索引,,8,电子病历,,pix_address_id,live_metadata,documented; [review_source_period:from_2025],platform
jhemr,jhpix_entity_index,系统配置-作废类-主索引实体的 数据成员组成,,11,电子病历,,pix_entity_index_id,live_metadata,documented; [review_source_period:from_2025],platform
jhemr,jhpix_index,系统配置-作废类-自增ID,,5,电子病历,,index_id,live_metadata,documented; [review_source_period:from_2025],platform
jhemr,jhpix_merge_log,系统配置-作废类-主索引数据合并日志,,10,电子病历,,merge_log_id,live_metadata,documented; [review_source_period:from_2025],platform
jhemr,jhpix_pat_address,系统配置-作废类-患者地址信息,,4,电子病历,,pix_pat_address_id,live_metadata,documented; [review_source_period:from_2025],platform
jhemr,jhpix_pat_cross_ref,系统配置-作废类-病人交叉索引,,4,电子病历,,pix_pat_cross_ref_id,live_metadata,documented; [review_source_period:from_2025],platform
jhemr,jhpix_pat_identity,系统配置-作废类-03.患者证件表  一个患者多种类型证件,,4,电子病历,,pix_pat_identity_id,live_metadata,documented; [review_source_period:from_2025],platform
jhemr,jhpix_pat_master_index,01患者主索引,,10,电子病历,,pix_patient_id,live_metadata,documented; [review_source_period:from_2025],platform
jhemr,jhpix_pat_master_index_log,系统配置-作废类-09 患者主索引日志记录,,9,电子病历,,"pix_patient_id,update_time,operator",live_metadata,documented; [review_source_period:from_2025],platform
jhemr,jhpix_pat_visit,系统配置-作废类-04 PV1诊疗记录,,6,电子病历,,"pix_visit_id,pix_patient_id,hospital_no",live_metadata,documented; [review_source_period:from_2025],platform
jhemr,jhpix_pat_visit_relation,系统配置-作废类-诊疗记录关联,,4,电子病历,,"pix_visit_id,pix_patient_id,related_pix_patient_id,related_pix_visit_id",live_metadata,documented; [review_source_period:from_2025],platform
jhemr,jh_record_db_log,,,3,电子病历,,,live_metadata,[review_source_period:from_2025],platform
jhemr,jhsd_algorithm_marks,单病种上报管理-业务类-算法注释表,,2,电子病历,,code,live_metadata,[review_source_period:from_2025],platform
jhemr,jhsd_disease_dept,单病种上报管理-映射类-病种科室对照,,6,电子病历,,"disease_id,dept_code",live_metadata,[review_source_period:from_2025],platform
jhemr,jhsd_disease_diagnosis,单病种上报管理-映射类-单病种诊断关联对照表,,11,电子病历,,"disease_id,diagnosis_code,hospital_no",live_metadata,[review_source_period:from_2025],platform
jhemr,jhsd_disease_diagnosis_desc,单病种上报管理-映射类-病种诊断关键字对照表,,4,电子病历,,"disease_id,rule_id,diagnosis_desc",live_metadata,[review_source_period:from_2025],platform
jhemr,jhsd_disease_dict,单病种上报管理-字典类-病种字典表,,14,电子病历,,disease_id,live_metadata,[review_source_period:from_2025],platform
jhemr,jhsd_disease_dict_datasource,单病种上报管理-映射类-单病种加载数据对应数据源,,8,电子病历,,"disease_id,disease_datasource_no",live_metadata,[review_source_period:from_2025],platform
jhemr,jhsd_disease_dict_type,单病种上报管理-字典类-病种类型字典,,2,电子病历,,jhsd_type_code,live_metadata,[review_source_period:from_2025],platform
jhemr,jhsd_disease_elem_dict,单病种上报管理-业务类-病种元素表,,18,电子病历,,"disease_id,elem_code",live_metadata,[review_source_period:from_2025],platform
jhemr,jhsd_disease_elem_verificate,单病种上报管理-业务类-单病种元素验证,,7,电子病历,,"disease_id,elem_code,validate_type,validate_relation,validate_value",live_metadata,[review_source_period:from_2025],platform
jhemr,jhsd_disease_operation_type,单病种上报管理-映射类-病种手术类别对照表,,5,电子病历,,"disease_id,operation_type_code",live_metadata,[review_source_period:from_2025],platform
jhemr,jhsd_disease_querydz_item,单病种上报管理-业务类-单病种自定义查询方案定制查询项目,,5,电子病历,,"project_id,elem_code",live_metadata,[review_source_period:from_2025],platform
jhemr,jhsd_disease_query_item,单病种上报管理-业务类-单病种自定义查询方案项目表,,11,电子病历,,"project_id,sdaq_item_code,sdaq_symbol,item_no",live_metadata,[review_source_period:from_2025],platform
jhemr,jhsd_disease_query_project,单病种上报管理-业务类-单病种自定义查询方案表,,7,电子病历,,project_id,live_metadata,[review_source_period:from_2025],platform
jhemr,jhsd_disease_query_result_item,单病种上报管理-业务类-单病种自定义查询方案结果显示表,,4,电子病历,,"project_id,sdaq_result_item_code",live_metadata,[review_source_period:from_2025],platform
jhemr,jhsd_disease_reason_dict,单病种上报管理-字典类-病种未填写原因字典表,,6,电子病历,,"disease_id,reason_code",live_metadata,[review_source_period:from_2025],platform
jhemr,jhsd_disease_report_dict,单病种上报管理-字典类-单病种前置机上报字典(需实时更新),,10,电子病历,,"disease_id,report_elem_code,version",live_metadata,[review_source_period:from_2025],platform
jhemr,jhsd_disease_report_dict_items,单病种上报管理-字典类-单病种前置机上报字典值域字典项(需实时更新),,6,电子病历,,"disease_id,report_elem_code,version",live_metadata,[review_source_period:from_2025],platform
jhemr,jhsd_disease_rule,单病种上报管理-配置类-单病种入组标准配置表,,14,电子病历,,disease_id,live_metadata,[review_source_period:from_2025],platform
jhemr,jhsd_elem_items_emr_map,单病种上报管理-映射类-病种元素值域字典映射关系表,,7,电子病历,,"disease_id,elem_code,cv_code,cv_value,map_type,map_value",live_metadata,[review_source_period:from_2025],platform
jhemr,jhsd_emr_online_monitor,专病质控-业务类-单病种指控消息表,,24,电子病历,,"patient_id,visit_id,disease_id,rule_no,hospital_no",live_metadata,[review_source_period:from_2025],platform
jhemr,jhsd_monitor_elem_dict,专病质控-字典类-质控元素字典,,5,电子病历,,elem_code,live_metadata,[review_source_period:from_2025],platform
jhemr,jhsd_monitor_history,专病质控-业务类-单病种质控历史表,,25,电子病历,,"patient_id,visit_id,disease_id,rule_no,hospital_no",live_metadata,[review_source_period:from_2025],platform
jhemr,jhsd_operation_type_dict,单病种-字典类-手术分类字典表,,4,电子病历,,operation_type_code,live_metadata,[review_source_period:from_2025],platform
jhemr,jhsd_operation_type_operation,单病种上报管理-映射类-单病种手术类别对照表,,6,电子病历,,"operation_type_code,operation_code,hospital_no",live_metadata,[review_source_period:from_2025],platform
jhemr,jhsd_pat_experience_evaluation,单病种-业务类-患者对服务的体检与评价,,13,电子病历,,"patient_id,visit_id,hospital_no",live_metadata,[review_source_period:from_2025],platform
jhemr,jhsd_patient_disease_delete,单病种上报管理-业务类-单病种上报删除表,,23,电子病历,,"patient_id,visit_id,hospital_no,disease_uniq_id,report_date",live_metadata,[review_source_period:from_2025],platform
jhemr,jhsd_patient_disease_elem,单病种-业务类-患者病种数据值,,6,电子病历,,"elem_code,disease_uniq_id",live_metadata,[review_source_period:from_2025],platform
jhemr,jhsd_patient_disease_index,单病种-业务类-患者病种主索引表,,51,电子病历,,disease_uniq_id,live_metadata,[review_source_period:from_2025],platform
jhemr,jhsd_patient_disease_index_bak,单病种-业务类-患者病种主索引表,,53,电子病历,,disease_uniq_id,live_metadata,[review_source_period:from_2025],platform
jhemr,jhsd_patient_disease_unreport,单病种-业务类-患者未上报单病种信息表,,22,电子病历,,disease_uniq_id,live_metadata,[review_source_period:from_2025],platform
jhemr,jhsd_qc_elem_type_dict,专病质控-字典类-质控项类别字典,,2,电子病历,,elem_type,live_metadata,[review_source_period:from_2025],platform
jhemr,jhsd_qc_rule_item,专病质控-业务类-质控项明细,,7,电子病历,,"disease_id,rule_no,item_no,item_type",live_metadata,[review_source_period:from_2025],platform
jhemr,jhsd_qc_rule_master,专病质控-业务类-质控项索引,,14,电子病历,,"disease_id,rule_no",live_metadata,[review_source_period:from_2025],platform
jhemr,jhsd_report_elem_dict,单病种上报管理-业务类-单病种报表数据统计,,8,电子病历,,"disease_id,excel_position",live_metadata,[review_source_period:from_2025],platform
jhemr,jhsd_statistics_index_class,单病种上报管理-业务类-统计指标分类,,6,电子病历,,"hospital_no,disease_id,template_code,class_code",live_metadata,[review_source_period:from_2025],platform
jhemr,jhsd_statistics_index_elem,单病种上报管理-业务类-统计指标元素,,16,电子病历,,"hospital_no,disease_id,template_code,elem_code",live_metadata,[review_source_period:from_2025],platform
jhemr,jhsd_statistics_index_fac,单病种上报管理-业务类-统计指标算法,,9,电子病历,,"hospital_no,disease_id,template_code,elem_code,factor_code",live_metadata,[review_source_period:from_2025],platform
jhemr,jhsd_statistics_index_facitem,单病种上报管理-业务类-统计指标算法运算项目,,9,电子病历,,"hospital_no,disease_id,template_code,elem_code,factor_code,item_code",live_metadata,[review_source_period:from_2025],platform
jhemr,jhsd_statistics_index_template,单病种上报管理-业务类-统计指标方案,,6,电子病历,,"hospital_no,disease_id,template_code",live_metadata,[review_source_period:from_2025],platform
jhemr,jhsd_tree_algorithm_class,单病种上报管理-业务类-算法类别表,,7,电子病历,,"code,parent_code",live_metadata,[review_source_period:from_2025],platform
jhemr,jhserivce_method_test,,,6,电子病历,,,live_metadata,[review_source_period:from_2025],platform
jhemr,jhsharedict,电子病历共享上报相关字典,,5,电子病历,,"item_class,item_code,item_name",live_metadata,documented; [review_source_period:from_2025],platform
jhemr,jhsys_app_config,新版集成-配置类-新版集成配置,,16,电子病历,,id,live_metadata,documented; [review_source_period:from_2025],platform
jhemr,jhsys_app_param,新版集成-字典类-新版集成配置系统参数字典,,4,电子病历,,id,live_metadata,documented; [review_source_period:from_2025],platform
jhemr,jhsys_app_param_dict,新版集成-配置类-集成参数配置表,,5,电子病历,,"id,app_id",live_metadata,documented; [review_source_period:from_2025],platform
jhemr,jhsys_canvas,角色画布widget-字典类-画布字典,,14,电子病历,,canvas_id,live_metadata,documented; [review_source_period:from_2025],platform
jhemr,jhsys_canvas_user_layout,角色画布widget-作废类-用户布局设置 孙朋朋 2022年5月,,10,电子病历,,"canvas_id,widget_id,user_id",live_metadata,documented; [review_source_period:from_2025],platform
jhemr,jhsys_canvas_vs_widget,角色画布widget-映射类-canvas内部初始布局widget,,15,电子病历,,"canvas_id,widget_id",live_metadata,documented; [review_source_period:from_2025],platform
jhemr,jhsys_canvas_vs_widget_plan,角色画布widget-映射类-canvas内部初始布局widget审核,,15,电子病历,,"canvas_id,widget_id",live_metadata,documented; [review_source_period:from_2025],platform
jhemr,jhsys_dev_diagnosis_event,系统配置-作废类-专科诊断二次开发事件重载 孙朋朋2022年5月,,5,电子病历,,"dept_code,hospital_no",live_metadata,documented; [review_source_period:from_2025],platform
jhemr,jhsys_dev_event,系统配置-业务类-系统二次开发事件重载,,6,电子病历,,event_code,live_metadata,documented; [review_source_period:from_2025],platform
jhemr,jhsys_dict,升级管理-字典类-系统产品字典 emr，nis，ois,,3,电子病历,,sys_code,live_metadata,documented; [review_source_period:from_2025],platform
jhemr,jhsys_domains,框架模块-配置类-域名列表,,6,电子病历,,"domainname,ipaddress,hospital_no",live_metadata,documented; [review_source_period:from_2025],platform
jhemr,jhsys_error_dict,日志管理-字典类-系统常见错误列表字典20120331,,4,电子病历,,sys_error_code,live_metadata,documented; [review_source_period:from_2025],platform
jhemr,jhsys_file_dict,升级管理-字典类-程序集字典,,8,电子病历,,"file_name,sys_code",live_metadata,documented; [review_source_period:from_2025],platform
jhemr,jhsys_file_upload,升级管理-业务类-程序集升级表，程序存在blob字段,,14,电子病历,,"file_name,distribute_no,last_update,hospital_no",live_metadata,documented; [review_source_period:from_2025],platform
jhemr,jhsys_file_upload_beifen,框架模块-配置类-历次升级dll备份,,12,电子病历,,"file_name,last_update,hospital_no,distribute_no",live_metadata,[review_source_period:from_2025],platform
jhemr,jhsys_float_tab,框架模块-配置类-漂浮窗体内部控件动态加载dll,,9,电子病历,,event_code,live_metadata,documented; [review_source_period:from_2025],platform
jhemr,jhsys_message_attachment,消息发送-业务类-消息附件,,3,电子病历,,,live_metadata,[review_source_period:from_2025],platform
jhemr,jhsys_message_record,消息发送-业务类-消息发送记录表,,21,电子病历,,message_id,live_metadata,documented; [review_source_period:from_2025],platform
jhemr,jhsys_message_record_read,消息发送-业务类-消息记录阅读表,,8,电子病历,,"message_id,to_userid",live_metadata,documented; [review_source_period:from_2025],platform
jhemr,jhsys_message_type,"消息发送-字典类-消息类别表,CODE固定不可变",,7,电子病历,,message_type_code,live_metadata,documented; [review_source_period:from_2025],platform
jhemr,jhsys_return_advoice,框架模块-业务类-框架反馈意见表,,21,电子病历,,advice_id,live_metadata,documented; [review_source_period:from_2025],platform
jhemr,jhsys_return_attachment,框架模块-业务类-框架反馈意见附件表,,4,电子病历,,advice_id,live_metadata,documented; [review_source_period:from_2025],platform
jhemr,jhsys_role_vs_canvas,角色画布widget-映射类-角色关联画布,,6,电子病历,,"role_id,canvas_id",live_metadata,documented; [review_source_period:from_2025],platform
jhemr,jhsys_role_vs_permission,角色画布widget-作废类-角色权限,,2,电子病历,,"role_id,permission_no",live_metadata,documented; [review_source_period:from_2025],platform
jhemr,jhsys_sub_obj_dict,手麻ICU-页面级权限对象字典,,5,电子病历,,object_no,live_metadata,documented; [review_source_period:from_2025],platform
jhemr,jhsys_sub_obj_property,手麻ICU-,,2,电子病历,,property_no,live_metadata,documented; [review_source_period:from_2025],platform
jhemr,jhsys_sub_permission_dict,手麻ICU-,,2,电子病历,,permission_no,live_metadata,documented; [review_source_period:from_2025],platform
jhemr,jhsys_sub_perssion_vs_obj,手麻ICU-,,4,电子病历,,"permission_no,object_no,property_no",live_metadata,documented; [review_source_period:from_2025],platform
jhemr,jhsys_tables,日志管理-业务类-数据库表增长记录(定时数据库任务job插入),,8,电子病历,,"table_name,tablespace_name,record_date",live_metadata,documented; [review_source_period:from_2025],platform
jhemr,jhsys_widgets,角色画布widget-字典类-widget信息字典,,13,电子病历,,"widget_class_name,widget_file_name",live_metadata,documented; [review_source_period:from_2025],platform
jhemr,jhsys_widgets_doc,WIDGET帮助文档表,,8,电子病历,,id,live_metadata,[review_source_period:from_2025],platform
jhemr,jhsys_widget_vs_widget,角色画布widget-业务类-widget类型为1既嵌入tab页的widget内嵌widget维护,,6,电子病历,,"widget_id,inner_widget_id,canvas_id",live_metadata,documented; [review_source_period:from_2025],platform
jhemr,jhsys_workflow,工作流-业务类-工作流主表,,14,电子病历,,flow_id,live_metadata,documented; [review_source_period:from_2025],platform
jhemr,jhsys_workflow_group,工作流-字典类-工作流模板类型表,,2,电子病历,,"workflow_group_id,workflow_group_name",live_metadata,documented; [review_source_period:from_2025],platform
jhemr,jhsys_workflow_status_dict,工作流-字典类-流程状态字典表,,5,电子病历,,status_id,live_metadata,documented; [review_source_period:from_2025],platform
jhemr,jhsys_workflow_step,工作流-业务类-工作流子表 节点步骤流程表,,14,电子病历,,step_id,live_metadata,documented; [review_source_period:from_2025],platform
jhemr,jhsys_workflow_step_log,工作流-日志类-工作流子表 节点步骤流程表日志,,6,电子病历,,"step_id,approve_user_id,approve_date_time,bussiness_keys_values",live_metadata,documented; [review_source_period:from_2025],platform
jhemr,jhvte_audit,,,18,电子病历,,,live_metadata,[review_source_period:from_2025],platform
jhemr,jhvte_data_element,,,8,电子病历,,,live_metadata,[review_source_period:from_2025],platform
jhemr,jhvte_dept,,,8,电子病历,,"dept_code,dept_name",live_metadata,[review_source_period:from_2025],platform
jhemr,jhvte_dict,,,11,电子病历,,,live_metadata,[review_source_period:from_2025],platform
jhemr,jhvte_dvt_wells,,,12,电子病历,,,live_metadata,[review_source_period:from_2025],platform
jhemr,jhvte_dynamicvalues,VTE动态模板取值,,9,电子病历,,id,live_metadata,[review_source_period:from_2025],platform
jhemr,jhvte_graves,,,12,电子病历,,,live_metadata,[review_source_period:from_2025],platform
jhemr,jhvte_indicators_statistical,,,8,电子病历,,"patient_id,visit_id,admission_date_time,discharge_date_time,dept_admission_to,dept_discharge_from,indicators_type,hospital_no",live_metadata,[review_source_period:from_2025],platform
jhemr,jhvte_info_master,,,70,电子病历,,"patient_id,visit_id,access_id,file_no,vtype,flag,assess_date",live_metadata,[review_source_period:from_2025],platform
jhemr,jhvte_pe_possible,,,12,电子病历,,,live_metadata,[review_source_period:from_2025],platform
jhemr,jhvte_pesi_assess,,,12,电子病历,,,live_metadata,[review_source_period:from_2025],platform
jhemr,jhvte_prevention_rules,,,7,电子病历,,,live_metadata,[review_source_period:from_2025],platform
jhemr,jhvte_report,,,26,电子病历,,,live_metadata,[review_source_period:from_2025],platform
jhemr,jhvte_report_diagnosis,,,4,电子病历,,,live_metadata,[review_source_period:from_2025],platform
jhemr,jhvte_setting_init,,,11,电子病历,,,live_metadata,[review_source_period:from_2025],platform
jhemr,jhvte_tree_quality_dict,,,5,电子病历,,,live_metadata,[review_source_period:from_2025],platform
jhemr,jhvte_winform_templet,,,15,电子病历,,,live_metadata,[review_source_period:from_2025],platform
jhemr,jhwd_workdays,工作日管理(西肿瘤统计室专用),,5,电子病历,,"years,mounth",live_metadata,documented; [review_source_period:from_2025],platform
jhemr,jhwpn_dict_configuration,科室排班-班次信息（早中晚）,,10,电子病历,,"dict_code,dept_code,hospital_no",live_metadata,documented; [review_source_period:from_2025],platform
jhemr,jhwpn_dict_time_detail,科室排班-班次信息明细表,,10,电子病历,,"dict_code,dict_name,start_time,end_time",live_metadata,documented; [review_source_period:from_2025],platform
jhemr,jhwpn_work_plan_detail,科室排班-排班信息明细表,,9,电子病历,,"dept_code,serial_no,work_type,work_date,user_id",live_metadata,documented; [review_source_period:from_2025],platform
jhemr,jhwpn_work_plan_master,科室排班-排班信息明细子表,,9,电子病历,,"serial_no,dept_code",live_metadata,documented; [review_source_period:from_2025],platform
jhemr,jhwt42_zd_items,卫统管理-字典类-卫统42诊断字典表,,5,电子病历,,"zd_code,item_code,item_name",live_metadata,documented; [review_source_period:from_2025],platform
jhemr,jhwt_temp_04,卫统管理-业务类-卫统4,,39,电子病历,,"zycs,bah",live_metadata,documented; [review_source_period:from_2025],platform
jhemr,jhwt_temp_041,卫统管理-业务类-卫统4-1,,232,电子病历,,"zycs,bah",live_metadata,documented; [review_source_period:from_2025],platform
jhemr,jhwt_temp_042,卫统管理-业务类-卫统4-2,,242,电子病历,,"zycs,bah",live_metadata,documented; [review_source_period:from_2025],platform
jhemr,jhwt_vs_dictionary,卫统管理-映射类-院区诊断和标准诊断字段对照表,,5,电子病历,,"zd_code,stander_code,local_code",live_metadata,documented; [review_source_period:from_2025],platform
jhemr,jhwt_zd_items,卫统管理-字典类-诊断字典表,,5,电子病历,,"zd_code,item_code,item_name",live_metadata,documented; [review_source_period:from_2025],platform
jhemr,log_20260518,,,7,电子病历,,,live_metadata,[review_source_period:from_2025],platform
jhemr,log_202605bt,,,7,电子病历,,,live_metadata,[review_source_period:from_2025],platform
jhemr,medical_safety,医疗安全质控信息表,,20,电子病历,,"patient_id,visit_id,hospital_no,id",live_metadata,documented; [review_source_period:from_2025],platform
jhemr,mr_barcode_print_log,病案管理-业务类-条码打印日志,,10,电子病历,,"print_date,patient_id,visit_id,hospital_no",live_metadata,documented; [review_source_period:from_2025],platform
jhemr,mr_file_callback_record,病案管理-业务类-病历打回记录表,,30,电子病历,,"patient_id,visit_id,file_unique_id,hospital_no,apply_date_time",live_metadata,[review_source_period:from_2025],platform
jhemr,mr_file_index,病历书写-作废类-V5表数据,,40,电子病历,,"file_no,visit_id,patient_id,hospital_no",live_metadata,documented; [review_source_period:from_2025],platform
jhemr,mr_file_index_callback,病案管理-业务类-病历召回申请,,45,电子病历,,"patient_id,visit_id,apply_date_time,hospital_no,clinic_type",live_metadata,documented; [review_source_period:from_2025],platform
jhemr,mr_file_index_callback_midlle,,,27,电子病历,,"patient_id,visit_id,apply_date_time,hospital_no,clinic_type",live_metadata,[review_source_period:from_2025],platform
jhemr,mr_file_index_edit_apply,病案管理-业务类-病历修改申请审批,,23,电子病历,,"apply_date_time,file_no,visit_id,patient_id,hospital_no",live_metadata,documented; [review_source_period:from_2025],platform
jhemr,mr_finished_index_callback,病案管理-业务类-病历提交延期或上锁审核及申请表,,18,电子病历,,"patient_id,visit_id,status,hospital_no,apply_typy",live_metadata,[review_source_period:from_2025],platform
jhemr,mr_on_line,,,15,电子病历,,"dept_code,visit_id,patient_id,hospital_no",live_metadata,documented; [review_source_period:from_2025],platform
jhemr,mr_on_line_commit,病案管理-业务类-保存病案提交是的病案在线状态用于召回病历使用,,15,电子病历,,"dept_code,visit_id,patient_id,hospital_no",live_metadata,documented; [review_source_period:from_2025],platform
jhemr,mr_templet_index,模板维护-作废类-V5病例模板索引,,44,电子病历,,"hospital_code,templet_id,hospital_no",live_metadata,[review_source_period:from_2025],platform
jhemr,mr_workday_set,？,,2,电子病历,,set_date,live_metadata,[review_source_period:from_2025],platform
jhemr,mt_medical_record_first_disease,,,17,电子病历,,,live_metadata,[review_source_period:from_2025],platform
jhemr,mt_medical_record_first_disease_d,,,17,电子病历,,,live_metadata,[review_source_period:from_2025],platform
jhemr,mt_medical_record_first_fee,,,47,电子病历,,,live_metadata,[review_source_period:from_2025],platform
jhemr,mt_medical_record_first_fee_d,,,47,电子病历,,,live_metadata,[review_source_period:from_2025],platform
jhemr,mt_medical_record_first_operation,,,26,电子病历,,,live_metadata,[review_source_period:from_2025],platform
jhemr,mt_medical_record_first_operation_d,,,26,电子病历,,,live_metadata,[review_source_period:from_2025],platform
jhemr,mt_medical_record_first_other,,,130,电子病历,,,live_metadata,[review_source_period:from_2025],platform
jhemr,mt_medical_record_first_other_d,,,130,电子病历,,,live_metadata,[review_source_period:from_2025],platform
jhemr,mt_medical_record_first_patient,,,83,电子病历,,,live_metadata,[review_source_period:from_2025],platform
jhemr,mt_medical_record_first_patient_d,,,86,电子病历,,,live_metadata,[review_source_period:from_2025],platform
jhemr,mt_patient_progress,,,23,电子病历,,,live_metadata,[review_source_period:from_2025],platform
jhemr,new_baby_record,"上报卡管理-日志类-新生儿日志
",,14,电子病历,,"record_date,dept_code,baby_weight",live_metadata,documented; [review_source_period:from_2025],platform
jhemr,operation,病案首页.诊断手术-业务类-患者手术信息,,142,电子病历,,"patient_id,visit_id,operation_no,file_visit_type,display_no",live_metadata,documented; [review_source_period:from_2025],platform
jhemr,operation_bf0513,,,138,电子病历,,,live_metadata,[review_source_period:from_2025],platform
jhemr,operation_contrast_dict,手术对照表,,5,电子病历,,"operation_code,operation_name",live_metadata,[review_source_period:from_2025],platform
jhemr,operation_dict,,,26,电子病历,,"operation_code,operation_name,hospital_no",live_metadata,documented; [review_source_period:from_2025],platform
jhemr,operation_dict0411,,,23,电子病历,,,live_metadata,[review_source_period:from_2025],platform
jhemr,operation_dict_catalog,？,,16,电子病历,,"operation_code,operation_name",live_metadata,[review_source_period:from_2025],platform
jhemr,operation_dict_code,,,27,电子病历,,"operation_code,operation_name,hospital_no",live_metadata,[review_source_period:from_2025],platform
jhemr,operation_dict_code20260407,,,27,电子病历,,,live_metadata,[review_source_period:from_2025],platform
jhemr,operation_dict_lincha_yibao,,,6,电子病历,,"operation_code,operation_name",live_metadata,[review_source_period:from_2025],platform
jhemr,operation_dict_r,,,22,电子病历,,,live_metadata,[review_source_period:from_2025],platform
jhemr,operation_dict_xin,,,23,电子病历,,,live_metadata,[review_source_period:from_2025],platform
jhemr,op_sj_521,,,5,电子病历,,,live_metadata,[review_source_period:from_2025],platform
jhemr,pat_delivery,患者信息-业务类产科妇科情况,,47,电子病历,,"patient_id,visit_id,hospital_no",live_metadata,documented; [review_source_period:from_2025],platform
jhemr,pat_diagnosis,病历诊断-业务类-诊断录入诊断,,51,电子病历,,"patient_id,visit_id,diagnosis_type,diagnosis_sub_no,diagnosis_no,diagnosis_type_name,hospital_no,diagnosis_flag",live_metadata,documented; [review_source_period:from_2025],platform
jhemr,pat_diagnosis_action,病历诊断-业务类-诊断调用第三方API接口方法表,,7,电子病历,,"api_code,action_code",live_metadata,[review_source_period:from_2025],platform
jhemr,pat_diagnosis_action_result,病历诊断-业务类-诊断调用第三方API接口方法返回结果表,,7,电子病历,,"patient_id,visit_id,api_code,action_code,action_result_code,action_return_code",live_metadata,[review_source_period:from_2025],platform
jhemr,pat_diagnosis_action_return,病历诊断-业务类-诊断调用第三方API接口方法返回字段信息表,,9,电子病历,,"api_code,action_code,action_return_code",live_metadata,[review_source_period:from_2025],platform
jhemr,pat_diagnosis_api,病历诊断-业务类-诊断调用第三方API信息主表,,6,电子病历,,api_code,live_metadata,[review_source_period:from_2025],platform
jhemr,pat_diagnosis_log,病历诊断-日志类-诊断录入诊断日志表,,85,电子病历,,"pat_diagnosis_guid,operation_state",live_metadata,[review_source_period:from_2025],platform
jhemr,pat_diagnosis_message,病历诊断-映射类-手术诊断-诊断对应提示表,,3,电子病历,,diagnosis_code,live_metadata,documented; [review_source_period:from_2025],platform
jhemr,pat_emr_first_page_cda,病案首页-业务类-患者首页HTML信息表,,5,电子病历,,"patient_id,visit_id,hospital_no,mr_code",live_metadata,[review_source_period:from_2025],platform
jhemr,pat_emr_first_page_html,病案首页-业务类-患者首页HTML信息表,,5,电子病历,,"patient_id,visit_id,hospital_no,mr_code",live_metadata,documented; [review_source_period:from_2025],platform
jhemr,pat_instrument_use,病案首页-业务类-住院期间器材使用情况表,,14,电子病历,,"patient_id,visit_id,instrument_use_no,hospital_no",live_metadata,documented; [review_source_period:from_2025],platform
jhemr,pat_master_index,患者信息-业务类-患者基本信息,,48,电子病历,,"patient_id,hospital_no",live_metadata,documented; [review_source_period:from_2025],platform
jhemr,pat_neonatus_info,患者信息-业务类-产科新生儿情况,,48,电子病历,,"patient_id,visit_id",live_metadata,documented; [review_source_period:from_2025],platform
jhemr,pat_pain_record,疼痛病人检索表,,8,电子病历,,"patient_id,visit_id,time_point,vital_sign",live_metadata,documented; [review_source_period:from_2025],platform
jhemr,pat_physical_restraint,病案首页-业务类-住院期间身体约束表,,7,电子病历,,"patient_id,visit_id,restraint_no,hospital_no",live_metadata,documented; [review_source_period:from_2025],platform
jhemr,pat_pressure_sore,病案首页-业务类-患者压疮信息,,19,电子病历,,"patient_id,visit_id,hospital_no,pressure_part,pressure_type",live_metadata,documented; [review_source_period:from_2025],platform
jhemr,pats_in_hospital,患者信息-业务类-在院患者表,,30,电子病历,,"patient_id,hospital_no,visit_id",live_metadata,documented; [review_source_period:from_2025],platform
jhemr,pat_tumour,病案首页-业务类-肿瘤,,37,电子病历,,"visit_id,patient_id,hospital_no",live_metadata,documented; [review_source_period:from_2025],platform
jhemr,pat_tumour_detail,病案首页-业务类-化疗,,12,电子病历,,"detail_no,visit_id,patient_id,hospital_no",live_metadata,documented; [review_source_period:from_2025],platform
jhemr,pat_viis_522,,,25,电子病历,,,live_metadata,[review_source_period:from_2025],platform
jhemr,pat_visit,患者基本信息表,,396,电子病历,,"visit_id,patient_id,hospital_no",live_metadata,documented; [review_source_period:from_2025],platform
jhemr,pat_visit1,病案首页-业务类-患者基本信息,,639,电子病历,,"visit_id,patient_id,hospital_no",live_metadata,documented; [review_source_period:from_2025],platform
jhemr,pat_visit_20250522,患者基本信息表,,396,电子病历,,"visit_id,patient_id,hospital_no",live_metadata,[review_source_period:from_2025],platform
jhemr,pat_visit_baby,患者信息-业务类-婴儿信息表,,29,电子病历,,"baby_no,visit_id,patient_id,hospital_no",live_metadata,documented; [review_source_period:from_2025],platform
jhemr,pat_visit_dead,死亡证明-业务类-死亡患者记录表,,72,电子病历,,"patient_id,visit_id,create_times",live_metadata,documented; [review_source_period:from_2025],platform
jhemr,pat_visit_dead_audit_info,死亡证明-业务类-死亡患者审核、作废记录表,,7,电子病历,,"patient_id,visit_id,certificate_no",live_metadata,[review_source_period:from_2025],platform
jhemr,pat_visit_dead_bak,死亡证明-业务类-死亡患者记录备份表,,72,电子病历,,"patient_id,visit_id,create_times",live_metadata,documented; [review_source_period:from_2025],platform
jhemr,pat_visit_mental,病案首页-业务类-首页精神治疗数据表,,9,电子病历,,"patient_id,visit_id,mental_id,hospital_no",live_metadata,[review_source_period:from_2025],platform
jhemr,pat_visit_tcaoad,病案首页-业务类-首页抗菌药物治疗表,,11,电子病历,,"visit_id,patient_id,tcaoad_id,hospital_no",live_metadata,[review_source_period:from_2025],platform
jhemr,pat_visit_treat_fl,病案首页-业务类-首页放射治疗数据表,,11,电子病历,,"visit_id,patient_id,fl_id,hospital_no",live_metadata,[review_source_period:from_2025],platform
jhemr,pat_visit_treat_hl,病案首页-业务类-首页化学药物治疗表,,11,电子病历,,"visit_id,patient_id,hl_id,hospital_no",live_metadata,[review_source_period:from_2025],platform
jhemr,qulity_validate_vs_type,病案首页-业务类-首页质控验证分类,,4,电子病历,,"hospital_no,validate_id,info_id,plan_id",live_metadata,[review_source_period:from_2025],platform
jhemr,r_dept_level_dict,,,7,电子病历,,,live_metadata,[review_source_period:from_2025],platform
jhemr,recordfinished_oper_log,病历完成状态记录表(嘉和归档系统使用),,6,电子病历,,,live_metadata,[review_source_period:from_2025],platform
jhemr,sexual_character_dict,质控管理-字典类-男女性特征,,3,电子病历,,"sexual_name,sexual_character",live_metadata,documented; [review_source_period:from_2025],platform
jhemr,spec_symbol_dict,特殊符号字典,,4,电子病历,,"symbol,dept_code",live_metadata,documented; [review_source_period:from_2025],platform
jhemr,sys_export_full_01,Data Pump Master Table EXPORT                         FULL                          ,,95,电子病历,,,live_metadata,[review_source_period:from_2025],platform
jhemr,sys_export_tablespace_01,Data Pump Master Table EXPORT                         TABLESPACE                    ,,95,电子病历,,,live_metadata,[review_source_period:from_2025],platform
jhemr,tb_test,,,10,电子病历,,,live_metadata,[review_source_period:from_2025],platform
jhemr,temppatientidfileuniqueid,,,4,电子病历,,,live_metadata,[review_source_period:from_2025],platform
jhemr,tmp_fpq,,,3,电子病历,,,live_metadata,[review_source_period:from_2025],platform
jhemr,user_dept,用户管理-映射类-用户关联科室,,10,电子病历,,"user_dept,user_id,hospital_no",live_metadata,documented; [review_source_period:from_2025],platform
jhemr,user_dept0317,,,10,电子病历,,,live_metadata,[review_source_period:from_2025],platform
jhemr,users,用户管理-业务类-用户基本信息,,54,电子病历,,"db_user,hospital_no",live_metadata,documented; [review_source_period:from_2025],platform
jhemr,users_alter_group_log,用户管理-日志类-用户信息修改记录,,16,电子病历,,"user_id,log_sn,hospital_no",live_metadata,documented; [review_source_period:from_2025],platform
jhemr,users_auths,用户权限表_用户子表,,8,电子病历,,id,live_metadata,[review_source_period:from_2025],platform
jhemr,users_ca,用户管理.CA-用户CA信息表,,15,电子病历,,"serial_no,hospital_no",live_metadata,documented; [review_source_period:from_2025],platform
jhemr,users_ca_app,用户管理.CA-业务类-用户CA_APP表,,17,电子病历,,serial_no,live_metadata,[review_source_period:from_2025],platform
jhemr,users_ca_expand,用户管理.CA-业务类-CA信息扩展表（用于存储从CA获取的其他users_ca表不存的信息）,,12,电子病历,,serial_no,live_metadata,[review_source_period:from_2025],platform
jhemr,users_certificate,用户管理-业务类-员工证书表,,30,电子病历,,id,live_metadata,[review_source_period:from_2025],platform
jhemr,users_certificate_file,用户管理-业务类-员工证书文件表,,8,电子病历,,id,live_metadata,[review_source_period:from_2025],platform
jhemr,users_control_global,用户全局配置,,10,电子病历,,global_id,live_metadata,[review_source_period:from_2025],platform
jhemr,users_control_mode,医生移动签名方式表,,20,电子病历,,"user_id,hospital_no",live_metadata,[review_source_period:from_2025],platform
jhemr,users_control_mode_log,管控操作日志表,,15,电子病历,,"logid,last_modify_date",live_metadata,[review_source_period:from_2025],platform
jhemr,users_ip_manager,用户源地址管理,,14,电子病历,,"serial_no,user_id,hospital_no",live_metadata,[review_source_period:from_2025],platform
jhemr,users_pic,用户管理.CA-用户签名图片,,18,电子病历,,"user_id,hospital_no",live_metadata,documented; [review_source_period:from_2025],platform
jhemr,users_pic_0526,,,18,电子病历,,,live_metadata,[review_source_period:from_2025],platform
jhemr,users_pic_modify_log,用户管理-日志类-图片修改日志,,7,电子病历,,"user_id,log_sn,hospital_no",live_metadata,documented; [review_source_period:from_2025],platform
jhemr,users_sign_way,用户管理.CA-医生移动签名方式表（20220617新的不再使用 ）,,7,电子病历,,"user_id,hospital_no",live_metadata,[review_source_period:from_2025],platform
jhemr,users_sublogin,签名方式子表,,5,电子病历,,"user_id,hospital_no,login_way,file_visit_type",live_metadata,[review_source_period:from_2025],platform
jhemr,users_subsign,签名方式子表,,8,电子病历,,"user_id,sign_way,file_visit_type,hospital_no",live_metadata,[review_source_period:from_2025],platform
jhemr,v_病案_病案状态查询,,,11,电子病历,,,live_metadata,[review_source_period:from_2025],platform
jhemr,v_admission_note,,,17,电子病历,,,live_metadata,[review_source_period:from_2025],platform
jhemr,validate_area_dept,首页质控-映射类-首页质控验证类型与科室角色位置对照表（验证方案）,,6,电子病历,,"hospital_no,plan_id",live_metadata,[review_source_period:from_2025],platform
jhemr,validate_info_type_dict,首页质控-,,6,电子病历,,"info_id,hospital_no",live_metadata,[review_source_period:from_2025],platform
jhemr,validate_log,首页质控验证日志,,11,电子病历,,,live_metadata,[review_source_period:from_2025],platform
jhemr,validate_type_dict,首页质控-字典类-首页质控验证信息类型字典,,6,电子病历,,"validate_type_code,hospital_no",live_metadata,[review_source_period:from_2025],platform
jhemr,valuechangelog,病案首页-日志类-记录首页控件值变化的日志表,,9,电子病历,,"changetime,patient_id,visit_id",live_metadata,[review_source_period:from_2025],platform
jhemr,v_birth_list,,,8,电子病历,,,live_metadata,[review_source_period:from_2025],platform
jhemr,v_blws,,,20,电子病历,,,live_metadata,[review_source_period:from_2025],platform
jhemr,v_cdaupload,,,13,电子病历,,,live_metadata,[review_source_period:from_2025],platform
jhemr,v_cdaupload1,,,13,电子病历,,,live_metadata,[review_source_period:from_2025],platform
jhemr,v_cdaupload2,,,12,电子病历,,,live_metadata,[review_source_period:from_2025],platform
jhemr,v_cdauploadbc,,,13,电子病历,,,live_metadata,[review_source_period:from_2025],platform
jhemr,v_cdaupload_dhzd,,,13,电子病历,,,live_metadata,[review_source_period:from_2025],platform
jhemr,v_cdaupload_dhzd1,,,5,电子病历,,,live_metadata,[review_source_period:from_2025],platform
jhemr,v_cdauploadqsjj,,,3,电子病历,,,live_metadata,[review_source_period:from_2025],platform
jhemr,v_cdaupload_sg,,,13,电子病历,,,live_metadata,[review_source_period:from_2025],platform
jhemr,v_cdaupload_sgsb,,,13,电子病历,,,live_metadata,[review_source_period:from_2025],platform
jhemr,v_cdss,,,10,电子病历,,,live_metadata,[review_source_period:from_2025],platform
jhemr,v_cdss_ba,,,10,电子病历,,,live_metadata,[review_source_period:from_2025],platform
jhemr,v_cdss_init,,,4,电子病历,,,live_metadata,[review_source_period:from_2025],platform
jhemr,v_chuyuanzhenduan,,,5,电子病历,,,live_metadata,[review_source_period:from_2025],platform
jhemr,v_convert_all,,,3,电子病历,,,live_metadata,[review_source_period:from_2025],platform
jhemr,v_convert_f,,,2,电子病历,,,live_metadata,[review_source_period:from_2025],platform
jhemr,v_convert_s,,,3,电子病历,,,live_metadata,[review_source_period:from_2025],platform
jhemr,v_diagnosis,,,9,电子病历,,,live_metadata,[review_source_period:from_2025],platform
jhemr,v_diagnosis_tohis,,,11,电子病历,,,live_metadata,[review_source_period:from_2025],platform
jhemr,v_discharge_summary,,,9,电子病历,,,live_metadata,[review_source_period:from_2025],platform
jhemr,v_first_medical_record,,,8,电子病历,,,live_metadata,[review_source_period:from_2025],platform
jhemr,v_first_postoperative_course_record,,,4,电子病历,,,live_metadata,[review_source_period:from_2025],platform
jhemr,v_hisicu,,,6,电子病历,,,live_metadata,[review_source_period:from_2025],platform
jhemr,v_hisshoushu,,,21,电子病历,,,live_metadata,[review_source_period:from_2025],platform
jhemr,v_hisshoushu1,,,18,电子病历,,,live_metadata,[review_source_period:from_2025],platform
jhemr,v_hisshouye,,,67,电子病历,,,live_metadata,[review_source_period:from_2025],platform
jhemr,v_hisshouye1,,,134,电子病历,,,live_metadata,[review_source_period:from_2025],platform
jhemr,v_HISshouye1,,,134,电子病历,,,live_metadata,[review_source_period:from_2025],platform
jhemr,v_hiszhenduan,,,14,电子病历,,,live_metadata,[review_source_period:from_2025],platform
jhemr,v_hiszhenduan1,,,15,电子病历,,,live_metadata,[review_source_period:from_2025],platform
jhemr,v_hlht,,,5,电子病历,,,live_metadata,[review_source_period:from_2025],platform
jhemr,view_ckbl,,,8,电子病历,,,live_metadata,[review_source_period:from_2025],platform
jhemr,view_jhnis_inpat_vital_signs,,,20,电子病历,,,live_metadata,[review_source_period:from_2025],platform
jhemr,view_operation_desc,,,5,电子病历,,,live_metadata,[review_source_period:from_2025],platform
jhemr,view_zdhc,,,10,电子病历,,,live_metadata,[review_source_period:from_2025],platform
jhemr,v_inp_visit_base,,,18,电子病历,,,live_metadata,[review_source_period:from_2025],platform
jhemr,v_inp_visit_base_opt_bak,,,18,电子病历,,,live_metadata,[review_source_period:from_2025],platform
jhemr,vital_birth_rec,临床护理-业务类-产程图记录表,,13,电子病历,,"patient_id,visit_id,recording_date,time_point,vital_signs,hospital_no",live_metadata,documented; [review_source_period:from_2025],platform
jhemr,vital_nis_to_emr,,,16,电子病历,,,live_metadata,[review_source_period:from_2025],platform
jhemr,vital_signs_config,临床护理-业务类-体征断线配置表,,8,电子病历,,"signs_show,signs_no_show,signs_value_condition,signs_condition,signs_no_condition,hospital_no",live_metadata,documented; [review_source_period:from_2025],platform
jhemr,vital_signs_dict,临床护理-字典类-体温单体征项目字典,,23,电子病历,,"vital_signs,vital_signs_no,hospital_no",live_metadata,documented; [review_source_period:from_2025],platform
jhemr,vital_signs_modify_log,临床护理-日志雷-体温单修改日志表,,13,电子病历,,"patient_id,visit_id,time_point,vital_signs,modify_date_time,modify_type,hospital_no",live_metadata,[review_source_period:from_2025],platform
jhemr,vital_signs_print_log,临床护理-日志类-体温单打印日志表,,9,电子病历,,"patient_id,visit_id,page_no,hospital_no",live_metadata,documented; [review_source_period:from_2025],platform
jhemr,vital_signs_rec,临床护理-业务类-体温单记录表,,16,电子病历,,"patient_id,visit_id,recording_date,time_point,vital_signs,hospital_no,baby_no",live_metadata,documented; [review_source_period:from_2025],platform
jhemr,v_jhicu_evalution_last_score,,,7,电子病历,,,live_metadata,[review_source_period:from_2025],platform
jhemr,v_jhicu_evalution_score_his,,,13,电子病历,,,live_metadata,[review_source_period:from_2025],platform
jhemr,v_jhmr_file_index,,,53,电子病历,,,live_metadata,[review_source_period:from_2025],platform
jhemr,v_jhnis_bp_today,,,5,电子病历,,,live_metadata,[review_source_period:from_2025],platform
jhemr,v_jhnis_catheter_remind,,,8,电子病历,,,live_metadata,[review_source_period:from_2025],platform
jhemr,v_jhnis_defecate_today,,,5,电子病历,,,live_metadata,[review_source_period:from_2025],platform
jhemr,v_jhnis_firstdayofweek_patient,,,7,电子病历,,,live_metadata,[review_source_period:from_2025],platform
jhemr,v_jhnis_high_fever_pats,,,20,电子病历,,,live_metadata,[review_source_period:from_2025],platform
jhemr,v_jhnis_high_temp_pats,,,6,电子病历,,,live_metadata,[review_source_period:from_2025],platform
jhemr,v_jhnis_newadm_pats,,,4,电子病历,,,live_metadata,[review_source_period:from_2025],platform
jhemr,v_jhnis_pain_pats,,,7,电子病历,,,live_metadata,[review_source_period:from_2025],platform
jhemr,v_jhnis_temp_new_temp,,,6,电子病历,,,live_metadata,[review_source_period:from_2025],platform
jhemr,v_jhnis_temp_vs_nurssing,,,8,电子病历,,,live_metadata,[review_source_period:from_2025],platform
jhemr,v_jhnis_using_catheter_data,,,5,电子病历,,,live_metadata,[review_source_period:from_2025],platform
jhemr,v_jhnis_vital_signs,,,20,电子病历,,,live_metadata,[review_source_period:from_2025],platform
jhemr,v_jhnis_weight_today,,,9,电子病历,,,live_metadata,[review_source_period:from_2025],platform
jhemr,v_jhsd_diagnosis,,,5,电子病历,,,live_metadata,[review_source_period:from_2025],platform
jhemr,v_jhsd_first_page_costs,,,33,电子病历,,,live_metadata,[review_source_period:from_2025],platform
jhemr,v_jhsd_operation,,,9,电子病历,,,live_metadata,[review_source_period:from_2025],platform
jhemr,v_jhsd_pat_visit,,,18,电子病历,,,live_metadata,[review_source_period:from_2025],platform
jhemr,v_jinchuangbl,,,14,电子病历,,,live_metadata,[review_source_period:from_2025],platform
jhemr,v_mrcatalog_delay_sign,,,11,电子病历,,,live_metadata,[review_source_period:from_2025],platform
jhemr,v_mrcatalog_no_sign,,,11,电子病历,,,live_metadata,[review_source_period:from_2025],platform
jhemr,v_operation_dict,,,11,电子病历,,,live_metadata,[review_source_period:from_2025],platform
jhemr,v_operative_note,,,8,电子病历,,,live_metadata,[review_source_period:from_2025],platform
jhemr,v_patcardlist,,,24,电子病历,,,live_metadata,[review_source_period:from_2025],platform
jhemr,v_pats_in_hospital,,,27,电子病历,,,live_metadata,[review_source_period:from_2025],platform
jhemr,v_preoperative_summary,,,9,电子病历,,,live_metadata,[review_source_period:from_2025],platform
jhemr,v_progress_note,,,4,电子病历,,,live_metadata,[review_source_period:from_2025],platform
jhemr,v_superior_rounds,,,4,电子病历,,,live_metadata,[review_source_period:from_2025],platform
jhemr,v_sxzqtys,,,10,电子病历,,,live_metadata,[review_source_period:from_2025],platform
jhemr,win_templet_group,临床护理-,,4,电子病历,,"page_no,project_id,data_type",live_metadata,[review_source_period:from_2025],platform
jhemr,xtoemrlog,,,10,电子病历,,"event_id,hospital_no",live_metadata,documented; [review_source_period:from_2025],platform
jhemr,yb_charge_info,医疗收费信息,,7,电子病历,,,live_metadata,[review_source_period:from_2025],platform
jhemr,yb_diagnosis_dict,医保诊断字典,,13,电子病历,,,live_metadata,[review_source_period:from_2025],platform
jhemr,yb_hos_info,填报机构信息,,2,电子病历,,,live_metadata,[review_source_period:from_2025],platform
jhemr,yb_operation_dict,医保手术字典,,4,电子病历,,,live_metadata,[review_source_period:from_2025],platform
jhemr,yb_users_dict,医保医生信息,,4,电子病历,,,live_metadata,[review_source_period:from_2025],platform
JHEMR,BCJL202603,,43721,15,,,,,,metadata
JHEMR,DEPT_DICT,,310,36,,,,,,metadata
JHEMR,FIRST_PAGE_COSTS,病案首页-业务类-首页费用(接口同步),101225,60,电子病历(新),病案首页费用,PATIENT_ID|VISIT_ID,A,按 PATIENT_ID+VISIT_ID 挂 HIS 住院,curated
JHEMR,JHMR_FILE_CONTENT,,0,2,,,,,,metadata
JHEMR,JHMR_FILE_CONTENT_DG,病历内容表-业务类-文档中节点内容存放表,2836299,10,电子病历(新),文书打散内容,FILE_UNIQUE_ID,A,含 PATIENT_ID+VISIT_ID，可直接挂 HIS 住院,curated
JHEMR,JHMR_FILE_CONTENT_TEXT,,1141816,2,电子病历(新),文书正文,FILE_UNIQUE_ID,A,MR_CONTENT 正文,curated
JHEMR,JHMR_FILE_INDEX,病历文书-业务类-新版本病历文件索引,1119370,67,电子病历(新),文书索引,FILE_UNIQUE_ID,A,FILE_FLAG<>'T' 有效;TOPIC like '%手术记录%',curated
JHEMR,JHMR_FILE_VISIT_TYPE_VS_DG,病历文书-映射类-就诊类型与提取疾病分组条目对照2012.05.24陈联忠,157,2,,,,,,metadata
JHEMR,JHMR_TEMPLET_CLASS,模板维护-字典类-模板分类字典,123,17,,,,,,metadata
JHEMR,JHMS_STAT_TEMPLET,随访管理-映射类-随访对应模板,128,4,,,,,,metadata
JHEMR,MED_AUDIT_CONCLUSION,,50735,16,,,,,,metadata
JHEMR,MED_AUDIT_DIMENSION_RESULT,,270205,19,,,,,,metadata
JHEMR,MED_DEPARTMENTS,,2,5,,,,,,metadata
JHEMR,MED_EXPORT_AUDIT_LOG,,36,12,,,,,,metadata
JHEMR,MED_NOTIFY_LOG,,4384,8,,,,,,metadata
JHEMR,MED_PERMISSIONS,,13,5,,,,,,metadata
JHEMR,MED_PUSH_LOG,,82427,37,,,,,,metadata
JHEMR,MED_QC_ALERT_FEEDBACK,,9,15,,,,,,metadata
JHEMR,MED_QC_FEEDBACK,,1338,18,,,,,,metadata
JHEMR,MED_QC_FEEDBACK_HISTORY,,1338,7,,,,,,metadata
JHEMR,MED_QC_RECORD_ALERT_LOG,,1542,23,,,,,,metadata
JHEMR,MED_ROLE_DEPARTMENTS,,0,3,,,,,,metadata
JHEMR,MED_ROLE_MENUS,,0,3,,,,,,metadata
JHEMR,MED_ROLE_PERMISSIONS,,16,2,,,,,,metadata
JHEMR,MED_ROLES,,2,4,,,,,,metadata
JHEMR,MED_SCHEDULER_HISTORY,,265,10,,,,,,metadata
JHEMR,MED_SCHEDULER_RUN_LOCK,,2,7,,,,,,metadata
JHEMR,MED_USERS,,1,10,,,,,,metadata
JHEMR,PAT_DIAGNOSIS,病历诊断-业务类-诊断录入诊断,772618,51,电子病历(新),新 EMR 诊断,PATIENT_ID|VISIT_ID,A,按 PATIENT_ID+VISIT_ID 挂 HIS 住院,curated
JHEMR,TEMP_PAT_VISIT_LIST,,249,5,,,,,,metadata
JHEMR,YDHL_202501,,96995,46,,,,,,metadata
jhfile,jhcdr_ehr_data_element,病历内容打散保存-业务类-健康档案按数据元打散的数据,,13,电子病历,,"hospital_no,patient_id,visit_id,dg_code,dg_sub_no,de_code,de_sub_no",live_metadata,documented; [review_source_period:from_2025],platform
jhfile,jhcdr_emr_data_element,病历内容打散保存-业务类-电子病历临床文档按数据元打散的记录,,13,电子病历,,"file_unique_id,element_index",live_metadata,documented; [review_source_period:from_2025],platform
jhfile,jhmr_file_content,病历内容表-业务类-病历内容,,2,电子病历,,file_unique_id,live_metadata,documented; [review_source_period:from_2025],platform
jhfile,jhmr_file_content_cda,病历内容表-业务类-病历CDA内容,,2,电子病历,,file_unique_id,live_metadata,documented; [review_source_period:from_2025],platform
jhfile,jhmr_file_content_dg,病历内容表-业务类-文档中节点内容存放表,,10,电子病历,,"file_unique_id,dg_code",live_metadata,documented; [review_source_period:from_2025],platform
jhfile,jhmr_file_content_dg_format,文档数据组元素格式化存储,,11,电子病历,,"file_unique_id,dg_code",live_metadata,[review_source_period:from_2025],platform
jhfile,jhmr_file_content_htm,病历内容表-业务类-病历HTML内容,,2,电子病历,,file_unique_id,live_metadata,documented; [review_source_period:from_2025],platform
jhfile,jhmr_file_content_img_pdf,存储首页与文书BLOB,,3,电子病历,,,live_metadata,[review_source_period:from_2025],platform
jhfile,jhmr_file_content_log,病历内容表-业务类-病历内容日志,,4,电子病历,,"log_date_time,file_unique_id",live_metadata,documented; [review_source_period:from_2025],platform
jhfile,jhmr_file_content_text,病历内容表-业务类-病历文本内容,,2,电子病历,,file_unique_id,live_metadata,documented; [review_source_period:from_2025],platform
jhnis,jhcdr_lab_report_sampling,移动护理-作废类张海龙2022-9-5作废不再维护  检验样品采样表 ,,15,电子病历,,"patient_id,visit_id,lab_apply_no,hospital_no",live_metadata,[review_source_period:from_2025],platform
jhnis,jhdb_allergy_dictionary,患者总览-字典类-过敏史字典,,5,电子病历,,,live_metadata,[review_source_period:from_2025],platform
jhnis,jhicu_dict_evaluation_score,护理评估-字典类-评估评分字典,,34,电子病历,,evaluation_score_id,live_metadata,[review_source_period:from_2025],platform
jhnis,jhicu_es_vs_class,护理评估-映射类-评分评估对应编辑控件,,8,电子病历,,"evaluation_score_id,hospital_no",live_metadata,[review_source_period:from_2025],platform
jhnis,jhicu_evalution_score_history,护理评估-业务类-评估评分历史,,32,电子病历,,evaluation_score_history_id,live_metadata,[review_source_period:from_2025],platform
jhnis,jhicu_log_operation,护理评估-日志类-系统操作日志,,6,电子病历,,log_id,live_metadata,[review_source_period:from_2025],platform
jhnis,jhicu_write_vs_print,护理评估-映射类-录入模板与打印模板对照,,4,电子病历,,,live_metadata,[review_source_period:from_2025],platform
jhnis,jhmht_eva_modules,护理评估-业务类-移动端护理评估模板表,,15,电子病历,,"mod_title,hospital_no",live_metadata,[review_source_period:from_2025],platform
jhnis,jhnis_administration_relation,移动护理-医嘱执行模块-字典类-移动护理用药途径字典表，用于医嘱拆分及医嘱查询,,6,电子病历,,"ja_code,ja_type,ja_administration,hospital_no",live_metadata,[review_source_period:from_2025],platform
jhnis,jhnis_adverse_event_evaluation,不良事件上报-业务类-不良事件审核整改评价表,,10,电子病历,,"rec_main_id,display_order,evaluation_date",live_metadata,[review_source_period:from_2025],platform
jhnis,jhnis_adverse_event_index,不良事件上报-业务类-不良事件上报主记录表,,78,电子病历,,rec_main_id,live_metadata,[review_source_period:from_2025],platform
jhnis,jhnis_adverse_event_statistics,不良事件上报-配置类-不良事件数据元统计配置表,,8,电子病历,,"template_id,de_code,hospital_no",live_metadata,[review_source_period:from_2025],platform
jhnis,jhnis_adverse_event_vs_dept,不良事件上报-映射类-护理不良事件模板科室对照表,,13,电子病历,,"dept_code,hospital_no,event_name",live_metadata,[review_source_period:from_2025],platform
jhnis,jhnis_blood_manage_detail,输血记录-业务表-输血记录管理明细表,,30,电子病历,,"patient_id,visit_id,hospital_no,apply_no,ingredients_code,donation_code",live_metadata,[review_source_period:from_2025],platform
jhnis,jhnis_blood_manage_index,输血记录-业务类-输血记录管理主表,,26,电子病历,,"patient_id,visit_id,hospital_no,apply_no",live_metadata,[review_source_period:from_2025],platform
jhnis,jhnis_blood_manage_round,输血记录-业务类-输血巡视表,,15,电子病历,,"patient_id,visit_id,hospital_no,apply_no,ingredients_code,donation_code,round_user_time",live_metadata,[review_source_period:from_2025],platform
jhnis,jhnis_business_rule_content,护理总览监控配置-配置类-规则触发护理项目配置,,12,电子病历,,"hospital_no,ward_code,serial_no,care_item_code,rule_code",live_metadata,[review_source_period:from_2025],platform
jhnis,jhnis_business_rule_define,护理总览监控配置-配置类-规则定义,,18,电子病历,,"hospital_no,ward_code,rule_code,serial_no",live_metadata,[review_source_period:from_2025],platform
jhnis,jhnis_business_rule_dict,护理总览监控配置-字典类-临床护理规则字典,,7,电子病历,,"hospital_no,rule_code",live_metadata,[review_source_period:from_2025],platform
jhnis,jhnis_ca_data_rec,临床护理 CA数据表（新）,,17,电子病历,,"serial_no,hospital_no",live_metadata,[review_source_period:from_2025],platform
jhnis,jhnis_care_item_category_dict,体征录入-字典类-护理项目分类字典,,10,电子病历,,"category_id,hospital_no,ward_code,template_type",live_metadata,[review_source_period:from_2025],platform
jhnis,jhnis_care_items_config,体征录入-配置类-护理项目配置,,13,电子病历,,"care_item_code,hospital_no",live_metadata,[review_source_period:from_2025],platform
jhnis,jhnis_care_items_vs_dept,体征录入-配置类-项目明细对应的项目类别和医院科室,,9,电子病历,,"care_item_code,category_id,hospital_no,ward_code,template_type",live_metadata,[review_source_period:from_2025],platform
jhnis,jhnis_care_main,"体征录入-业务类-护理主信息
同步患者数据的时候生成唯一护理索引,存入此表",,17,电子病历,,care_main_index,live_metadata,[review_source_period:from_2025],platform
jhnis,jhnis_cdadoc_cv_compare,互联互通CDA文档生成工具-配置类-CDA文档值域配置表,,6,电子病历,,,live_metadata,[review_source_period:from_2025],platform
jhnis,jhnis_cdadoc_de_compare,互联互通CDA文档生成工具-映射类-CDA文档数据源对照表,,12,电子病历,,"doc_id,de_code,hospital_no,node_path",live_metadata,[review_source_period:from_2025],platform
jhnis,jhnis_cdadoc_type,互联互通CDA文档生成工具-字典类-CDA文档类型表,,7,电子病历,,"doc_id,doc_type",live_metadata,[review_source_period:from_2025],platform
jhnis,jhnis_comm_data_config,通用业务-配置类-通用数据业务配置表,,29,电子病历,,b_id,live_metadata,[review_source_period:from_2025],platform
jhnis,jhnis_comm_data_detail,通用业务-业务类-护理模板详情数据表,,13,电子病历,,case_id,live_metadata,[review_source_period:from_2025],platform
jhnis,jhnis_comm_data_elem,通用业务-配置类-通用数据业务显示列配置表,,22,电子病历,,"b_id,c_id",live_metadata,[review_source_period:from_2025],platform
jhnis,jhnis_comm_data_index,通用业务-业务类-护理通用数据主记录表,,29,电子病历,,rec_main_id,live_metadata,[review_source_period:from_2025],platform
jhnis,jhnis_custom_columns,护理总览-配置类-左侧列表模块自定义列表顺序,,10,电子病历,,"app_module,column_fieldname,hospital_no,ward_code",live_metadata,[review_source_period:from_2025],platform
jhnis,jhnis_custom_dict_detail,护理总览-字典类-左侧患者类别自定义列的字典明细,,9,电子病历,,"dict_code,hospital_no,ward_code,de_code",live_metadata,[review_source_period:from_2025],platform
jhnis,jhnis_data_sync_log,第三方数据-日志类-移动护理数据同步日志表(已过时）,,7,电子病历,,"task_name,sync_start_time,hosptial_no",live_metadata,[review_source_period:from_2025],platform
jhnis,jhnis_data_trasfer_command,第三方数据-配置类-第三方数据接口命令配置表,,8,电子病历,,"commandid,hospital_no",live_metadata,[review_source_period:from_2025],platform
jhnis,jhnis_data_trasfer_param,第三方数据-配置类-第三方数据传输参数表,,6,电子病历,,"commandid,hospital_no,param_id",live_metadata,[review_source_period:from_2025],platform
jhnis,jhnis_data_trasfer_provider,第三方数据-配置类-第三方数据接口供应器配置表,,6,电子病历,,"providerid,hospital_no",live_metadata,[review_source_period:from_2025],platform
jhnis,jhnis_de_template_detail,护理评估-业务类-护理模板详情数据表,,11,电子病历,,case_id,live_metadata,[review_source_period:from_2025],platform
jhnis,jhnis_dict_detail,通用配置-字典类-字典明细表,,10,电子病历,,"class_code,dict_code,hospital_no",live_metadata,[review_source_period:from_2025],platform
jhnis,jhnis_dict_master,通用配置-业务类-护理字典索引表,,7,电子病历,,"class_code,hospital_no",live_metadata,[review_source_period:from_2025],platform
jhnis,jhnis_doc_file_rec,护理总览-业务类-护理文档文件记录表（护理总览左侧菜单）,,29,电子病历,,"patient_id,visit_id,baby_no,hospital_no,doc_type,doc_id,page_num",live_metadata,[review_source_period:from_2025],platform
jhnis,jhnis_doc_menu,护理总览-业务类-护理菜单表（护理总览右侧上方菜单）,,9,电子病历,,"menu_code,ward_code,hospital_no",live_metadata,[review_source_period:from_2025],platform
jhnis,jhnis_doc_patient_flag,护理总览-业务类-护理单据患者标记表,,8,电子病历,,"patient_id,visit_id,baby_no,doc_type,doc_id",live_metadata,[review_source_period:from_2025],platform
jhnis,jhnis_document_record_relation,护理总览-业务类-护理文书记录关联表,,10,电子病历,,"de_code,temp_id,relation__id",live_metadata,[review_source_period:from_2025],platform
jhnis,jhnis_emr_template_column,护理打印-业务类-列配置,,11,电子病历,,"module_print_code,module_code,mr_code,print_table_name,flied_name,hospital_no",live_metadata,[review_source_period:from_2025],platform
jhnis,jhnis_emr_template_column_dict,护理打印-字典类-模块打印列字典表,,7,电子病历,,"module_code,module_print_code,mr_code,flied_name",live_metadata,[review_source_period:from_2025],platform
jhnis,jhnis_emr_template_config,护理打印-配置类-打印模板配置表,,21,电子病历,,"module_print_code,module_code,hospital_no",live_metadata,[review_source_period:from_2025],platform
jhnis,jhnis_emr_template_param,护理打印-配置类-参数表,,11,电子病历,,"module_print_code,module_code,mr_code,param_code,hospital_no",live_metadata,[review_source_period:from_2025],platform
jhnis,jhnis_evaluation_allergy,护理评估-业务类-评估单回写过敏药物记录表,,11,电子病历,,,live_metadata,[review_source_period:from_2025],platform
jhnis,jhnis_evaluation_ca_info,护理评估-业务类-护理评估CA签名数据表,,13,电子病历,,"evaluation_score_history_id,record_id",live_metadata,[review_source_period:from_2025],platform
jhnis,jhnis_evaluation_risk_config,护理评估-配置类-护理评估单风险等级配置表,,8,电子病历,,"eva_id,level_code",live_metadata,[review_source_period:from_2025],platform
jhnis,jhnis_evaluation_vs_dept,护理评估-映射类-护理评估单对应科室表,,5,电子病历,,"evaluation_score_id,dept_code,hospital_no",live_metadata,[review_source_period:from_2025],platform
jhnis,jhnis_evaluation_writeback,护理评估-业务类-评估写回护理记录和体温单的配置,,8,电子病历,,"evaluation_score_id,de_code,item_type",live_metadata,[review_source_period:from_2025],platform
jhnis,jhnis_execute_order_round,巡视记录-业务类-医嘱执行巡视记录,,17,电子病历,,"patient_id,visit_id,order_no,hospital_no,round_date",live_metadata,[review_source_period:from_2025],platform
jhnis,jhnis_file_open_log,护理记录访问日志,,16,电子病历,,id,live_metadata,[review_source_period:from_2025],platform
jhnis,jhnis_follow_up_visit,随访记录-业务类-随访记录数据表,,26,电子病历,,"patient_id,visit_id,plan_fu_date_time,hospital_no",live_metadata,[review_source_period:from_2025],platform
jhnis,jhnis_frequency_dict,移动护理-医嘱执行模块--字典类-频次字典,,7,电子病历,,frequency_code,live_metadata,[review_source_period:from_2025],platform
jhnis,jhnis_frequency_dict_po,移动护理-医嘱执行模块-字典类-口服药频次表,,6,电子病历,,"item_code,item_time,item_type",live_metadata,[review_source_period:from_2025],platform
jhnis,jhnis_health_edu_elem,健康宣教-业务类-健康宣教记录子表,,12,电子病历,,"record_unique_id,illness_id,item_id,hospital_no,state",live_metadata,[review_source_period:from_2025],platform
jhnis,jhnis_health_edu_illness_dict,健康宣教-字典类-健康宣教病症字典,,12,电子病历,,"hospital_no,ward_code,illness_id",live_metadata,[review_source_period:from_2025],platform
jhnis,jhnis_health_edu_index,健康宣教-业务类-健康宣教记录表,,32,电子病历,,"hospital_no,patient_id,visit_id,record_unique_id",live_metadata,[review_source_period:from_2025],platform
jhnis,jhnis_health_edu_item_dict,健康宣教-字典类-健康宣教项目字典,,13,电子病历,,"hospital_no,illness_id,item_id",live_metadata,[review_source_period:from_2025],platform
jhnis,jhnis_health_edu_type,健康宣教-字典类-健康宣教系统分类表,,7,电子病历,,"type_code,hospital_no",live_metadata,[review_source_period:from_2025],platform
jhnis,jhnis_holiday_detail,通用配置-配置类-节假日管理明细表,,9,电子病历,,id,live_metadata,[review_source_period:from_2025],platform
jhnis,jhnis_holiday_manage,通用配置-配置类-节假日管理主表,,7,电子病历,,id,live_metadata,[review_source_period:from_2025],platform
jhnis,jhnis_inpat_nursing_plan,护理计划-业务类-护理计划数据表,,49,电子病历,,"patient_id,visit_id,baby_no,hospital_no,plan_date_time,nursing_plan_id",live_metadata,[review_source_period:from_2025],platform
jhnis,jhnis_inpat_vital_signs,体征录入-业务类-体温单患者护理项目数据表（含新生儿）,,20,电子病历,,record_unique_id,live_metadata,[review_source_period:from_2025],platform
jhnis,jhnis_insulin_print,胰岛素有效期登记模块-业务类-胰岛素有效期登记表,,14,电子病历,,"patient_id,visit_id,printime,order_no,hospital_no",live_metadata,[review_source_period:from_2025],platform
jhnis,jhnis_item_vs_ward,护理计划-映射类-护理计划和健康宣教关联病区的表,,8,电子病历,,"item_id,item_type,ward_code,hospital_no",live_metadata,[review_source_period:from_2025],platform
jhnis,jhnis_lab_report_bar_code,移动护理-医嘱执行模块-业务类-检验条码表,,23,电子病历,,"patient_id,visit_id,hospital_no,lab_apply_no,bar_code",live_metadata,[review_source_period:from_2025],platform
jhnis,jhnis_level_order,护理管理-作废类-张海龙作废不再维护 2022-9-1,,33,电子病历,,"rec_main_id,hospital_no",live_metadata,[review_source_period:from_2025],platform
jhnis,jhnism_ae_academic_position,学术交流-业务类-新任国内外学术职务情况,,14,电子病历,,"hospital_no,dept_code,academic_position_id",live_metadata,[review_source_period:from_2025],platform
jhnis,jhnism_ae_attending_local_snt,学术交流-业务类-参加地方专科护士培训情况,,13,电子病历,,"hospital_no,dept_code,local_snt_id",live_metadata,[review_source_period:from_2025],platform
jhnis,jhnism_ae_attending_situation,学术交流-业务类-参加会议情况,,12,电子病历,,"hospital_no,dept_code,meeting_id",live_metadata,[review_source_period:from_2025],platform
jhnis,jhnism_ae_conference_agenda,学术交流-业务类-会议议程,,16,电子病历,,"hospital_no,dept_code,meeting_id,conference_agenda_id",live_metadata,[review_source_period:from_2025],platform
jhnis,jhnism_ae_conference_content,学术交流-业务类-会议内容,,12,电子病历,,"hospital_no,dept_code,meeting_id,conference_content_id",live_metadata,[review_source_period:from_2025],platform
jhnis,jhnism_ae_continue_edu_program,学术交流-业务类-举办继续教育项目,,16,电子病历,,"hospital_no,dept_code,local_snt_id",live_metadata,[review_source_period:from_2025],platform
jhnis,jhnism_ae_espe_training_abroad,学术交流-业务类-国外、境外考察培训情况,,13,电子病历,,"hospital_no,dept_code,training_abroad_id",live_metadata,[review_source_period:from_2025],platform
jhnis,jhnism_ae_grassrootunits_insp,学术交流-业务类-到基层部队巡诊情况,,14,电子病历,,"hospital_no,dept_code,inspect_id",live_metadata,[review_source_period:from_2025],platform
jhnis,jhnism_ae_guest_participants,学术交流-业务类-会议嘉宾及参会人员,,21,电子病历,,"hospital_no,dept_code,meeting_id,staff_id",live_metadata,[review_source_period:from_2025],platform
jhnis,jhnism_ae_instruction,学术交流-业务类-填表说明,,14,电子病历,,"hospital_no,dept_code,instruction_id",live_metadata,[review_source_period:from_2025],platform
jhnis,jhnism_ae_meeting_basic_info,学术交流-业务类-会议基本信息表,,42,电子病历,,"hospital_no,dept_code,meeting_id",live_metadata,[review_source_period:from_2025],platform
jhnis,jhnism_ae_military_non_tasks,学术交流-业务类-执行军事及非军事行动任务情况,,14,电子病历,,"hospital_no,dept_code,military_non_tasks_id",live_metadata,[review_source_period:from_2025],platform
jhnis,jhnism_ae_monographs,学术交流-业务类-学术专著（译著、教材、音像教材）情况,,12,电子病历,,"hospital_no,dept_code,monograph_id",live_metadata,[review_source_period:from_2025],platform
jhnis,jhnism_ae_monographs_editor,学术交流-业务类-学术专著（译著、教材、音像教材）情况—主编姓名,,9,电子病历,,"hospital_no,dept_code,monograph_id,staff_id",live_metadata,[review_source_period:from_2025],platform
jhnis,jhnism_ae_proceedings_paper,学术交流-业务类-会议论文,,14,电子病历,,"hospital_no,dept_code,meeting_id,proceedings_paper_id",live_metadata,[review_source_period:from_2025],platform
jhnis,jhnism_ae_range_milit_lectures,学术交流-业务类-军区及军区以上范围学术讲座,,15,电子病历,,"hospital_no,dept_code,lectures_id",live_metadata,[review_source_period:from_2025],platform
jhnis,jhnism_ae_technical_help,学术交流-业务类-开展技术帮带情况,,14,电子病历,,"hospital_no,dept_code,technical_help_id",live_metadata,[review_source_period:from_2025],platform
jhnis,jhnism_annex_rec,通用业务-业务类-统一附件保存,,7,电子病历,,"hospital_no,action_id,serial_no",live_metadata,[review_source_period:from_2025],platform
jhnis,jhnism_auth_module,护理管理-作废类-张海龙作废不再维护 2022-9-1,,21,电子病历,,"hospital_no,module_id",live_metadata,[review_source_period:from_2025],platform
jhnis,jhnism_auth_module_permission,护理管理-作废类-张海龙作废不再维护 2022-9-1,,11,电子病历,,"hospital_no,id",live_metadata,[review_source_period:from_2025],platform
jhnis,jhnism_auth_permission,护理管理-作废类-张海龙作废不再维护 2022-9-1,,15,电子病历,,"hospital_no,permission_id",live_metadata,[review_source_period:from_2025],platform
jhnis,jhnism_auth_role_module_perm,护理管理-作废类-张海龙作废不再维护 2022-9-1,,12,电子病历,,"hospital_no,id",live_metadata,[review_source_period:from_2025],platform
jhnis,jhnism_blood_trans_adv_react,工作计划-业务类-输血输液不良反应（输血不良反应页面）,,17,电子病历,,"hospital_no,action_id",live_metadata,[review_source_period:from_2025],platform
jhnis,jhnism_datasources_detail,护理管理-作废类-张海龙作废不再维护 2022-9-1,,9,电子病历,,detail_code,live_metadata,[review_source_period:from_2025],platform
jhnis,jhnism_datasources_index,护理管理-作废类-张海龙作废不再维护 2022-9-1,,6,电子病历,,"datasources_code,datasources_type",live_metadata,[review_source_period:from_2025],platform
jhnis,jhnism_dept_consultation,护理会诊-业务类-护理会诊申请科室,,10,电子病历,,"action_id,dept_code",live_metadata,[review_source_period:from_2025],platform
jhnis,jhnism_dept_dict,护理管理-字典类-科室信息,,12,电子病历,,"dept_code,hospital_no",live_metadata,[review_source_period:from_2025],platform
jhnis,jhnism_dept_head,人力资源-映射-类护理管理-大科（片区）主表,,10,电子病历,,"hospital_no,dept_code",live_metadata,[review_source_period:from_2025],platform
jhnis,jhnism_dept_head_wards,人力资源-映射类-护理管理-大科对应病区表：,,9,电子病历,,"hospital_no,head_dept_id,ward_code",live_metadata,[review_source_period:from_2025],platform
jhnis,jhnism_dept_participant_list,护士活动登记-业务类-活动参与人员列表,,11,电子病历,,"staff_id,action_type,hospital_no,action_id",live_metadata,[review_source_period:from_2025],platform
jhnis,jhnism_dept_vs_kpi_sys,质量管理-配置类-指标体系表,,4,电子病历,,"hospital_no,dept_code,sys_code",live_metadata,[review_source_period:from_2025],platform
jhnis,jhnism_dept_vs_wards,护理管理-映射类-护理管理护理单元与病区对照表,,11,电子病历,,"hospital_no,dept_code,ward_code",live_metadata,[review_source_period:from_2025],platform
jhnis,jhnism_dept_vs_wards_master,人力资源-映射类-二级科室与三级科室对照主表（科室对照页面）,,11,电子病历,,"hospital_no,dept_code",live_metadata,[review_source_period:from_2025],platform
jhnis,jhnism_dept_work_book,工作计划-业务类-护理技术操作考核记录（新）科室工作登记本,,27,电子病历,,"hospital_no,action_id",live_metadata,[review_source_period:from_2025],platform
jhnis,jhnism_dept_work_book_details,工作计划-业务类-护理技术操作考核明细表,,16,电子病历,,"hospital_no,action_id,increase_filed",live_metadata,[review_source_period:from_2025],platform
jhnis,jhnism_dict_body,压疮闭环管理-字典类-人体部位字典,,13,电子病历,,body_part_id,live_metadata,[review_source_period:from_2025],platform
jhnis,jhnism_dict_bodypoints,压疮闭关管理-字典类-病人压疮部位热区字典,,4,电子病历,,"body_part_id,body_part_x,body_part_y,state",live_metadata,[review_source_period:from_2025],platform
jhnis,jhnism_document_annex_info,制度管理-业务类-制度建设附件信息主表,,6,电子病历,,"document_id,partition_no",live_metadata,[review_source_period:from_2025],platform
jhnis,jhnism_document_info,制度管理-业务类-文档信息,,20,电子病历,,"staff_id,hospital_no,document_id",live_metadata,[review_source_period:from_2025],platform
jhnis,jhnism_document_menus_info,制度管理-业务类-文档栏目信息,,14,电子病历,,menus_id,live_metadata,[review_source_period:from_2025],platform
jhnis,jhnism_document_operation_info,制度管理-业务类-文档操作记录信息（上传下载和废止删除等操作）,,8,电子病历,,operation_id,live_metadata,[review_source_period:from_2025],platform
jhnis,jhnism_document_public_type,制度管理-字典类-公开类型字典,,2,电子病历,,"key,value",live_metadata,[review_source_period:from_2025],platform
jhnis,jhnism_edu_master,培训教育-业务类-教育培训主表,,32,电子病历,,edu_id,live_metadata,[review_source_period:from_2025],platform
jhnis,jhnism_edu_nurse_rec,培训教育-业务类-护士记录表,,19,电子病历,,"examine_id,staff_id",live_metadata,[review_source_period:from_2025],platform
jhnis,jhnism_equipment_instrument,工作计划-业务类-仪器设备及保养负责人,,10,电子病历,,"hospital_no,instrument_id",live_metadata,[review_source_period:from_2025],platform
jhnis,jhnism_equipment_maintenance,工作计划-业务类-仪器设备保养记录,,14,电子病历,,"hospital_no,maintenance_id",live_metadata,[review_source_period:from_2025],platform
jhnis,jhnis_mews_config,MEWS-配置类-MEWS病情早期预警评分配置表,,25,电子病历,,"dept_code,hospital_no,elem_code",live_metadata,[review_source_period:from_2025],platform
jhnis,jhnis_mews_detail,MEWS-业务类-MEWS病情早期预警评分明细表,,11,电子病历,,"patient_id,visit_id,file_no,elem_code,hospital_no",live_metadata,[review_source_period:from_2025],platform
jhnis,jhnis_mews_index,MEWS-业务类-MEWS病情早期预警评分主表,,20,电子病历,,"patient_id,visit_id,file_no,hospital_no",live_metadata,[review_source_period:from_2025],platform
jhnis,jhnis_mews_pat_master,MEWS-业务类-MEWS病情早期预警评分最新状态表,,9,电子病历,,"patient_id,visit_id,hospital_no",live_metadata,[review_source_period:from_2025],platform
jhnis,jhnism__hospital_config,护理管理-字典类-医院信息,,4,电子病历,,hospital,live_metadata,[review_source_period:from_2025],platform
jhnis,jhnism_kpi_check_detail,层级评分-业务类-指标检查明细,,6,电子病历,,"hospital_no,check_no,dict_code,item_code",live_metadata,[review_source_period:from_2025],platform
jhnis,jhnism_kpi_dict,层级评分-字典类-指标字典,,12,电子病历,,"hospital_no,dict_code",live_metadata,[review_source_period:from_2025],platform
jhnis,jhnism_kpi_dict_dept,层级评分-映射类-指标对应科室（代码查不到）,,5,电子病历,,configid,live_metadata,[review_source_period:from_2025],platform
jhnis,jhnism_kpi_item,层级评分-字典类-指标项目字典,,13,电子病历,,"hospital_no,dict_code,item_code",live_metadata,[review_source_period:from_2025],platform
jhnis,jhnism_kpi_sys,层级评分-业务类-指标体系,,7,电子病历,,"hospital_no,sys_code",live_metadata,[review_source_period:from_2025],platform
jhnis,jhnism_kpi_sys_vs_dict,层级评分-映射类-体系对应指标（代码查不到表）,,4,电子病历,,"hospital_no,sys_code,dict_code",live_metadata,[review_source_period:from_2025],platform
jhnis,jhnism_master_dept_vs_item,工作计划-映射类-总值管理科室对应检查项目,,10,电子病历,,"hospital_no,group_code,dept_type,dept_code,item_code",live_metadata,[review_source_period:from_2025],platform
jhnis,jhnism_master_watch_dept,工作计划-业务类-总值管理科室,,11,电子病历,,"hospital_no,group_code,dept_type,dept_code",live_metadata,[review_source_period:from_2025],platform
jhnis,jhnism_master_watch_qc,工作计划-业务类-总值管理检查记录,,12,电子病历,,"hospital_no,action_id,group_code,dept_type,dept_code,item_code",live_metadata,[review_source_period:from_2025],platform
jhnis,jhnism_master_watch_rec,工作计划-业务类-护理总值班记录,,13,电子病历,,"hospital_no,action_id",live_metadata,[review_source_period:from_2025],platform
jhnis,jhnism_master_watch_rec_dept,工作计划-业务类-总值管理记录科室,,12,电子病历,,"hospital_no,action_id,group_code,dept_type,dept_code",live_metadata,[review_source_period:from_2025],platform
jhnis,jhnism_night_nurse_rounds_qc,护理查房-业务类-护理夜查房质量记录,,6,电子病历,,"hospital_no,action_id,item_code",live_metadata,[review_source_period:from_2025],platform
jhnis,jhnism_night_nurse_rounds_rec,护理查房-业务类-护理夜查房主记录,,14,电子病历,,"hospital_no,action_id",live_metadata,[review_source_period:from_2025],platform
jhnis,jhnism_night_nurse_rounds_sta,护理查房-业务类-护理夜查房患者人数统计,,9,电子病历,,"hospital_no,action_id,dept_code",live_metadata,[review_source_period:from_2025],platform
jhnis,jhnism_nsr_awards,培训记录-业务类-获奖情况。,,10,电子病历,,"hospital_no,dept_code,awards_id",live_metadata,[review_source_period:from_2025],platform
jhnis,jhnism_nsr_awards_complete,培训记录-业务类-获奖情况——完成单位。,,9,电子病历,,"hospital_no,dept_code,awards_id,complete_unit_id",live_metadata,[review_source_period:from_2025],platform
jhnis,jhnism_nsr_awards_involved,培训记录-业务类-获奖情况，项目完成人。,,9,电子病历,,"hospital_no,dept_code,awards_id,staff_id",live_metadata,[review_source_period:from_2025],platform
jhnis,jhnism_nsr_obtained_patents,培训记录-业务类-获专利情况。,,12,电子病历,,"hospital_no,dept_code,patents_id",live_metadata,[review_source_period:from_2025],platform
jhnis,jhnism_nsr_subjects_ilis,培训记录-业务类-护理科研（教学）课题情况——研究单位。,,9,电子病历,,"hospital_no,dept_code,subjects_teaching_id",live_metadata,[review_source_period:from_2025],platform
jhnis,jhnism_nsr_subjects_teaching,培训记录-业务类-护理科研Nursing scientific research (NSR)，护理科研（教学）课题情况。,,15,电子病历,,"hospital_no,dept_code,subjects_teaching_id",live_metadata,[review_source_period:from_2025],platform
jhnis,jhnism_nurse_info,人力资源-业务类-护理人员信息,,31,电子病历,,"staff_id,hospital_no",live_metadata,[review_source_period:from_2025],platform
jhnis,jhnism_nurse_vacate,护士长智慧大屏幕-业务类-护士请假申请明细,,18,电子病历,,jnv_id,live_metadata,[review_source_period:from_2025],platform
jhnis,jhnism_nursing_consulta_record,护理会诊-业务类-代码找不到，暂不使用,,6,电子病历,,"hospital_no,apply_action_id,record_id",live_metadata,[review_source_period:from_2025],platform
jhnis,jhnism_nursing_consultation,护理会诊-业务类-护理会诊主表（旧版）,,29,电子病历,,"hospital_no,apply_action_id",live_metadata,[review_source_period:from_2025],platform
jhnis,jhnism_nursing_quality_dict,质量管理-字典类-护理质量指标字典,,4,电子病历,,"hospital_no,index_code",live_metadata,[review_source_period:from_2025],platform
jhnis,jhnism_nursing_quality_master,质量管理-业务类-护理质量指标检查主记录,,10,电子病历,,"hospital_no,check_no",live_metadata,[review_source_period:from_2025],platform
jhnis,jhnism_nursing_quality_sys,质量管理-字典类-护理质量指标体系,,4,电子病历,,"hospital_no,sys_code",live_metadata,[review_source_period:from_2025],platform
jhnis,jhnism_nursing_rounds,护理查房-业务类-护理查房记录数据,,36,电子病历,,"hospital_no,action_id",live_metadata,[review_source_period:from_2025],platform
jhnis,jhnism_paper_rec,培训教育-业务类-论文登记（页面）,,19,电子病历,,"hospital_no,staff_id,paper_title",live_metadata,[review_source_period:from_2025],platform
jhnis,jhnism_parameter,护理管理-作废类-张海龙作废不再维护 2022-9-1,,6,电子病历,,"parameter_code,parameter_name,parameter_bi_name",live_metadata,[review_source_period:from_2025],platform
jhnis,jhnism_parameter_datasources,护理管理-作废类-张海龙作废不再维护 2022-9-1,,5,电子病历,,"datasources_code,parameter_code",live_metadata,[review_source_period:from_2025],platform
jhnis,jhnism_participant_list,护士活动登记-业务类-活动参与人员列表,,8,电子病历,,"staff_id,hospital_no,action_id",live_metadata,[review_source_period:from_2025],platform
jhnis,jhnism_pat_adverse_event,不不良事件-业务类-不良事件记录,,25,电子病历,,"hospital_no,dept_code,patient_id,visit_id,event_id",live_metadata,[review_source_period:from_2025],platform
jhnis,jhnism_pat_adverse_event_signs,不良事件-业务类-不良事件会签,,8,电子病历,,"hospital_no,event_id,action_type,action_date",live_metadata,[review_source_period:from_2025],platform
jhnis,jhnism_pat_bedsore_part_lapse,压疮闭环管理-业务类-病人压疮转归,,9,电子病历,,lapse_date,live_metadata,[review_source_period:from_2025],platform
jhnis,jhnism_pat_bedsore_part_rec,压疮闭环管理-业务类-病人压疮部位记录,,15,电子病历,,bedsore_rec_id,live_metadata,[review_source_period:from_2025],platform
jhnis,jhnism_pat_bedsore_rec,压疮闭环管理-业务类-病人压疮记录,,11,电子病历,,rec_id,live_metadata,[review_source_period:from_2025],platform
jhnis,jhnism_pat_nursing_bug,护理管理-作废类  张海龙2022-9-5作废不再维护  护理缺陷,,26,电子病历,,"hospital_no,dept_code,patient_id,visit_id,bug_id",live_metadata,[review_source_period:from_2025],platform
jhnis,jhnism_pat_nursing_bug_signs,护理管理-作废类-张海龙2022-9-5作废不再维护  护理缺陷会签,,8,电子病历,,"hospital_no,bug_id,bug_class,action_date",live_metadata,[review_source_period:from_2025],platform
jhnis,jhnism_pat_rescue_rec,压疮闭环管理-业务类-病人抢救记录,,13,电子病历,,"hospital_no,action_id",live_metadata,[review_source_period:from_2025],platform
jhnis,jhnism_perfor_appraisal_detail,人力资源-业务类-绩效考核明细表,,25,电子病历,,"hospital_no,performance_id,staff_id",live_metadata,[review_source_period:from_2025],platform
jhnis,jhnism_perfor_appraisal_weight,人力资源-配置类-绩效考核项目权重配置表,,11,电子病历,,"hospital_no,dept_code,performance_weight_type,performance_weight_code",live_metadata,[review_source_period:from_2025],platform
jhnis,jhnism_performance_appraisal,人力资源-业务类-绩效考核主表,,14,电子病历,,"hospital_no,performance_id",live_metadata,[review_source_period:from_2025],platform
jhnis,jhnism_performance_fixed,人力资源-业务类-绩效考核固定奖金,,10,电子病历,,"hospital_no,performance_id,staff_id",live_metadata,[review_source_period:from_2025],platform
jhnis,jhnism_performance_grade,人力资源-业务类-绩效考核护士层级,,11,电子病历,,"hospital_no,performance_id,staff_id",live_metadata,[review_source_period:from_2025],platform
jhnis,jhnism_performance_post,人力资源-业务类-护士层级岗位,,11,电子病历,,"hospital_no,performance_id,staff_id",live_metadata,[review_source_period:from_2025],platform
jhnis,jhnism_performance_score_detai,人力资源-业务类-绩效考核绩效评分明细,,7,电子病历,,"hospital_no,performance_id,staff_id,dict_code,item_code",live_metadata,[review_source_period:from_2025],platform
jhnis,jhnism_performance_score_maste,人力资源-业务类-绩效考核人员绩效考核,,13,电子病历,,"hospital_no,performance_id,staff_id",live_metadata,[review_source_period:from_2025],platform
jhnis,jhnism_performance_shift,人力资源-业务类-绩效考核护士排班,,23,电子病历,,"hospital_no,performance_id,staff_id",live_metadata,[review_source_period:from_2025],platform
jhnis,jhnism_performance_workload,人力资源-业务类-绩效考核工作量,,9,电子病历,,"hospital_no,performance_id,staff_id",live_metadata,[review_source_period:from_2025],platform
jhnis,jhnism_per_nurse_score_d,人力资源-业务类-绩效考核护士评分明细,,6,电子病历,,"performance_id,dict_code,item_code",live_metadata,[review_source_period:from_2025],platform
jhnis,jhnism_per_nurse_score_m,人力资源-业务类-绩效考核护士评分,,22,电子病历,,"hospital_no,performance_id",live_metadata,[review_source_period:from_2025],platform
jhnis,jhnism_plan_rec,工作计划-业务类-工作计划数据记录表,,13,电子病历,,"hospital_no,dept_code,plan_id,plan_date,time_rng",live_metadata,[review_source_period:from_2025],platform
jhnis,jhnism_plan_summary,工作计划-业务类-工作计划概要,,7,电子病历,,"hospital_no,dept_code,plan_date,time_rng",live_metadata,[review_source_period:from_2025],platform
jhnis,jhnism_qa_relations,,,20,电子病历,,relation_id,live_metadata,[review_source_period:from_2025],platform
jhnis,jhnism_quality_check_detail,质量管理-业务类-护理质量指标检查明细,,6,电子病历,,"hospital_no,check_no,item_code",live_metadata,[review_source_period:from_2025],platform
jhnis,jhnism_quality_check_details,质量管理-业务类-指标检查明细,,18,电子病历,,"hospital_no,check_no,dict_code,item_code",live_metadata,[review_source_period:from_2025],platform
jhnis,jhnism_quality_check_evaluate,质量管理-业务类-质量检查情况评价,,31,电子病历,,"hospital_no,evaluation_code",live_metadata,[review_source_period:from_2025],platform
jhnis,jhnism_quality_check_evalu_ds,"质量管理-业务类-质量检查评价记录关联检查列表明细
",,7,电子病历,,"hospital_no,evaluation_code,dict_code,item_code",live_metadata,[review_source_period:from_2025],platform
jhnis,jhnism_quality_check_exclusive,质量管理-业务类-指标检查明细排除项目,,5,电子病历,,"hospital_no,check_no,dict_code,item_code",live_metadata,[review_source_period:from_2025],platform
jhnis,jhnism_quality_check_master,质量管理-业务类-护理质量指标检查主记录,,27,电子病历,,"hospital_no,check_no",live_metadata,[review_source_period:from_2025],platform
jhnis,jhnism_quality_check_plan,质量管理-业务类-护理质量检查计划,,18,电子病历,,"hospital_no,sys_code,dict_code,check_plan_code",live_metadata,[review_source_period:from_2025],platform
jhnis,jhnism_quality_check_sample,质量管理-业务类-护理质量指标抽查记录,,26,电子病历,,"hospital_no,check_no",live_metadata,[review_source_period:from_2025],platform
jhnis,jhnism_quality_check_staffs,质量管理-业务类-指标检查明细责任人,,6,电子病历,,"hospital_no,check_no,dict_code,item_code,staff_id",live_metadata,[review_source_period:from_2025],platform
jhnis,jhnism_quality_continual_detai,质量管理-业务类-对存在问题进行改进,,20,电子病历,,"hospital_no,continual_improvement_code,check_grade,dict_code,item_code",live_metadata,[review_source_period:from_2025],platform
jhnis,jhnism_quality_continual_ds,质量管理-业务类-保存质量检查项目,,7,电子病历,,"hospital_no,continual_improvement_code,dict_code,item_code",live_metadata,[review_source_period:from_2025],platform
jhnis,jhnism_quality_continual_impro,"质量管理-业务类-质量检查持续改进
对存在问题进行改进",,37,电子病历,,"hospital_no,continual_improvement_code",live_metadata,[review_source_period:from_2025],platform
jhnis,jhnism_quality_continual_track,质量管理-业务类-改进后数据监测追踪,,9,电子病历,,"hospital_no,continual_improvement_code,continual_impro_track_code",live_metadata,[review_source_period:from_2025],platform
jhnis,jhnism_quality_feedback,质量管理-业务类-护理质量督导反馈信息,,21,电子病历,,"supervision_ward_code,file_no,hospital_no",live_metadata,[review_source_period:from_2025],platform
jhnis,jhnism_quality_improve,质量管理-业务类-护理质量持续改进信息,,45,电子病历,,"supervision_ward_code,file_no,file_sub_no,hospital_no",live_metadata,[review_source_period:from_2025],platform
jhnis,jhnism_quality_item,质量管理-字典类-护理质量指标项目字典,,8,电子病历,,"hospital_no,index_code,item_code",live_metadata,[review_source_period:from_2025],platform
jhnis,jhnism_quality_organize_member,质量管理-业务类-质量组织人员,,10,电子病历,,"hospital_no,organization_code,dept_code,staff_id",live_metadata,[review_source_period:from_2025],platform
jhnis,jhnism_quality_organize_name,质量管理-业务类-质量组织,,13,电子病历,,"hospital_no,organization_code",live_metadata,[review_source_period:from_2025],platform
jhnis,jhnism_quality_organize_stand,质量管理-业务类-质量组织标准,,7,电子病历,,"hospital_no,organization_code,dict_code",live_metadata,[review_source_period:from_2025],platform
jhnis,jhnism_quality_perform_master,质量管理-业务类-质量绩效考核主表,,14,电子病历,,"hospital_no,performance_id",live_metadata,[review_source_period:from_2025],platform
jhnis,jhnism_quality_sys_check_plan,质量管理-业务类-护理质量指标体系检查计划,,11,电子病历,,"hospital_no,sys_code,check_class,start_time",live_metadata,[review_source_period:from_2025],platform
jhnis,jhnism_quality_sys_config,质量管理-字典类-护理质量指标体系定义,,4,电子病历,,"hospital_no,sys_code,index_code",live_metadata,[review_source_period:from_2025],platform
jhnis,jhnism_quality_target_value,质量管理-配置类-质量考核项目目标值表,,15,电子病历,,"hospital_no,weight_id",live_metadata,[review_source_period:from_2025],platform
jhnis,jhnism_quality_weight_config,质量管理-配置类-质量考核项目权重配置表,,14,电子病历,,"hospital_no,weight_id",live_metadata,[review_source_period:from_2025],platform
jhnis,jhnism_report,护理管理-作废类-张海龙作废不再维护 2022-9-1,,10,电子病历,,report_code,live_metadata,[review_source_period:from_2025],platform
jhnis,jhnism_report_data,护理管理-作废类-张海龙作废不再维护 2022-9-1,,7,电子病历,,data_code,live_metadata,[review_source_period:from_2025],platform
jhnis,jhnism_report_parameter,护理管理-作废类-张海龙作废不再维护 2022-9-1,,5,电子病历,,"report_code,parameter_code",live_metadata,[review_source_period:from_2025],platform
jhnis,jhnism_report_role,护理管理-作废类-张海龙作废不再维护 2022-9-1,,8,电子病历,,"report_code,role_code",live_metadata,[review_source_period:from_2025],platform
jhnis,jhnism_report_role_history,护理管理-作废类-张海龙作废不再维护 2022-9-1,,6,电子病历,,"history_code,role_code,report_code",live_metadata,[review_source_period:from_2025],platform
jhnis,jhnism_report_user_scan,护理管理-作废类-张海龙作废不再维护 2022-9-1,,6,电子病历,,"scan_code,user_code,report_code,role_code,hospital_no",live_metadata,[review_source_period:from_2025],platform
jhnis,jhnism_res_check_detail,工作计划-业务类-急救物品检查明细（代码显示没人用，也没有页面）,,7,电子病历,,"hospital_no,dept_code,check_id,res_code",live_metadata,[review_source_period:from_2025],platform
jhnis,jhnism_res_check_list,工作计划-业务类-急救物品检查单,,5,电子病历,,"hospital_no,dept_code,res_code",live_metadata,[review_source_period:from_2025],platform
jhnis,jhnism_res_check_rec,工作计划-业务类-急救物品检查记录,,8,电子病历,,"hospital_no,dept_code,check_id",live_metadata,[review_source_period:from_2025],platform
jhnis,jhnism_schedul_attendance_reg,护理排班-业务类-考勤登记,,19,电子病历,,attendance_code,live_metadata,[review_source_period:from_2025],platform
jhnis,jhnism_schedul_flexible,护理排班弹性调动表,,22,电子病历,,"staff_id,record_date,sf_id",live_metadata,[review_source_period:from_2025],platform
jhnis,jhnism_scheduling,护理记录-业务类-护士排班主记录表,,15,电子病历,,schedulcode,live_metadata,[review_source_period:from_2025],platform
jhnis,jhnism_scheduling_attendance,护理排班-业务类-排班考勤管理,,33,电子病历,,attendance_code,live_metadata,[review_source_period:from_2025],platform
jhnis,jhnism_scheduling_auth,护理排班-业务类-用户权限,,4,电子病历,,,live_metadata,[review_source_period:from_2025],platform
jhnis,jhnism_scheduling_detail,护理排班-业务类-护理排班详细数据表,,25,电子病历,,detailcode,live_metadata,[review_source_period:from_2025],platform
jhnis,jhnism_scheduling_group,护理排班-业务类-护理排班人员分组,,17,电子病历,,"hospital_no,ward_code,group_no,user_id,schedule_year,schedule_week",live_metadata,[review_source_period:from_2025],platform
jhnis,jhnism_scheduling_holiday,护理排班-业务类-排班假期管理主表,,10,电子病历,,holiday_id,live_metadata,[review_source_period:from_2025],platform
jhnis,jhnism_scheduling_holiday_deta,护理排班-业务类-排班假期管理子表,,4,电子病历,,"holiday_id,shift_id",live_metadata,[review_source_period:from_2025],platform
jhnis,jhnism_schedul_paid_leave,护理排班-业务类-调休管理,,19,电子病历,,paid_leave_code,live_metadata,[review_source_period:from_2025],platform
jhnis,jhnism_schedul_print_config,护理排班-配置类-排班打印模板配置表,,11,电子病历,,print_code,live_metadata,[review_source_period:from_2025],platform
jhnis,jhnism_sensitive_index_config,敏感指标-配置类-护理敏感指标配置表,,14,电子病历,,index_id,live_metadata,[review_source_period:from_2025],platform
jhnis,jhnism_sensitive_index_detail,敏感指标-业务类-敏感指标记录详情表,,8,电子病历,,"rec_id,item_code,index_id",live_metadata,[review_source_period:from_2025],platform
jhnis,jhnism_sensitive_index_rec,敏感指标-业务类-护理敏感指标记录表,,18,电子病历,,"dept_code,index_type,peroid_type,rec_id",live_metadata,[review_source_period:from_2025],platform
jhnis,jhnism_staff_assess,人力资源-业务类-人员绩效考核,,12,电子病历,,"hospital_no,check_no",live_metadata,[review_source_period:from_2025],platform
jhnis,jhnism_staff_basic_info,人力资源-业务类-人员基本信息,,30,电子病历,,"staff_id,hospital_no",live_metadata,[review_source_period:from_2025],platform
jhnis,jhnism_staff_certification,人力资源-业务类-人员证书信息,,14,电子病历,,"staff_id,hospital_no,certification_id",live_metadata,[review_source_period:from_2025],platform
jhnis,jhnism_staff_deploy_master,人力资源-业务类-机动护士调配记录表,,15,电子病历,,"hospital_no,deploy_id",live_metadata,[review_source_period:from_2025],platform
jhnis,jhnism_staff_duty_info,人力资源-业务类-人员职务信息,,10,电子病历,,pk_id,live_metadata,[review_source_period:from_2025],platform
jhnis,jhnism_staff_edu_info,人力资源-业务类-人员教育信息,,16,电子病历,,"hospital_no,staff_id,edu_code",live_metadata,[review_source_period:from_2025],platform
jhnis,jhnism_staff_group,护理排班-业务类-护理排班分组,,9,电子病历,,"groupcode,deleteflag",live_metadata,[review_source_period:from_2025],platform
jhnis,jhnism_staff_group_user,护理排班-业务类-排班分组添加人员,,5,电子病历,,"groupcode,usercode",live_metadata,[review_source_period:from_2025],platform
jhnis,jhnism_staff_language_ability,人力资源-业务类-员工语言能力,,5,电子病历,,"staff_id,hospital_no,language_id,ability_level_id",live_metadata,[review_source_period:from_2025],platform
jhnis,jhnism_staff_promotion_info,人力资源-业务类-人员晋级经历信息,,6,电子病历,,id,live_metadata,[review_source_period:from_2025],platform
jhnis,jhnism_staff_rank_info,人力资源-业务类-人员职称信息,,8,电子病历,,pk_id,live_metadata,[review_source_period:from_2025],platform
jhnis,jhnism_staff_round,人力资源-业务类-护士轮科表,,15,电子病历,,"hospital_no,dept_code,staff_id,guid_code",live_metadata,[review_source_period:from_2025],platform
jhnis,jhnism_staff_scheduling,人力资源-字典类-护理班次字典表,,19,电子病历,,shiftscode,live_metadata,[review_source_period:from_2025],platform
jhnis,jhnism_staff_scheduling_dept,人力资源-字典表-护理班次字典-科室班次表,,12,电子病历,,"shiftscode,deptcode,hospital_no",live_metadata,[review_source_period:from_2025],platform
jhnis,jhnism_staff_shift_rec,人力资源-业务类-人员调动记录,,10,电子病历,,"hospital_no,staff_id,transfer_id",live_metadata,[review_source_period:from_2025],platform
jhnis,jhnism_staff_teacher,人力资源-业务类-带教老师,,8,电子病历,,id,live_metadata,[review_source_period:from_2025],platform
jhnis,jhnism_staff_work_info,人力资源-业务类-人员工作经历信息,,8,电子病历,,id,live_metadata,[review_source_period:from_2025],platform
jhnis,jhnism_staff_worksetting,人力资源-字典类-护理人员岗位字典,,10,电子病历,,"workcode,workid,deleteflag",live_metadata,[review_source_period:from_2025],platform
jhnis,jhnism_sysconfig,护理管理-公共模块-护理管理参数表,,6,电子病历,,"configcode,configkey",live_metadata,[review_source_period:from_2025],platform
jhnis,jhnism_table_record_change_log,护理管理-日志类-数据表修改日志,,17,电子病历,,"edu_level,change_col_name,modify_date",live_metadata,[review_source_period:from_2025],platform
jhnis,jhnism_templet_print_detail,模护理打印-配置类-板打印模板配置明细表,,5,电子病历,,"hospital_no,print_code,content_sql_columns_name",live_metadata,[review_source_period:from_2025],platform
jhnis,jhnism_test_course,考试管理-业务类-考试科目信息表,,7,电子病历,,"hospital_no,exam_course_id",live_metadata,[review_source_period:from_2025],platform
jhnis,jhnism_test_diff_coefficient,考试管理-业务类-试卷难度系数明细表,,8,电子病历,,"hospital_no,test_paper_plan_id,test_questions_type,difficulty_coefficient_id",live_metadata,[review_source_period:from_2025],platform
jhnis,jhnism_test_paper_answer,考试管理-业务类-应该试者考试题目答案,,10,电子病历,,"hospital_no,test_paper_id,test_questions_id,test_answer_id",live_metadata,[review_source_period:from_2025],platform
jhnis,jhnism_test_paper_detail,考试管理-配置类-试卷明细记录,,4,电子病历,,"hospital_no,test_paper_id,test_questions_id",live_metadata,[review_source_period:from_2025],platform
jhnis,jhnism_test_paper_item_type,考试管理-配置类-试卷题型,,8,电子病历,,"hospital_no,test_paper_id,test_questions_type_id",live_metadata,[review_source_period:from_2025],platform
jhnis,jhnism_test_paper_master,考试管理-业务类-试卷主记录,,17,电子病历,,"hospital_no,test_paper_id",live_metadata,[review_source_period:from_2025],platform
jhnis,jhnism_test_paper_plan,考试管理-配置类-试卷组成方案主表,,15,电子病历,,"hospital_no,test_paper_plan_id",live_metadata,[review_source_period:from_2025],platform
jhnis,jhnism_test_paper_plan_categ,考试管理-配置类-试卷组成方案章节结构,,3,电子病历,,"hospital_no,test_paper_plan_id,pro_category_id",live_metadata,[review_source_period:from_2025],platform
jhnis,jhnism_test_paper_plan_detail,考试管理-配置类-试卷组成方案明细表,,9,电子病历,,"hospital_no,test_paper_plan_id,test_questions_type",live_metadata,[review_source_period:from_2025],platform
jhnis,jhnism_test_professional_categ,考试管理-业务类-专业类别,,15,电子病历,,"hospital_no,pro_category_id",live_metadata,[review_source_period:from_2025],platform
jhnis,jhnism_test_questions,考试管理-业务类-考试题目信息,,14,电子病历,,"hospital_no,test_questions_id",live_metadata,[review_source_period:from_2025],platform
jhnis,jhnism_test_questions_answer,考试管理-业务类-考试题目答案,,7,电子病历,,"hospital_no,test_questions_id,test_answer_id",live_metadata,[review_source_period:from_2025],platform
jhnis,jhnism_test_rec,考试管理-业务类-考试记录,,24,电子病历,,"hospital_no,test_type,test_code",live_metadata,[review_source_period:from_2025],platform
jhnis,jhnism_test_rec_answer,考试管理-业务类-应该试者考试题目答案,,15,电子病历,,"hospital_no,test_type,test_code,staff_id,test_questions_id,test_answer_id,test_questions_codes",live_metadata,[review_source_period:from_2025],platform
jhnis,jhnism_test_rec_detail,考试管理-业务类-考试明细记录,,9,电子病历,,"hospital_no,test_type,test_code,staff_id,test_questions_id,test_questions_codes",live_metadata,[review_source_period:from_2025],platform
jhnis,jhnism_test_rec_evaluation,"考试管理-业务类-考试评价记录
",,21,电子病历,,"hospital_no,test_type,test_code,evaluation_code",live_metadata,[review_source_period:from_2025],platform
jhnis,jhnism_test_rec_limit_dept,考试管理-配置类-考试安排限制科室,,8,电子病历,,"hospital_no,test_type,test_code,dept_code",live_metadata,[review_source_period:from_2025],platform
jhnis,jhnism_test_rec_limit_edu_lev,考试管理-配置类-考试安排限制人员学历,,8,电子病历,,"hospital_no,test_type,test_code,edu_level_code",live_metadata,[review_source_period:from_2025],platform
jhnis,jhnism_test_rec_limit_ip,考试管理-配置类-考试安排限制IP,,10,电子病历,,"hospital_no,test_type,test_code,test_session_code",live_metadata,[review_source_period:from_2025],platform
jhnis,jhnism_test_rec_limit_staff,考试管理-配置类-考试安排限制人员,,9,电子病历,,"hospital_no,test_type,test_code,dept_code,staff_id",live_metadata,[review_source_period:from_2025],platform
jhnis,jhnism_test_rec_limit_title,考试管理-配置类-考试安排限制人员职称,,8,电子病历,,"hospital_no,test_type,test_code,title_code",live_metadata,[review_source_period:from_2025],platform
jhnis,jhnism_test_rec_limit_type,考试管理-配置类-考试安排限制人员类型,,8,电子病历,,"hospital_no,test_type,test_code,personnel_type_code",live_metadata,[review_source_period:from_2025],platform
jhnis,jhnism_test_rec_master,考试管理-业务类-考试主记录,,15,电子病历,,"hospital_no,test_type,test_code,staff_id",live_metadata,[review_source_period:from_2025],platform
jhnis,jhnism_test_rec_master_evalu,考试管理-业务类-对考试 人员进行评价,,16,电子病历,,"hospital_no,test_type,test_code,staff_id,evaluation_code",live_metadata,[review_source_period:from_2025],platform
jhnis,jhnism_test_rec_v_drill_dept_m,"考试管理-映射类-考试记录 vs 科室培训及应急演练主表
",,4,电子病历,,"hospital_no,test_type,test_code,train_drill_code",live_metadata,[review_source_period:from_2025],platform
jhnis,jhnism_test_rec_v_drill_nurs_m,"考试管理-映射类-考试记录 vs 护理部培训及应急演练主表
",,4,电子病历,,"hospital_no,test_type,test_code,train_drill_code",live_metadata,[review_source_period:from_2025],platform
jhnis,jhnism_test_rec_v_plan_dept_d,"考试管理-映射类-考试记录 vs 科室培训计划明细表
",,5,电子病历,,"hospital_no,test_type,test_code,train_plan_dept_code,train_plan_item_code",live_metadata,[review_source_period:from_2025],platform
jhnis,jhnism_test_rec_v_plan_dept_m,"考试管理-映射类-考试记录 vs 科室培训计划主表
",,4,电子病历,,"hospital_no,test_type,test_code,train_plan_dept_code",live_metadata,[review_source_period:from_2025],platform
jhnis,jhnism_test_rec_v_plan_nurse_d,"考试管理-映射类-考试记录 vs 护理部培训计划明细表
",,5,电子病历,,"hospital_no,test_type,test_code,train_plan_nurse_code,train_plan_item_code",live_metadata,[review_source_period:from_2025],platform
jhnis,jhnism_test_rec_v_plan_nurse_m,"考试管理-映射类-考试记录 vs 护理部培训计划主表
",,4,电子病历,,"hospital_no,test_type,test_code,train_plan_nurse_code",live_metadata,[review_source_period:from_2025],platform
jhnis,jhnism_test_score,考试管理-业务类-考试成绩,,5,电子病历,,"hospital_no,test_code,test_item_code",live_metadata,[review_source_period:from_2025],platform
jhnis,jhnism_train_and_drill_dept,培训记录-业务类-科室培训及应急演练,,24,电子病历,,train_drill_code,live_metadata,[review_source_period:from_2025],platform
jhnis,jhnism_train_and_drill_nursing,培训记录-业务类-护理部培训及应急演练,,19,电子病历,,train_drill_code,live_metadata,[review_source_period:from_2025],platform
jhnis,jhnism_train_evaluation_dept,培训记录-业务类-科室教学管理记录（领导评价）,,16,电子病历,,evaluation_code,live_metadata,[review_source_period:from_2025],platform
jhnis,jhnism_train_evaluation_part,培训记录-业务类-培训参与人员列表,,11,电子病历,,"evaluation_code,train_drill_code,staff_id",live_metadata,[review_source_period:from_2025],platform
jhnis,jhnism_train_morning_questions,培训记录-业务类-科室周晨间提问记录,,13,电子病历,,morning_questions_code,live_metadata,[review_source_period:from_2025],platform
jhnis,jhnism_train_participant_list,培训记录-业务类-培训参与人员列表,,7,电子病历,,"train_drill_code,staff_id",live_metadata,[review_source_period:from_2025],platform
jhnis,jhnism_train_plan_dept_detail,培训记录-业务类-科室培训计划明细表,,18,电子病历,,"train_plan_dept_code,train_plan_item_code",live_metadata,[review_source_period:from_2025],platform
jhnis,jhnism_train_plan_dept_master,培训记录-业务类-科室培训计划主表,,12,电子病历,,train_plan_dept_code,live_metadata,[review_source_period:from_2025],platform
jhnis,jhnism_train_plan_nurse_detail,培训记录-业务类-护理部培训计划明细表,,15,电子病历,,"train_plan_nurse_code,train_plan_item_code",live_metadata,[review_source_period:from_2025],platform
jhnis,jhnism_train_plan_nurse_master,培训记录-业务类-护理部培训计划主表,,11,电子病历,,train_plan_nurse_code,live_metadata,[review_source_period:from_2025],platform
jhnis,jhnism_train_rec,培训记录-业务类-培训登记,,16,电子病历,,"hospital_no,staff_id,start_date",live_metadata,[review_source_period:from_2025],platform
jhnis,jhnism__users,护理管理-字典类-用户信息,,11,电子病历,,"staff_id,hospital_no",live_metadata,[review_source_period:from_2025],platform
jhnis,jhnism_work_plan,工作计划-业务类-工作计划记录表,,24,电子病历,,plan_id,live_metadata,[review_source_period:from_2025],platform
jhnis,jhnism_work_plan_comment,工作计划-业务类-工作计划评论表,,8,电子病历,,comment_id,live_metadata,[review_source_period:from_2025],platform
jhnis,jhnism_work_plan_content,工作计划-业务类-工作计划内容记录,,10,电子病历,,content_id,live_metadata,[review_source_period:from_2025],platform
jhnis,jhnism_work_plan_operation,工作计划-业务类-工作计划操作记录,,5,电子病历,,operation_id,live_metadata,[review_source_period:from_2025],platform
jhnis,jhnism_work_plan_summary,工作计划-业务类-工作计划总结,,6,电子病历,,summary_id,live_metadata,[review_source_period:from_2025],platform
jhnis,jhnism_work_plan_view,工作计划-业务类-工作计划查看记录表,,7,电子病历,,view_id,live_metadata,[review_source_period:from_2025],platform
jhnis,jhnism_work_plan_vs_executor,工作计划-映射类-工作计划与执行人对照表,,6,电子病历,,executor_id,live_metadata,[review_source_period:from_2025],platform
jhnis,jhnis_nurse_board_items,护士长智慧大屏幕-业务类-护士长白板系统项目表,,13,电子病历,,"dept_code,item_code,hospital_no",live_metadata,[review_source_period:from_2025],platform
jhnis,jhnis_nurse_board_record,护士长智慧大屏幕-业务类-护士白板数据记录表,,10,电子病历,,"dept_code,item_code,record_date,hospital_no",live_metadata,[review_source_period:from_2025],platform
jhnis,jhnis_nurse_doc_remind,智慧提醒-配置类-护理单据提醒配置表,,18,电子病历,,"r_id,hospital_no,ward_code",live_metadata,[review_source_period:from_2025],platform
jhnis,jhnis_nurse_eva_measure,护理评估-映射类-护理评估风险等级对应的护理措施,,11,电子病历,,"evaluation_score_id,nurse_measure_id,hospital_no,risk_level_name",live_metadata,[review_source_period:from_2025],platform
jhnis,jhnis_nurse_goal_manage,目标管理-业务类-护理单元目标管理,,28,电子病历,,"file_no,hospital_no",live_metadata,[review_source_period:from_2025],platform
jhnis,jhnis_nurse_inout_item,护理记录-配置类-护理记录的出入量项目配置表,,14,电子病历,,"mr_code_print,hospital_no,elem_name",live_metadata,[review_source_period:from_2025],platform
jhnis,jhnis_nurse_patients,护士长智慧大屏幕-业务类-护士我的关注病人,,7,电子病历,,"user_id,dept_code,patient_id",live_metadata,[review_source_period:from_2025],platform
jhnis,jhnis_nurse_rec_define,护理记录-配置类-护理记录录入界面配置表,,24,电子病历,,"mr_code,elem_no,hospital_no",live_metadata,[review_source_period:from_2025],platform
jhnis,jhnis_nurse_rec_define_master,护理记录-配置类-护理记录模板配置表,,5,电子病历,,"mr_code,hospital_no",live_metadata,[review_source_period:from_2025],platform
jhnis,jhnis_nurse_shift,交接班-业务类-交接班信息表,,22,电子病历,,"patient_id,visit_id,hospital_no,ward_code,shift_class,pat_status,caption_date_time,state",live_metadata,[review_source_period:from_2025],platform
jhnis,jhnis_nurse_shift_details,交接班-配置类-交接班自定义列表,,8,电子病历,,"patient_id,visit_id,row_id,column_code,hospital_no",live_metadata,[review_source_period:from_2025],platform
jhnis,jhnis_nurse_shift_risk_index,交接班-业务类-交接班风险信息自定义项目维护记录表,,7,电子病历,,"dict_code,opera_type,opera_time",live_metadata,[review_source_period:from_2025],platform
jhnis,jhnis_nurse_template_dept,护理记录-映射类-新版护理记录科室模板对照,,5,电子病历,,"ward_code,mr_code,hospital_no",live_metadata,[review_source_period:from_2025],platform
jhnis,jhnis_nurse_transfer,护士轮转-业务类-护士转科信息管理记录表,,18,电子病历,,"round_id,in_dept_code",live_metadata,[review_source_period:from_2025],platform
jhnis,jhnis_nursing_group,护理总览-字典类-护理组定义表,,11,电子病历,,"hospital_no,ward_code,group_no",live_metadata,[review_source_period:from_2025],platform
jhnis,jhnis_nursing_group_vs_bed,护理总览-映射类-护理组与床位对照,,7,电子病历,,"hospital_no,ward_code,group_no,bed_label",live_metadata,[review_source_period:from_2025],platform
jhnis,jhnis_nursing_plan_detail,护理计划-业务类-护理计划明细（作废）,,6,电子病历,,,live_metadata,[review_source_period:from_2025],platform
jhnis,jhnis_nursing_plan_dict,护理计划-字典类-护理计划字典,,19,电子病历,,"nursing_plan_id,hospital_no,plan_ill_id,nursing_plan_sub_id",live_metadata,[review_source_period:from_2025],platform
jhnis,jhnis_nursing_plan_illness,护理计划-字典类-护理计划疾病字典,,11,电子病历,,"plan_ill_id,hospital_no",live_metadata,[review_source_period:from_2025],platform
jhnis,jhnis_nursing_user_vs_bed,护理总览-映射类-护理人员对应床位,,9,电子病历,,"hospital_no,ward_code,group_no,nurse_id,bed_label",live_metadata,[review_source_period:from_2025],platform
jhnis,jhnis_operation_process,患者手术流程记录,,19,电子病历,,"patient_id,visit_id,baby_no,operation_no,sub_id,hospital_no",live_metadata,[review_source_period:from_2025],platform
jhnis,jhnis_operation_rec,手术流转-业务类-护理系统手术流转表,,36,电子病历,,"patient_id,visit_id,operation_no,baby_no,hospital_no",live_metadata,[review_source_period:from_2025],platform
jhnis,jhnis_outlier_remind_config,护理记录-业务类-异常值提醒,,10,电子病历,,"care_item_code,ward_code,hospital_no",live_metadata,[review_source_period:from_2025],platform
jhnis,jhnis_patient_ext_info,患者信息-业务类-护理病人扩展信息表,,6,电子病历,,"patient_id,visit_id,ext_class,hospital_no",live_metadata,[review_source_period:from_2025],platform
jhnis,jhnis_pats_treatment_pic,护理管理-作废类-张海龙作废不再维护 2022-9-1,,5,电子病历,,"patient_id,visit_id,baby_no,hospital_no",live_metadata,[review_source_period:from_2025],platform
jhnis,jhnis_print_log,患者总览-日志类-护理床头卡、腕带打印日志表,,9,电子病历,,"patient_id,visit_id,baby_no,print_date_time,print_type,ward_code,hospital_no",live_metadata,[review_source_period:from_2025],platform
jhnis,jhnis_print_template,护理管理-作废类-张海龙作废不再维护 2022-9-1,,17,电子病历,,"report_id,hospital_no,ward_code",live_metadata,[review_source_period:from_2025],platform
jhnis,jhnis_satisfaction_config,满意度调查-配置类-满意度调查配置表,,12,电子病历,,surcey_code,live_metadata,[review_source_period:from_2025],platform
jhnis,jhnis_satisfaction_survey,满意度调查-业务类-满意度调查记录主表,,18,电子病历,,"record_id,hospital_no",live_metadata,[review_source_period:from_2025],platform
jhnis,jhnis_schedul_detail_obj,护士排班-配置类-排班明细配置表,,13,电子病历,,"objcode,deptcode,schedulyear,schedulweek,usercode",live_metadata,[review_source_period:from_2025],platform
jhnis,jhnis_shared_data_rec,数据共享-业务类-嘉和共享数据-主记录表,,23,电子病历,,rec_id,live_metadata,[review_source_period:from_2025],platform
jhnis,jhnis_shared_template_relation,数据共享-映射类-嘉和护理共享数据-模板间条件关系表,,13,电子病历,,rec_id,live_metadata,[review_source_period:from_2025],platform
jhnis,jhnis_spserch_config,临床护理-公共模块-配置类-自定义查询配置表,,17,电子病历,,s_id,live_metadata,[review_source_period:from_2025],platform
jhnis,jhnis_statistical_category,护理月报-业务类-统计报表分类,,14,电子病历,,"hospital_no,statistical_category_id",live_metadata,[review_source_period:from_2025],platform
jhnis,jhnis_statistical_catevsuser,质量月报-业务类-类别用户,,5,电子病历,,"hospital_no,statistical_category_id,user_id",live_metadata,[review_source_period:from_2025],platform
jhnis,jhnis_statistical_rec,护理月报-业务类-报表记录表,,19,电子病历,,"hospital_no,ward_code,statistical_category_id,item_code,recording_date",live_metadata,[review_source_period:from_2025],platform
jhnis,jhnis_statistical_templet_d,护理月报-配置类-模板打印模板配置明细表,,29,电子病历,,"hospital_no,id",live_metadata,[review_source_period:from_2025],platform
jhnis,jhnis_statistical_templet_form,护理月报-配置类-vsFORM模板配置主表,,8,电子病历,,"hospital_no,statistical_category_id,template_id",live_metadata,[review_source_period:from_2025],platform
jhnis,jhnis_statistical_templet_m,护理月报-配置类-模板打印模板配置主表,,16,电子病历,,"hospital_no,statistical_category_id",live_metadata,[review_source_period:from_2025],platform
jhnis,jhnis_statistical_templet_q,护理月报-映射类-查询语句条件与Form模板控件对照表,,7,电子病历,,"hospital_no,statistical_category_id,query_id,parameter_name",live_metadata,[review_source_period:from_2025],platform
jhnis,jhnis_system_eva_index,评估评分-业务类-系统评估主表,,18,电子病历,,,live_metadata,[review_source_period:from_2025],platform
jhnis,jhnis_temperature_items,体征录入-配置类-体温单项目配置表,,9,电子病历,,"care_item_code,template_type,hospital_no",live_metadata,[review_source_period:from_2025],platform
jhnis,jhnis_template_de_sql,体征录入-配置类-模板项目sql配置,,6,电子病历,,"de_code,mr_code,hospital_no",live_metadata,[review_source_period:from_2025],platform
jhnis,jhnis_tube_care_record,管道管理-业务类-置管记录表,,37,电子病历,,care_record_id,live_metadata,[review_source_period:from_2025],platform
jhnis,jhnis_tube_dict_body,管道管理-字典类 -人体部位字典,,12,电子病历,,body_part_id,live_metadata,[review_source_period:from_2025],platform
jhnis,jhnis_tube_dict_memo,管路管理-业务类-管路备注项目表,,10,电子病历,,memo_id,live_metadata,[review_source_period:from_2025],platform
jhnis,jhnis_tube_dict_tube,管道管理-业务类-管路字典,,13,电子病历,,tube_id,live_metadata,[review_source_period:from_2025],platform
jhnis,jhnis_tube_manage,管道管理-配置类-管路维护信息,,47,电子病历,,tube_manage_id,live_metadata,[review_source_period:from_2025],platform
jhnis,jhnis_tube_vs_body,管道管理-映射类-对照表-部位对管路,,5,电子病历,,id,live_metadata,[review_source_period:from_2025],platform
jhnis,jhnis_vital_custom_items,体征录入-字典类-自定义体征项目字典,,10,电子病历,,"item_code,hospital_no",live_metadata,[review_source_period:from_2025],platform
jhnis,jhnis_vital_custom_items_dept,体征录入-字典类-体温单（科室）自定义项目字典,,6,电子病历,,"item_code,ward_code,hospital_no",live_metadata,[review_source_period:from_2025],platform
jhnis,jhnis_vital_wholeentry,体征录入-配置类-整体录入配置表,,12,电子病历,,"hospital_no,ward_code,vital_signs_no,temp_type",live_metadata,[review_source_period:from_2025],platform
jhnis,jhnis_vte_ca_info,VTE -业务类-CA签名数据表,,13,电子病历,,"patient_id,visit_id,baby_no,record_id,hospital_no",live_metadata,[review_source_period:from_2025],platform
jhnis,jhnis_vte_day_config,VTE-配置类-监测周期配置表 ,,8,电子病历,,"dict_code,hospital_no",live_metadata,[review_source_period:from_2025],platform
jhnis,jhnis_vte_item_config,VTE-配置类-风险因子配置表 ,,15,电子病历,,"item_code,hospital_no",live_metadata,[review_source_period:from_2025],platform
jhnis,jhnis_vte_item_detail,VTE-配置类-风险等级明细表（作废）,,7,电子病历,,"elem_code,hospital_no",live_metadata,[review_source_period:from_2025],platform
jhnis,jhnis_vte_item_dict,VTE-字典类-风险等级字典（作废）,,6,电子病历,,"item_code,hospital_no",live_metadata,[review_source_period:from_2025],platform
jhnis,jhnis_vte_level_config,VTE-字典类-风险等级配置表,,7,电子病历,,"level_code,hospital_no",live_metadata,[review_source_period:from_2025],platform
jhnis,jhnis_vte_level_measure,VTE-映射类-vet风险等级对应的护理措施,,9,电子病历,,"level_code,hospital_no,measure_code",live_metadata,[review_source_period:from_2025],platform
jhnis,jhnis_vte_pat_master,VTE-作废类-VTE患者信息（作废）,,20,电子病历,,"patient_id,visit_id,baby_no",live_metadata,[review_source_period:from_2025],platform
jhnis,jhnis_vte_rec_detail,VTE-业务类-VTE数据明细表 ,,25,电子病历,,"patient_id,visit_id,baby_no,record_id,item_name,hospital_no",live_metadata,[review_source_period:from_2025],platform
jhnis,jhnis_vte_rec_detail_log,VTE-日志类-vte监测数据修改日志表,,13,电子病历,,"patient_id,visit_id,baby_no,record_id,hospital_no,record_sub_id",live_metadata,[review_source_period:from_2025],platform
jhnis,jhnis_vte_rec_master,VTE-业务类-数据主记录表 ,,31,电子病历,,"patient_id,visit_id,baby_no,record_id,hospital_no",live_metadata,[review_source_period:from_2025],platform
jhnis,jhnis_vte_temp_dict,VTE-字典类-vte单据字典,,8,电子病历,,template_id,live_metadata,[review_source_period:from_2025],platform
jhnis,jhnis_work_statistics_detail,工作量统计-业务类-护士工作量统计明细表,,17,电子病历,,"item_code,recording_date,patient_id,visit_id,work_user_id,working_date_time,hospital_no",live_metadata,[review_source_period:from_2025],platform
jhnis,jhnis_work_statistics_items,工作量统计-业务类-工作量统计项目表,,12,电子病历,,"item_code,ward_code,hospital_no",live_metadata,[review_source_period:from_2025],platform
jhnis,jhnis_work_statistics_rec,工作量统计-业务类-工作量统计记录表,,14,电子病历,,"item_code,recording_date,state,ward_code,hospital_no",live_metadata,[review_source_period:from_2025],platform
jhnis,jhnis_work_statistics_source,工作量统计-映射类-工作量统计对应数据源,,7,电子病历,,"source_name,ward_code,hospital_no",live_metadata,[review_source_period:from_2025],platform
jhnis,jhnis_work_statistics_template,工作量统计-配置类-护士工作量统计模板表,,7,电子病历,,"report_id,ward_code,hospital_no",live_metadata,[review_source_period:from_2025],platform
jhnis,jhois_de_info_detail,护理评估-业务类-存储数据元数据明细表,,11,电子病历,,case_seq,live_metadata,[review_source_period:from_2025],platform
jhnis,jhois_de_info_detail_his,护理评估-业务类-存储数据元数据明细历史表,,16,电子病历,,rec_id,live_metadata,[review_source_period:from_2025],platform
jhnis,jhois_de_info_main,护理评估-业务类-存储数据元数据主表,,9,电子病历,,case_seq,live_metadata,[review_source_period:from_2025],platform
jhnis,jhois_de_sql,护理评估-业务类-数据元取值SQL,,3,电子病历,,"de_code,template_id",live_metadata,[review_source_period:from_2025],platform
jhnis,jhois_template_index,护理评估-业务类-数据元模版表,,16,电子病历,,template_id,live_metadata,[review_source_period:from_2025],platform
jhnis,vital_signs_rec_his,护理管理-作废类-张海龙作废不再维护 2022-9-1,,19,电子病历,,"patient_id,visit_id,recording_date,time_point,vital_signs,baby_no",live_metadata,[review_source_period:from_2025],platform
JXXT,PL_GDZCFL,,5893,4,,,,,,metadata
JXXT,PL_GZXZD,,89,4,,,,,,metadata
JXXT,PL_KJKMZD,,1429,3,,,,,,metadata
JXXT,PL_WZFLZD,,35,3,,,,,,metadata
JXXT,PL_WZXHMX,,744009,16,,,,,,metadata
JXXT,PL_WZZD,,31412,5,,,,,,metadata
JXXT,PL_XIAODUBAOLY_MX,,309717,13,,,,,,metadata
JXXT,PL_ZGLB,,19,4,,,,,,metadata
JZCIS.DBO,AnNormalResult,,1,0,体检,,,live_metadata,,platform
JZCIS.DBO,AnNormalResultTJ,,1,0,体检,,,live_metadata,,platform
JZCIS.DBO,Announcement,,0,0,体检,,,live_metadata,,platform
JZCIS.DBO,b,,0,0,体检,,,live_metadata,,platform
JZCIS.DBO,BLB,,9126,0,体检,,,live_metadata,,platform
JZCIS.DBO,BSQK,,0,0,体检,,,live_metadata,,platform
JZCIS.DBO,CHB,,0,0,体检,,,live_metadata,,platform
JZCIS.DBO,chkpoint,,0,0,体检,,,live_metadata,,platform
JZCIS.DBO,chkpoint_lox,,0,0,体检,,,live_metadata,,platform
JZCIS.DBO,ClientTeam,,1,0,体检,,,live_metadata,,platform
JZCIS.DBO,CTB,,9220,0,体检,,,live_metadata,,platform
JZCIS.DBO,CT_Report,,0,0,体检,,,live_metadata,,platform
JZCIS.DBO,CWGLDM,,37,0,体检,,,live_metadata,,platform
JZCIS.DBO,CWHZDM,,3,0,体检,,,live_metadata,,platform
JZCIS.DBO,CYB,,201551,0,体检,,,live_metadata,,platform
JZCIS.DBO,DeleteLog,,2096,0,体检,,,live_metadata,,platform
JZCIS.DBO,Dept,,3,0,体检,,,live_metadata,,platform
JZCIS.DBO,DJB,,0,0,体检,,,live_metadata,,platform
JZCIS.DBO,DJKS,,1,0,体检,,,live_metadata,,platform
JZCIS.DBO,DWFPGL,,0,0,体检,,,live_metadata,,platform
JZCIS.DBO,DWFPGLMX,,0,0,体检,,,live_metadata,,platform
JZCIS.DBO,DWFPHZMX,,0,0,体检,,,live_metadata,,platform
JZCIS.DBO,DWFZ,,817,0,体检,,,live_metadata,,platform
JZCIS.DBO,DW_JCSFXM,,0,0,体检,,,live_metadata,,platform
JZCIS.DBO,DW_JCXX,,0,0,体检,,,live_metadata,,platform
JZCIS.DBO,DWJZGL,,5,0,体检,,,live_metadata,,platform
JZCIS.DBO,DWJZGLForHIS,,0,0,体检,,,live_metadata,,platform
JZCIS.DBO,DWJZGLMX,,81,0,体检,,,live_metadata,,platform
JZCIS.DBO,DWMC,,99,0,体检,,,live_metadata,,platform
JZCIS.DBO,DWPROJECT,,175,0,体检,,,live_metadata,,platform
JZCIS.DBO,DWProjectFile,,3,0,体检,,,live_metadata,,platform
JZCIS.DBO,DWProject_SF,,0,0,体检,,,live_metadata,,platform
JZCIS.DBO,DWYJJGL,,8,0,体检,,,live_metadata,,platform
JZCIS.DBO,DXB,,20929,0,体检,,,live_metadata,,platform
JZCIS.DBO,DX_Report,,0,0,体检,,,live_metadata,,platform
JZCIS.DBO,EBHB,,73281,0,体检,,,live_metadata,,platform
JZCIS.DBO,EDB,,0,0,体检,,,live_metadata,,platform
JZCIS.DBO,EEB,,276,0,体检,,,live_metadata,,platform
JZCIS.DBO,EFB,,0,0,体检,,,live_metadata,,platform
JZCIS.DBO,ELB,,17706,0,体检,,,live_metadata,,platform
JZCIS.DBO,EL_Report,,0,0,体检,,,live_metadata,,platform
JZCIS.DBO,EMB,,2702,0,体检,,,live_metadata,,platform
JZCIS.DBO,EMR_PHYSICAL_EXAM,,,0,体检,,,live_metadata,,platform
JZCIS.DBO,EMR_PHYSICAL_EXAM_ITEM,,,0,体检,,,live_metadata,,platform
JZCIS.DBO,EMR_PHYSICAL_EXAM_ITEM_CODE_MAP,,264,0,体检,,,live_metadata,,platform
JZCIS.DBO,EMR_PHYSICAL_EXAM_TYPE_MAP,,11,0,体检,,,live_metadata,,platform
JZCIS.DBO,EMR_PHYSICAL_REPORT,,,0,体检,,,live_metadata,,platform
JZCIS.DBO,EPB,,5876,0,体检,,,live_metadata,,platform
JZCIS.DBO,ERB,,2704,0,体检,,,live_metadata,,platform
JZCIS.DBO,ESB,,639,0,体检,,,live_metadata,,platform
JZCIS.DBO,ETB,,0,0,体检,,,live_metadata,,platform
JZCIS.DBO,EZB,,1313,0,体检,,,live_metadata,,platform
JZCIS.DBO,FKB,,46798,0,体检,,,live_metadata,,platform
JZCIS.DBO,FourCorlor,,1,0,体检,,,live_metadata,,platform
JZCIS.DBO,FourCorlorIll,,0,0,体检,,,live_metadata,,platform
JZCIS.DBO,FPHGL,,3,0,体检,,,live_metadata,,platform
JZCIS.DBO,FZInfo,,0,0,体检,,,live_metadata,,platform
JZCIS.DBO,FZ_JCSFXM,,21639,0,体检,,,live_metadata,,platform
JZCIS.DBO,GRFPGL,,10,0,体检,,,live_metadata,,platform
JZCIS.DBO,GRFPGLMX,,31,0,体检,,,live_metadata,,platform
JZCIS.DBO,GRFPHZMX,,64,0,体检,,,live_metadata,,platform
JZCIS.DBO,GRJZGL,,6971,0,体检,,,live_metadata,,platform
JZCIS.DBO,GRJZGLMX,,74978,0,体检,,,live_metadata,,platform
JZCIS.DBO,GRMainInfo,,1,0,体检,,,live_metadata,,platform
JZCIS.DBO,GRTable1,,7,0,体检,,,live_metadata,,platform
JZCIS.DBO,GRTable2,,83,0,体检,,,live_metadata,,platform
JZCIS.DBO,GRTable3,,38,0,体检,,,live_metadata,,platform
JZCIS.DBO,GRTable50,,0,0,体检,,,live_metadata,,platform
JZCIS.DBO,GRTableWCXM,,0,0,体检,,,live_metadata,,platform
JZCIS.DBO,GRView4,,,0,体检,,,live_metadata,,platform
JZCIS.DBO,GRZYBGWGZ,,0,0,体检,,,live_metadata,,platform
JZCIS.DBO,GRZYBWHYS,,0,0,体检,,,live_metadata,,platform
JZCIS.DBO,GWMC,,1829,0,体检,,,live_metadata,,platform
JZCIS.DBO,GZMC,,306,0,体检,,,live_metadata,,platform
JZCIS.DBO,Health_Advice,,0,0,体检,,,live_metadata,,platform
JZCIS.DBO,Health_ASK,,0,0,体检,,,live_metadata,,platform
JZCIS.DBO,Health_Item,,0,0,体检,,,live_metadata,,platform
JZCIS.DBO,Health_opinion,,0,0,体检,,,live_metadata,,platform
JZCIS.DBO,HYB,,1299207,0,体检,,,live_metadata,,platform
JZCIS.DBO,HYB20210831,,20447,0,体检,,,live_metadata,,platform
JZCIS.DBO,HYB_Temp,,0,0,体检,,,live_metadata,,platform
JZCIS.DBO,HYGLDM,,38,0,体检,,,live_metadata,,platform
JZCIS.DBO,hy_xmdm,,,0,体检,,,live_metadata,,platform
JZCIS.DBO,Illness,,76,0,体检,,,live_metadata,,platform
JZCIS.DBO,IllnessGL,,0,0,体检,,,live_metadata,,platform
JZCIS.DBO,IllnessImport,,3202,0,体检,,,live_metadata,,platform
JZCIS.DBO,IllnessImport_List,,3431,0,体检,,,live_metadata,,platform
JZCIS.DBO,illNesslx,,0,0,体检,,,live_metadata,,platform
JZCIS.DBO,IllnessRead,,487047,0,体检,,,live_metadata,,platform
JZCIS.DBO,IllnessTJ,,93,0,体检,,,live_metadata,,platform
JZCIS.DBO,JBXX,,32,0,体检,,,live_metadata,,platform
JZCIS.DBO,JCB,,0,0,体检,,,live_metadata,,platform
JZCIS.DBO,JCLB,,2,0,体检,,,live_metadata,,platform
JZCIS.DBO,JCMXX,,509,0,体检,,,live_metadata,,platform
JZCIS.DBO,JCMXX20210831,,599,0,体检,,,live_metadata,,platform
JZCIS.DBO,JCMXXDB,,2,0,体检,,,live_metadata,,platform
JZCIS.DBO,JCMXXJS,,3162,0,体检,,,live_metadata,,platform
JZCIS.DBO,JCSFJZB,,28859,0,体检,,,live_metadata,,platform
JZCIS.DBO,JCSFXM,,506722,0,体检,,,live_metadata,,platform
JZCIS.DBO,JCSFXM_SFLB,,1,0,体检,,,live_metadata,,platform
JZCIS.DBO,JCSFXMTOSFXM,,,0,体检,,,live_metadata,,platform
JZCIS.DBO,JCXX,,27236,0,体检,,,live_metadata,,platform
JZCIS.DBO,JCXXBirthDayVIEW,,,0,体检,,,live_metadata,,platform
JZCIS.DBO,JCXXDYGX,,0,0,体检,,,live_metadata,,platform
JZCIS.DBO,JCXXFree,,12,0,体检,,,live_metadata,,platform
JZCIS.DBO,JCXXOTHER,,8432,0,体检,,,live_metadata,,platform
JZCIS.DBO,JCXXSensor,,0,0,体检,,,live_metadata,,platform
JZCIS.DBO,JCXXTake,,8,0,体检,,,live_metadata,,platform
JZCIS.DBO,JCXXWX,,28080,0,体检,,,live_metadata,,platform
JZCIS.DBO,JCXXZYB,,107,0,体检,,,live_metadata,,platform
JZCIS.DBO,JCXXZYBWHYS,,42,0,体检,,,live_metadata,,platform
JZCIS.DBO,JJHY,,0,0,体检,,,live_metadata,,platform
JZCIS.DBO,JJJL,,107539,0,体检,,,live_metadata,,platform
JZCIS.DBO,JJLX,,0,0,体检,,,live_metadata,,platform
JZCIS.DBO,JKXM,,7,0,体检,,,live_metadata,,platform
JZCIS.DBO,JLB,,21550,0,体检,,,live_metadata,,platform
JZCIS.DBO,JLFP,,2,0,体检,,,live_metadata,,platform
JZCIS.DBO,JLLog,,28,0,体检,,,live_metadata,,platform
JZCIS.DBO,JLTJSFXM,,1649,0,体检,,,live_metadata,,platform
JZCIS.DBO,JZXB,,1,0,体检,,,live_metadata,,platform
JZCIS.DBO,KQB,,35607,0,体检,,,live_metadata,,platform
JZCIS.DBO,KQ_Report,,0,0,体检,,,live_metadata,,platform
JZCIS.DBO,KSBM,,32,0,体检,,,live_metadata,,platform
JZCIS.DBO,KSTemplet,,1957,0,体检,,,live_metadata,,platform
JZCIS.DBO,LIS_Patient,,77582,0,体检,,,live_metadata,,platform
JZCIS.DBO,Lis_Requestion,,59,0,体检,,,live_metadata,,platform
JZCIS.DBO,LIS_Result,,1483414,0,体检,,,live_metadata,,platform
JZCIS.DBO,LIS_RESULT20210831,,19848,0,体检,,,live_metadata,,platform
JZCIS.DBO,LIS_Test_Item,,153163,0,体检,,,live_metadata,,platform
JZCIS.DBO,LSHB,,169,0,体检,,,live_metadata,,platform
JZCIS.DBO,MGB,,18,0,体检,,,live_metadata,,platform
JZCIS.DBO,MG_Report,,0,0,体检,,,live_metadata,,platform
JZCIS.DBO,MRB,,938,0,体检,,,live_metadata,,platform
JZCIS.DBO,MR_Report,,451,0,体检,,,live_metadata,,platform
JZCIS.DBO,MZ,,3,0,体检,,,live_metadata,,platform
JZCIS.DBO,NKB,,143154,0,体检,,,live_metadata,,platform
JZCIS.DBO,NK_Report,,0,0,体检,,,live_metadata,,platform
JZCIS.DBO,NoNameCard_Card_Consumer_Grade,,3,0,体检,,,live_metadata,,platform
JZCIS.DBO,NoNameCard_Card_Fill_Grade,,14,0,体检,,,live_metadata,,platform
JZCIS.DBO,NoNameCard_Card_FillOrConsumer_Fee,,4,0,体检,,,live_metadata,,platform
JZCIS.DBO,NoNameCard_Card_FillOrConsumer_Item,,0,0,体检,,,live_metadata,,platform
JZCIS.DBO,NoNameCard_Card_FillOrConsumer_XMZH,,0,0,体检,,,live_metadata,,platform
JZCIS.DBO,NoNameCard_CardInfo,,2,0,体检,,,live_metadata,,platform
JZCIS.DBO,NoNameCard_Grade_Mode,,2,0,体检,,,live_metadata,,platform
JZCIS.DBO,NoteLSHB,,4,0,体检,,,live_metadata,,platform
JZCIS.DBO,NoteTeam,,0,0,体检,,,live_metadata,,platform
JZCIS.DBO,NoteText,,0,0,体检,,,live_metadata,,platform
JZCIS.DBO,OffLineSendMsg,,0,0,体检,,,live_metadata,,platform
JZCIS.DBO,OfflineSmsTempLet,,0,0,体检,,,live_metadata,,platform
JZCIS.DBO,OHA_CIS_Item,,0,0,体检,,,live_metadata,,platform
JZCIS.DBO,OHA_dic_Item,,521,0,体检,,,live_metadata,,platform
JZCIS.DBO,OHA_Dic_title,,17,0,体检,,,live_metadata,,platform
JZCIS.DBO,OHA_itemLevel0View,,,0,体检,,,live_metadata,,platform
JZCIS.DBO,OHA_itemLevel1View,,,0,体检,,,live_metadata,,platform
JZCIS.DBO,OHA_itemLevel2View,,,0,体检,,,live_metadata,,platform
JZCIS.DBO,OHA_Menu,,20,0,体检,,,live_metadata,,platform
JZCIS.DBO,OHA_QuestList,,0,0,体检,,,live_metadata,,platform
JZCIS.DBO,OHA_QuestRecord,,0,0,体检,,,live_metadata,,platform
JZCIS.DBO,OHA_reportView,,,0,体检,,,live_metadata,,platform
JZCIS.DBO,OHA_style,,6,0,体检,,,live_metadata,,platform
JZCIS.DBO,OracleGGCleanupJobStatus,,1,0,体检,,,live_metadata,,platform
JZCIS.DBO,OracleGGExtractCheckpoint,,1,0,体检,,,live_metadata,,platform
JZCIS.DBO,OracleGGTranTables,,231591400,0,体检,,,live_metadata,,platform
JZCIS.DBO,OracleGGVersion,,14,0,体检,,,live_metadata,,platform
JZCIS.DBO,Pat_Charge_List,,1999,0,体检,,,live_metadata,,platform
JZCIS.DBO,Pat_Charges,,0,0,体检,,,live_metadata,,platform
JZCIS.DBO,PatientInfo,,10,0,体检,,,live_metadata,,platform
JZCIS.DBO,Pat_Info,,717,0,体检,,,live_metadata,,platform
JZCIS.DBO,PB_BC,,0,0,体检,,,live_metadata,,platform
JZCIS.DBO,PB_BZ,,0,0,体检,,,live_metadata,,platform
JZCIS.DBO,PB_BZ_GZ,,0,0,体检,,,live_metadata,,platform
JZCIS.DBO,PB_BZ_RL,,14,0,体检,,,live_metadata,,platform
JZCIS.DBO,PB_BZ_RY,,0,0,体检,,,live_metadata,,platform
JZCIS.DBO,PB_Result,,70,0,体检,,,live_metadata,,platform
JZCIS.DBO,PB_Time,,0,0,体检,,,live_metadata,,platform
JZCIS.DBO,PGXM,,0,0,体检,,,live_metadata,,platform
JZCIS.DBO,PJGLDM,,0,0,体检,,,live_metadata,,platform
JZCIS.DBO,PosPayInfo,,3,0,体检,,,live_metadata,,platform
JZCIS.DBO,QXJDMC,,0,0,体检,,,live_metadata,,platform
JZCIS.DBO,QYGM,,0,0,体检,,,live_metadata,,platform
JZCIS.DBO,RecordSound,,24016,0,体检,,,live_metadata,,platform
JZCIS.DBO,report_Column_dict,,46,0,体检,,,live_metadata,,platform
JZCIS.DBO,report_Column_dictBAK,,46,0,体检,,,live_metadata,,platform
JZCIS.DBO,Report_Dict,,11,0,体检,,,live_metadata,,platform
JZCIS.DBO,Report_DictBAK,,9,0,体检,,,live_metadata,,platform
JZCIS.DBO,Report_Param_Dict,,107,0,体检,,,live_metadata,,platform
JZCIS.DBO,Report_Param_DictBAK,,103,0,体检,,,live_metadata,,platform
JZCIS.DBO,report_UserRight_dict,,53,0,体检,,,live_metadata,,platform
JZCIS.DBO,ReportYQSet,,0,0,体检,,,live_metadata,,platform
JZCIS.DBO,ReView,,5,0,体检,,,live_metadata,,platform
JZCIS.DBO,ReViewPLan,,27,0,体检,,,live_metadata,,platform
JZCIS.DBO,RJJZB,,6,0,体检,,,live_metadata,,platform
JZCIS.DBO,RJJZBHZMX,,89,0,体检,,,live_metadata,,platform
JZCIS.DBO,RJJZBMX,,18,0,体检,,,live_metadata,,platform
JZCIS.DBO,Role,,8,0,体检,,,live_metadata,,platform
JZCIS.DBO,Rs_return_xml,,0,0,体检,,,live_metadata,,platform
JZCIS.DBO,RWB,,2280,0,体检,,,live_metadata,,platform
JZCIS.DBO,RYLX,,3,0,体检,,,live_metadata,,platform
JZCIS.DBO,Section,,20,0,体检,,,live_metadata,,platform
JZCIS.DBO,SectionDevice,,26,0,体检,,,live_metadata,,platform
JZCIS.DBO,SendNote,,0,0,体检,,,live_metadata,,platform
JZCIS.DBO,SFLB,,4,0,体检,,,live_metadata,,platform
JZCIS.DBO,SFWJXM,,13873,0,体检,,,live_metadata,,platform
JZCIS.DBO,SFXM,,368,0,体检,,,live_metadata,,platform
JZCIS.DBO,SFXM20210831,,103,0,体检,,,live_metadata,,platform
JZCIS.DBO,SFXMTOSFWJ,,1427,0,体检,,,live_metadata,,platform
JZCIS.DBO,SignMode,,3,0,体检,,,live_metadata,,platform
JZCIS.DBO,SignPicture,,3,0,体检,,,live_metadata,,platform
JZCIS.DBO,SQXMC,,0,0,体检,,,live_metadata,,platform
JZCIS.DBO,SSMC,,1,0,体检,,,live_metadata,,platform
JZCIS.DBO,StudyInfo,,10,0,体检,,,live_metadata,,platform
JZCIS.DBO,sysdiagrams,,0,0,体检,,,live_metadata,,platform
JZCIS.DBO,Sysprivates,,81,0,体检,,,live_metadata,,platform
JZCIS.DBO,TCM_BodyTypes,,9,0,体检,,,live_metadata,,platform
JZCIS.DBO,TCM_C92,,19,0,体检,,,live_metadata,,platform
JZCIS.DBO,TCM_dic_Item,,402,0,体检,,,live_metadata,,platform
JZCIS.DBO,TCM_Dic_title,,10,0,体检,,,live_metadata,,platform
JZCIS.DBO,TCM_itemLevel0View,,,0,体检,,,live_metadata,,platform
JZCIS.DBO,TCM_itemLevel1View,,,0,体检,,,live_metadata,,platform
JZCIS.DBO,TCM_itemLevel2View,,,0,体检,,,live_metadata,,platform
JZCIS.DBO,TCM_Menu,,18,0,体检,,,live_metadata,,platform
JZCIS.DBO,TCM_QuestList,,66,0,体检,,,live_metadata,,platform
JZCIS.DBO,TCM_QuestRecord,,1,0,体检,,,live_metadata,,platform
JZCIS.DBO,TCM_reportView,,,0,体检,,,live_metadata,,platform
JZCIS.DBO,TCM_reultsAnalyze,,1,0,体检,,,live_metadata,,platform
JZCIS.DBO,TCM_style,,6,0,体检,,,live_metadata,,platform
JZCIS.DBO,TDWJCWHYSXMTJ,,4,0,体检,,,live_metadata,,platform
JZCIS.DBO,TDWTJFCRYYLB,,0,0,体检,,,live_metadata,,platform
JZCIS.DBO,TDWTJNLTJ,,0,0,体检,,,live_metadata,,platform
JZCIS.DBO,TDWTJRYYLB,,435,0,体检,,,live_metadata,,platform
JZCIS.DBO,TDWTJYCRYYLB,,0,0,体检,,,live_metadata,,platform
JZCIS.DBO,TJ_GNJCZB,,,0,体检,,,live_metadata,,platform
JZCIS.DBO,TJKS,,37,0,体检,,,live_metadata,,platform
JZCIS.DBO,TJLB,,4,0,体检,,,live_metadata,,platform
JZCIS.DBO,---TJTJCB,,,0,体检,,,live_metadata,,platform
JZCIS.DBO,TJ_TJMXB,,,0,体检,,,live_metadata,,platform
JZCIS.DBO,TJXM,,3677,0,体检,,,live_metadata,,platform
JZCIS.DBO,TJXM07115,,6563,0,体检,,,live_metadata,,platform
JZCIS.DBO,TJXM1,,5629,0,体检,,,live_metadata,,platform
JZCIS.DBO,TJXMType,,1,0,体检,,,live_metadata,,platform
JZCIS.DBO,TJ_ZTJCB,,,0,体检,,,live_metadata,,platform
JZCIS.DBO,TSTCM_dic_Item,,402,0,体检,,,live_metadata,,platform
JZCIS.DBO,TSTCM_Dic_title,,8,0,体检,,,live_metadata,,platform
JZCIS.DBO,TSTCM_index,,4,0,体检,,,live_metadata,,platform
JZCIS.DBO,TSTCM_itemLevel0View,,,0,体检,,,live_metadata,,platform
JZCIS.DBO,TSTCM_itemLevel1View,,,0,体检,,,live_metadata,,platform
JZCIS.DBO,TSTCM_itemLevel2View,,,0,体检,,,live_metadata,,platform
JZCIS.DBO,TSTCM_Menu,,14,0,体检,,,live_metadata,,platform
JZCIS.DBO,TSTCM_QuestList,,46,0,体检,,,live_metadata,,platform
JZCIS.DBO,TSTCM_QuestRecord,,1,0,体检,,,live_metadata,,platform
JZCIS.DBO,TSTCM_reportView,,,0,体检,,,live_metadata,,platform
JZCIS.DBO,TSTCM_style,,6,0,体检,,,live_metadata,,platform
JZCIS.DBO,USB,,40252,0,体检,,,live_metadata,,platform
JZCIS.DBO,usb20230809,,19938,0,体检,,,live_metadata,,platform
JZCIS.DBO,USERLOG,,917417,0,体检,,,live_metadata,,platform
JZCIS.DBO,UserRole,,419,0,体检,,,live_metadata,,platform
JZCIS.DBO,UserTool,,21,0,体检,,,live_metadata,,platform
JZCIS.DBO,US_Report,,39272,0,体检,,,live_metadata,,platform
JZCIS.DBO,v_EMR_PHYSICAL_EXAM,,,0,体检,,,live_metadata,,platform
JZCIS.DBO,v_EMR_PHYSICAL_EXAM_ITEM,,,0,体检,,,live_metadata,,platform
JZCIS.DBO,v_EMR_PHYSICAL_REPORT,,,0,体检,,,live_metadata,,platform
JZCIS.DBO,V_HC_ORDERS,,,0,体检,,,live_metadata,,platform
JZCIS.DBO,View_JcxxWx,,,0,体检,,,live_metadata,,platform
JZCIS.DBO,View_ksbm,,,0,体检,,,live_metadata,,platform
JZCIS.DBO,View_Sfxm,,,0,体检,,,live_metadata,,platform
JZCIS.DBO,View_SGXY,,,0,体检,,,live_metadata,,platform
JZCIS.DBO,View_WeiXin_JCXX,,,0,体检,,,live_metadata,,platform
JZCIS.DBO,View_WeiXin_JCXX2,,,0,体检,,,live_metadata,,platform
JZCIS.DBO,VIP,,14,0,体检,,,live_metadata,,platform
JZCIS.DBO,VIPTYPE,,1,0,体检,,,live_metadata,,platform
JZCIS.DBO,V_KSJL,,,0,体检,,,live_metadata,,platform
JZCIS.DBO,WebYH,,0,0,体检,,,live_metadata,,platform
JZCIS.DBO,WeiXinOrder,,13,0,体检,,,live_metadata,,platform
JZCIS.DBO,WeiXinReportContent,,0,0,体检,,,live_metadata,,platform
JZCIS.DBO,WeiXinReportPDF,,0,0,体检,,,live_metadata,,platform
JZCIS.DBO,WeiXinReportView,,1036,0,体检,,,live_metadata,,platform
JZCIS.DBO,WeiXinSFXM,,210,0,体检,,,live_metadata,,platform
JZCIS.DBO,WJB,,722,0,体检,,,live_metadata,,platform
JZCIS.DBO,WJW_Section,,0,0,体检,,,live_metadata,,platform
JZCIS.DBO,WKB,,110732,0,体检,,,live_metadata,,platform
JZCIS.DBO,WK_Report,,0,0,体检,,,live_metadata,,platform
JZCIS.DBO,WordTemplet,,17178,0,体检,,,live_metadata,,platform
JZCIS.DBO,WZB,,0,0,体检,,,live_metadata,,platform
JZCIS.DBO,WZInfo_temp,,838,0,体检,,,live_metadata,,platform
JZCIS.DBO,XMLB,,58,0,体检,,,live_metadata,,platform
JZCIS.DBO,XMZH,,144,0,体检,,,live_metadata,,platform
JZCIS.DBO,XMZH_SFXM,,5684,0,体检,,,live_metadata,,platform
JZCIS.DBO,YBB,,77868,0,体检,,,live_metadata,,platform
JZCIS.DBO,YBCollection,,7,0,体检,,,live_metadata,,platform
JZCIS.DBO,YBDM,,78,0,体检,,,live_metadata,,platform
JZCIS.DBO,YBGLDM,,24,0,体检,,,live_metadata,,platform
JZCIS.DBO,YB_Report,,0,0,体检,,,live_metadata,,platform
JZCIS.DBO,YHXX,,344,0,体检,,,live_metadata,,platform
JZCIS.DBO,YJJZB,,0,0,体检,,,live_metadata,,platform
JZCIS.DBO,YKB,,24353,0,体检,,,live_metadata,,platform
JZCIS.DBO,YMZB,,0,0,体检,,,live_metadata,,platform
JZCIS.DBO,YYBSQK,,2,0,体检,,,live_metadata,,platform
JZCIS.DBO,YYDWFZ,,0,0,体检,,,live_metadata,,platform
JZCIS.DBO,YYTTMC,,0,0,体检,,,live_metadata,,platform
JZCIS.DBO,YYWZB,,0,0,体检,,,live_metadata,,platform
JZCIS.DBO,YYZSQK,,0,0,体检,,,live_metadata,,platform
JZCIS.DBO,ZDJLLB,,5,0,体检,,,live_metadata,,platform
JZCIS.DBO,ZJHZ,,0,0,体检,,,live_metadata,,platform
JZCIS.DBO,ZK_Queue_Items_view,,,0,体检,,,live_metadata,,platform
JZCIS.DBO,ZK_Queue_Patient_View,,,0,体检,,,live_metadata,,platform
JZCIS.DBO,ZKSendSMS,,8868,0,体检,,,live_metadata,,platform
JZCIS.DBO,ZSQK,,0,0,体检,,,live_metadata,,platform
JZCIS.DBO,ZY,,6,0,体检,,,live_metadata,,platform
JZCIS.DBO,ZYBFLB,,11,0,体检,,,live_metadata,,platform
JZCIS.DBO,ZYBJBMX,,132,0,体检,,,live_metadata,,platform
JZCIS.DBO,ZYBMX,,89,0,体检,,,live_metadata,,platform
JZCIS.DBO,ZYBMXX,,352,0,体检,,,live_metadata,,platform
JZCIS.DBO,ZYBZDJL,,9,0,体检,,,live_metadata,,platform
JZCIS.DBO,ZYBZDMX,,0,0,体检,,,live_metadata,,platform
JZCIS.DBO,ZYBZYJJZMX,,128,0,体检,,,live_metadata,,platform
JZCIS.DBO,ZYTJJCLB,,7,0,体检,,,live_metadata,,platform
JZCIS.DBO,ZYWHYSFL,,7,0,体检,,,live_metadata,,platform
knowbase,ExamBody,,7,0,PACS 影像系统（源端）,,,live_metadata,,platform
knowbase,ExamBody_1,,7,0,PACS 影像系统（源端）,,,live_metadata,,platform
knowbase,ExamStyle,,5,0,PACS 影像系统（源端）,,,live_metadata,,platform
knowbase,ICDAllComment,,25348,0,PACS 影像系统（源端）,,,live_metadata,,platform
knowbase,ICDAllLeaf,,15588,0,PACS 影像系统（源端）,,,live_metadata,,platform
knowbase,ICDL1,,22,0,PACS 影像系统（源端）,,,live_metadata,,platform
knowbase,ICDL2,,255,0,PACS 影像系统（源端）,,,live_metadata,,platform
knowbase,ICDL3,,2232,0,PACS 影像系统（源端）,,,live_metadata,,platform
knowbase,ICDL4,,7716,0,PACS 影像系统（源端）,,,live_metadata,,platform
knowbase,ICDL5,,1444,0,PACS 影像系统（源端）,,,live_metadata,,platform
knowbase,ICDL6,,181,0,PACS 影像系统（源端）,,,live_metadata,,platform
knowbase,Knowledge,,0,0,PACS 影像系统（源端）,,,live_metadata,,platform
knowbase,Modality,,3,0,PACS 影像系统（源端）,,,live_metadata,,platform
knowbase,SubBodyPart,,64,0,PACS 影像系统（源端）,,,live_metadata,,platform
knowbase,SubExamStyle,,64,0,PACS 影像系统（源端）,,,live_metadata,,platform
knowbase,Template,,238,0,PACS 影像系统（源端）,,,live_metadata,,platform
knowbase,tyc,,0,0,PACS 影像系统（源端）,,,live_metadata,,platform
KZL,EXAM_REPORT,,1757536,31,,,,,,metadata
KZL,PATIENT_ID,,189362,5,,,,,,metadata
LAB,ABNORMAL_NIGHT_WORK,,,4,检验,,DAY,,非核心表，保留候选,platform
LAB,ANR1999,,,10,检验,,,,非核心表，保留候选,platform
LAB,AN_RLT1,,,11,检验,,,,非核心表，保留候选,platform
LAB,AN_RLT2,,,15,检验,,ANR_ID+ANR_BARNAME+ANR_ANTINAME,,非核心表，保留候选,platform
LAB,AN_RLTS,,,10,检验,,,,非核心表，保留候选,platform
LAB,AN_SSTD,,,14,检验,,SS_STID+SS_AID+SS_CNAME,,非核心表，保留候选,platform
LAB,AN_STYPE,,,2,检验,,ST_ID,,非核心表，保留候选,platform
LAB,ANTIBIO,,,17,检验,,ANTI_ENAME+ANTI_ID,,非核心表，保留候选,platform
LAB,ANTI_QC,,,14,检验,,ATCC_ID+ATCC_AID,,非核心表，保留候选,platform
LAB,ARB1999,,,15,检验,,,,非核心表，保留候选,platform
LAB,ATTEN_REC,,,4,检验,,ATT_NAME+ATT_TO_WORK,,非核心表，保留候选,platform
LAB,BACTERI,,,10,检验,,BAC_ID+BAC_CNAME,,非核心表，保留候选,platform
LAB,BAR1999,,,7,检验,,,,非核心表，保留候选,platform
LAB,BA_RLTS,,,7,检验,,,,非核心表，保留候选,platform
LAB,BA_SCR,,,8,检验,,,,非核心表，保留候选,platform
LAB,BD_DONOR,,,11,检验,,BD_ID+BD_NO,,非核心表，保留候选,platform
LAB,BD_LIB,,,14,检验,,BL_NO,,非核心表，保留候选,platform
LAB,BD_PRIS,,,5,检验,,BP_ID,,非核心表，保留候选,platform
LAB,BD_RECIP,,,40,检验,,BR_ID,,非核心表，保留候选,platform
LAB,BSC1999,,,5,检验,,,,非核心表，保留候选,platform
LAB,BSCRIPE,,,6,检验,,BR_ID,,非核心表，保留候选,platform
LAB,BSR1999,,,6,检验,,,,非核心表，保留候选,platform
LAB,BS_RLTS,,,6,检验,,BSR_ID+BSR_MID+BSR_DATE+BSR_CNAME,,非核心表，保留候选,platform
LAB,BTYPE,,,5,检验,,BT_ID,,非核心表，保留候选,platform
LAB,CDSS_LAB_DETAIL,,,9,检验,,,,非核心表，保留候选,platform
LAB,CDSS_LAB_MASTER,,,4,检验,,,,非核心表，保留候选,platform
LAB,CHECKB,,,5,检验,,CHK_ID,,非核心表，保留候选,platform
LAB,CH_TYPE,,,5,检验,,CTY_ID,,非核心表，保留候选,platform
LAB,CL_ITEM,,,19,检验,,CAL_ID,,非核心表，保留候选,platform
LAB,COMBINE,,,46,检验,,COM_ID,,非核心表，保留候选,platform
LAB,COM_CHG,,,7,检验,,,,非核心表，保留候选,platform
LAB,CSR1999,,,6,检验,,,,非核心表，保留候选,platform
LAB,CS_RLTS,,,6,检验,,BSR_ID,,非核心表，保留候选,platform
LAB,CUR1999,,,8,检验,,,,非核心表，保留候选,platform
LAB,CVR1999,,,5,检验,,,,非核心表，保留候选,platform
LAB,CV_RLTS,,,5,检验,,RES_ID,,非核心表，保留候选,platform
LAB,DEPART,,,10,检验,,DEP_ID,,非核心表，保留候选,platform
LAB,DIAGNOS,,,4,检验,,DIAG_ID,,非核心表，保留候选,platform
LAB,DIARY,,,8,检验,,,,非核心表，保留候选,platform
LAB,DOCTOR,,,5,检验,,DOC_ID,,非核心表，保留候选,platform
LAB,DYR1999,,,9,检验,,,,非核心表，保留候选,platform
LAB,EXAM,,,11,检验,,SERIAL_NO,,非核心表，保留候选,platform
LAB,FORMULAR_DICT,,,8,检验,,COMPUTED_CODE,,基础字典/维表,platform
LAB,HOLI_REC,,,8,检验,,,,非核心表，保留候选,platform
LAB,IMM1999,,,14,检验,,,,非核心表，保留候选,platform
LAB,IMM_CAL,,,13,检验,,IMC_ID,,非核心表，保留候选,platform
LAB,IMM_DEF,,,103,检验,,,,非核心表，保留候选,platform
LAB,IMM_DEF1,,,3,检验,,IMD_ID+IMD_ZB+IMD_DEF,,非核心表，保留候选,platform
LAB,IMM_DEF2,,,1,检验,,IMD_ID,,非核心表，保留候选,platform
LAB,IMM_ECD,,,4,检验,,IME_ID,,非核心表，保留候选,platform
LAB,IMM_ITM,,,10,检验,,IMI_ID,,非核心表，保留候选,platform
LAB,IMM_JUDGE,,,13,检验,,IMJ_ID,,非核心表，保留候选,platform
LAB,IMM_MED,,,12,检验,,IMM_ID,,非核心表，保留候选,platform
LAB,IMM_MOD,,,10,检验,,MOD_ID,,非核心表，保留候选,platform
LAB,IMM_PLACE,,,3,检验,,IMP_ID+IMP_ZB,,非核心表，保留候选,platform
LAB,IMM_PLACE1,,,1,检验,,IMP_ID,,非核心表，保留候选,platform
LAB,IMM_RESULTS,,,14,检验,,IMR_ID+IMR_IT_ECD+IMR_DATE,,非核心表，保留候选,platform
LAB,IMM_R_MOD,,,8,检验,,IMR_ID,,非核心表，保留候选,platform
LAB,INSPECT,,,11,检验,,INS_ID,,非核心表，保留候选,platform
LAB,INSTRMT,,,26,检验,,ITR_MID+ITR_CLIENT,,非核心表，保留候选,platform
LAB,INSTRUMENT_CONFIG,,,4,检验,,INSTRUMENT_ID+INSTRUMENT_ITEM_CODE,,非核心表，保留候选,platform
LAB,INSTRUMENT_DICT,,,31,检验,,INST_ID,,基础字典/维表,platform
LAB,INTERFACE,,,13,检验,,CNT_TYPE,,,platform
LAB,ITEM,,,37,检验,,ITM_ID,,非核心表，保留候选,platform
LAB,ITEM_PROP,,,5,检验,,ITM_ID,,非核心表，保留候选,platform
LAB,ITEM_TYPE_DICT,,,2,检验,,SERIAL_NO+ITEM_CLASS_NAME,,基础字典/维表,platform
LAB,ITEM_UGR,,,5,检验,,ITM_ID,,非核心表，保留候选,platform
LAB,LAB_BILL_ITEMS,,,8,检验,,,,非核心表，保留候选,platform
LAB,LAB_DEPT_TEST_DAY,,,7,检验,,ST_DATE+ORDERING_DEPT_CODE+ASSAY_DEPT_CODE+ITEM_CODE,,,platform
LAB,LAB_DEPT_TEST_MONTH,,,7,检验,,ST_MONTH+ORDERING_DEPT_CODE+ASSAY_DEPT_CODE+ITEM_CODE,,,platform
LAB,LAB_DEVICE,,,22,检验,,DEV_ID,,非核心表，保留候选,platform
LAB,LAB_ITEM_VS_RULES,,,2,检验,,ITEM_CODE,,非核心表，保留候选,platform
LAB,LAB_REJECT_ITEM,,,6,检验,,ITEM_CODE1+ITEM_CODE2,,非核心表，保留候选,platform
LAB,LAB_REPORT_RULES,,,2,检验,,RULENO,,非核心表，保留候选,platform
LAB,LAB_REPORT_RULES_DETAIL,,,8,检验,,RULENO+SEQNO,,非核心表，保留候选,platform
LAB,LAB_RESULT,,,26,检验,,TEST_NO+ITEM_NO+PRINT_ORDER,,核心业务事实/主线表,platform
LAB,LAB_RESULT_ITEM,,,4,检验,,,,非核心表，保留候选,platform
LAB,LAB_RESULT_MAPPING,,,4,检验,,,,非核心表，保留候选,platform
LAB,LAB_RESULT_TEMP,,,10,检验,,WORKING_ID+ITEM_NO+RESULT_DATE_TIME,,,platform
LAB,LAB_RESULT_TYPE_VS_VALUES,,,4,检验,,SERIAL_NO,,非核心表，保留候选,platform
LAB,LAB_SHARINGCENTER_DETAIL,,,12,检验,,,,非核心表，保留候选,platform
LAB,LAB_SHARINGCENTER_MASTER,,,19,检验,,ID,,非核心表，保留候选,platform
LAB,LAB_TEST_BATCH_MASTER,,,18,检验,,BATCH_TEST_NO+TEST_NO,,非核心表，保留候选,platform
LAB,LAB_TEST_ITEMS,,,16,检验,,TEST_NO+ITEM_NO,,核心业务事实/主线表,platform
LAB,LAB_TEST_ITEMS_DETAIL,,,12,检验,,ID,,核心业务事实/主线表,platform
LAB,LAB_TEST_MASTER,,,49,检验,,TEST_NO,,核心业务事实/主线表,platform
LAB,LOGINS,,,6,检验,,,,,platform
LAB,METHOD,,,6,检验,,MD_AID,,非核心表，保留候选,platform
LAB,METHOD_RLTS,,,7,检验,,,,非核心表，保留候选,platform
LAB,MITM_NO,,,8,检验,,MIT_MID+MIT_ID,,非核心表，保留候选,platform
LAB,NIGHTWORK_DEF,,,6,检验,,DAY,,非核心表，保留候选,platform
LAB,NOBACT,,,9,检验,,NOB_ID,,非核心表，保留候选,platform
LAB,NORMAL_NIGHT_WORK,,,3,检验,,DAYOFWEEK,,非核心表，保留候选,platform
LAB,ONLINE_DATA,,,9,检验,,SERIAL_NO,,非核心表，保留候选,platform
LAB,PAT1999,,,38,检验,,,,非核心表，保留候选,platform
LAB,PATIENTS,,,41,检验,,PAT_ID,,非核心表，保留候选,platform
LAB,QC_MEA,,,8,检验,,QCM_MID+QCM_ITM+QCM_DATE+QCM_FLG,,非核心表，保留候选,platform
LAB,QC_REF,,,27,检验,,QCR_MID+QCR_ITM+QCR_SDATE,,非核心表，保留候选,platform
LAB,QC_SAM,,,8,检验,,QCM_MID+QCM_ITM+QCM_DATE,,非核心表，保留候选,platform
LAB,QUALITY_CON_LIST,,,5,检验,,ITEM_CODE+QC_DATE+CONTROL_NO,,非核心表，保留候选,platform
LAB,QUALITY_CON_PARAMETER_LIST,,,18,检验,,ITEM_CODE+QC_YEAR+QC_MONTH,,非核心表，保留候选,platform
LAB,REAGDICT,,,28,检验,,RGD_ID,,非核心表，保留候选,platform
LAB,REAGENT,,,24,检验,,REAG_ID,,非核心表，保留候选,platform
LAB,REAGENT_OUT,,,16,检验,,REAG_ID,,非核心表，保留候选,platform
LAB,REAGOUT,,,9,检验,,,,非核心表，保留候选,platform
LAB,REAGPITM,,,7,检验,,RGP_ID,,非核心表，保留候选,platform
LAB,REAGPLAN,,,13,检验,,PLAN_ID,,非核心表，保留候选,platform
LAB,RED_ITM,,,7,检验,,,,非核心表，保留候选,platform
LAB,RED_ITMS,,,12,检验,,RED_ID,,非核心表，保留候选,platform
LAB,REP_DIARY,,,15,检验,,REP_MID,,非核心表，保留候选,platform
LAB,RES_CURO,,,8,检验,,RES_ID+RES_DATE,,非核心表，保留候选,platform
LAB,RES_CURS,,,7,检验,,RES_ID+RES_MID+RES_DATE+RES_SID,,非核心表，保留候选,platform
LAB,RES_DYY,,,9,检验,,RES_ID+RES_MID+RES_SID+RES_DATE+RES_CUR1,,非核心表，保留候选,platform
LAB,RES_PICTURE,,,3,检验,,,,非核心表，保留候选,platform
LAB,RESULTO,,,9,检验,,RES_ID+RES_IT_ECD+RES_DATE,,非核心表，保留候选,platform
LAB,RESULTS,,,6,检验,,RES_MID+RES_SID+RES_IT_ECD+RES_DATE,,非核心表，保留候选,platform
LAB,RLT1999,,,9,检验,,,,非核心表，保留候选,platform
LAB,RUIMEI_INSERT_DATA_WZ,,,25,检验,,,,,platform
LAB,SAMPLE,,,5,检验,,SAM_ID,,非核心表，保留候选,platform
LAB,S_STATE,,,4,检验,,ST_ID,,非核心表，保留候选,platform
LAB,STAFF,,,21,检验,,STA_NO,,非核心表，保留候选,platform
LAB,STAFF_ATTEND_IN,,,7,检验,,ATT_NO,,非核心表，保留候选,platform
LAB,STAFF_AWARD,,,7,检验,,AWD_NO,,非核心表，保留候选,platform
LAB,STAFF_EDUCATE,,,8,检验,,EDU_NO,,非核心表，保留候选,platform
LAB,STAFF_PAPER,,,8,检验,,PAP_NO,,非核心表，保留候选,platform
LAB,STAFF_POST,,,6,检验,,PST_NO,,非核心表，保留候选,platform
LAB,STATIST,,,10,检验,,,,非核心表，保留候选,platform
LAB,STATIST_T,,,3,检验,,ST_ID+ST_DATE,,非核心表，保留候选,platform
LAB,STATIST_TCOM,,,4,检验,,ST_ID+ST_CNAME+ST_DATE,,非核心表，保留候选,platform
LAB,SYMBOL_DICT,,,5,检验,,ITEM_CODE,,基础字典/维表,platform
LAB,UGR1999,,,8,检验,,,,非核心表，保留候选,platform
LAB,UG_RLTS,,,8,检验,,RES_ID,,非核心表，保留候选,platform
LAB,WEEKTAB,,,60,检验,,W_WEEK_NO,,非核心表，保留候选,platform
LAB,WEEKTAB_GROUP,,,101,检验,,,,非核心表，保留候选,platform
LAB,WEEKTABS,,,12,检验,,W_WEEK_NO,,非核心表，保留候选,platform
LAB,WORKTAB,,,4,检验,,,,非核心表，保留候选,platform
LAB,ZM_TABLEDEF,,,6,检验,,,,非核心表，保留候选,platform
LIS,DC_DEPT,,824,21,,,,,,metadata
LIS,LAB_REPORT,,2914665,130,检验,LIS 报告主表,REPORTID,A,REPORTID 挂 LAB_RESULT；BARCODE 与 HIS.TEST_NO 需按时间拆分,curated
LIS,LAB_REPORTLOG,,6080869,11,,,,,,metadata
LIS,LAB_RESULT,,39951987,50,,,,,,metadata
LIS,LAB_RESULTALERT,,11445,85,,,,,,metadata
LIS,OGGTEST,,5,2,,,,,,metadata
LIS,REQ_DETAIL,,3083064,39,检验,LIS 申请明细,BARCODE,A,按 BARCODE 挂 REQ_MASTER,curated
LIS,REQ_MASTER,,2782059,63,检验,LIS 申请主表,BARCODE,A,LIS 内部申请主表,curated
LIS,REQ_MASTER_PAT,,2782060,82,,,,,,metadata
LIS,SECSYSUSER,,4237,34,,,,,,metadata
LIS,VIEW_PTBH,,1549183,21,,,,,,metadata
LUNA_MCS_SDSEY,BEDS,,0,0,移动护理系统,,,live_metadata,,platform
LUNA_MCS_SDSEY,BL_BWZHLJL,,,0,移动护理系统,,,live_metadata,,platform
LUNA_MCS_SDSEY,BL_CRLJL,,,0,移动护理系统,,,live_metadata,,platform
LUNA_MCS_SDSEY,BL_CYPGJL,,,0,移动护理系统,,,live_metadata,,platform
LUNA_MCS_SDSEY,BL_CYPGJL_BAK,,,0,移动护理系统,,,live_metadata,,platform
LUNA_MCS_SDSEY,BL_DCJL,,,0,移动护理系统,,,live_metadata,,platform
LUNA_MCS_SDSEY,BL_HLPGJL,,,0,移动护理系统,,,live_metadata,,platform
LUNA_MCS_SDSEY,BLOODINFO,,0,0,移动护理系统,,,live_metadata,,platform
LUNA_MCS_SDSEY,BLOODINFOALL,,0,0,移动护理系统,,,live_metadata,,platform
LUNA_MCS_SDSEY,BL_RYPGJL,,,0,移动护理系统,,,live_metadata,,platform
LUNA_MCS_SDSEY,BL_SMTZCLJL,,,0,移动护理系统,,,live_metadata,,platform
LUNA_MCS_SDSEY,BL_YBHLJL,,,0,移动护理系统,,,live_metadata,,platform
LUNA_MCS_SDSEY,BL_YDFMJL,,,0,移动护理系统,,,live_metadata,,platform
LUNA_MCS_SDSEY,CLINI_DATA_NEST,,,0,移动护理系统,,,live_metadata,,platform
LUNA_MCS_SDSEY,CMN_COMPLIANCE_SATISFACTION,依从性和满意度记录表,7,0,移动护理系统,,,live_metadata,,platform
LUNA_MCS_SDSEY,CMN_DEGREE_REPORT_XML_CONF,分级量化报表配置表,5,0,移动护理系统,,,live_metadata,,platform
LUNA_MCS_SDSEY,CMN_DICT,中医护理字典表,3903,0,移动护理系统,,,live_metadata,,platform
LUNA_MCS_SDSEY,CMN_DICT_LOG,中医护理字典修改记录表,12,0,移动护理系统,,,live_metadata,,platform
LUNA_MCS_SDSEY,CMN_DISEASE_DEGREE,分级量化配置表,13,0,移动护理系统,,,live_metadata,,platform
LUNA_MCS_SDSEY,CMN_DISEASE_DEGREE_DETAIL,分级量化明细配置表,12,0,移动护理系统,,,live_metadata,,platform
LUNA_MCS_SDSEY,CMN_DISEASE_DIAGNOSIS,病种-诊断关联表,455,0,移动护理系统,,,live_metadata,,platform
LUNA_MCS_SDSEY,CMN_DISEASE_DIAGNOSIS_CLASS,病种-诊断分期关联表,8,0,移动护理系统,,,live_metadata,,platform
LUNA_MCS_SDSEY,CMN_DISEASE_SYMPTOM,病种-病症关联表,8953,0,移动护理系统,,,live_metadata,,platform
LUNA_MCS_SDSEY,CMN_DISEASE_SYMPTOM_ITEMS,病种-病症-主要辩证施护方法和中医护理技术关联表,15174,0,移动护理系统,,,live_metadata,,platform
LUNA_MCS_SDSEY,CMN_DS_TECHNOLOGY_ACUPOINT,病种-病症-中医护理技术-穴位关联表,8504,0,移动护理系统,,,live_metadata,,platform
LUNA_MCS_SDSEY,CMN_FORM_DIAGNOSIS,中医护理方案-诊断记录表,8,0,移动护理系统,,,live_metadata,,platform
LUNA_MCS_SDSEY,CMN_NURSING_PLAN_CHILD,中医护理方案-主要辩证施护方法或中医护理技术记录表,23,0,移动护理系统,,,live_metadata,,platform
LUNA_MCS_SDSEY,CMN_NURSING_PLAN_DISEASE,中医护理方案记录表,0,0,移动护理系统,,,live_metadata,,platform
LUNA_MCS_SDSEY,CMN_NURSING_PLAN_SYMPTOM,中医护理方案-病症记录表,8,0,移动护理系统,,,live_metadata,,platform
LUNA_MCS_SDSEY,CMN_NURSING_PLAN_TEC_RECORD,中医护理技术执行记录表,6,0,移动护理系统,,,live_metadata,,platform
LUNA_MCS_SDSEY,CMN_TECHONLOG_ACUPOINT_RECORD,中医护理技术执行-穴位记录表,0,0,移动护理系统,,,live_metadata,,platform
LUNA_MCS_SDSEY,CMN_WARD_DISEASE,病区-病种关联表,2,0,移动护理系统,,,live_metadata,,platform
LUNA_MCS_SDSEY,CONSULTATION_V_Q_RECORD,,,0,移动护理系统,,,live_metadata,,platform
LUNA_MCS_SDSEY,CONSULTATION_V_Q_RECORD_JUNIOR,,,0,移动护理系统,,,live_metadata,,platform
LUNA_MCS_SDSEY,CT_CONFIG_ORIGINAL_KEYS,原始配置项表,52,0,移动护理系统,,,live_metadata,,platform
LUNA_MCS_SDSEY,CT_CONNECTION_DETAILS,连接模式明细表,196,0,移动护理系统,,,live_metadata,,platform
LUNA_MCS_SDSEY,CT_CONNECTION_MODE,连接模式表,13,0,移动护理系统,,,live_metadata,,platform
LUNA_MCS_SDSEY,CT_INFO_SYN_BASE_CONF,信息同步基础配置表,25,0,移动护理系统,,,live_metadata,,platform
LUNA_MCS_SDSEY,CT_INFO_SYN_BASE_DETAILS,信息同步基础配置明细表,1,0,移动护理系统,,,live_metadata,,platform
LUNA_MCS_SDSEY,CT_INFO_SYN_DATA_CONF,信息同步数据配置表,996,0,移动护理系统,,,live_metadata,,platform
LUNA_MCS_SDSEY,CT_INFO_SYN_DATA_CONF_B,,937,0,移动护理系统,,,live_metadata,,platform
LUNA_MCS_SDSEY,CT_INFO_SYN_DATA_CONF_BAK,,947,0,移动护理系统,,,live_metadata,,platform
LUNA_MCS_SDSEY,CT_INFO_SYN_DATA_INIT,源信息同步数据配置表,460,0,移动护理系统,,,live_metadata,,platform
LUNA_MCS_SDSEY,CT_INFO_SYN_DATA_MATCH,信息同步数据对应关系配置表,24,0,移动护理系统,,,live_metadata,,platform
LUNA_MCS_SDSEY,CT_INTERFACE_PARAM,,14,0,移动护理系统,,,live_metadata,,platform
LUNA_MCS_SDSEY,CT_MSYS_INIT,,16,0,移动护理系统,,,live_metadata,,platform
LUNA_MCS_SDSEY,CT_PATIENT_SERVER_INIT,病人服务配置表,23,0,移动护理系统,,,live_metadata,,platform
LUNA_MCS_SDSEY,DEPTS,,230,0,移动护理系统,,,live_metadata,,platform
LUNA_MCS_SDSEY,DIABETES_V_Q_PATIENT_REG,,,0,移动护理系统,,,live_metadata,,platform
LUNA_MCS_SDSEY,DIAGNOSIS_BASY,,1467540,0,移动护理系统,,,live_metadata,,platform
LUNA_MCS_SDSEY,DIAGNOSIS_BASY_TEST,,1467540,0,移动护理系统,,,live_metadata,,platform
LUNA_MCS_SDSEY,DIC_ITEM,,9,0,移动护理系统,,,live_metadata,,platform
LUNA_MCS_SDSEY,DICT_SMTZCLXM,,,0,移动护理系统,,,live_metadata,,platform
LUNA_MCS_SDSEY,DRIPDICT,,8,0,移动护理系统,,,live_metadata,,platform
LUNA_MCS_SDSEY,EMC_BED,,12,0,移动护理系统,,,live_metadata,,platform
LUNA_MCS_SDSEY,EMC_OPERATION_LOG,,0,0,移动护理系统,,,live_metadata,,platform
LUNA_MCS_SDSEY,EMC_PATIENT,,0,0,移动护理系统,,,live_metadata,,platform
LUNA_MCS_SDSEY,EMC_XML_CONF,,6,0,移动护理系统,,,live_metadata,,platform
LUNA_MCS_SDSEY,FXJCPT_CDR_NEST_YDHL,,,0,移动护理系统,,,live_metadata,,platform
LUNA_MCS_SDSEY,HLJL_HLPFJL,,,0,移动护理系统,,,live_metadata,,platform
LUNA_MCS_SDSEY,HLJL_SMTZCLJL,,,0,移动护理系统,,,live_metadata,,platform
LUNA_MCS_SDSEY,HOSPITAL,,1,0,移动护理系统,,,live_metadata,,platform
LUNA_MCS_SDSEY,INPATIENT_DIAGNOSIS,,0,0,移动护理系统,,,live_metadata,,platform
LUNA_MCS_SDSEY,INPATIENTS,,278264,0,移动护理系统,,,live_metadata,,platform
LUNA_MCS_SDSEY,KM_DOC_AFFILIATED,,0,0,移动护理系统,,,live_metadata,,platform
LUNA_MCS_SDSEY,KM_DOC_DICT,,0,0,移动护理系统,,,live_metadata,,platform
LUNA_MCS_SDSEY,KM_DOC_TEMPLATE_ADDITIONAL,,0,0,移动护理系统,,,live_metadata,,platform
LUNA_MCS_SDSEY,MCS_ALLERGENS_DICT,,7,0,移动护理系统,,,live_metadata,,platform
LUNA_MCS_SDSEY,MCS_ARCHIVE_DOC,,688378,0,移动护理系统,,,live_metadata,,platform
LUNA_MCS_SDSEY,MCS_ARCHIVE_UPDATE_PROCESS,,7387516,0,移动护理系统,,,live_metadata,,platform
LUNA_MCS_SDSEY,MCS_ASSESS_FORM,全息评估记录主表,2554785,0,移动护理系统,,,live_metadata,,platform
LUNA_MCS_SDSEY,MCS_ASSESS_FORM_RECORD,全息评估记录副表--明细表,41898062,0,移动护理系统,,,live_metadata,,platform
LUNA_MCS_SDSEY,MCS_BABY_DICT,,1,0,移动护理系统,,,live_metadata,,platform
LUNA_MCS_SDSEY,MCS_BASE_DICT,,15,0,移动护理系统,,,live_metadata,,platform
LUNA_MCS_SDSEY,MCS_BATCH_FORM_ITEM,,19,0,移动护理系统,,,live_metadata,,platform
LUNA_MCS_SDSEY,MCS_BLOOD_INFO,,0,0,移动护理系统,,,live_metadata,,platform
LUNA_MCS_SDSEY,MCS_BREAST_MILK_INFO,,0,0,移动护理系统,,,live_metadata,,platform
LUNA_MCS_SDSEY,MCS_BREAST_MILK_PROCESS,,0,0,移动护理系统,,,live_metadata,,platform
LUNA_MCS_SDSEY,MCS_CA_ASSOCIATION,,0,0,移动护理系统,,,live_metadata,,platform
LUNA_MCS_SDSEY,MCS_CA_AUTHENTICATE_USER,,38776,0,移动护理系统,,,live_metadata,,platform
LUNA_MCS_SDSEY,MCS_CA_CERT,,0,0,移动护理系统,,,live_metadata,,platform
LUNA_MCS_SDSEY,MCS_CARDINAL_MEDICINE,,3,0,移动护理系统,,,live_metadata,,platform
LUNA_MCS_SDSEY,MCS_CA_SWITCH,,8,0,移动护理系统,,,live_metadata,,platform
LUNA_MCS_SDSEY,MCS_CA_USER,,754,0,移动护理系统,,,live_metadata,,platform
LUNA_MCS_SDSEY,MCS_CA_WAIT_AUTHENTICATE,,76902,0,移动护理系统,,,live_metadata,,platform
LUNA_MCS_SDSEY,MCS_CCC_CMN_TECHNOLOGY,,0,0,移动护理系统,,,live_metadata,,platform
LUNA_MCS_SDSEY,MCS_CCC_STATISTIC_HISTORY,,179170,0,移动护理系统,,,live_metadata,,platform
LUNA_MCS_SDSEY,MCS_CCC_STATISTIC_INVOKE_NUM,,138357,0,移动护理系统,,,live_metadata,,platform
LUNA_MCS_SDSEY,MCS_CDSS_DEPT_CATALOGUE,,16,0,移动护理系统,,,live_metadata,,platform
LUNA_MCS_SDSEY,MCS_CDSS_MEASURE_EXEDETAIL,,0,0,移动护理系统,,,live_metadata,,platform
LUNA_MCS_SDSEY,MCS_CDSS_PLAN,,61788,0,移动护理系统,,,live_metadata,,platform
LUNA_MCS_SDSEY,MCS_CDSS_PLAN_APPRAISE,,91,0,移动护理系统,,,live_metadata,,platform
LUNA_MCS_SDSEY,MCS_CDSS_PLAN_DETAIL,,80903,0,移动护理系统,,,live_metadata,,platform
LUNA_MCS_SDSEY,MCS_CDSS_PLAN_GROUP,,0,0,移动护理系统,,,live_metadata,,platform
LUNA_MCS_SDSEY,MCS_CDSS_PLAN_MEASURE,,144583,0,移动护理系统,,,live_metadata,,platform
LUNA_MCS_SDSEY,MCS_CDSS_PLAN_POSITIVE,,132528,0,移动护理系统,,,live_metadata,,platform
LUNA_MCS_SDSEY,MCS_CDSS_PLAN_POSITIVE_RECORD,,18863,0,移动护理系统,,,live_metadata,,platform
LUNA_MCS_SDSEY,MCS_CDSS_PLAN_TECHN_APPRISE,,0,0,移动护理系统,,,live_metadata,,platform
LUNA_MCS_SDSEY,MCS_CDSS_PLAN_TECHNOLOGY,,0,0,移动护理系统,,,live_metadata,,platform
LUNA_MCS_SDSEY,MCS_CONSULTATION_CONFIG,,3,0,移动护理系统,,,live_metadata,,platform
LUNA_MCS_SDSEY,MCS_CONSULTATION_G_D_ASSIGNORS,,0,0,移动护理系统,,,live_metadata,,platform
LUNA_MCS_SDSEY,MCS_CONSULTATION_GROUP_DETAIL,,0,0,移动护理系统,,,live_metadata,,platform
LUNA_MCS_SDSEY,MCS_CONSULTATION_GROUP_PROCESS,,0,0,移动护理系统,,,live_metadata,,platform
LUNA_MCS_SDSEY,MCS_CONSULTATION_GROUP_RECORDS,,0,0,移动护理系统,,,live_metadata,,platform
LUNA_MCS_SDSEY,MCS_CONSULTATION_PROCESS_DEF,,0,0,移动护理系统,,,live_metadata,,platform
LUNA_MCS_SDSEY,MCS_CONSULTATION_PROCESS_DICT,,13,0,移动护理系统,,,live_metadata,,platform
LUNA_MCS_SDSEY,MCS_CONSULTATION_PROCESS_ITEM,,0,0,移动护理系统,,,live_metadata,,platform
LUNA_MCS_SDSEY,MCS_CONSULTATION_PROCESS_TYPE,,0,0,移动护理系统,,,live_metadata,,platform
LUNA_MCS_SDSEY,MCS_CORE_META_ITEM,,19270,0,移动护理系统,,,live_metadata,,platform
LUNA_MCS_SDSEY,MCS_CORE_META_ITEM_COPY,,534,0,移动护理系统,,,live_metadata,,platform
LUNA_MCS_SDSEY,MCS_CORE_META_ITEM_MT,,0,0,移动护理系统,,,live_metadata,,platform
LUNA_MCS_SDSEY,MCS_CORE_META_ITEM_TEMP,,7,0,移动护理系统,,,live_metadata,,platform
LUNA_MCS_SDSEY,MCS_CORE_META_VERSION,,1,0,移动护理系统,,,live_metadata,,platform
LUNA_MCS_SDSEY,MCS_CUSTOM_MODULE_MENU,,16,0,移动护理系统,,,live_metadata,,platform
LUNA_MCS_SDSEY,MCS_DAILY_SETTLE_ACCOUNT,,144520,0,移动护理系统,,,live_metadata,,platform
LUNA_MCS_SDSEY,MCS_DAILY_SETTLE_DATA,,725247,0,移动护理系统,,,live_metadata,,platform
LUNA_MCS_SDSEY,MCS_DAILY_SETTLE_DETAIL,,1810375,0,移动护理系统,,,live_metadata,,platform
LUNA_MCS_SDSEY,MCS_DAILY_SETTLE_ITEMS,,23,0,移动护理系统,,,live_metadata,,platform
LUNA_MCS_SDSEY,MCS_DAILY_SETTLE_ITEM_TEMPLATE,,132,0,移动护理系统,,,live_metadata,,platform
LUNA_MCS_SDSEY,MCS_DAILY_SETTLE_PATIENT,,1075086,0,移动护理系统,,,live_metadata,,platform
LUNA_MCS_SDSEY,MCS_DAILY_SETTLE_SIGN,,57499,0,移动护理系统,,,live_metadata,,platform
LUNA_MCS_SDSEY,MCS_DAILY_SETTLE_TEMPLATE_WARD,,207,0,移动护理系统,,,live_metadata,,platform
LUNA_MCS_SDSEY,MCS_DATA_DICT,数据字典表,0,0,移动护理系统,,,live_metadata,,platform
LUNA_MCS_SDSEY,MCS_DATA_DICT_ITEM,数据字典表项,0,0,移动护理系统,,,live_metadata,,platform
LUNA_MCS_SDSEY,MCS_DATA_MIGRATION_LOG,,0,0,移动护理系统,,,live_metadata,,platform
LUNA_MCS_SDSEY,MCS_DATA_MIGRATION_PATIENT,,0,0,移动护理系统,,,live_metadata,,platform
LUNA_MCS_SDSEY,MCS_DIABETES_ASSESS,,4,0,移动护理系统,,,live_metadata,,platform
LUNA_MCS_SDSEY,MCS_DIABETES_ASSESS_S,,9,0,移动护理系统,,,live_metadata,,platform
LUNA_MCS_SDSEY,MCS_DIAGNOSIS_RULEBASE_MATCHER,,0,0,移动护理系统,,,live_metadata,,platform
LUNA_MCS_SDSEY,MCS_DICT_DOC_NODES,,10581,0,移动护理系统,,,live_metadata,,platform
LUNA_MCS_SDSEY,MCS_DICT_DOC_NODES_ACTION,,1332,0,移动护理系统,,,live_metadata,,platform
LUNA_MCS_SDSEY,MCS_DICT_DOC_NODES_DATA_SOURCE,,119,0,移动护理系统,,,live_metadata,,platform
LUNA_MCS_SDSEY,MCS_DICT_DOC_REPORT_XML_CONF,文书报表配置,124,0,移动护理系统,,,live_metadata,,platform
LUNA_MCS_SDSEY,MCS_DICT_DOC_TEMPLATE,,131,0,移动护理系统,,,live_metadata,,platform
LUNA_MCS_SDSEY,MCS_DICT_ESSAY,,0,0,移动护理系统,,,live_metadata,,platform
LUNA_MCS_SDSEY,MCS_DICT_EVENT_TYPE,,16,0,移动护理系统,,,live_metadata,,platform
LUNA_MCS_SDSEY,MCS_DICT_HE_ILLNESS,,2029,0,移动护理系统,,,live_metadata,,platform
LUNA_MCS_SDSEY,MCS_DICT_HE_ITEM,,9123,0,移动护理系统,,,live_metadata,,platform
LUNA_MCS_SDSEY,MCS_DICT_HOSPITAL,,4,0,移动护理系统,,,live_metadata,,platform
LUNA_MCS_SDSEY,MCS_DICT_INOUT,出入量字典表,92,0,移动护理系统,,,live_metadata,,platform
LUNA_MCS_SDSEY,MCS_DICT_ITEM_INFO,,0,0,移动护理系统,,,live_metadata,,platform
LUNA_MCS_SDSEY,MCS_DICT_NODES_FORMULA_CONF,,2,0,移动护理系统,,,live_metadata,,platform
LUNA_MCS_SDSEY,MCS_DICT_NURS_RECORD_TEMPLATE,,1600,0,移动护理系统,,,live_metadata,,platform
LUNA_MCS_SDSEY,MCS_DICT_NURS_RECORD_T_TREE,,2756,0,移动护理系统,,,live_metadata,,platform
LUNA_MCS_SDSEY,MCS_DICT_OUT_VISIT_TEMPLATE,,0,0,移动护理系统,,,live_metadata,,platform
LUNA_MCS_SDSEY,MCS_DICT_PARTOGRAM_ITEM,,13,0,移动护理系统,,,live_metadata,,platform
LUNA_MCS_SDSEY,MCS_DICT_PARTOGRAM_TYPE,,13,0,移动护理系统,,,live_metadata,,platform
LUNA_MCS_SDSEY,MCS_DICT_VITALSIGN_TYPE,,38,0,移动护理系统,,,live_metadata,,platform
LUNA_MCS_SDSEY,MCS_DIC_VITALSIGN_RANGE,体征范围字典表,0,0,移动护理系统,,,live_metadata,,platform
LUNA_MCS_SDSEY,MCS_DOC_ABNORMAL_INFO,,12,0,移动护理系统,,,live_metadata,,platform
LUNA_MCS_SDSEY,MCS_DOC_CATEGORY,文书分类,0,0,移动护理系统,,,live_metadata,,platform
LUNA_MCS_SDSEY,MCS_DOC_CUSTOM_CATEGORY,,0,0,移动护理系统,,,live_metadata,,platform
LUNA_MCS_SDSEY,MCS_DOC_CUSTOM_CONFIG,,0,0,移动护理系统,,,live_metadata,,platform
LUNA_MCS_SDSEY,MCS_DOC_FORM,文书表单,12015722,0,移动护理系统,,,live_metadata,,platform
LUNA_MCS_SDSEY,MCS_DOC_FORM_1604,,0,0,移动护理系统,,,live_metadata,,platform
LUNA_MCS_SDSEY,MCS_DOC_FORM241115,,73,0,移动护理系统,,,live_metadata,,platform
LUNA_MCS_SDSEY,MCS_DOC_FORM260531,,91,0,移动护理系统,,,live_metadata,,platform
LUNA_MCS_SDSEY,MCS_DOC_FORM_CUSTOM,,2,0,移动护理系统,,,live_metadata,,platform
LUNA_MCS_SDSEY,MCS_DOC_FORM_IMAGE,,0,0,移动护理系统,,,live_metadata,,platform
LUNA_MCS_SDSEY,MCS_DOC_FORM_LOG,文书修改日志记录,0,0,移动护理系统,,,live_metadata,,platform
LUNA_MCS_SDSEY,MCS_DOC_FORM_NEW,,0,0,移动护理系统,,,live_metadata,,platform
LUNA_MCS_SDSEY,MCS_DOC_FORM_OPERATION_LOG,,32895869,0,移动护理系统,,,live_metadata,,platform
LUNA_MCS_SDSEY,MCS_DOC_FORM_ORDER_DICT,,8,0,移动护理系统,,,live_metadata,,platform
LUNA_MCS_SDSEY,MCS_DOC_FORM_ORDER_DICT_MT,,0,0,移动护理系统,,,live_metadata,,platform
LUNA_MCS_SDSEY,MCS_DOC_FORM_PAGE,,2276,0,移动护理系统,,,live_metadata,,platform
LUNA_MCS_SDSEY,MCS_DOC_FORM_RECORD_REPORT,,14,0,移动护理系统,,,live_metadata,,platform
LUNA_MCS_SDSEY,MCS_DOC_FORM_RECORDS,文书表单节点记录,203879598,0,移动护理系统,,,live_metadata,,platform
LUNA_MCS_SDSEY,MCS_DOC_FORM_RECORDS_1603,,0,0,移动护理系统,,,live_metadata,,platform
LUNA_MCS_SDSEY,MCS_DOC_FORM_RECORDS_1604,,0,0,移动护理系统,,,live_metadata,,platform
LUNA_MCS_SDSEY,MCS_DOC_FORM_RECORDS230427,,936,0,移动护理系统,,,live_metadata,,platform
LUNA_MCS_SDSEY,MCS_DOC_FORM_RECORDS_BAC,文书表单节点记录,0,0,移动护理系统,,,live_metadata,,platform
LUNA_MCS_SDSEY,MCS_DOC_FORM_RECORDS_REUSE,,0,0,移动护理系统,,,live_metadata,,platform
LUNA_MCS_SDSEY,MCS_DOC_FORM_RECORDS_TEST,,0,0,移动护理系统,,,live_metadata,,platform
LUNA_MCS_SDSEY,MCS_DOC_FORM_REMIND_DICT,,15,0,移动护理系统,,,live_metadata,,platform
LUNA_MCS_SDSEY,MCS_DOC_FORM_SCORE_CONF,,8,0,移动护理系统,,,live_metadata,,platform
LUNA_MCS_SDSEY,MCS_DOC_FORM_TEST,,0,0,移动护理系统,,,live_metadata,,platform
LUNA_MCS_SDSEY,MCS_DOC_FORMYY,,2529,0,移动护理系统,,,live_metadata,,platform
LUNA_MCS_SDSEY,MCS_DOC_HANDOVER_RECORD,,0,0,移动护理系统,,,live_metadata,,platform
LUNA_MCS_SDSEY,MCS_DOC_HANDOVER_RECORD_DETAIL,,0,0,移动护理系统,,,live_metadata,,platform
LUNA_MCS_SDSEY,MCS_DOC_INOUT,出入量记录单,7558511,0,移动护理系统,,,live_metadata,,platform
LUNA_MCS_SDSEY,MCS_DOC_INOUT_IMPORT_DICT,,4,0,移动护理系统,,,live_metadata,,platform
LUNA_MCS_SDSEY,MCS_DOC_INOUT_STATISTICS,出入量小结,1083675,0,移动护理系统,,,live_metadata,,platform
LUNA_MCS_SDSEY,MCS_DOC_MENU,文书菜单,63,0,移动护理系统,,,live_metadata,,platform
LUNA_MCS_SDSEY,MCS_DOC_MENU_SEQ,,11,0,移动护理系统,,,live_metadata,,platform
LUNA_MCS_SDSEY,MCS_DOC_MENU_STAT,,1,0,移动护理系统,,,live_metadata,,platform
LUNA_MCS_SDSEY,MCS_DOC_NODES,文书模版节点,34822,0,移动护理系统,,,live_metadata,,platform
LUNA_MCS_SDSEY,MCS_DOC_NODES855,,21,0,移动护理系统,,,live_metadata,,platform
LUNA_MCS_SDSEY,MCS_DOC_NODES_ACTION,,3785,0,移动护理系统,,,live_metadata,,platform
LUNA_MCS_SDSEY,MCS_DOC_NODES_ACTION_MT,,0,0,移动护理系统,,,live_metadata,,platform
LUNA_MCS_SDSEY,MCS_DOC_NODES_DATA_SOURCE,,582,0,移动护理系统,,,live_metadata,,platform
LUNA_MCS_SDSEY,MCS_DOC_NODES_DATA_SOURCE_MT,,0,0,移动护理系统,,,live_metadata,,platform
LUNA_MCS_SDSEY,MCS_DOC_NODES_FORMULA_CONF,,8822,0,移动护理系统,,,live_metadata,,platform
LUNA_MCS_SDSEY,MCS_DOC_NODES_FORMULA_CONF_MT,,0,0,移动护理系统,,,live_metadata,,platform
LUNA_MCS_SDSEY,MCS_DOC_NODES_MT,,0,0,移动护理系统,,,live_metadata,,platform
LUNA_MCS_SDSEY,MCS_DOC_POST_OPERATION,,0,0,移动护理系统,,,live_metadata,,platform
LUNA_MCS_SDSEY,MCS_DOC_RECORD_SIGN,,0,0,移动护理系统,,,live_metadata,,platform
LUNA_MCS_SDSEY,MCS_DOC_REPORT_DATA_AMOUNT,,0,0,移动护理系统,,,live_metadata,,platform
LUNA_MCS_SDSEY,MCS_DOC_REPORT_XML_CONF,,286,0,移动护理系统,,,live_metadata,,platform
LUNA_MCS_SDSEY,MCS_DOC_REPORT_XML_CONF_MT,,0,0,移动护理系统,,,live_metadata,,platform
LUNA_MCS_SDSEY,MCS_DOC_SN_OPTION,,13463,0,移动护理系统,,,live_metadata,,platform
LUNA_MCS_SDSEY,MCS_DOC_SN_OPTION_MT,,0,0,移动护理系统,,,live_metadata,,platform
LUNA_MCS_SDSEY,MCS_DOC_TEMPLATE,,587,0,移动护理系统,,,live_metadata,,platform
LUNA_MCS_SDSEY,MCS_DOC_TEMPLATE_BATCH,,18,0,移动护理系统,,,live_metadata,,platform
LUNA_MCS_SDSEY,MCS_DOC_TEMPLATE_DEPT,,1373,0,移动护理系统,,,live_metadata,,platform
LUNA_MCS_SDSEY,MCS_DOC_TEMPLATE_DEPT_MT,,0,0,移动护理系统,,,live_metadata,,platform
LUNA_MCS_SDSEY,MCS_DOC_TEMPLATE_DICT,,73,0,移动护理系统,,,live_metadata,,platform
LUNA_MCS_SDSEY,MCS_DOC_TEMPLATE_MT,,0,0,移动护理系统,,,live_metadata,,platform
LUNA_MCS_SDSEY,MCS_DOC_TEMPLATE_SUMMARY,,4,0,移动护理系统,,,live_metadata,,platform
LUNA_MCS_SDSEY,MCS_DOC_TEMPLATE_SUMMARY_MT,,0,0,移动护理系统,,,live_metadata,,platform
LUNA_MCS_SDSEY,MCS_DOC_VISIT_RECORD,,0,0,移动护理系统,,,live_metadata,,platform
LUNA_MCS_SDSEY,MCS_DRUG_DICT,,2965,0,移动护理系统,,,live_metadata,,platform
LUNA_MCS_SDSEY,MCS_ENUM_CONFIG,,0,0,移动护理系统,,,live_metadata,,platform
LUNA_MCS_SDSEY,MCS_EVENT_FORM_ITEM,,18,0,移动护理系统,,,live_metadata,,platform
LUNA_MCS_SDSEY,MCS_EVENT_INFO,,661137,0,移动护理系统,,,live_metadata,,platform
LUNA_MCS_SDSEY,MCS_FULL_EVALUATION_TEMPLATE,,2,0,移动护理系统,,,live_metadata,,platform
LUNA_MCS_SDSEY,MCS_HEALTH_ASSESS,,13,0,移动护理系统,,,live_metadata,,platform
LUNA_MCS_SDSEY,MCS_HEALTH_ILLNESS,,425,0,移动护理系统,,,live_metadata,,platform
LUNA_MCS_SDSEY,MCS_HEALTH_ITEM,,1647,0,移动护理系统,,,live_metadata,,platform
LUNA_MCS_SDSEY,MCS_HEALTH_RECORD,,4,0,移动护理系统,,,live_metadata,,platform
LUNA_MCS_SDSEY,MCS_HIBERNATE_SEQ,,100,0,移动护理系统,,,live_metadata,,platform
LUNA_MCS_SDSEY,MCS_HIS_PATIENT,同步HIS病人信息表,0,0,移动护理系统,,,live_metadata,,platform
LUNA_MCS_SDSEY,MCS_HLHT_CLASS_CONF,,61,0,移动护理系统,,,live_metadata,,platform
LUNA_MCS_SDSEY,MCS_HLHT_COLUMN_CONF,,0,0,移动护理系统,,,live_metadata,,platform
LUNA_MCS_SDSEY,MCS_HLHT_COLUMN_DICT,,574,0,移动护理系统,,,live_metadata,,platform
LUNA_MCS_SDSEY,MCS_HLHT_DATA_TYPE_CONF,,17,0,移动护理系统,,,live_metadata,,platform
LUNA_MCS_SDSEY,MCS_HLHT_DOC_CONF,,0,0,移动护理系统,,,live_metadata,,platform
LUNA_MCS_SDSEY,MCS_HLHT_DOC_DICT,,11,0,移动护理系统,,,live_metadata,,platform
LUNA_MCS_SDSEY,MCS_HLHT_DOMAIN_DICT,,552,0,移动护理系统,,,live_metadata,,platform
LUNA_MCS_SDSEY,MCS_HLHT_EMR14,,0,0,移动护理系统,,,live_metadata,,platform
LUNA_MCS_SDSEY,MCS_HLHT_EMR15,,0,0,移动护理系统,,,live_metadata,,platform
LUNA_MCS_SDSEY,MCS_HLHT_EMR16,,0,0,移动护理系统,,,live_metadata,,platform
LUNA_MCS_SDSEY,MCS_HLHT_EMR17,,0,0,移动护理系统,,,live_metadata,,platform
LUNA_MCS_SDSEY,MCS_HLHT_EMR18,,0,0,移动护理系统,,,live_metadata,,platform
LUNA_MCS_SDSEY,MCS_HLHT_EMR19,,0,0,移动护理系统,,,live_metadata,,platform
LUNA_MCS_SDSEY,MCS_HLHT_EMR20,,0,0,移动护理系统,,,live_metadata,,platform
LUNA_MCS_SDSEY,MCS_HLHT_EMR21,,0,0,移动护理系统,,,live_metadata,,platform
LUNA_MCS_SDSEY,MCS_HLHT_EMR23,,0,0,移动护理系统,,,live_metadata,,platform
LUNA_MCS_SDSEY,MCS_HLHT_EMR24,,0,0,移动护理系统,,,live_metadata,,platform
LUNA_MCS_SDSEY,MCS_HLHT_EMR25,,0,0,移动护理系统,,,live_metadata,,platform
LUNA_MCS_SDSEY,MCS_HLHT_SHARE_DATA,,0,0,移动护理系统,,,live_metadata,,platform
LUNA_MCS_SDSEY,MCS_INDIVIDUATION,,3,0,移动护理系统,,,live_metadata,,platform
LUNA_MCS_SDSEY,MCS_INTER_MONITOR_ABNORMAL,,19486,0,移动护理系统,,,live_metadata,,platform
LUNA_MCS_SDSEY,MCS_INTER_MONITOR_CONF,,2,0,移动护理系统,,,live_metadata,,platform
LUNA_MCS_SDSEY,MCS_INTER_MONITOR_CONF_DETAILS,,34,0,移动护理系统,,,live_metadata,,platform
LUNA_MCS_SDSEY,MCS_KLEDGE_NUR_RECORD_TEMPLATE,,3489,0,移动护理系统,,,live_metadata,,platform
LUNA_MCS_SDSEY,MCS_KNOWLEDGE_SPECIAL_SYMBOL,,28,0,移动护理系统,,,live_metadata,,platform
LUNA_MCS_SDSEY,MCS_LABEL_RULE_CONF,,3,0,移动护理系统,,,live_metadata,,platform
LUNA_MCS_SDSEY,MCS_LIST_WIDTH,,2,0,移动护理系统,,,live_metadata,,platform
LUNA_MCS_SDSEY,MCS_LIST_WIDTH_TYPE,,3,0,移动护理系统,,,live_metadata,,platform
LUNA_MCS_SDSEY,MCS_MANAGEMENT_DETAIL,,1,0,移动护理系统,,,live_metadata,,platform
LUNA_MCS_SDSEY,MCS_MENU,,650,0,移动护理系统,,,live_metadata,,platform
LUNA_MCS_SDSEY,MCS_MENU241115,,629,0,移动护理系统,,,live_metadata,,platform
LUNA_MCS_SDSEY,MCS_MENU_DICT,,280,0,移动护理系统,,,live_metadata,,platform
LUNA_MCS_SDSEY,MCS_MENU_GROUP,,0,0,移动护理系统,,,live_metadata,,platform
LUNA_MCS_SDSEY,MCS_MENU_GROUP_TEMPLATE,,3,0,移动护理系统,,,live_metadata,,platform
LUNA_MCS_SDSEY,MCS_MESSAGE,,10,0,移动护理系统,,,live_metadata,,platform
LUNA_MCS_SDSEY,MCS_MOTHER_BABY_INFO,,1,0,移动护理系统,,,live_metadata,,platform
LUNA_MCS_SDSEY,MCS_MOTHER_INFO,,1,0,移动护理系统,,,live_metadata,,platform
LUNA_MCS_SDSEY,MCS_MSYS_BEDS_GROUP,,11,0,移动护理系统,,,live_metadata,,platform
LUNA_MCS_SDSEY,MCS_MSYS_BEDSORT_CONF,,4,0,移动护理系统,,,live_metadata,,platform
LUNA_MCS_SDSEY,MCS_MSYS_CA_WARD,,60,0,移动护理系统,,,live_metadata,,platform
LUNA_MCS_SDSEY,MCS_MSYS_DEPT_WARD,,274,0,移动护理系统,,,live_metadata,,platform
LUNA_MCS_SDSEY,MCS_MSYS_INIT,,159,0,移动护理系统,,,live_metadata,,platform
LUNA_MCS_SDSEY,MCS_MSYS_INOUT_CONF,,2,0,移动护理系统,,,live_metadata,,platform
LUNA_MCS_SDSEY,MCS_MSYS_LABEL_CONF,,14,0,移动护理系统,,,live_metadata,,platform
LUNA_MCS_SDSEY,MCS_MSYS_NURSINGLEVEL_CONF,,6,0,移动护理系统,,,live_metadata,,platform
LUNA_MCS_SDSEY,MCS_MSYS_ORDERCLASS,,5,0,移动护理系统,,,live_metadata,,platform
LUNA_MCS_SDSEY,MCS_MSYS_ORDER_PROCESS,,10,0,移动护理系统,,,live_metadata,,platform
LUNA_MCS_SDSEY,MCS_MSYS_PARAM,,0,0,移动护理系统,,,live_metadata,,platform
LUNA_MCS_SDSEY,MCS_MSYS_PATIENT_CARD,,5,0,移动护理系统,,,live_metadata,,platform
LUNA_MCS_SDSEY,MCS_MSYS_VITALSIGN_POINT,,12,0,移动护理系统,,,live_metadata,,platform
LUNA_MCS_SDSEY,MCS_MY_PATIENTS,,3646,0,移动护理系统,,,live_metadata,,platform
LUNA_MCS_SDSEY,MCS_MY_PATIENTS_HISTORY,,28965,0,移动护理系统,,,live_metadata,,platform
LUNA_MCS_SDSEY,MCS_NDIC_RESOURCE,,38,0,移动护理系统,,,live_metadata,,platform
LUNA_MCS_SDSEY,MCS_NM_HOLIDAY,,0,0,移动护理系统,,,live_metadata,,platform
LUNA_MCS_SDSEY,MCS_NOTICE_PATIENT,,0,0,移动护理系统,,,live_metadata,,platform
LUNA_MCS_SDSEY,MCS_NOTICE_TEMPLATE,,3,0,移动护理系统,,,live_metadata,,platform
LUNA_MCS_SDSEY,MCS_NURSETEMPERATURE,,,0,移动护理系统,,,live_metadata,,platform
LUNA_MCS_SDSEY,MCS_NURSING_PATHWAY_NODE,护理路径动作节点表,14,0,移动护理系统,,,live_metadata,,platform
LUNA_MCS_SDSEY,MCS_NURSING_PATHWAY_PATINFO,,3,0,移动护理系统,,,live_metadata,,platform
LUNA_MCS_SDSEY,MCS_NURSING_PATHWAY_TEMPLATE,,1,0,移动护理系统,,,live_metadata,,platform
LUNA_MCS_SDSEY,MCS_NURSING_PLAN,,2130,0,移动护理系统,,,live_metadata,,platform
LUNA_MCS_SDSEY,MCS_NURSING_PLAN_DETAILS,,2630,0,移动护理系统,,,live_metadata,,platform
LUNA_MCS_SDSEY,MCS_NURSING_PLAN_STATUS,,2,0,移动护理系统,,,live_metadata,,platform
LUNA_MCS_SDSEY,MCS_NURSING_PLAN_TEMPLATE,,294,0,移动护理系统,,,live_metadata,,platform
LUNA_MCS_SDSEY,MCS_NURSING_PLAN_TEMPLATE_WARD,,1,0,移动护理系统,,,live_metadata,,platform
LUNA_MCS_SDSEY,MCS_NURSING_RECORD_TEMPLATE,,11,0,移动护理系统,,,live_metadata,,platform
LUNA_MCS_SDSEY,MCS_NURSING_TASK,,2212737,0,移动护理系统,,,live_metadata,,platform
LUNA_MCS_SDSEY,MCS_OPERATION_INFO,,83,0,移动护理系统,,,live_metadata,,platform
LUNA_MCS_SDSEY,MCS_OPERATION_NAME,,1,0,移动护理系统,,,live_metadata,,platform
LUNA_MCS_SDSEY,MCS_OPERATION_PREFILL_FORM,,10,0,移动护理系统,,,live_metadata,,platform
LUNA_MCS_SDSEY,MCS_OPERATION_PROCESS,,0,0,移动护理系统,,,live_metadata,,platform
LUNA_MCS_SDSEY,MCS_OPERATION_PROCESS_DEF,,5,0,移动护理系统,,,live_metadata,,platform
LUNA_MCS_SDSEY,MCS_OPERATION_PROCESS_DETAIL,,24,0,移动护理系统,,,live_metadata,,platform
LUNA_MCS_SDSEY,MCS_OPERATION_PROCESS_DICT,,17,0,移动护理系统,,,live_metadata,,platform
LUNA_MCS_SDSEY,MCS_ORDER_CLASS_CONFIG,,5,0,移动护理系统,,,live_metadata,,platform
LUNA_MCS_SDSEY,MCS_ORDER_ITEM_DICT,,23,0,移动护理系统,,,live_metadata,,platform
LUNA_MCS_SDSEY,MCS_ORDER_MATCHER_MEASURE,,0,0,移动护理系统,,,live_metadata,,platform
LUNA_MCS_SDSEY,MCS_ORDER_MATCHER_REALCODE,,0,0,移动护理系统,,,live_metadata,,platform
LUNA_MCS_SDSEY,MCS_ORDER_PROCESS_DEF,医嘱用药流程_用法,8,0,移动护理系统,,,live_metadata,,platform
LUNA_MCS_SDSEY,MCS_ORDER_PROCESS_DEF_BASE,,4,0,移动护理系统,,,live_metadata,,platform
LUNA_MCS_SDSEY,MCS_ORDER_PROCESS_DICT,,19,0,移动护理系统,,,live_metadata,,platform
LUNA_MCS_SDSEY,MCS_ORDER_PROCESS_ITEM,医嘱用药流程_操作项,40,0,移动护理系统,,,live_metadata,,platform
LUNA_MCS_SDSEY,MCS_ORDER_PROCESS_ITEM_BASE,,18,0,移动护理系统,,,live_metadata,,platform
LUNA_MCS_SDSEY,MCS_ORDER_PROCESS_PARAM,医嘱用药流程_流程项参数,18,0,移动护理系统,,,live_metadata,,platform
LUNA_MCS_SDSEY,MCS_ORDER_PROCESS_STATUS,医嘱用药流程_执行状态,40,0,移动护理系统,,,live_metadata,,platform
LUNA_MCS_SDSEY,MCS_ORDER_PROCESS_STATUS_BASE,,18,0,移动护理系统,,,live_metadata,,platform
LUNA_MCS_SDSEY,MCS_ORDER_PROCESS_SUPPLYCODES,,8,0,移动护理系统,,,live_metadata,,platform
LUNA_MCS_SDSEY,MCS_ORDER_PROCESS_TYPE,,17,0,移动护理系统,,,live_metadata,,platform
LUNA_MCS_SDSEY,MCS_ORDER_RATIONALUSE_DETAIL,,10811276,0,移动护理系统,,,live_metadata,,platform
LUNA_MCS_SDSEY,MCS_ORDER_RATIONALUSE_STAT,,277969,0,移动护理系统,,,live_metadata,,platform
LUNA_MCS_SDSEY,MCS_ORDER_SCHEDULE,医嘱执行计划,37010970,0,移动护理系统,,,live_metadata,,platform
LUNA_MCS_SDSEY,MCS_ORDER_SCHEDULE221013,,1,0,移动护理系统,,,live_metadata,,platform
LUNA_MCS_SDSEY,MCS_ORDER_SCHEDULE230809,,4,0,移动护理系统,,,live_metadata,,platform
LUNA_MCS_SDSEY,MCS_ORDER_SCHEDULE240315,,3,0,移动护理系统,,,live_metadata,,platform
LUNA_MCS_SDSEY,MCS_ORDER_SCHEDULE241127,,127909,0,移动护理系统,,,live_metadata,,platform
LUNA_MCS_SDSEY,MCS_ORDER_SCHEDULE241211,,2,0,移动护理系统,,,live_metadata,,platform
LUNA_MCS_SDSEY,MCS_ORDER_SCHEDULE24520,,119360,0,移动护理系统,,,live_metadata,,platform
LUNA_MCS_SDSEY,MCS_ORDER_SCHEDULE25212,,2,0,移动护理系统,,,live_metadata,,platform
LUNA_MCS_SDSEY,MCS_ORDER_SCHEDULE25313,,2,0,移动护理系统,,,live_metadata,,platform
LUNA_MCS_SDSEY,MCS_ORDER_SCHEDULE25318,,1,0,移动护理系统,,,live_metadata,,platform
LUNA_MCS_SDSEY,MCS_ORDER_SCHEDULE25714,,1,0,移动护理系统,,,live_metadata,,platform
LUNA_MCS_SDSEY,MCS_ORDER_SCHEDULE2577,,36,0,移动护理系统,,,live_metadata,,platform
LUNA_MCS_SDSEY,MCS_ORDER_SCHEDULE260107,,4,0,移动护理系统,,,live_metadata,,platform
LUNA_MCS_SDSEY,MCS_ORDER_SCHEDULE260404,,4,0,移动护理系统,,,live_metadata,,platform
LUNA_MCS_SDSEY,MCS_ORDER_SCHEDULE260604,,1,0,移动护理系统,,,live_metadata,,platform
LUNA_MCS_SDSEY,MCS_ORDER_SCHEDULE96,,1,0,移动护理系统,,,live_metadata,,platform
LUNA_MCS_SDSEY,MCS_ORDER_SCHEDULE_ERR,,0,0,移动护理系统,,,live_metadata,,platform
LUNA_MCS_SDSEY,MCS_ORDER_SCHEDULE_FREQUENCE,医嘱执行计划频率拆分规则,19,0,移动护理系统,,,live_metadata,,platform
LUNA_MCS_SDSEY,MCS_ORDER_SCHEDULE_HL,,174964,0,移动护理系统,,,live_metadata,,platform
LUNA_MCS_SDSEY,MCS_ORDER_SCHEDULE_HL1,,1839,0,移动护理系统,,,live_metadata,,platform
LUNA_MCS_SDSEY,MCS_ORDER_SCHEDULE_HL2,,71,0,移动护理系统,,,live_metadata,,platform
LUNA_MCS_SDSEY,MCS_ORDER_SCHEDULE_ORAL_DEL,,7999,0,移动护理系统,,,live_metadata,,platform
LUNA_MCS_SDSEY,MCS_ORDER_SCHEDULE_P240315,,8,0,移动护理系统,,,live_metadata,,platform
LUNA_MCS_SDSEY,MCS_ORDER_SCHEDULE_P241216,,6,0,移动护理系统,,,live_metadata,,platform
LUNA_MCS_SDSEY,MCS_ORDER_SCHEDULE_P25212,,20,0,移动护理系统,,,live_metadata,,platform
LUNA_MCS_SDSEY,MCS_ORDER_SCHEDULE_P25313,,11,0,移动护理系统,,,live_metadata,,platform
LUNA_MCS_SDSEY,MCS_ORDER_SCHEDULE_P25714,,9,0,移动护理系统,,,live_metadata,,platform
LUNA_MCS_SDSEY,MCS_ORDER_SCHEDULE_P260604,,4,0,移动护理系统,,,live_metadata,,platform
LUNA_MCS_SDSEY,MCS_ORDER_SCHEDULE_P26515,,19,0,移动护理系统,,,live_metadata,,platform
LUNA_MCS_SDSEY,MCS_ORDER_SCHEDULE_PRINT,,1675807,0,移动护理系统,,,live_metadata,,platform
LUNA_MCS_SDSEY,MCS_ORDER_SCHEDULE_PROCESS,医嘱执行计划_流程记录,38957839,0,移动护理系统,,,live_metadata,,platform
LUNA_MCS_SDSEY,MCS_ORDER_SCHEDULE_PROCESS1013,,11,0,移动护理系统,,,live_metadata,,platform
LUNA_MCS_SDSEY,MCS_ORDER_SCHEDULE_PROCESS96,,2,0,移动护理系统,,,live_metadata,,platform
LUNA_MCS_SDSEY,MCS_ORDER_SCHEDULE_TJ1,,1069,0,移动护理系统,,,live_metadata,,platform
LUNA_MCS_SDSEY,MCS_ORDER_SCHEDULE_TJ2,,989,0,移动护理系统,,,live_metadata,,platform
LUNA_MCS_SDSEY,MCS_ORDER_SCHEDULE_YF,,631247,0,移动护理系统,,,live_metadata,,platform
LUNA_MCS_SDSEY,MCS_ORDER_SCHEDULE_YF1,,962,0,移动护理系统,,,live_metadata,,platform
LUNA_MCS_SDSEY,MCS_ORDER_SCHEDULE_YF2,,694,0,移动护理系统,,,live_metadata,,platform
LUNA_MCS_SDSEY,MCS_ORDER_SCHEDULE_YP,,85943,0,移动护理系统,,,live_metadata,,platform
LUNA_MCS_SDSEY,MCS_ORDER_SCHEDULE_YP1,,101,0,移动护理系统,,,live_metadata,,platform
LUNA_MCS_SDSEY,MCS_ORDER_SCHEDULE_YP2,,72,0,移动护理系统,,,live_metadata,,platform
LUNA_MCS_SDSEY,MCS_ORDER_SUPPLY_CATEGORY,,13,0,移动护理系统,,,live_metadata,,platform
LUNA_MCS_SDSEY,MCS_ORDER_SUPPLY_CATEGORY_ITEM,,67,0,移动护理系统,,,live_metadata,,platform
LUNA_MCS_SDSEY,MCS_OUT_PATIENT_OUT_TIME,,0,0,移动护理系统,,,live_metadata,,platform
LUNA_MCS_SDSEY,MCS_OUT_PATIENT_RECORD,,0,0,移动护理系统,,,live_metadata,,platform
LUNA_MCS_SDSEY,MCS_PARTOGRAM_FORM,,1,0,移动护理系统,,,live_metadata,,platform
LUNA_MCS_SDSEY,MCS_PARTOGRAM_RECORD,,36,0,移动护理系统,,,live_metadata,,platform
LUNA_MCS_SDSEY,MCS_PARTOGRAM_TEMPLATE,,1,0,移动护理系统,,,live_metadata,,platform
LUNA_MCS_SDSEY,MCS_PATIENT_ALLERY_HISTORY,,54379,0,移动护理系统,,,live_metadata,,platform
LUNA_MCS_SDSEY,MCS_PATIENT_BABY,,0,0,移动护理系统,,,live_metadata,,platform
LUNA_MCS_SDSEY,MCS_PATIENT_ESSAY,,0,0,移动护理系统,,,live_metadata,,platform
LUNA_MCS_SDSEY,MCS_PATIENT_FILE_INFO,,246475,0,移动护理系统,,,live_metadata,,platform
LUNA_MCS_SDSEY,MCS_PATIENT_REMINDER,病人提醒事件,10709,0,移动护理系统,,,live_metadata,,platform
LUNA_MCS_SDSEY,MCS_PATIENT_REMINDER_CONF,病人提醒事件配置项,2,0,移动护理系统,,,live_metadata,,platform
LUNA_MCS_SDSEY,MCS_PATIENT_STATUS,,246704,0,移动护理系统,,,live_metadata,,platform
LUNA_MCS_SDSEY,MCS_PATIENT_STATUS_LOG,,8,0,移动护理系统,,,live_metadata,,platform
LUNA_MCS_SDSEY,MCS_PATIENT_STATUS_SCORE,,1,0,移动护理系统,,,live_metadata,,platform
LUNA_MCS_SDSEY,MCS_PATROL_INFO,,36855037,0,移动护理系统,,,live_metadata,,platform
LUNA_MCS_SDSEY,MCS_PATROL_INFO24418,,1,0,移动护理系统,,,live_metadata,,platform
LUNA_MCS_SDSEY,MCS_PICC_APPOINTMENT,,1,0,移动护理系统,,,live_metadata,,platform
LUNA_MCS_SDSEY,MCS_PICC_ASSESSMENT,,2,0,移动护理系统,,,live_metadata,,platform
LUNA_MCS_SDSEY,MCS_PICC_ASSESSMENT_S_CVC,,2,0,移动护理系统,,,live_metadata,,platform
LUNA_MCS_SDSEY,MCS_PICC_ASSESSMENT_S_IP,,0,0,移动护理系统,,,live_metadata,,platform
LUNA_MCS_SDSEY,MCS_PICC_ASSESSMENT_S_IV,,0,0,移动护理系统,,,live_metadata,,platform
LUNA_MCS_SDSEY,MCS_PICC_ASSESSMENT_S_PICC,,2,0,移动护理系统,,,live_metadata,,platform
LUNA_MCS_SDSEY,MCS_PICC_CATHETERIZATION,,3,0,移动护理系统,,,live_metadata,,platform
LUNA_MCS_SDSEY,MCS_PICC_CATHETERIZATION_S,,3,0,移动护理系统,,,live_metadata,,platform
LUNA_MCS_SDSEY,MCS_PICC_COMPLICATION,,2,0,移动护理系统,,,live_metadata,,platform
LUNA_MCS_SDSEY,MCS_PICC_COMPLICATION_S,,2,0,移动护理系统,,,live_metadata,,platform
LUNA_MCS_SDSEY,MCS_PICC_DROP_TUBE,,1,0,移动护理系统,,,live_metadata,,platform
LUNA_MCS_SDSEY,MCS_PICC_DROP_TUBE_S,,1,0,移动护理系统,,,live_metadata,,platform
LUNA_MCS_SDSEY,MCS_PICC_HOLIDAY,,1,0,移动护理系统,,,live_metadata,,platform
LUNA_MCS_SDSEY,MCS_PICC_MAINTENANCE_RECORD,,2,0,移动护理系统,,,live_metadata,,platform
LUNA_MCS_SDSEY,MCS_PICTURE_INFO,,0,0,移动护理系统,,,live_metadata,,platform
LUNA_MCS_SDSEY,MCS_PMS_BASEROLE,,2,0,移动护理系统,,,live_metadata,,platform
LUNA_MCS_SDSEY,MCS_PMS_BASEROLE_POINT,,192,0,移动护理系统,,,live_metadata,,platform
LUNA_MCS_SDSEY,MCS_PMS_ORGAN,,8,0,移动护理系统,,,live_metadata,,platform
LUNA_MCS_SDSEY,MCS_PMS_ORGAN_POINT,,1104,0,移动护理系统,,,live_metadata,,platform
LUNA_MCS_SDSEY,MCS_PMS_ORGAN_WARDS,,2,0,移动护理系统,,,live_metadata,,platform
LUNA_MCS_SDSEY,MCS_PMS_ROLE,,15,0,移动护理系统,,,live_metadata,,platform
LUNA_MCS_SDSEY,MCS_PMS_ROLE_POINT,,717,0,移动护理系统,,,live_metadata,,platform
LUNA_MCS_SDSEY,MCS_PMS_ROLE_RELATION_B,,0,0,移动护理系统,,,live_metadata,,platform
LUNA_MCS_SDSEY,MCS_PMS_USERROLE,,1097,0,移动护理系统,,,live_metadata,,platform
LUNA_MCS_SDSEY,MCS_PRINT_LOG,,495479,0,移动护理系统,,,live_metadata,,platform
LUNA_MCS_SDSEY,MCS_PRINT_TEMPLATE_CONF,,11,0,移动护理系统,,,live_metadata,,platform
LUNA_MCS_SDSEY,MCS_PRINT_TEMPLATE_NEW,,24,0,移动护理系统,,,live_metadata,,platform
LUNA_MCS_SDSEY,MCS_RESOURCE_INFO,,117,0,移动护理系统,,,live_metadata,,platform
LUNA_MCS_SDSEY,MCS_RULE_CONFIG_ITEM,,6,0,移动护理系统,,,live_metadata,,platform
LUNA_MCS_SDSEY,MCS_SCAN_TURNINOUT,扫描功能_转入转出,454,0,移动护理系统,,,live_metadata,,platform
LUNA_MCS_SDSEY,MCS_SERVICE_CONFIG,,178,0,移动护理系统,,,live_metadata,,platform
LUNA_MCS_SDSEY,MCS_SPECIAL_SYMBOL_CONF,,44,0,移动护理系统,,,live_metadata,,platform
LUNA_MCS_SDSEY,MCS_STOMA_ASSESS,,4,0,移动护理系统,,,live_metadata,,platform
LUNA_MCS_SDSEY,MCS_STOMA_ASSESS_S,,6,0,移动护理系统,,,live_metadata,,platform
LUNA_MCS_SDSEY,MCS_STOMA_REGISTER,,8,0,移动护理系统,,,live_metadata,,platform
LUNA_MCS_SDSEY,MCS_STOMA_REGISTER_S,,10,0,移动护理系统,,,live_metadata,,platform
LUNA_MCS_SDSEY,MCS_SYNC_EXCEPTION_MSG,,489,0,移动护理系统,,,live_metadata,,platform
LUNA_MCS_SDSEY,MCS_SYS_UPDATE,dll自动更新设置,10,0,移动护理系统,,,live_metadata,,platform
LUNA_MCS_SDSEY,MCS_SYS_USERS,权限系统_用户,3915,0,移动护理系统,,,live_metadata,,platform
LUNA_MCS_SDSEY,MCS_SYS_USERS_TMP,,3,0,移动护理系统,,,live_metadata,,platform
LUNA_MCS_SDSEY,MCS_SYS_USER_WARD,,2602,0,移动护理系统,,,live_metadata,,platform
LUNA_MCS_SDSEY,MCS_SYS_USER_WARD_HIS,,0,0,移动护理系统,,,live_metadata,,platform
LUNA_MCS_SDSEY,MCS_SYS_VITAL_LOG,权限系统_体征,0,0,移动护理系统,,,live_metadata,,platform
LUNA_MCS_SDSEY,MCS_SYS_WARD_MODULE,权限系统_病区功能模块中间表,422,0,移动护理系统,,,live_metadata,,platform
LUNA_MCS_SDSEY,MCS_TEMPLATE_VERSION_INFO,,521,0,移动护理系统,,,live_metadata,,platform
LUNA_MCS_SDSEY,MCS_TOKEN_SECRET,,1,0,移动护理系统,,,live_metadata,,platform
LUNA_MCS_SDSEY,MCS_TRANSATION_INFO,,18,0,移动护理系统,,,live_metadata,,platform
LUNA_MCS_SDSEY,MCS_TRANSFER_FORM_CONFIG,,2,0,移动护理系统,,,live_metadata,,platform
LUNA_MCS_SDSEY,MCS_TRANSF_LIST,,87128,0,移动护理系统,,,live_metadata,,platform
LUNA_MCS_SDSEY,MCS_TWT_WARDCODE,,0,0,移动护理系统,,,live_metadata,,platform
LUNA_MCS_SDSEY,MCS_TYPICAL_DOC_FORM,,9,0,移动护理系统,,,live_metadata,,platform
LUNA_MCS_SDSEY,MCS_USER_LOGIN_INFO,,11,0,移动护理系统,,,live_metadata,,platform
LUNA_MCS_SDSEY,MCS_VITAL_ABNORMITY_INFO,,10,0,移动护理系统,,,live_metadata,,platform
LUNA_MCS_SDSEY,MCS_VITAL_CUSTOM,体征自定义项维护,12,0,移动护理系统,,,live_metadata,,platform
LUNA_MCS_SDSEY,MCS_VITAL_CUSTOM_WARD,,49,0,移动护理系统,,,live_metadata,,platform
LUNA_MCS_SDSEY,MCS_VITAL_FORM_ITEM,,21,0,移动护理系统,,,live_metadata,,platform
LUNA_MCS_SDSEY,MCS_VITAL_FORM_RULE_CONF,,2,0,移动护理系统,,,live_metadata,,platform
LUNA_MCS_SDSEY,MCS_VITAL_FORM_TEMPLATE,,2,0,移动护理系统,,,live_metadata,,platform
LUNA_MCS_SDSEY,MCS_VITAL_INFO,,16182306,0,移动护理系统,,,live_metadata,,platform
LUNA_MCS_SDSEY,MCS_VITAL_INFO26428,,4,0,移动护理系统,,,live_metadata,,platform
LUNA_MCS_SDSEY,MCS_VITAL_INFO_TEMP,,0,0,移动护理系统,,,live_metadata,,platform
LUNA_MCS_SDSEY,MCS_VITAL_RULE,,1,0,移动护理系统,,,live_metadata,,platform
LUNA_MCS_SDSEY,MCS_VITAL_RULE_CONF,,2,0,移动护理系统,,,live_metadata,,platform
LUNA_MCS_SDSEY,MCS_VITAL_TIMEPOINTCONF,,60,0,移动护理系统,,,live_metadata,,platform
LUNA_MCS_SDSEY,MCS_VITAL_TIMEPOINTCONF_DETAIL,,173,0,移动护理系统,,,live_metadata,,platform
LUNA_MCS_SDSEY,MCS_WARD_GROUP_BEDS,,601,0,移动护理系统,,,live_metadata,,platform
LUNA_MCS_SDSEY,MCS_WARDREPORT_BATCH_ETIME,,0,0,移动护理系统,,,live_metadata,,platform
LUNA_MCS_SDSEY,MCS_WARDREPORT_CONF_BATCH,,9,0,移动护理系统,,,live_metadata,,platform
LUNA_MCS_SDSEY,MCS_WARDREPORT_CONF_DETAILS,,5,0,移动护理系统,,,live_metadata,,platform
LUNA_MCS_SDSEY,MCS_WARDREPORT_CONF_ITEMS,,15,0,移动护理系统,,,live_metadata,,platform
LUNA_MCS_SDSEY,MCS_WARDREPORT_REPORT,,0,0,移动护理系统,,,live_metadata,,platform
LUNA_MCS_SDSEY,MCS_WARDREPORT_REPORT_DETAIL,,0,0,移动护理系统,,,live_metadata,,platform
LUNA_MCS_SDSEY,MCS_WARD_REPORT_SPECIAL,,65122,0,移动护理系统,,,live_metadata,,platform
LUNA_MCS_SDSEY,MCS_WORK_LOAD,,1128330,0,移动护理系统,,,live_metadata,,platform
LUNA_MCS_SDSEY,MCS_WORK_LOAD_DICT,,23,0,移动护理系统,,,live_metadata,,platform
LUNA_MCS_SDSEY,MCS_WORKLOAD_STATISTICS,,41163,0,移动护理系统,,,live_metadata,,platform
LUNA_MCS_SDSEY,MCS_WORKLOAD_STATISTICS_WARD,,31837,0,移动护理系统,,,live_metadata,,platform
LUNA_MCS_SDSEY,MCS_WORKLOAD_STAT_LOG,,6186,0,移动护理系统,,,live_metadata,,platform
LUNA_MCS_SDSEY,MCS_WOUND_ASSESS,,13,0,移动护理系统,,,live_metadata,,platform
LUNA_MCS_SDSEY,MCS_WOUND_ASSESS_S,,20,0,移动护理系统,,,live_metadata,,platform
LUNA_MCS_SDSEY,MCS_XFORM_DP_CONFIGURATIONS,表单数据分解配置表,32,0,移动护理系统,,,live_metadata,,platform
LUNA_MCS_SDSEY,MCS_XFORM_UI_T_CONFIGURATIONS,,31,0,移动护理系统,,,live_metadata,,platform
LUNA_MCS_SDSEY,MESSAGE,,0,0,移动护理系统,,,live_metadata,,platform
LUNA_MCS_SDSEY,MESSAGE_RELATION,,0,0,移动护理系统,,,live_metadata,,platform
LUNA_MCS_SDSEY,MESSAGE_ROLE,,0,0,移动护理系统,,,live_metadata,,platform
LUNA_MCS_SDSEY,MINDRAY_DEVICE_BINDING_RECORD,,0,0,移动护理系统,,,live_metadata,,platform
LUNA_MCS_SDSEY,MINDRAY_DEVICE_INFO,,38,0,移动护理系统,,,live_metadata,,platform
LUNA_MCS_SDSEY,MINDRAY_OBSERVATION,,0,0,移动护理系统,,,live_metadata,,platform
LUNA_MCS_SDSEY,MINDRAY_SYN_CONFIG,,0,0,移动护理系统,,,live_metadata,,platform
LUNA_MCS_SDSEY,MINDRAY_VITAL_TYPE_CONFIG,,9,0,移动护理系统,,,live_metadata,,platform
LUNA_MCS_SDSEY,MS_MESSAGE,,0,0,移动护理系统,,,live_metadata,,platform
LUNA_MCS_SDSEY,MS_MESSAGE_DELAY,,0,0,移动护理系统,,,live_metadata,,platform
LUNA_MCS_SDSEY,MS_MESSAGE_SEND_RECORD,,0,0,移动护理系统,,,live_metadata,,platform
LUNA_MCS_SDSEY,N_E_ASSESS_DICT,,27509,0,移动护理系统,,,live_metadata,,platform
LUNA_MCS_SDSEY,N_E_BASE_CONFIG,,147,0,移动护理系统,,,live_metadata,,platform
LUNA_MCS_SDSEY,N_E_DAILY_TASK_CONFIG,,5,0,移动护理系统,,,live_metadata,,platform
LUNA_MCS_SDSEY,N_E_FREQUENCE,,36,0,移动护理系统,,,live_metadata,,platform
LUNA_MCS_SDSEY,N_E_MANAGEMENT_DETAIL,,1,0,移动护理系统,,,live_metadata,,platform
LUNA_MCS_SDSEY,N_E_MAPPER_CONTAINS,,171,0,移动护理系统,,,live_metadata,,platform
LUNA_MCS_SDSEY,N_E_MAPPER_EQUAL,,30332,0,移动护理系统,,,live_metadata,,platform
LUNA_MCS_SDSEY,N_E_MEASURE_DICT,,13285,0,移动护理系统,,,live_metadata,,platform
LUNA_MCS_SDSEY,N_E_POSITIVE_DRUG_RELATION,,2,0,移动护理系统,,,live_metadata,,platform
LUNA_MCS_SDSEY,N_E_POSITIVE_DRUG_TYPE,,3,0,移动护理系统,,,live_metadata,,platform
LUNA_MCS_SDSEY,N_E_POSITIVE_RULE,,12007,0,移动护理系统,,,live_metadata,,platform
LUNA_MCS_SDSEY,N_E_POSITIVE_RULE_ITEM,,15253,0,移动护理系统,,,live_metadata,,platform
LUNA_MCS_SDSEY,N_E_QUESTION,,176,0,移动护理系统,,,live_metadata,,platform
LUNA_MCS_SDSEY,N_E_QUESTION_CONFIG,,4504,0,移动护理系统,,,live_metadata,,platform
LUNA_MCS_SDSEY,N_E_QUESTION_MEASURE,,47448,0,移动护理系统,,,live_metadata,,platform
LUNA_MCS_SDSEY,N_E_QUESTION_POSITIVE,,29590,0,移动护理系统,,,live_metadata,,platform
LUNA_MCS_SDSEY,N_E_RULE_BASE_CONFIG,,4,0,移动护理系统,,,live_metadata,,platform
LUNA_MCS_SDSEY,NURSING_OPERATION_STATISTIC,,155590,0,移动护理系统,,,live_metadata,,platform
LUNA_MCS_SDSEY,PICC_V_Q_CATHETERIZATIONINFO,,,0,移动护理系统,,,live_metadata,,platform
LUNA_MCS_SDSEY,PICC_V_Q_COMPLICATIONS,,,0,移动护理系统,,,live_metadata,,platform
LUNA_MCS_SDSEY,PICC_V_Q_DROPTUBE,,,0,移动护理系统,,,live_metadata,,platform
LUNA_MCS_SDSEY,PICC_V_Q_INFUSIONTOOL,,,0,移动护理系统,,,live_metadata,,platform
LUNA_MCS_SDSEY,SEQUENCE,,3,0,移动护理系统,,,live_metadata,,platform
LUNA_MCS_SDSEY,STOMA_V_Q_ASSESS_INFO,,,0,移动护理系统,,,live_metadata,,platform
LUNA_MCS_SDSEY,STOMA_V_Q_REGISTER_INFO,,,0,移动护理系统,,,live_metadata,,platform
LUNA_MCS_SDSEY,T1,,0,0,移动护理系统,,,live_metadata,,platform
LUNA_MCS_SDSEY,T_B_STATS,,24,0,移动护理系统,,,live_metadata,,platform
LUNA_MCS_SDSEY,T_ITF_HL,,,0,移动护理系统,,,live_metadata,,platform
LUNA_MCS_SDSEY,TRI_AGE_DICT,,13,0,移动护理系统,,,live_metadata,,platform
LUNA_MCS_SDSEY,TRI_BRANCH_CHAIR,,7,0,移动护理系统,,,live_metadata,,platform
LUNA_MCS_SDSEY,TRI_BRANCH_HOSPITALS,,3,0,移动护理系统,,,live_metadata,,platform
LUNA_MCS_SDSEY,TRI_CANINE_OUTPATIENT,,0,0,移动护理系统,,,live_metadata,,platform
LUNA_MCS_SDSEY,TRI_CATEGORY,,31,0,移动护理系统,,,live_metadata,,platform
LUNA_MCS_SDSEY,TRI_CLINIC_RECORD,,0,0,移动护理系统,,,live_metadata,,platform
LUNA_MCS_SDSEY,TRI_DICT,,195,0,移动护理系统,,,live_metadata,,platform
LUNA_MCS_SDSEY,TRI_EMERGENCY,,15,0,移动护理系统,,,live_metadata,,platform
LUNA_MCS_SDSEY,TRI_EMERGENCY_ROOM,,0,0,移动护理系统,,,live_metadata,,platform
LUNA_MCS_SDSEY,TRI_ENTERIC_CLINC,,0,0,移动护理系统,,,live_metadata,,platform
LUNA_MCS_SDSEY,TRI_ENTERIC_QUERY,,0,0,移动护理系统,,,live_metadata,,platform
LUNA_MCS_SDSEY,TRI_FEVER_CLINC,,0,0,移动护理系统,,,live_metadata,,platform
LUNA_MCS_SDSEY,TRI_FEVER_QUERY,,0,0,移动护理系统,,,live_metadata,,platform
LUNA_MCS_SDSEY,TRI_GROUP_EVENT,,0,0,移动护理系统,,,live_metadata,,platform
LUNA_MCS_SDSEY,TRI_HOSPITAL_RECEIPT,,0,0,移动护理系统,,,live_metadata,,platform
LUNA_MCS_SDSEY,TRI_LEAVE_EMERGENCY_ROOM,,0,0,移动护理系统,,,live_metadata,,platform
LUNA_MCS_SDSEY,TRI_LEAVE_OBSERVING_ROOM,,0,0,移动护理系统,,,live_metadata,,platform
LUNA_MCS_SDSEY,TRI_OBSERVING_ROOM,,0,0,移动护理系统,,,live_metadata,,platform
LUNA_MCS_SDSEY,TRI_PRINT_TEMPLATE,,15,0,移动护理系统,,,live_metadata,,platform
LUNA_MCS_SDSEY,TRI_QUERY,,13,0,移动护理系统,,,live_metadata,,platform
LUNA_MCS_SDSEY,TRI_SIGNS_INFO,,0,0,移动护理系统,,,live_metadata,,platform
LUNA_MCS_SDSEY,TRI_SYMPTOM,,0,0,移动护理系统,,,live_metadata,,platform
LUNA_MCS_SDSEY,TRI_SYMPTOM_DICT,,4,0,移动护理系统,,,live_metadata,,platform
LUNA_MCS_SDSEY,TRI_THIRD_APOPLEXY,,0,0,移动护理系统,,,live_metadata,,platform
LUNA_MCS_SDSEY,TRI_THIRD_CHEST_PAIN,,1,0,移动护理系统,,,live_metadata,,platform
LUNA_MCS_SDSEY,TRI_THIRD_PATIENT_INFO,,1,0,移动护理系统,,,live_metadata,,platform
LUNA_MCS_SDSEY,TRI_THIRD_PREGNANT_WOMAN,,0,0,移动护理系统,,,live_metadata,,platform
LUNA_MCS_SDSEY,TRI_THIRD_TOXICOSIS,,0,0,移动护理系统,,,live_metadata,,platform
LUNA_MCS_SDSEY,TRI_THIRD_TRAUMA,,0,0,移动护理系统,,,live_metadata,,platform
LUNA_MCS_SDSEY,TRI_THIRD_VITAL_SIGNS,,0,0,移动护理系统,,,live_metadata,,platform
LUNA_MCS_SDSEY,TRI_TRIAGE_AND_EMERGENCY,,0,0,移动护理系统,,,live_metadata,,platform
LUNA_MCS_SDSEY,TRI_TRIAGE_GRADES,,10,0,移动护理系统,,,live_metadata,,platform
LUNA_MCS_SDSEY,TRI_TRIAGEINFO,,0,0,移动护理系统,,,live_metadata,,platform
LUNA_MCS_SDSEY,TRI_TRIAGE_RULES,,9,0,移动护理系统,,,live_metadata,,platform
LUNA_MCS_SDSEY,TRI_VITALSCORE,,0,0,移动护理系统,,,live_metadata,,platform
LUNA_MCS_SDSEY,TRI_WHEELCHAIR_MANAGE,,0,0,移动护理系统,,,live_metadata,,platform
LUNA_MCS_SDSEY,T_TRANS_LOG,,145,0,移动护理系统,,,live_metadata,,platform
LUNA_MCS_SDSEY,V_EMR_ADMISSION_ASSESSMENT,,,0,移动护理系统,,,live_metadata,,platform
LUNA_MCS_SDSEY,V_EMR_CHILDBIRTH,,,0,移动护理系统,,,live_metadata,,platform
LUNA_MCS_SDSEY,V_EMR_CRITICALLY_ILL_NURS,,,0,移动护理系统,,,live_metadata,,platform
LUNA_MCS_SDSEY,V_EMR_DISCHARGE_ASSESSMENT,,,0,移动护理系统,,,live_metadata,,platform
LUNA_MCS_SDSEY,V_EMR_GENERAL_NURSING,,,0,移动护理系统,,,live_metadata,,platform
LUNA_MCS_SDSEY,V_EMR_IN_OUT_AMOUNT,,,0,移动护理系统,,,live_metadata,,platform
LUNA_MCS_SDSEY,V_EMR_NURSING_ASSESSMENT,,,0,移动护理系统,,,live_metadata,,platform
LUNA_MCS_SDSEY,V_EMR_VITAL_SIGN,,,0,移动护理系统,,,live_metadata,,platform
LUNA_MCS_SDSEY,V_ESBHL_ADMISSION_ASS,,,0,移动护理系统,,,live_metadata,,platform
LUNA_MCS_SDSEY,V_ESBHL_CES_SEC_ROD,,,0,移动护理系统,,,live_metadata,,platform
LUNA_MCS_SDSEY,V_ESBHL_DEL_ROD,,,0,移动护理系统,,,live_metadata,,platform
LUNA_MCS_SDSEY,V_ESBHL_DEL_ROD_ZD,,,0,移动护理系统,,,live_metadata,,platform
LUNA_MCS_SDSEY,V_ESBHL_DYING_NUR_ROD,,,0,移动护理系统,,,live_metadata,,platform
LUNA_MCS_SDSEY,V_ESBHL_DYING_NUR_ROD_ZD,,,0,移动护理系统,,,live_metadata,,platform
LUNA_MCS_SDSEY,V_ESBHL_GEN_NUR_ROD,,,0,移动护理系统,,,live_metadata,,platform
LUNA_MCS_SDSEY,V_ESBHL_GEN_NUR_ROD_ZD,,,0,移动护理系统,,,live_metadata,,platform
LUNA_MCS_SDSEY,V_ESBHL_INPUT_OUTPUT_ROD,,,0,移动护理系统,,,live_metadata,,platform
LUNA_MCS_SDSEY,V_ESBHL_INPUT_OUTPUT_ROD_ZD,,,0,移动护理系统,,,live_metadata,,platform
LUNA_MCS_SDSEY,V_ESBHL_NUR_PLAN,,,0,移动护理系统,,,live_metadata,,platform
LUNA_MCS_SDSEY,V_ESBHL_OPER_NUR_ROD,,,0,移动护理系统,,,live_metadata,,platform
LUNA_MCS_SDSEY,V_ESBHL_OUTPUT_ASS_GUIDE,,,0,移动护理系统,,,live_metadata,,platform
LUNA_MCS_SDSEY,V_ESBHL_OUTPUT_ASS_GUIDE_ZD,,,0,移动护理系统,,,live_metadata,,platform
LUNA_MCS_SDSEY,V_ESBHL_VAGINAL_DEL_ROD,,,0,移动护理系统,,,live_metadata,,platform
LUNA_MCS_SDSEY,V_ESBHL_VAGINAL_DEL_ROD_ZD,,,0,移动护理系统,,,live_metadata,,platform
LUNA_MCS_SDSEY,V_ESBHL_VS_MEASURE_ROD,,,0,移动护理系统,,,live_metadata,,platform
LUNA_MCS_SDSEY,V_ESBHL_VS_MEASURE_ROD_ZD,,,0,移动护理系统,,,live_metadata,,platform
LUNA_MCS_SDSEY,V_EWELL_BLOOD,,,0,移动护理系统,,,live_metadata,,platform
LUNA_MCS_SDSEY,V_EXECUTE_DATA,,,0,移动护理系统,,,live_metadata,,platform
LUNA_MCS_SDSEY,V_NIS_LOOSESTOOL,,,0,移动护理系统,,,live_metadata,,platform
LUNA_MCS_SDSEY,V_NIS_TEMPERATURE,,,0,移动护理系统,,,live_metadata,,platform
LUNA_MCS_SDSEY,V_NIS_WEIGHT,,,0,移动护理系统,,,live_metadata,,platform
LUNA_MCS_SDSEY,V_VIEW_DIAGNOSIS_DICT,,4,0,移动护理系统,,,live_metadata,,platform
LUNA_MCS_SDSEY,V_YBHLJD,,,0,移动护理系统,,,live_metadata,,platform
LUNA_MCS_SDSEY,WARDS,,109,0,移动护理系统,,,live_metadata,,platform
LUNA_MCS_SDSEY,WARDS_STATIS,,0,0,移动护理系统,,,live_metadata,,platform
LUNA_MCS_SDSEY,WORK_LOAD_ITEM_DICT,,15,0,移动护理系统,,,live_metadata,,platform
LUNA_MCS_SDSEY,WORK_LOAD_ITEM_DICT_WARD,,46,0,移动护理系统,,,live_metadata,,platform
LUNA_MCS_SDSEY,WOUND_V_Q_ASSESS,,,0,移动护理系统,,,live_metadata,,platform
LUNA_MCS_SDSEY,ZD_DZ_SUPPLY,,51,0,移动护理系统,,,live_metadata,,platform
MdcArchiveBrowse.dbo,ADBVersion,,1,0,超声内镜系统,,,live_metadata,,platform
MdcArchiveBrowse.dbo,ADBVersion_UpdateLog,,10,0,超声内镜系统,,,live_metadata,,platform
MdcArchiveBrowse.dbo,ADepartment,,3,0,超声内镜系统,,,live_metadata,,platform
MdcArchiveBrowse.dbo,AEncryConfig,,1,0,超声内镜系统,,,live_metadata,,platform
MdcArchiveBrowse.dbo,AHospital,,1,0,超声内镜系统,,,live_metadata,,platform
MdcArchiveBrowse.dbo,ASysDict,,12,0,超声内镜系统,,,live_metadata,,platform
MdcArchiveBrowse.dbo,AUser,,6,0,超声内镜系统,,,live_metadata,,platform
MdcArchiveBrowse.dbo,BExamDetail,,616702,0,超声内镜系统,,,live_metadata,,platform
MdcArchiveBrowse.dbo,BExamIndex,,561801,0,超声内镜系统,,,live_metadata,,platform
MdcArchiveBrowse.dbo,BExamRpt,,0,0,超声内镜系统,,,live_metadata,,platform
MdcArchiveBrowse.dbo,BPatientIndex,,295933,0,超声内镜系统,,,live_metadata,,platform
MdcArchiveBrowse.dbo,CApplyDept,,79,0,超声内镜系统,,,live_metadata,,platform
MdcArchiveBrowse.dbo,CClientInfo,,0,0,超声内镜系统,,,live_metadata,,platform
MdcArchiveBrowse.dbo,CExamType,,20,0,超声内镜系统,,,live_metadata,,platform
MdcArchiveBrowse.dbo,CLogType,,6,0,超声内镜系统,,,live_metadata,,platform
MdcArchiveBrowse.dbo,DLogContent,,0,0,超声内镜系统,,,live_metadata,,platform
MdcArchiveBrowse.dbo,sysdiagrams,,0,0,超声内镜系统,,,live_metadata,,platform
MDK,BHOSCHECKES,,113827,207,,,,,,metadata
MDK,BHOSCHECKUS,,709705,168,,,,,,metadata
MEDADM,ACCI_CLASS_DICT,,,3,住院管理,,ACCI_CLASS_CODE,,基础字典/维表,platform
MEDADM,ACCIDENT_REC,,,13,住院管理,,SERIAL_NO,,MEDADM 非统计管理表，需二次裁剪,platform
MEDADM,ACCI_REASON_DICT,,,2,住院管理,,SERIAL_NO,,基础字典/维表,platform
MEDADM,ACCI_RESULTED_DICT,,,2,住院管理,,SERIAL_NO,,基础字典/维表,platform
MEDADM,ACCI_TYPE_DICT,,,3,住院管理,,ACCIDENT_CODE,,基础字典/维表,platform
MEDADM,ASST_PLAN_INDEX,,,4,住院管理,,YEAR_MONTH+DEPT_CODE+PLAN_CODE,,MEDADM 非统计管理表，需二次裁剪,platform
MEDADM,BEDPATS_IN_HOSPITAL,,,29,住院管理,,PATIENT_ID+VISIT_ID+STAT_DATE_TIME,,在院/床位日快照，用户确认纳入,platform
MEDADM,BEDPATS_IN_HOSPITAL_BACKUP2025,,,29,住院管理,,,,,platform
MEDADM,BEDPATS_IN_HOSPITAL_C0525325,,,29,住院管理,,,,MEDADM 非统计管理表，需二次裁剪,platform
MEDADM,CANCEL_DISCHARGE_PAT,,,5,住院管理,,,,MEDADM 非统计管理表，需二次裁剪,platform
MEDADM,DEPT_ADT_DAY,,,24,住院管理,,ST_DATE+DEPT_CODE+IDENTITY,,,platform
MEDADM,DEPT_ASST_DAY,,,4,住院管理,,ST_DATE+DEPT_CODE+ITEM_CODE,,,platform
MEDADM,DEPT_EMPTY_BED,,,5,住院管理,,ST_DATE+DEPT_CODE,,基础字典/维表,platform
MEDADM,DEPT_EXAM_DAY,,,7,住院管理,,ST_DATE+DEPT_CODE+EXAM_CLASS+EXAM_SUB_CLASS,,,platform
MEDADM,DEPT_EXAM_DAY_NEW,,,10,住院管理,,ST_DATE+PERFORMED_BY+ORDERED_BY+EXAM_CLASS+EXAM_SUB_CLASS+ITEM_CODE+ITEM_NAME,,MEDADM 非统计管理表，需二次裁剪,platform
MEDADM,DEPT_LOAD_DAY,,,8,住院管理,,ST_DATE+DEPT_CODE,,,platform
MEDADM,DEPT_NURSE_DAY,,,9,住院管理,,ST_DATE+DEPT_CODE+ITEM_CODE+ITEM_NAME+ITEM_SPEC+UNITS,,,platform
MEDADM,DEPT_OPERATION_DAY,,,12,住院管理,,ST_DATE+DEPT_CODE+OUTP_OR_INP,,,platform
MEDADM,DEPT_OUTP_NUM_DAY,,,11,住院管理,,,,,platform
MEDADM,DEPT_TEST_DAY,,,6,住院管理,,ST_DATE+DEPT_CODE+ITEM_CLASS+ITEM_CODE,,,platform
MEDADM,DEPT_TEST_DAY_NEW,,,8,住院管理,,ST_DATE+PERFORMED_BY+ORDERED_BY+SPECIMEN+SUBJECT,,MEDADM 非统计管理表，需二次裁剪,platform
MEDADM,DEPT_TREATE_DAY,,,9,住院管理,,ST_DATE+DEPT_CODE+ITEM_CODE+ITEM_NAME+ITEM_SPEC+UNITS,,,platform
MEDADM,DISE_CLASS_STAT_DICT,,,5,住院管理,,STAT_CODE,,基础字典/维表,platform
MEDADM,DISE_QUERY_CONDITION,,,2,住院管理,,STAT_CODE,,MEDADM 非统计管理表，需二次裁剪,platform
MEDADM,EMER120_DAY,,,8,住院管理,,ST_DATE,,,platform
MEDADM,EMERGENCY_DAY,,,16,住院管理,,ST_DATE+DEPT_CODE+IDENTITY,,,platform
MEDADM,HOLIDAY_DICT,,,1,住院管理,,HOLIDAY_DATE,,基础字典/维表,platform
MEDADM,HOLIDAY_DICT_NEW,,,1,住院管理,,HOLIDAY_DATE,,基础字典/维表,platform
MEDADM,PLAN_INDEX,,,4,住院管理,,YEAR_MONTH+DEPT_CODE+PLAN_CODE,,MEDADM 非统计管理表，需二次裁剪,platform
MEDADM,PLAN_NAME_DICT,,,2,住院管理,,PLAN_CODE,,基础字典/维表,platform
MEDADM,QU_ACCOUNT_INDEP,,,4,住院管理,,YEAR_MONTH+ACCOUNT_DEPT,,MEDADM 非统计管理表，需二次裁剪,platform
MEDADM,QU_ACCOUNT_ITEM,,,6,住院管理,,,,MEDADM 非统计管理表，需二次裁剪,platform
MEDADM,QUALITY_INDEX_STANDARD,,,3,住院管理,,INDEX_CODE,,MEDADM 非统计管理表，需二次裁剪,platform
MEDADM,QU_ASST_TREAT_DEPT,,,5,住院管理,,YEAR_MONTH+DEPT_CODE+ITEM_CODE,,基础字典/维表,platform
MEDADM,QU_DEPT_BED_REC,,,4,住院管理,,YEAR_MONTH+DEPT_CODE,,基础字典/维表,platform
MEDADM,QU_EFFCIENCY_DEPT,,,18,住院管理,,YEAR_MONTH+DEPT_CODE+IDENTITY,,基础字典/维表,platform
MEDADM,QU_EMERGENCY_NUM,,,13,住院管理,,YEAR_MONTH+DEPT_CODE+IDENTITY,,MEDADM 非统计管理表，需二次裁剪,platform
MEDADM,QU_EXAM_DEPT,,,6,住院管理,,YEAR_MONTH+DEPT_CODE+EXAM_CLASS+EXAM_SUBCLASS,,MEDADM 非统计管理表，需二次裁剪,platform
MEDADM,QU_LOAD_DEPT,,,5,住院管理,,YEAR_MONTH+DEPT_CODE,,基础字典/维表,platform
MEDADM,QU_MANAGE_QLTY_DEPT,,,6,住院管理,,YEAR_MONTH+DEPT_CODE,,基础字典/维表,platform
MEDADM,QU_OPERATION_DEPT,,,15,住院管理,,YEAR_MONTH+DEPT_CODE,,MEDADM 非统计管理表，需二次裁剪,platform
MEDADM,QU_OUTP_CLINIC_NUM,,,9,住院管理,,YEAR_MONTH+DEPT_CODE+CLINIC_TYPE+IDENTITY,,MEDADM 非统计管理表，需二次裁剪,platform
MEDADM,QU_OUTP_SYNTHESIZE,,,6,住院管理,,YEAR_MONTH,,MEDADM 非统计管理表，需二次裁剪,platform
MEDADM,QU_PLAN_COMPLETED,,,3,住院管理,,YEAR_MONTH+PLAN_CODE,,MEDADM 非统计管理表，需二次裁剪,platform
MEDADM,QU_QUALITY_COMPLETED,,,3,住院管理,,YEAR_MONTH+INDEX_CODE,,MEDADM 非统计管理表，需二次裁剪,platform
MEDADM,QU_TEST_DEPT,,,6,住院管理,,YEAR_MONTH+DEPT_CODE+ITEM_CLASS+ITEM_CODE,,MEDADM 非统计管理表，需二次裁剪,platform
MEDADM,QU_THERAPY_QLTY_DEPT,,,12,住院管理,,YEAR_MONTH+DEPT_CODE+IDENTITY,,基础字典/维表,platform
MEDADM,SINGLE_DIAG_OPER_FIRST,,,5,住院管理,,,,MEDADM 非统计管理表，需二次裁剪,platform
MEDADM,SINGLE_DIAG_OPER_SECOND,,,5,住院管理,,,,MEDADM 非统计管理表，需二次裁剪,platform
MEDADM,SINGLE_DIAG_OPER_THIRD,,,5,住院管理,,,,MEDADM 非统计管理表，需二次裁剪,platform
MEDADM,SPECIAL_DISE_DICT,,,8,住院管理,,SERIAL_NO,,基础字典/维表,platform
MEDADM,SPT_SHARINGCENTER_STATISTICS,,,9,住院管理,,,,,platform
MEDADM,STAT_CONFIG,,,4,住院管理,,SERIAL_NO,,MEDADM 非统计管理表，需二次裁剪,platform
MEDADM,STAT_DEPT_MODIFYFIX,,,12,住院管理,,STAT_DEPTCODE,,基础字典/维表,platform
MEDADM,STAT_OPERCLASS_CONDITION,,,3,住院管理,,STAT_CODE,,MEDADM 非统计管理表，需二次裁剪,platform
MEDADM,STAT_VS_FEE_CLASS,,,5,住院管理,,STAT_CODE+FEE_CODE,,基础字典/维表,platform
MEDADM,STAT_WARD_MODIFYFIX,,,12,住院管理,,STAT_DEPTCODE,,基础字典/维表,platform
MEDADM,ST_DEPT_TECH,,,5,住院管理,,,,,platform
MEDADM,ST_DEPT_TECH_DATA,,,7,住院管理,,,,,platform
MEDADM,ST_DEPT_TECH_PROJ,,,5,住院管理,,,,,platform
MEDADM,ST_DISPENSE,,,6,住院管理,,ST_DATE+DEPT_CODE,,,platform
MEDADM,ST_EXAM,,,6,住院管理,,ST_DATE+DEPT_CODE+EXAM_CLASS+EXAM_SUB_CLASS,,,platform
MEDADM,ST_IND_BILL_DAY,,,12,住院管理,,ST_DATE+ORDERED_BY+PERFORMED_BY+CHARGE_TYPE+PAT_IDENTITY+ITEM_CLASS+CLASS_ON_INP_RCPT+CLASS_ON_RECKONING+SUBJ_CODE+CLASS_ON_MR,,,platform
MEDADM,ST_INP_ED_DOCTOR_DAY,,,11,住院管理,,ST_DATE+PERFORM_DOCTOR+PERFORMED_BY+ITEM_CLASS+ITEM_NAME+ITEM_CODE+ITEM_SPEC+UNITS,,,platform
MEDADM,ST_INP_OD_DOCTOR_DAY,,,11,住院管理,,ST_DATE+ORDER_DOCTOR+ORDERED_BY+ITEM_CLASS+ITEM_NAME+ITEM_CODE+ITEM_SPEC+UNITS,,,platform
MEDADM,ST_INSUR_FEE_DAY,,,7,住院管理,,ST_DATE+CHARGE_TYPE,,,platform
MEDADM,ST_LAB,,,4,住院管理,,ST_DATE+DEPT_CODE+LAB_CLASS,,,platform
MEDADM,ST_OUTD_BILL_DAY,,,11,住院管理,,ST_DATE+ORDERED_BY+PERFORMED_BY+CHARGE_TYPE+PAT_IDENTITY+ITEM_CLASS+CLASS_ON_OUTP_RCPT+CLASS_ON_RECKONING+SUBJ_CODE,,,platform
MEDADM,ST_OUTP_ED_DOCTOR_DAY,,,11,住院管理,,ST_DATE+PERFORM_DOCTOR+PERFORMED_BY+ITEM_CLASS+ITEM_NAME+ITEM_CODE+ITEM_SPEC+UNITS,,,platform
MEDADM,ST_OUTP_OD_DOCTOR_DAY,,,11,住院管理,,ST_DATE+ORDER_DOCTOR+ORDERED_BY+ITEM_CLASS+ITEM_NAME+ITEM_CODE+ITEM_SPEC+UNITS,,,platform
MEDADM,ST_OUTSYS_DATA,,,5,住院管理,,,,,platform
MEDADM,ST_OUTSYS_PROJ,,,4,住院管理,,,,,platform
MEDADM,WAED_ADT_DAY,,,25,住院管理,,,,,platform
MedcareES.dbo,病人来源,,4,0,超声内镜系统,,,live_metadata,,platform
MedcareES.dbo,部门,,0,0,超声内镜系统,,,live_metadata,,platform
MedcareES.dbo,工作站,,0,0,超声内镜系统,,,live_metadata,,platform
MedcareES.dbo,过滤条件视图,,,0,超声内镜系统,,,live_metadata,,platform
MedcareES.dbo,婚姻,,2,0,超声内镜系统,,,live_metadata,,platform
MedcareES.dbo,检查类别,,7,0,超声内镜系统,,,live_metadata,,platform
MedcareES.dbo,检查类别对照,,0,0,超声内镜系统,,,live_metadata,,platform
MedcareES.dbo,检查室,,4,0,超声内镜系统,,,live_metadata,,platform
MedcareES.dbo,检查项目,,15,0,超声内镜系统,,,live_metadata,,platform
MedcareES.dbo,检查项目对照,,1,0,超声内镜系统,,,live_metadata,,platform
MedcareES.dbo,角色,,11,0,超声内镜系统,,,live_metadata,,platform
MedcareES.dbo,叫号IP,,1,0,超声内镜系统,,,live_metadata,,platform
MedcareES.dbo,科室,,32,0,超声内镜系统,,,live_metadata,,platform
MedcareES.dbo,权限,,17,0,超声内镜系统,,,live_metadata,,platform
MedcareES.dbo,设备,,1,0,超声内镜系统,,,live_metadata,,platform
MedcareES.dbo,设备检查室对应,,0,0,超声内镜系统,,,live_metadata,,platform
MedcareES.dbo,设备事务,,4,0,超声内镜系统,,,live_metadata,,platform
MedcareES.dbo,设备事务安排,,0,0,超声内镜系统,,,live_metadata,,platform
MedcareES.dbo,时间段,,0,0,超声内镜系统,,,live_metadata,,platform
MedcareES.dbo,收费项目,,0,0,超声内镜系统,,,live_metadata,,platform
MedcareES.dbo,数据表维护,,12,0,超声内镜系统,,,live_metadata,,platform
MedcareES.dbo,送检医生,,0,0,超声内镜系统,,,live_metadata,,platform
MedcareES.dbo,性别,,2,0,超声内镜系统,,,live_metadata,,platform
MedcareES.dbo,医保类型,,4,0,超声内镜系统,,,live_metadata,,platform
MedcareES.dbo,医生,,1,0,超声内镜系统,,,live_metadata,,platform
MedcareES.dbo,医生事务,,5,0,超声内镜系统,,,live_metadata,,platform
MedcareES.dbo,医生事务安排,,0,0,超声内镜系统,,,live_metadata,,platform
MedcareES.dbo,用户,,4,0,超声内镜系统,,,live_metadata,,platform
MedcareES.dbo,预约查询视图,,,0,超声内镜系统,,,live_metadata,,platform
MedcareES.dbo,预约查询字段,,10,0,超声内镜系统,,,live_metadata,,platform
MedcareES.dbo,预约代码格式,,1,0,超声内镜系统,,,live_metadata,,platform
MedcareES.dbo,预约登记,,57124,0,超声内镜系统,,,live_metadata,,platform
MedcareES.dbo,预约登记颜色,,5,0,超声内镜系统,,,live_metadata,,platform
MedcareES.dbo,预约流程,,7,0,超声内镜系统,,,live_metadata,,platform
MedcareES.dbo,预约业务规则,,4,0,超声内镜系统,,,live_metadata,,platform
MedcareES.dbo,助手,,0,0,超声内镜系统,,,live_metadata,,platform
MedcareES.dbo,注册表,,39,0,超声内镜系统,,,live_metadata,,platform
MedcareES.dbo,自定义预约队列,,13,0,超声内镜系统,,,live_metadata,,platform
MedcareES.dbo,a,,,0,超声内镜系统,,,live_metadata,,platform
MedcareES.dbo,AScheduleLog,,0,0,超声内镜系统,,,live_metadata,,platform
MedcareES.dbo,CDR_CHECK_REOPRT_ES,,,0,超声内镜系统,,,live_metadata,,platform
MedcareES.dbo,CDR_CHECK_REOPRT_US,,,0,超声内镜系统,,,live_metadata,,platform
MedcareES.dbo,Chinese_code,,21169,0,超声内镜系统,,,live_metadata,,platform
MedcareES.dbo,dqzt,,6,0,超声内镜系统,,,live_metadata,,platform
MedcareES.dbo,HIS预约,,74939,0,超声内镜系统,,,live_metadata,,platform
MedcareES.dbo,HL7已处理命令,,75665,0,超声内镜系统,,,live_metadata,,platform
MedcareES.dbo,HL7MsgID,,4,0,超声内镜系统,,,live_metadata,,platform
MedcareES.dbo,LEDSHOW,,18,0,超声内镜系统,,,live_metadata,,platform
MedcareUS.dbo,病人来源,,4,0,超声内镜系统,,,live_metadata,,platform
MedcareUS.dbo,部门,,0,0,超声内镜系统,,,live_metadata,,platform
MedcareUS.dbo,费别,,2,0,超声内镜系统,,,live_metadata,,platform
MedcareUS.dbo,工作站,,0,0,超声内镜系统,,,live_metadata,,platform
MedcareUS.dbo,过滤条件视图,,,0,超声内镜系统,,,live_metadata,,platform
MedcareUS.dbo,患者状态,,3,0,超声内镜系统,,,live_metadata,,platform
MedcareUS.dbo,婚姻,,2,0,超声内镜系统,,,live_metadata,,platform
MedcareUS.dbo,检查类别,,12,0,超声内镜系统,,,live_metadata,,platform
MedcareUS.dbo,检查室,,0,0,超声内镜系统,,,live_metadata,,platform
MedcareUS.dbo,检查项目,,78,0,超声内镜系统,,,live_metadata,,platform
MedcareUS.dbo,角色,,11,0,超声内镜系统,,,live_metadata,,platform
MedcareUS.dbo,叫号IP,,0,0,超声内镜系统,,,live_metadata,,platform
MedcareUS.dbo,科室,,30,0,超声内镜系统,,,live_metadata,,platform
MedcareUS.dbo,权限,,17,0,超声内镜系统,,,live_metadata,,platform
MedcareUS.dbo,设备,,7,0,超声内镜系统,,,live_metadata,,platform
MedcareUS.dbo,设备检查室对应,,0,0,超声内镜系统,,,live_metadata,,platform
MedcareUS.dbo,设备事务,,4,0,超声内镜系统,,,live_metadata,,platform
MedcareUS.dbo,设备事务安排,,0,0,超声内镜系统,,,live_metadata,,platform
MedcareUS.dbo,时间段,,4,0,超声内镜系统,,,live_metadata,,platform
MedcareUS.dbo,收费项目,,0,0,超声内镜系统,,,live_metadata,,platform
MedcareUS.dbo,数据表维护,,12,0,超声内镜系统,,,live_metadata,,platform
MedcareUS.dbo,送检科室,,0,0,超声内镜系统,,,live_metadata,,platform
MedcareUS.dbo,送检医生,,0,0,超声内镜系统,,,live_metadata,,platform
MedcareUS.dbo,性别,,2,0,超声内镜系统,,,live_metadata,,platform
MedcareUS.dbo,医生,,1,0,超声内镜系统,,,live_metadata,,platform
MedcareUS.dbo,医生事务,,5,0,超声内镜系统,,,live_metadata,,platform
MedcareUS.dbo,医生事务安排,,0,0,超声内镜系统,,,live_metadata,,platform
MedcareUS.dbo,用户,,2,0,超声内镜系统,,,live_metadata,,platform
MedcareUS.dbo,预约查询视图,,,0,超声内镜系统,,,live_metadata,,platform
MedcareUS.dbo,预约查询字段,,10,0,超声内镜系统,,,live_metadata,,platform
MedcareUS.dbo,预约代码格式,,1,0,超声内镜系统,,,live_metadata,,platform
MedcareUS.dbo,预约登记,,411317,0,超声内镜系统,,,live_metadata,,platform
MedcareUS.dbo,预约登记颜色,,0,0,超声内镜系统,,,live_metadata,,platform
MedcareUS.dbo,预约流程,,5,0,超声内镜系统,,,live_metadata,,platform
MedcareUS.dbo,预约业务规则,,1,0,超声内镜系统,,,live_metadata,,platform
MedcareUS.dbo,助手,,0,0,超声内镜系统,,,live_metadata,,platform
MedcareUS.dbo,注册表,,4,0,超声内镜系统,,,live_metadata,,platform
MedcareUS.dbo,自定义预约队列,,0,0,超声内镜系统,,,live_metadata,,platform
MedcareUS.dbo,AScheduleLog,,0,0,超声内镜系统,,,live_metadata,,platform
MedcareUS.dbo,Chinese_code,,21760,0,超声内镜系统,,,live_metadata,,platform
MedcareUS.dbo,dqzt,,5,0,超声内镜系统,,,live_metadata,,platform
MedcareUS.dbo,HIS预约,,0,0,超声内镜系统,,,live_metadata,,platform
MedcareUS.dbo,ScheduleInfo,,0,0,超声内镜系统,,,live_metadata,,platform
MedcareUS.dbo,SchedulePlan,,170,0,超声内镜系统,,,live_metadata,,platform
MedcareUS.dbo,SchedulePlan_ExamClass,,12,0,超声内镜系统,,,live_metadata,,platform
MedcareUS.dbo,SchedulePlan_Password,,0,0,超声内镜系统,,,live_metadata,,platform
MedcareUS.dbo,SchedulePlan_Patient,,0,0,超声内镜系统,,,live_metadata,,platform
MedcareUS.dbo,SchedulePlan_Show,,18,0,超声内镜系统,,,live_metadata,,platform
MedcareUS.dbo,SchedulePlan_WeekdaySchedule,,120,0,超声内镜系统,,,live_metadata,,platform
MedcareUS.dbo,SchedulePlan_ZNoon,,2,0,超声内镜系统,,,live_metadata,,platform
MedcareUS.dbo,ScheduleUser,,1,0,超声内镜系统,,,live_metadata,,platform
MEDCOMM,患者手术记录信息,,,0,Docare 手术麻醉系统,,,live_metadata,,platform
MEDCOMM,患者手术申请信息,,,0,Docare 手术麻醉系统,,,live_metadata,,platform
MEDCOMM,BL_MZSHFS,,,0,Docare 手术麻醉系统,,,live_metadata,,platform
MEDCOMM,BL_MZSQFS,,,0,Docare 手术麻醉系统,,,live_metadata,,platform
MEDCOMM,BL_MZZQTYS,,,0,Docare 手术麻醉系统,,,live_metadata,,platform
MEDCOMM,BL_PGCJL,,,0,Docare 手术麻醉系统,,,live_metadata,,platform
MEDCOMM,BL_SSHLJL,,,0,Docare 手术麻醉系统,,,live_metadata,,platform
MEDCOMM,MED_ADADMINSTER_MODE_DICT,,0,0,Docare 手术麻醉系统,,,live_metadata,,platform
MEDCOMM,MED_ADMINISTRATION_DICT,,128,0,Docare 手术麻醉系统,,,live_metadata,,platform
MEDCOMM,MED_ADMINISTRATION_STAT_DICT,,0,0,Docare 手术麻醉系统,,,live_metadata,,platform
MEDCOMM,MED_ADT_LOG,,0,0,Docare 手术麻醉系统,,,live_metadata,,platform
MEDCOMM,MED_ANAESTHESIA_DICT,,13,0,Docare 手术麻醉系统,,,live_metadata,,platform
MEDCOMM,MED_ANESTHESIA_ITEM_CLASS,,243,0,Docare 手术麻醉系统,,,live_metadata,,platform
MEDCOMM,MED_ANESTHETIC_CLASS_DICT,,0,0,Docare 手术麻醉系统,,,live_metadata,,platform
MEDCOMM,MED_APPLICATIONS,,4,0,Docare 手术麻醉系统,,,live_metadata,,platform
MEDCOMM,MED_AREA_DICT,,0,0,Docare 手术麻醉系统,,,live_metadata,,platform
MEDCOMM,MED_AUTO_UPDATER,,0,0,Docare 手术麻醉系统,,,live_metadata,,platform
MEDCOMM,MED_AUTO_UPDATER_ITEMS,,0,0,Docare 手术麻醉系统,,,live_metadata,,platform
MEDCOMM,MED_BED_REC,,15,0,Docare 手术麻醉系统,,,live_metadata,,platform
MEDCOMM,MED_BILL_CONFIG_DICT,,0,0,Docare 手术麻醉系统,,,live_metadata,,platform
MEDCOMM,MED_BILL_ITEM_CLASS_DICT,,13,0,Docare 手术麻醉系统,,,live_metadata,,platform
MEDCOMM,MED_BILL_ITEM_CLASS_VS_HIS,,0,0,Docare 手术麻醉系统,,,live_metadata,,platform
MEDCOMM,MED_BLOOD_GAS_DETAIL,,92665,0,Docare 手术麻醉系统,,,live_metadata,,platform
MEDCOMM,MED_BLOOD_GAS_DICT,,35,0,Docare 手术麻醉系统,,,live_metadata,,platform
MEDCOMM,MED_BLOOD_GAS_MASTER,,2816,0,Docare 手术麻醉系统,,,live_metadata,,platform
MEDCOMM,MED_CHARGE_PRICE_SCHEDULE,,15,0,Docare 手术麻醉系统,,,live_metadata,,platform
MEDCOMM,MED_CHARGE_TYPE_DICT,,0,0,Docare 手术麻醉系统,,,live_metadata,,platform
MEDCOMM,MED_CLINIC_ITEM_NAME_DICT,,0,0,Docare 手术麻醉系统,,,live_metadata,,platform
MEDCOMM,MED_CLINIC_VS_CHARGE,,0,0,Docare 手术麻醉系统,,,live_metadata,,platform
MEDCOMM,MED_CURRENT_PRICE_LIST,,,0,Docare 手术麻醉系统,,,live_metadata,,platform
MEDCOMM,MED_DBSCRIPT_VERSION,,1,0,Docare 手术麻醉系统,,,live_metadata,,platform
MEDCOMM,MED_DEPT_BED_COUNT,,0,0,Docare 手术麻醉系统,,,live_metadata,,platform
MEDCOMM,MED_DEPT_DICT,,802,0,Docare 手术麻醉系统,,,live_metadata,,platform
MEDCOMM,MED_DEPT_EQUIP_DICT,,0,0,Docare 手术麻醉系统,,,live_metadata,,platform
MEDCOMM,MED_DEPT_VS_WARD,,0,0,Docare 手术麻醉系统,,,live_metadata,,platform
MEDCOMM,MED_DIAGNOSIS_DICT,,20667,0,Docare 手术麻醉系统,,,live_metadata,,platform
MEDCOMM,MED_DOSAGE_UNITS_DICT,,0,0,Docare 手术麻醉系统,,,live_metadata,,platform
MEDCOMM,MED_DRUG_CLASS_DICT,,0,0,Docare 手术麻醉系统,,,live_metadata,,platform
MEDCOMM,MED_DRUG_DICT,,0,0,Docare 手术麻醉系统,,,live_metadata,,platform
MEDCOMM,MED_DRUG_FORM_DICT,,0,0,Docare 手术麻醉系统,,,live_metadata,,platform
MEDCOMM,MED_DRUG_NAME_DICT,,0,0,Docare 手术麻醉系统,,,live_metadata,,platform
MEDCOMM,MED_DRUG_RETURN_CLASS_DICT,,0,0,Docare 手术麻醉系统,,,live_metadata,,platform
MEDCOMM,MED_EMR_ARCHIVE_DETIAL,,180115,0,Docare 手术麻醉系统,,,live_metadata,,platform
MEDCOMM,MED_EMR_CLASS_DICT,,12,0,Docare 手术麻醉系统,,,live_metadata,,platform
MEDCOMM,MED_EMR_USERS,,1,0,Docare 手术麻醉系统,,,live_metadata,,platform
MEDCOMM,MED_EMR_WORK_PATH,,1,0,Docare 手术麻醉系统,,,live_metadata,,platform
MEDCOMM,MED_EXAM_ITEMS,,0,0,Docare 手术麻醉系统,,,live_metadata,,platform
MEDCOMM,MED_EXAM_MASTER,,0,0,Docare 手术麻醉系统,,,live_metadata,,platform
MEDCOMM,MED_EXAM_REPORT,,0,0,Docare 手术麻醉系统,,,live_metadata,,platform
MEDCOMM,MED_HIS_USERS,,2364,0,Docare 手术麻醉系统,,,live_metadata,,platform
MEDCOMM,MED_HIS_USERSFZ,,1596,0,Docare 手术麻醉系统,,,live_metadata,,platform
MEDCOMM,MED_HIS_USERS_INFO,,1,0,Docare 手术麻醉系统,,,live_metadata,,platform
MEDCOMM,MED_HOSPITAL_CONFIG,,1,0,Docare 手术麻醉系统,,,live_metadata,,platform
MEDCOMM,MED_ICU_CONFIG,,1,0,Docare 手术麻醉系统,,,live_metadata,,platform
MEDCOMM,MED_IDENTITY_DICT,,12,0,Docare 手术麻醉系统,,,live_metadata,,platform
MEDCOMM,MED_IF_HIS_VIEW_SQL,,52,0,Docare 手术麻醉系统,,,live_metadata,,platform
MEDCOMM,MED_IF_LOG,,10811,0,Docare 手术麻醉系统,,,live_metadata,,platform
MEDCOMM,MED_IF_RUN_CONFIG_DICT,,33,0,Docare 手术麻醉系统,,,live_metadata,,platform
MEDCOMM,MED_IF_TRANS_DICT,,4,0,Docare 手术麻醉系统,,,live_metadata,,platform
MEDCOMM,MED_IMEDICAL_PERMISSIONS,权限表,0,0,Docare 手术麻醉系统,,,live_metadata,,platform
MEDCOMM,MED_IMEDICAL_RESOURCES,资源表,0,0,Docare 手术麻醉系统,,,live_metadata,,platform
MEDCOMM,MED_IMEDICAL_ROLES,"访问控制框架,角色表",0,0,Docare 手术麻醉系统,,,live_metadata,,platform
MEDCOMM,MED_IMEDICAL_ROLES_PERMISSIONS,角色权限关联表,0,0,Docare 手术麻醉系统,,,live_metadata,,platform
MEDCOMM,MED_IMEDICAL_USERS_ROLES,用户角色关联表,0,0,Docare 手术麻醉系统,,,live_metadata,,platform
MEDCOMM,MED_INPUTORDER_TEMPLETE,,0,0,Docare 手术麻醉系统,,,live_metadata,,platform
MEDCOMM,MED_JOB_CLASS_DICT,,15,0,Docare 手术麻醉系统,,,live_metadata,,platform
MEDCOMM,MED_LAB_REPORT_ITEM_DICT,,0,0,Docare 手术麻醉系统,,,live_metadata,,platform
MEDCOMM,MED_LAB_RESULT,,10770948,0,Docare 手术麻醉系统,,,live_metadata,,platform
MEDCOMM,MED_LAB_TEST_ITEMS,,0,0,Docare 手术麻醉系统,,,live_metadata,,platform
MEDCOMM,MED_LAB_TEST_MASTER,,854056,0,Docare 手术麻醉系统,,,live_metadata,,platform
MEDCOMM,MED_MARITAL_STATUS_DICT,,5,0,Docare 手术麻醉系统,,,live_metadata,,platform
MEDCOMM,MED_MEASURES_DICT,,0,0,Docare 手术麻醉系统,,,live_metadata,,platform
MEDCOMM,MED_MONITOR_DATA_VALUES_DICT,,42,0,Docare 手术麻醉系统,,,live_metadata,,platform
MEDCOMM,MED_MONITOR_DICT,,46,0,Docare 手术麻醉系统,,,live_metadata,,platform
MEDCOMM,MED_MONITOR_FUNCTION_CODE,,547,0,Docare 手术麻醉系统,,,live_metadata,,platform
MEDCOMM,MED_MONITOR_SPECIAL_CODE,,29,0,Docare 手术麻醉系统,,,live_metadata,,platform
MEDCOMM,MED_MR_CONTENT,,0,0,Docare 手术麻醉系统,,,live_metadata,,platform
MEDCOMM,MED_MR_FILE,,0,0,Docare 手术麻醉系统,,,live_metadata,,platform
MEDCOMM,MED_MR_FILE_INDEX,,0,0,Docare 手术麻醉系统,,,live_metadata,,platform
MEDCOMM,MED_MR_INDEX,,0,0,Docare 手术麻醉系统,,,live_metadata,,platform
MEDCOMM,MED_MR_WORK_PATH,,0,0,Docare 手术麻醉系统,,,live_metadata,,platform
MEDCOMM,MED_MTRL_CLASS_DICT,,0,0,Docare 手术麻醉系统,,,live_metadata,,platform
MEDCOMM,MED_MTRL_DICT,,0,0,Docare 手术麻醉系统,,,live_metadata,,platform
MEDCOMM,MED_MTRL_EXPORT_CLASS_DICT,,0,0,Docare 手术麻醉系统,,,live_metadata,,platform
MEDCOMM,MED_MTRL_IMPORT_CLASS_DICT,,0,0,Docare 手术麻醉系统,,,live_metadata,,platform
MEDCOMM,MED_MTRL_NAME_DICT,,0,0,Docare 手术麻醉系统,,,live_metadata,,platform
MEDCOMM,MED_MTRL_SUPPLIER_CATALOG,,0,0,Docare 手术麻醉系统,,,live_metadata,,platform
MEDCOMM,MED_NURSE_TEMPLETE,,13,0,Docare 手术麻醉系统,,,live_metadata,,platform
MEDCOMM,MED_NURSING_CLASS_DICT,,0,0,Docare 手术麻醉系统,,,live_metadata,,platform
MEDCOMM,MED_NURSING_SCHEDULE_DICT,,3,0,Docare 手术麻醉系统,,,live_metadata,,platform
MEDCOMM,MED_OCCUPATION_DICT,,33,0,Docare 手术麻醉系统,,,live_metadata,,platform
MEDCOMM,MED_OPERATION_DICT,,18499,0,Docare 手术麻醉系统,,,live_metadata,,platform
MEDCOMM,MED_OPERATION_SCALE_DICT,,4,0,Docare 手术麻醉系统,,,live_metadata,,platform
MEDCOMM,MED_OPERROOM_CUPBOARD,,0,0,Docare 手术麻醉系统,,,live_metadata,,platform
MEDCOMM,MED_OPER_ROOM_USERS,,0,0,Docare 手术麻醉系统,,,live_metadata,,platform
MEDCOMM,MED_ORDER_ATTR_DICT,,11,0,Docare 手术麻醉系统,,,live_metadata,,platform
MEDCOMM,MED_ORDER_CLASS_DICT,,0,0,Docare 手术麻醉系统,,,live_metadata,,platform
MEDCOMM,MED_ORDERS,,282077,0,Docare 手术麻醉系统,,,live_metadata,,platform
MEDCOMM,MED_ORDER_STATUS_DICT,,0,0,Docare 手术麻醉系统,,,live_metadata,,platform
MEDCOMM,MED_OUTER_APP_USE,,23,0,Docare 手术麻醉系统,,,live_metadata,,platform
MEDCOMM,MED_OUTER_CODING_CONFIG,,23,0,Docare 手术麻醉系统,,,live_metadata,,platform
MEDCOMM,MED_OUTER_GENERATION,,23,0,Docare 手术麻醉系统,,,live_metadata,,platform
MEDCOMM,MED_PATIENT_ARCHIVE_INFO,,,0,Docare 手术麻醉系统,,,live_metadata,,platform
MEDCOMM,MED_PATIENT_FORM_DATA_DICT,,0,0,Docare 手术麻醉系统,,,live_metadata,,platform
MEDCOMM,MED_PATIENT_STATUS_CHG_DICT,,0,0,Docare 手术麻醉系统,,,live_metadata,,platform
MEDCOMM,MED_PATIENT_STATUS_DICT,,3,0,Docare 手术麻醉系统,,,live_metadata,,platform
MEDCOMM,MED_PAT_MASTER_INDEX,,133784,0,Docare 手术麻醉系统,,,live_metadata,,platform
MEDCOMM,MED_PAT_MONITOR_DATA_DICT,,0,0,Docare 手术麻醉系统,,,live_metadata,,platform
MEDCOMM,MED_PATS_IN_HOSPITAL,,129790,0,Docare 手术麻醉系统,,,live_metadata,,platform
MEDCOMM,MED_PAT_VISIT,,150596,0,Docare 手术麻醉系统,,,live_metadata,,platform
MEDCOMM,MED_PERFORM_DEFAULT_SCHEDULE,,2,0,Docare 手术麻醉系统,,,live_metadata,,platform
MEDCOMM,MED_PERMISSIONS,,327,0,Docare 手术麻醉系统,,,live_metadata,,platform
MEDCOMM,MED_PERMISSIONS_ANES,,178,0,Docare 手术麻醉系统,,,live_metadata,,platform
MEDCOMM,MED_PERMISSIONS_PROVIDER,,0,0,Docare 手术麻醉系统,,,live_metadata,,platform
MEDCOMM,MED_PERMISSION_VIEW,,,0,Docare 手术麻醉系统,,,live_metadata,,platform
MEDCOMM,MED_PRICE_ITEM_NAME_DICT,,0,0,Docare 手术麻醉系统,,,live_metadata,,platform
MEDCOMM,MED_PRICE_LIST,,0,0,Docare 手术麻醉系统,,,live_metadata,,platform
MEDCOMM,MED_PUMP_EVENT,,0,0,Docare 手术麻醉系统,,,live_metadata,,platform
MEDCOMM,MED_PUMP_STATUS,,0,0,Docare 手术麻醉系统,,,live_metadata,,platform
MEDCOMM,MED_RELATIONSHIP_DICT,,12,0,Docare 手术麻醉系统,,,live_metadata,,platform
MEDCOMM,MED_ROLES,,24,0,Docare 手术麻醉系统,,,live_metadata,,platform
MEDCOMM,MED_ROLES_PERMISSIONS,,1800,0,Docare 手术麻醉系统,,,live_metadata,,platform
MEDCOMM,MED_SCREEN_COL_LIST,,34,0,Docare 手术麻醉系统,,,live_metadata,,platform
MEDCOMM,MED_SCREEN_CONFIG,,2,0,Docare 手术麻醉系统,,,live_metadata,,platform
MEDCOMM,MED_SCREEN_MSG,,2,0,Docare 手术麻醉系统,,,live_metadata,,platform
MEDCOMM,MED_SCREEN_NEW_CONFIG,,0,0,Docare 手术麻醉系统,,,live_metadata,,platform
MEDCOMM,MED_SCREEN_TEMPLATE,,3,0,Docare 手术麻醉系统,,,live_metadata,,platform
MEDCOMM,MED_SEX_DICT,,4,0,Docare 手术麻醉系统,,,live_metadata,,platform
MEDCOMM,MED_SPECIFIC_WORD_DICT,,6,0,Docare 手术麻醉系统,,,live_metadata,,platform
MEDCOMM,MED_STAFF_DICT,,0,0,Docare 手术麻醉系统,,,live_metadata,,platform
MEDCOMM,MED_STAFF_VS_GROUP,,0,0,Docare 手术麻醉系统,,,live_metadata,,platform
MEDCOMM,MED_TIME_POINT_LIST,,,0,Docare 手术麻醉系统,,,live_metadata,,platform
MEDCOMM,MED_TITLE_DICT,,57,0,Docare 手术麻醉系统,,,live_metadata,,platform
MEDCOMM,MED_TRANSFER,,0,0,Docare 手术麻醉系统,,,live_metadata,,platform
MEDCOMM,MED_USER_PERMISSIONS,,,0,Docare 手术麻醉系统,,,live_metadata,,platform
MEDCOMM,MED_USERS,,186,0,Docare 手术麻醉系统,,,live_metadata,,platform
MEDCOMM,MED_USERS_APPLICATIONS,,,0,Docare 手术麻醉系统,,,live_metadata,,platform
MEDCOMM,MED_USERS_DEPTS,,0,0,Docare 手术麻醉系统,,,live_metadata,,platform
MEDCOMM,MED_USERS_HISUSERS,,118,0,Docare 手术麻醉系统,,,live_metadata,,platform
MEDCOMM,MED_USERS_INOUTTIME,,0,0,Docare 手术麻醉系统,,,live_metadata,,platform
MEDCOMM,MED_USERS_ROLES,,1604,0,Docare 手术麻醉系统,,,live_metadata,,platform
MEDCOMM,MED_USERS_ZP,,0,0,Docare 手术麻醉系统,,,live_metadata,,platform
MEDCOMM,MED_VITAL_SIGN_MERGE,,11698030,0,Docare 手术麻醉系统,,,live_metadata,,platform
MEDCOMM,MED_VS_HIS_DEP_ID,,0,0,Docare 手术麻醉系统,,,live_metadata,,platform
MEDCOMM,MED_VS_HIS_OPER_APPLY,,0,0,Docare 手术麻醉系统,,,live_metadata,,platform
MEDCOMM,MED_VS_HIS_OPER_APPLY_V2,,178309,0,Docare 手术麻醉系统,,,live_metadata,,platform
MEDCOMM,MED_VS_HIS_OPER_BILL_CONSTS,,0,0,Docare 手术麻醉系统,,,live_metadata,,platform
MEDCOMM,MED_VS_HIS_OPER_MASTER,,0,0,Docare 手术麻醉系统,,,live_metadata,,platform
MEDCOMM,MED_VS_HIS_ORDER_CLASS,,0,0,Docare 手术麻醉系统,,,live_metadata,,platform
MEDCOMM,MED_VS_HIS_ORDERS,,289152,0,Docare 手术麻醉系统,,,live_metadata,,platform
MEDCOMM,MED_VS_HIS_PAT,,144606,0,Docare 手术麻醉系统,,,live_metadata,,platform
MEDCOMM,MED_VS_PACS_EXAM,,0,0,Docare 手术麻醉系统,,,live_metadata,,platform
MEDCOMM,MED_WOUND_GRADE_DICT,,3,0,Docare 手术麻醉系统,,,live_metadata,,platform
MEDCOMM,MZJL,,,0,Docare 手术麻醉系统,,,live_metadata,,platform
MEDCOMM,SM_MZFSXX,,,0,Docare 手术麻醉系统,,,live_metadata,,platform
MEDCOMM,SM_MZJL,,,0,Docare 手术麻醉系统,,,live_metadata,,platform
MEDCOMM,SM_MZTZ,,,0,Docare 手术麻醉系统,,,live_metadata,,platform
MEDCOMM,SM_SSJL,,,0,Docare 手术麻醉系统,,,live_metadata,,platform
MEDCOMM,SM_SSSXXX,,,0,Docare 手术麻醉系统,,,live_metadata,,platform
MEDCOMM,SM_SSYYMX,,,0,Docare 手术麻醉系统,,,live_metadata,,platform
MEDCOMM,SM_SSZTZLXX,,,0,Docare 手术麻醉系统,,,live_metadata,,platform
MEDCOMM,SSHLJL,,,0,Docare 手术麻醉系统,,,live_metadata,,platform
MEDCOMM,SSJL,,,0,Docare 手术麻醉系统,,,live_metadata,,platform
MEDCOMM,V_BIS_OPERATION,,,0,Docare 手术麻醉系统,,,live_metadata,,platform
MEDCOMM,V_DIAGNOSIS_DICT,,40358,0,Docare 手术麻醉系统,,,live_metadata,,platform
MEDCOMM,VIEW_OPERATION_LIST,,,0,Docare 手术麻醉系统,,,live_metadata,,platform
MEDICU,MED_ACTIVE_USERS,,0,0,Docare 手术麻醉系统,,,live_metadata,,platform
MEDICU,MED_AILMENTDIAGNOSIS,,0,0,Docare 手术麻醉系统,,,live_metadata,,platform
MEDICU,MED_AILMENTDIAGNOSIS_DETAIL,,0,0,Docare 手术麻醉系统,,,live_metadata,,platform
MEDICU,MED_ANALYZED_DATA_LOG,,0,0,Docare 手术麻醉系统,,,live_metadata,,platform
MEDICU,MED_ANALYZED_LOG,"分析日志,记录分析过的数据标识符,数据最后更新日期等数据",0,0,Docare 手术麻醉系统,,,live_metadata,,platform
MEDICU,MED_ANALYZED_RESULT,分析结果,0,0,Docare 手术麻醉系统,,,live_metadata,,platform
MEDICU,MED_ANALYZED_RESULT_ITEM,,0,0,Docare 手术麻醉系统,,,live_metadata,,platform
MEDICU,MED_ANALYZE_RECORD,分析任务记录表,0,0,Docare 手术麻醉系统,,,live_metadata,,platform
MEDICU,MED_APACHE2_SCORING_RESULT,,0,0,Docare 手术麻醉系统,,,live_metadata,,platform
MEDICU,MED_APA_SCORING_RESULT_DETAIL,,0,0,Docare 手术麻醉系统,,,live_metadata,,platform
MEDICU,MED_APGAR_SCORING_RESULT,,0,0,Docare 手术麻醉系统,,,live_metadata,,platform
MEDICU,MED_BABYSCORE_SCORING_RESULT,,0,0,Docare 手术麻醉系统,,,live_metadata,,platform
MEDICU,MED_BALTHAZAR_SCORING_RESULT,,0,0,Docare 手术麻醉系统,,,live_metadata,,platform
MEDICU,MED_BED_CHANGED_REC,,0,0,Docare 手术麻醉系统,,,live_metadata,,platform
MEDICU,MED_BED_USE_ANGLE,,0,0,Docare 手术麻醉系统,,,live_metadata,,platform
MEDICU,MED_BLOOD_TRANS_REC,,0,0,Docare 手术麻醉系统,,,live_metadata,,platform
MEDICU,MED_BREATH_CURVE_FOR_PATIENT,,0,0,Docare 手术麻醉系统,,,live_metadata,,platform
MEDICU,MED_CG_SCORING_RESULT_DETAIL,,0,0,Docare 手术麻醉系统,,,live_metadata,,platform
MEDICU,MED_CHECKLIST,,0,0,Docare 手术麻醉系统,,,live_metadata,,platform
MEDICU,MED_CHILDPUGH_SCORING_RESULT,,0,0,Docare 手术麻醉系统,,,live_metadata,,platform
MEDICU,MED_CONTRAST_GRAPH,,0,0,Docare 手术麻醉系统,,,live_metadata,,platform
MEDICU,MED_CONTRAST_GRAPH_DETAIL,,0,0,Docare 手术麻醉系统,,,live_metadata,,platform
MEDICU,MED_CPIS_SCORING_RESULT,,0,0,Docare 手术麻醉系统,,,live_metadata,,platform
MEDICU,MED_CRAMS_SCORING_RESULT,,0,0,Docare 手术麻醉系统,,,live_metadata,,platform
MEDICU,MED_CRIB_SCORING_RESULT,,0,0,Docare 手术麻醉系统,,,live_metadata,,platform
MEDICU,MED_CRIB_SCORING_RESULT_DETAIL,,0,0,Docare 手术麻醉系统,,,live_metadata,,platform
MEDICU,MED_CSSS_SCORING_RESULT_DETAIL,感染评分csss,0,0,Docare 手术麻醉系统,,,live_metadata,,platform
MEDICU,MED_DATA_PUMP_RUN_RECORD,,0,0,Docare 手术麻醉系统,,,live_metadata,,platform
MEDICU,MED_DATA_TABLE_CODE_DICT,,3,0,Docare 手术麻醉系统,,,live_metadata,,platform
MEDICU,MED_DEFAULT_EXECUTE_TIMES,,0,0,Docare 手术麻醉系统,,,live_metadata,,platform
MEDICU,MED_DEPT_LOAD_DAY,这个表不明确,0,0,Docare 手术麻醉系统,,,live_metadata,,platform
MEDICU,MED_DEPT_USER,,0,0,Docare 手术麻醉系统,,,live_metadata,,platform
MEDICU,MED_DGDAYTABLE,,0,0,Docare 手术麻醉系统,,,live_metadata,,platform
MEDICU,MED_DGTABLE,,0,0,Docare 手术麻醉系统,,,live_metadata,,platform
MEDICU,MED_DIAGNOSE_BASIS,,0,0,Docare 手术麻醉系统,,,live_metadata,,platform
MEDICU,MED_DIAGNOSE_DETAILS,,0,0,Docare 手术麻醉系统,,,live_metadata,,platform
MEDICU,MED_DIAGNOSE_DICT,,119,0,Docare 手术麻醉系统,,,live_metadata,,platform
MEDICU,MED_DISEASE_DICT,,76,0,Docare 手术麻醉系统,,,live_metadata,,platform
MEDICU,MED_DISEASE_INFO,,0,0,Docare 手术麻醉系统,,,live_metadata,,platform
MEDICU,MED_DOC,,0,0,Docare 手术麻醉系统,,,live_metadata,,platform
MEDICU,MED_DOC_CATEGORY,,0,0,Docare 手术麻醉系统,,,live_metadata,,platform
MEDICU,MED_DOCTOR_DAY_SCHEDULE,,0,0,Docare 手术麻醉系统,,,live_metadata,,platform
MEDICU,MED_DOCTOR_MONTH_SCHEDULE,,0,0,Docare 手术麻醉系统,,,live_metadata,,platform
MEDICU,MED_DOCUMENT_DESIGN_DETAIL,,29,0,Docare 手术麻醉系统,,,live_metadata,,platform
MEDICU,MED_DOCUMENT_DESIGN_MAIN,,2,0,Docare 手术麻醉系统,,,live_metadata,,platform
MEDICU,MED_DUTY_REC,考勤记录,0,0,Docare 手术麻醉系统,,,live_metadata,,platform
MEDICU,MED_DUTY_TRANS_REC,交班记录,0,0,Docare 手术麻醉系统,,,live_metadata,,platform
MEDICU,MED_EMPLOYEE_WORK,,0,0,Docare 手术麻醉系统,,,live_metadata,,platform
MEDICU,MED_EQUIPMENT_USAGE,,0,0,Docare 手术麻醉系统,,,live_metadata,,platform
MEDICU,MED_EURO_SCORING,,0,0,Docare 手术麻醉系统,,,live_metadata,,platform
MEDICU,MED_FLOWCONTROLLER_CONFIG,,0,0,Docare 手术麻醉系统,,,live_metadata,,platform
MEDICU,MED_FLOWCONTROLLER_CONFIG_DATA,,0,0,Docare 手术麻醉系统,,,live_metadata,,platform
MEDICU,MED_FLOWCONTROLLER_DATA,,0,0,Docare 手术麻醉系统,,,live_metadata,,platform
MEDICU,MED_FLOWCONTROLLER_ITEM_DATA,,0,0,Docare 手术麻醉系统,,,live_metadata,,platform
MEDICU,MED_FLOWCONTROLLER_TEMPLATE,,0,0,Docare 手术麻醉系统,,,live_metadata,,platform
MEDICU,MED_GCS_SCORING_RESULT_DETAIL,GCS评分结果明细,0,0,Docare 手术麻醉系统,,,live_metadata,,platform
MEDICU,MED_GOLDMAN_SCORING_RESULT,GOLDMAN麻醉评分,0,0,Docare 手术麻醉系统,,,live_metadata,,platform
MEDICU,MED_GP_SCORING_RESULT_DETAIL,johns嗜睡程度评分结果明细表,0,0,Docare 手术麻醉系统,,,live_metadata,,platform
MEDICU,MED_GROUPS,,0,0,Docare 手术麻醉系统,,,live_metadata,,platform
MEDICU,MED_HEAD_CURVE,,16,0,Docare 手术麻醉系统,,,live_metadata,,platform
MEDICU,MED_HEAD_IN_OR_OUT,,9,0,Docare 手术麻醉系统,,,live_metadata,,platform
MEDICU,MED_HEAD_ITEM_INFO,,274,0,Docare 手术麻醉系统,,,live_metadata,,platform
MEDICU,MED_HEAD_PROPERTY_CONFIG,,190,0,Docare 手术麻醉系统,,,live_metadata,,platform
MEDICU,MED_ICU_CATHETER_SITE,,0,0,Docare 手术麻醉系统,,,live_metadata,,platform
MEDICU,MED_ICU_COMMON_DICT,,0,0,Docare 手术麻醉系统,,,live_metadata,,platform
MEDICU,MED_ICU_DOC_SHIFT_HEADER,交班报告表头,0,0,Docare 手术麻醉系统,,,live_metadata,,platform
MEDICU,MED_ICU_DOCTOR_MANUAL_DATA,,0,0,Docare 手术麻醉系统,,,live_metadata,,platform
MEDICU,MED_ICU_DOCTOR_MANUAL_DATA_S,,0,0,Docare 手术麻醉系统,,,live_metadata,,platform
MEDICU,MED_ICU_DUCT_DICT,,9,0,Docare 手术麻醉系统,,,live_metadata,,platform
MEDICU,MED_ICU_DUCT_UPDATE_TIME,导管更换时间,0,0,Docare 手术麻醉系统,,,live_metadata,,platform
MEDICU,MED_ICU_ESPECIAL_DOCUMENT,,0,0,Docare 手术麻醉系统,,,live_metadata,,platform
MEDICU,MED_ICU_NURSE_ATTENDANCE,,0,0,Docare 手术麻醉系统,,,live_metadata,,platform
MEDICU,MED_ICU_NURSE_HOS_DAYS,,0,0,Docare 手术麻醉系统,,,live_metadata,,platform
MEDICU,MED_ICU_NURSE_PALN_DETAIL,,0,0,Docare 手术麻醉系统,,,live_metadata,,platform
MEDICU,MED_ICU_NURSEPLAN_CHANGED_REC,,0,0,Docare 手术麻醉系统,,,live_metadata,,platform
MEDICU,MED_ICU_NURSE_PROBLEM_DICT,,0,0,Docare 手术麻醉系统,,,live_metadata,,platform
MEDICU,MED_ICU_NURSEWORK_ITEM_DIC,,0,0,Docare 手术麻醉系统,,,live_metadata,,platform
MEDICU,MED_ICU_NURSING_DIAGNOSE_REC,,0,0,Docare 手术麻醉系统,,,live_metadata,,platform
MEDICU,MED_ICU_NURSING_MEASURES_DICT,,0,0,Docare 手术麻醉系统,,,live_metadata,,platform
MEDICU,MED_ICU_NURSING_PLAN_REC,,0,0,Docare 手术麻醉系统,,,live_metadata,,platform
MEDICU,MED_ICU_NURSING_SYMPTOM_DICT,,0,0,Docare 手术麻醉系统,,,live_metadata,,platform
MEDICU,MED_ICU_OTHER_NURSING_REC,,0,0,Docare 手术麻醉系统,,,live_metadata,,platform
MEDICU,MED_ICU_PATIENT_DUCT_DETAIL,,0,0,Docare 手术麻醉系统,,,live_metadata,,platform
MEDICU,MED_ICU_PATIENT_DUCT_INFO,,0,0,Docare 手术麻醉系统,,,live_metadata,,platform
MEDICU,MED_ICU_PERMISSION,,144,0,Docare 手术麻醉系统,,,live_metadata,,platform
MEDICU,MED_ICU_QC,"质控维护表（字段前加A代表自动生成可修改）(1是,0/null否)",0,0,Docare 手术麻醉系统,,,live_metadata,,platform
MEDICU,MED_ICU_QC_DISEASEDICT,疾病得分字典,16,0,Docare 手术麻醉系统,,,live_metadata,,platform
MEDICU,MED_ICU_QC_HOSPITAL,质控全院数据维护,0,0,Docare 手术麻醉系统,,,live_metadata,,platform
MEDICU,MED_ICU_RESCUE_TIME_REC,,0,0,Docare 手术麻醉系统,,,live_metadata,,platform
MEDICU,MED_ICU_SCORE_ASA,,0,0,Docare 手术麻醉系统,,,live_metadata,,platform
MEDICU,MED_ICU_SHOW_DICT,,1,0,Docare 手术麻醉系统,,,live_metadata,,platform
MEDICU,MED_ICU_SHOW_SUB_DICT,,5,0,Docare 手术麻醉系统,,,live_metadata,,platform
MEDICU,MED_ICU_SMALL_F_AID_KIT,,0,0,Docare 手术麻醉系统,,,live_metadata,,platform
MEDICU,MED_ICU_SPECIAL_HANDOVER,,0,0,Docare 手术麻醉系统,,,live_metadata,,platform
MEDICU,MED_ICU_SPECIAL_RECORD,,0,0,Docare 手术麻醉系统,,,live_metadata,,platform
MEDICU,MED_ICU_STATISTICS_REC,,1,0,Docare 手术麻醉系统,,,live_metadata,,platform
MEDICU,MED_ICU_TOOLBAR_REC,工具栏按钮记录,9,0,Docare 手术麻醉系统,,,live_metadata,,platform
MEDICU,MED_ICU_TRAIN_REC,,0,0,Docare 手术麻醉系统,,,live_metadata,,platform
MEDICU,MED_ICUTRAUMA,,0,0,Docare 手术麻醉系统,,,live_metadata,,platform
MEDICU,MED_ICU_UNIT_TRANS_DICT,医嘱单位剂量转换用表,0,0,Docare 手术麻醉系统,,,live_metadata,,platform
MEDICU,MED_ICU_USER_IMAGE,,0,0,Docare 手术麻醉系统,,,live_metadata,,platform
MEDICU,MED_ICU_USER_PROFILEITEM,,0,0,Docare 手术麻醉系统,,,live_metadata,,platform
MEDICU,MED_ICU_VALUE_TYPE_DICT,,5,0,Docare 手术麻醉系统,,,live_metadata,,platform
MEDICU,MED_ICU_WEEK_SUMMRAY_REC,,0,0,Docare 手术麻醉系统,,,live_metadata,,platform
MEDICU,MED_IMPORTANT_VITAL_ITEM,,0,0,Docare 手术麻醉系统,,,live_metadata,,platform
MEDICU,MED_INFECTION_DICT,"感染字典表-保存感染部位, 病原体字典",32,0,Docare 手术麻醉系统,,,live_metadata,,platform
MEDICU,MED_INFECTION_RECORD,感染记录,0,0,Docare 手术麻醉系统,,,live_metadata,,platform
MEDICU,MED_IN_OR_OUT_REC,,0,0,Docare 手术麻醉系统,,,live_metadata,,platform
MEDICU,MED_ISS_TRS_TRISS_SCORING,,0,0,Docare 手术麻醉系统,,,live_metadata,,platform
MEDICU,MED_JOHNS_SCORING_RESULT,,0,0,Docare 手术麻醉系统,,,live_metadata,,platform
MEDICU,MED_LAB_TEST_CATEGORY_DICT,,72,0,Docare 手术麻醉系统,,,live_metadata,,platform
MEDICU,MED_LUTZ_SCORING_RESULT,,0,0,Docare 手术麻醉系统,,,live_metadata,,platform
MEDICU,MED_MEDICINE_CATEGORY,,0,0,Docare 手术麻醉系统,,,live_metadata,,platform
MEDICU,MED_MEDICINE_IN_CATEGORY,,0,0,Docare 手术麻醉系统,,,live_metadata,,platform
MEDICU,MED_MEDS_SCORING_RESULT,,0,0,Docare 手术麻醉系统,,,live_metadata,,platform
MEDICU,MED_MODS2_SCORING_DETAIL,,0,0,Docare 手术麻醉系统,,,live_metadata,,platform
MEDICU,MED_MODS_SCORING_RESULT_DETAIL,,0,0,Docare 手术麻醉系统,,,live_metadata,,platform
MEDICU,MED_MONITOR_ABNORMAL_DATA_DICT,,5,0,Docare 手术麻醉系统,,,live_metadata,,platform
MEDICU,MED_MONITOR_PATIENT,客户端监控患者表,0,0,Docare 手术麻醉系统,,,live_metadata,,platform
MEDICU,MED_MPM_SCORING,,0,0,Docare 手术麻醉系统,,,live_metadata,,platform
MEDICU,MED_NAME_COMPARISON,,15,0,Docare 手术麻醉系统,,,live_metadata,,platform
MEDICU,MED_NEW_TECHNOLOGY_REG,新技术临床应用登记表,0,0,Docare 手术麻醉系统,,,live_metadata,,platform
MEDICU,MED_NORT_SCORING_RESULT_DETAIL,NORT感染评分表,0,0,Docare 手术麻醉系统,,,live_metadata,,platform
MEDICU,MED_NOT_MEDICAL_ORDER,,0,0,Docare 手术麻醉系统,,,live_metadata,,platform
MEDICU,MED_NTISS_SCORING_RESULT,,0,0,Docare 手术麻醉系统,,,live_metadata,,platform
MEDICU,MED_NURSE_LEAVE_LOG,护理人员离位登记,0,0,Docare 手术麻醉系统,,,live_metadata,,platform
MEDICU,MED_NURSE_PAGE_REC,特护单打印页码记录表,0,0,Docare 手术麻醉系统,,,live_metadata,,platform
MEDICU,MED_NURSE_SCHEDULE,护理人员排班表,0,0,Docare 手术麻醉系统,,,live_metadata,,platform
MEDICU,MED_NURSE_SCHEDULE_CONFIG,,0,0,Docare 手术麻醉系统,,,live_metadata,,platform
MEDICU,MED_NURSE_SCHEDULE_DETAIL,,0,0,Docare 手术麻醉系统,,,live_metadata,,platform
MEDICU,MED_NURSE_SCHEDULE_DETAIL_REL,,0,0,Docare 手术麻醉系统,,,live_metadata,,platform
MEDICU,MED_NURSE_SCHEDULE_GROUP,,0,0,Docare 手术麻醉系统,,,live_metadata,,platform
MEDICU,MED_NURSE_SCHEDULE_REM,护理人员排班表,0,0,Docare 手术麻醉系统,,,live_metadata,,platform
MEDICU,MED_NURSING_PLAN_DETAIL,护理计划明细记录,0,0,Docare 手术麻醉系统,,,live_metadata,,platform
MEDICU,MED_NURSING_PLAN_MASTER,护理计划主记录,0,0,Docare 手术麻醉系统,,,live_metadata,,platform
MEDICU,MED_NURSING_SCHEDULE_TYPE,班次类别描述,0,0,Docare 手术麻醉系统,,,live_metadata,,platform
MEDICU,MED_NURSING_SIGNING_REC,护理单签名记录,0,0,Docare 手术麻醉系统,,,live_metadata,,platform
MEDICU,MED_ORDER_ABBR_ATTR_DICT,,0,0,Docare 手术麻醉系统,,,live_metadata,,platform
MEDICU,MED_ORDER_CLASSIFY,,19,0,Docare 手术麻醉系统,,,live_metadata,,platform
MEDICU,MED_ORDER_COLUMN_CONFIG,,18,0,Docare 手术麻醉系统,,,live_metadata,,platform
MEDICU,MED_ORDER_EXEC_DETAIL,,0,0,Docare 手术麻醉系统,,,live_metadata,,platform
MEDICU,MED_ORDER_EXEC_INFORMATION,,0,0,Docare 手术麻醉系统,,,live_metadata,,platform
MEDICU,MED_ORDER_EXEC_MOBILE_TEMP,,0,0,Docare 手术麻醉系统,,,live_metadata,,platform
MEDICU,MED_ORDER_OPERATE_RECORD,,0,0,Docare 手术麻醉系统,,,live_metadata,,platform
MEDICU,MED_ORDER_SPEED,,0,0,Docare 手术麻醉系统,,,live_metadata,,platform
MEDICU,MED_PAGE_COUNT,,0,0,Docare 手术麻醉系统,,,live_metadata,,platform
MEDICU,MED_PAGE_XUDA_FJSL,,0,0,Docare 手术麻醉系统,,,live_metadata,,platform
MEDICU,MED_PARS_SCORING_RESULT,PARS麻醉评分,0,0,Docare 手术麻醉系统,,,live_metadata,,platform
MEDICU,MED_PATIENT_ABNORMAL_DATA_REC,,0,0,Docare 手术麻醉系统,,,live_metadata,,platform
MEDICU,MED_PATIENT_EQUIP_USING_REC,,0,0,Docare 手术麻醉系统,,,live_metadata,,platform
MEDICU,MED_PATIENT_ESTIMATE_RECORD,,0,0,Docare 手术麻醉系统,,,live_metadata,,platform
MEDICU,MED_PATIENT_NURSING_FORM_REC,,0,0,Docare 手术麻醉系统,,,live_metadata,,platform
MEDICU,MED_PATIENT_NURSING_MEMO_REC,,0,0,Docare 手术麻醉系统,,,live_metadata,,platform
MEDICU,MED_PATIENT_NURSING_REC,,0,0,Docare 手术麻醉系统,,,live_metadata,,platform
MEDICU,MED_PATIENT_NURSING_REC_LOG,,0,0,Docare 手术麻醉系统,,,live_metadata,,platform
MEDICU,MED_PATIENT_ORDER_COMPL_REC,,0,0,Docare 手术麻醉系统,,,live_metadata,,platform
MEDICU,MED_PATIENT_ORDER_EXEC_REC,,0,0,Docare 手术麻醉系统,,,live_metadata,,platform
MEDICU,MED_PATIENT_QIANGJIU,,0,0,Docare 手术麻醉系统,,,live_metadata,,platform
MEDICU,MED_PATIENT_SCORING_RESULT,,0,0,Docare 手术麻醉系统,,,live_metadata,,platform
MEDICU,MED_PATIENT_STATUS,,0,0,Docare 手术麻醉系统,,,live_metadata,,platform
MEDICU,MED_PATIENT_TAG,,0,0,Docare 手术麻醉系统,,,live_metadata,,platform
MEDICU,MED_PATIENT_TRANS_REC,,0,0,Docare 手术麻醉系统,,,live_metadata,,platform
MEDICU,MED_PAT_INFOMATION_CHANGED_REC,,0,0,Docare 手术麻醉系统,,,live_metadata,,platform
MEDICU,MED_PAT_INFO_STATISTICS,,0,0,Docare 手术麻醉系统,,,live_metadata,,platform
MEDICU,MED_PAT_INICU_INFORMATION,,1,0,Docare 手术麻醉系统,,,live_metadata,,platform
MEDICU,MED_PAT_QC_INFORMATION,,0,0,Docare 手术麻醉系统,,,live_metadata,,platform
MEDICU,MED_PATS_INOUTDEPT_REC,,0,0,Docare 手术麻醉系统,,,live_metadata,,platform
MEDICU,MED_PDA_ORDERS_GROUP,,0,0,Docare 手术麻醉系统,,,live_metadata,,platform
MEDICU,MED_PELOD_SCORING_RESULT,,0,0,Docare 手术麻醉系统,,,live_metadata,,platform
MEDICU,MED_PRE_SCORING_RESULT_DETAIL,,0,0,Docare 手术麻醉系统,,,live_metadata,,platform
MEDICU,MED_PRESSURE_SORE_ASSESSMENT,,0,0,Docare 手术麻醉系统,,,live_metadata,,platform
MEDICU,MED_PRISM_SCORING_RESULT,,0,0,Docare 手术麻醉系统,,,live_metadata,,platform
MEDICU,MED_PUMP_ORDER_EXTEND_INFO,泵人药医嘱的扩展信息表,0,0,Docare 手术麻醉系统,,,live_metadata,,platform
MEDICU,MED_PUMP_VS_DRUG,1.3  医用泵与用药关联表,0,0,Docare 手术麻醉系统,,,live_metadata,,platform
MEDICU,MED_QCMONTHLY,,0,0,Docare 手术麻醉系统,,,live_metadata,,platform
MEDICU,MED_RAMSAYSCORE,,0,0,Docare 手术麻醉系统,,,live_metadata,,platform
MEDICU,MED_RTS_SCORING_RESULT,,0,0,Docare 手术麻醉系统,,,live_metadata,,platform
MEDICU,MED_SAPS2_SCORING_RESULT,,0,0,Docare 手术麻醉系统,,,live_metadata,,platform
MEDICU,MED_SCORE_DETAIL,评分选项明细表,0,0,Docare 手术麻醉系统,,,live_metadata,,platform
MEDICU,MED_SCORING_ITEM_LIST,,0,0,Docare 手术麻醉系统,,,live_metadata,,platform
MEDICU,MED_SCORING_METHOD_DICT,,0,0,Docare 手术麻醉系统,,,live_metadata,,platform
MEDICU,MED_SCORING_VALUE_MEMO_DICT,,0,0,Docare 手术麻醉系统,,,live_metadata,,platform
MEDICU,MED_SENSITIVITY_RESULT,药敏实验结果表,0,0,Docare 手术麻醉系统,,,live_metadata,,platform
MEDICU,MED_SHORTNAME_DICT,,0,0,Docare 手术麻醉系统,,,live_metadata,,platform
MEDICU,MED_SIRS_S_SCORING_RESULT,,0,0,Docare 手术麻醉系统,,,live_metadata,,platform
MEDICU,MED_SMARTREPORT_MAPPINGDATA,,0,0,Docare 手术麻醉系统,,,live_metadata,,platform
MEDICU,MED_SMARTREPORT_TEMPLATE,,0,0,Docare 手术麻醉系统,,,live_metadata,,platform
MEDICU,MED_SOFA_SCORING_RESULT_DETAIL,,0,0,Docare 手术麻醉系统,,,live_metadata,,platform
MEDICU,MED_SPECIALCARE_CONFIG,,680,0,Docare 手术麻醉系统,,,live_metadata,,platform
MEDICU,MED_SPECIALCARE_CUSTOM_CELL,,0,0,Docare 手术麻醉系统,,,live_metadata,,platform
MEDICU,MED_SPECIALCARE_DICT,,69,0,Docare 手术麻醉系统,,,live_metadata,,platform
MEDICU,MED_SPECIALCARE_FIELD_CONFIG,,17,0,Docare 手术麻醉系统,,,live_metadata,,platform
MEDICU,MED_SPECIAL_CURVE_FOR_PATIENT,,5,0,Docare 手术麻醉系统,,,live_metadata,,platform
MEDICU,MED_SPECIAL_MONIT_FOR_PATIENT,,0,0,Docare 手术麻醉系统,,,live_metadata,,platform
MEDICU,MED_SSS_SCORING_RESULT_DETAIL,,0,0,Docare 手术麻醉系统,,,live_metadata,,platform
MEDICU,MED_SSSS_SCORING_RESULT_DETAIL,,0,0,Docare 手术麻醉系统,,,live_metadata,,platform
MEDICU,MED_STAFFS,,0,0,Docare 手术麻醉系统,,,live_metadata,,platform
MEDICU,MED_TEMPERATURE_EVENT,,0,0,Docare 手术麻醉系统,,,live_metadata,,platform
MEDICU,MED_TISS28_SCORING,,0,0,Docare 手术麻醉系统,,,live_metadata,,platform
MEDICU,MED_TISS_SCORING_RESULT_DETAIL,,0,0,Docare 手术麻醉系统,,,live_metadata,,platform
MEDICU,MED_TREATMENTFLOW_BASIC_DATA,,0,0,Docare 手术麻醉系统,,,live_metadata,,platform
MEDICU,MED_TREATMENTFLOW_NOURISHMENT,"营养品字典表,维护医院使用的营养品",0,0,Docare 手术麻醉系统,,,live_metadata,,platform
MEDICU,MED_TREATMENTFLOW_RESULT_DATA,,0,0,Docare 手术麻醉系统,,,live_metadata,,platform
MEDICU,MED_TREATMENTFLOW_TEMPLATE,,0,0,Docare 手术麻醉系统,,,live_metadata,,platform
MEDICU,MED_TREND_ANALYSIS_CHART_MAIN,,19,0,Docare 手术麻醉系统,,,live_metadata,,platform
MEDICU,MED_TREND_ANALYSIS_DETAIL,,38,0,Docare 手术麻醉系统,,,live_metadata,,platform
MEDICU,MED_TREND_ANALYSIS_TAG,,0,0,Docare 手术麻醉系统,,,live_metadata,,platform
MEDICU,MED_UNDERWRITE,,0,0,Docare 手术麻醉系统,,,live_metadata,,platform
MEDICU,MED_USER_CA_BINDED_INFO,,0,0,Docare 手术麻醉系统,,,live_metadata,,platform
MEDICU,MED_USER_KEY_INFO,,0,0,Docare 手术麻醉系统,,,live_metadata,,platform
MEDICU,MED_USER_MAINTAIN_INFO,,0,0,Docare 手术麻醉系统,,,live_metadata,,platform
MEDICU,MED_USERS_GROUPS,,0,0,Docare 手术麻醉系统,,,live_metadata,,platform
MEDICU,MED_VALUES_CHANGED_REC,,0,0,Docare 手术麻醉系统,,,live_metadata,,platform
MEDICU,MED_VITAL_SIGNS_CHANGED_REC,,0,0,Docare 手术麻醉系统,,,live_metadata,,platform
MEDICU,MED_VITAL_SIGNS_DEC_FOR_DOCTOR,,0,0,Docare 手术麻醉系统,,,live_metadata,,platform
MEDICU,MED_VITAL_SIGNS_REC,,0,0,Docare 手术麻醉系统,,,live_metadata,,platform
MEDICU,MED_VITAL_SIGNS_REC_TEMP,,0,0,Docare 手术麻醉系统,,,live_metadata,,platform
MEDICU,MED_VITAL_SIGNS_TEST_WARNING,,0,0,Docare 手术麻醉系统,,,live_metadata,,platform
MEDREC,结果,,,10,患者主数据,,,,非核心表，保留候选,platform
MEDREC,ADDRESS_DETAILED_DICT,,,5,患者主数据,,DETAILED_ADDRESS_NAME,,基础字典/维表,platform
MEDREC,A_JBYINGSHE,,,4,患者主数据,,,,非核心表，保留候选,platform
MEDREC,ALERGY_DRUGS_DICT,,,4,患者主数据,,ALERGY_DRUGS_NAME,,基础字典/维表,platform
MEDREC,ALTER_TYPE_DICT,,,2,患者主数据,,,,基础字典/维表,platform
MEDREC,A_SSYINGSHE,,,4,患者主数据,,,,非核心表，保留候选,platform
MEDREC,A_SSYINGSHE2,,,4,患者主数据,,,,非核心表，保留候选,platform
MEDREC,AUTH_LOG,,,9,患者主数据,,SERIAL_NO,,,platform
MEDREC,A_ZDYINGSHE,,,4,患者主数据,,,,非核心表，保留候选,platform
MEDREC,BLOOD_TRANSFUSION,,,11,患者主数据,,PATIENT_ID+VISIT_ID,,非核心表，保留候选,platform
MEDREC,CARD_ALTER_INFO,,,9,患者主数据,,CARD_NO+ALTER_TYPE+ALTER_DATE,,非核心表，保留候选,platform
MEDREC,CARD_STATUS_DICT,,,2,患者主数据,,,,基础字典/维表,platform
MEDREC,CARD_TYPE_DICT,,,6,患者主数据,,CARD_TYPE_NO,,基础字典/维表,platform
MEDREC,CARE_UNIT_DICT,,,4,患者主数据,,,,基础字典/维表,platform
MEDREC,CARE_UNIT_USAGE,,,5,患者主数据,,,,非核心表，保留候选,platform
MEDREC,CEQ$FAMILY_DICT,,,22,患者主数据,,,,基础字典/维表,platform
MEDREC,CLG$FAMILY_DICT,,,4,患者主数据,,,,基础字典/维表,platform
MEDREC,CVR$FAMILY_DICT,,,4,患者主数据,,,,基础字典/维表,platform
MEDREC,DEPT_OUTP_HUBEI,,,15,患者主数据,,ST_DATE+GROUP_CODE+EXAM_CLASS_CODE,,基础字典/维表,platform
MEDREC,DEPT_STAFF_MANAGER_DICT,,,5,患者主数据,,DEPT_CODE,,基础字典/维表,platform
MEDREC,DEPT_STAT_VS_HIS_DEPT,,,5,患者主数据,,,,基础字典/维表,platform
MEDREC,DEPT_TECH_HUBEI,,,9,患者主数据,,ST_DATE+GROUP_CODE+EXAM_CLASS_CODE,,基础字典/维表,platform
MEDREC,DIAG_COMPARING,,,4,患者主数据,,PATIENT_ID+VISIT_ID+DIAG_COMPARE_GROUP,,非核心表，保留候选,platform
MEDREC,DIAGNOSIS,,,23,患者主数据,,PATIENT_ID+VISIT_ID+DIAGNOSIS_TYPE+DIAGNOSIS_NO,,核心业务事实/主线表,platform
MEDREC,DIAGNOSIS_BACKUP2025,,,21,患者主数据,,,,,platform
MEDREC,DIAGNOSIS_BK,,,18,患者主数据,,,,,platform
MEDREC,DIAGNOSIS_C0525325,,,22,患者主数据,,,,非核心表，保留候选,platform
MEDREC,DIAGNOSIS_EMR,,,11,患者主数据,,,,非核心表，保留候选,platform
MEDREC,DIAGNOSTIC_CATEGORY,,,6,患者主数据,,PATIENT_ID+VISIT_ID+DIAGNOSIS_TYPE+DIAGNOSIS_NO+DIAGNOSIS_CODE,,非核心表，保留候选,platform
MEDREC,DISEASE_SOURCE_REC,,,27,患者主数据,,SERIAL_NO,,非核心表，保留候选,platform
MEDREC,DISEASE_TYPE_DICT,,,2,患者主数据,,SERIAL_NO,,基础字典/维表,platform
MEDREC,EVAL_ITEM_DICT,,,3,患者主数据,,EVAL_ITEM,,基础字典/维表,platform
MEDREC,FAMILY_DICT,,,17,患者主数据,,PATIENT_ID+IDENTITY,,基础字典/维表,platform
MEDREC,GJFXJC,,,69,患者主数据,,,,非核心表，保留候选,platform
MEDREC,ID_TYPE_DICT,,,5,患者主数据,,,,基础字典/维表,platform
MEDREC,INNER_ICD_VS_PUB_ICD,,,4,患者主数据,,,,非核心表，保留候选,platform
MEDREC,INP_DISCHARGED_ARREAR_REC,,,7,患者主数据,,SETTLED_RCPT_NO,,非核心表，保留候选,platform
MEDREC,INP_MR_REC,,,6,患者主数据,,PATIENT_ID+MR_CREATE_DATE,,非核心表，保留候选,platform
MEDREC,INPNO_MODIFY_LOG,,,4,患者主数据,,OLD_INP_NO+NEW_INP_NO+MODIFY_DATE,,,platform
MEDREC,INSUR_DISCHARGE_DISP_DICT,,,5,患者主数据,,,,基础字典/维表,platform
MEDREC,INSUR_MR_FEE_CLASS_DICT,,,4,患者主数据,,,,基础字典/维表,platform
MEDREC,JH_OPERATION,,,27,患者主数据,,PATIENT_ID+VISIT_ID+OPERATION_NO,,非核心表，保留候选,platform
MEDREC,MDC_CASE_RECORD,,,12,患者主数据,,SERIAL_NO,,非核心表，保留候选,platform
MEDREC,MDC_CLASS_DICT,,,6,患者主数据,,SERIAL_NO,,基础字典/维表,platform
MEDREC,MEDCARD_ADDRESS_REC,,,3,患者主数据,,ITEM_NAME,,非核心表，保留候选,platform
MEDREC,MEDCARD_CONFIG,,,7,患者主数据,,HOSPITAL_CODE,,非核心表，保留候选,platform
MEDREC,MEDICAL_ADDITION_COSTS,,,5,患者主数据,,PATIENT_ID+VISIT_ID+ADD_FEE_CLASS_CODE,,非核心表，保留候选,platform
MEDREC,MEDICAL_CARD_EHEALTH,,,10,患者主数据,,,,非核心表，保留候选,platform
MEDREC,MEDICAL_CARD_LOG,,,5,患者主数据,,CARD_NO+CHANGE_DATE,,,platform
MEDREC,MEDICAL_CARD_MEMO,,,21,患者主数据,,CARD_NO,,非核心表，保留候选,platform
MEDREC,MEDICAL_CARD_MEMO_BARCODE,,,2,患者主数据,,CARD_NO,,基础字典/维表,platform
MEDREC,MEDICAL_CARD_NUM_RECORD,,,6,患者主数据,,,,非核心表，保留候选,platform
MEDREC,MEDICAL_CARD_TYPE_DICT,,,9,患者主数据,,TYPE_NAME,,基础字典/维表,platform
MEDREC,MEDICAL_CARD_VS_IDNO,,,10,患者主数据,,ID_NO+PATIENT_ID+ID_TYPE,,非核心表，保留候选,platform
MEDREC,MEDICAL_CARD_VS_IDNO_DEL_BK,,,10,患者主数据,,,,,platform
MEDREC,MEDICAL_COSTS,,,5,患者主数据,,PATIENT_ID+VISIT_ID+FEE_TYPE,,非核心表，保留候选,platform
MEDREC,MEDICAL_RECORD_REVIEW_TABLE,,,10,患者主数据,,PATIENT_ID+VISIT_ID,,非核心表，保留候选,platform
MEDREC,MEDICALSYS_FIRST_DIAGNOSE,,,32,患者主数据,,SERIAL_NO,,非核心表，保留候选,platform
MEDREC,MED_ICU_DICT,,,5,患者主数据,,,,基础字典/维表,platform
MEDREC,MODEL_ITEMS,,,10,患者主数据,,FLAG+ITEM_PROJECT+SUB_ITEM_PROJECT+OPERATOR_NO+DEPT_CODE+ITEM_PROJECT_CONTENT,,非核心表，保留候选,platform
MEDREC,MODEL_ITEMS_SELECT,,,7,患者主数据,,,,非核心表，保留候选,platform
MEDREC,MODEL_PROJECT_DICT,,,5,患者主数据,,SERIAL_NO,,基础字典/维表,platform
MEDREC,MR_AREA_DICT,,,6,患者主数据,,AREA_CODE,,基础字典/维表,platform
MEDREC,MR_AREA_DICT_20201126,,,6,患者主数据,,AREA_CODE,,基础字典/维表,platform
MEDREC,MR_AREA_DICT_SY,,,6,患者主数据,,,,基础字典/维表,platform
MEDREC,MR_BASE_DICT,,,5,患者主数据,,SUPER_CODE+ITEM_CODE,,基础字典/维表,platform
MEDREC,MR_BILL_COSTS,,,5,患者主数据,,PATIENT_ID+VISIT_ID+MR_BILL_CLASS,,非核心表，保留候选,platform
MEDREC,MR_BILL_COSTS1,,,5,患者主数据,,PATIENT_ID+VISIT_ID+MR_BILL_CLASS,,非核心表，保留候选,platform
MEDREC,MR_BILL_COSTSAA,,,5,患者主数据,,,,非核心表，保留候选,platform
MEDREC,MR_BILL_COSTS_PATIENTINF,,,2,患者主数据,,,,非核心表，保留候选,platform
MEDREC,MR_CATALOGER_VS_DEPT,,,2,患者主数据,,,,,platform
MEDREC,MR_COMM_VS_HIS_COMM,,,5,患者主数据,,CLASS_CODE+HIS_CODE+MR_CODE,,非核心表，保留候选,platform
MEDREC,MR_COPY_REC,,,11,患者主数据,,MR_CLASS+MR_NO+COPY_DATE,,,platform
MEDREC,MR_DIAG_COMPARING,,,4,患者主数据,,PATIENT_ID+VISIT_ID+DIAG_COMPARE_GROUP,,非核心表，保留候选,platform
MEDREC,MR_DIAGNOSIS,,,13,患者主数据,,PATIENT_ID+VISIT_ID+DIAGNOSIS_TYPE+DIAGNOSIS_NO,,非核心表，保留候选,platform
MEDREC,MR_FILE_INDEX,,,29,患者主数据,,PATIENT_ID+VISIT_ID+FILE_NO,,非核心表，保留候选,platform
MEDREC,MR_HOSPITAL_OPN_RECORD,,,9,患者主数据,,MR_DATE+MR_DEPT,,非核心表，保留候选,platform
MEDREC,MR_INDEX,,,10,患者主数据,,PATIENT_ID+VISIT_ID,,非核心表，保留候选,platform
MEDREC,MR_LOCATION_DICT,,,3,患者主数据,,MR_CLASS+MR_LOCATION_NAME,,基础字典/维表,platform
MEDREC,MR_ON_LINE,,,11,患者主数据,,REQUEST_DOCTOR_ID+PATIENT_ID+VISIT_ID,,非核心表，保留候选,platform
MEDREC,MR_OPERATION,,,18,患者主数据,,PATIENT_ID+VISIT_ID+OPERATION_NO,,非核心表，保留候选,platform
MEDREC,MR_PAPER_DESC,,,9,患者主数据,,PAPER_SIZE+BIND_POSITION,,非核心表，保留候选,platform
MEDREC,MR_PAT_VISIT,,,157,患者主数据,,PATIENT_ID+VISIT_ID,,非核心表，保留候选,platform
MEDREC,MR_QUERY_CONDITION,,,2,患者主数据,,,,非核心表，保留候选,platform
MEDREC,MR_RCD_BABY,,,10,患者主数据,,,,非核心表，保留候选,platform
MEDREC,MR_RCD_MOM,,,9,患者主数据,,,,非核心表，保留候选,platform
MEDREC,MR_READ_LOG,,,10,患者主数据,,PATIENT_ID+VISIT_ID+REQUISITION_DATE+REQUISITION_DEPT,,,platform
MEDREC,MR_REC,,,11,患者主数据,,MR_CLASS+MR_NO,,非核心表，保留候选,platform
MEDREC,MR_REPORT_BJ01,,,21,患者主数据,,,,非核心表，保留候选,platform
MEDREC,MR_REPORT_BJ02,,,28,患者主数据,,,,非核心表，保留候选,platform
MEDREC,MR_REPORT_BJ03,,,41,患者主数据,,,,非核心表，保留候选,platform
MEDREC,MR_REPORT_BJ04,,,36,患者主数据,,,,非核心表，保留候选,platform
MEDREC,MR_REPORT_BJ05,,,28,患者主数据,,,,非核心表，保留候选,platform
MEDREC,MR_REPORT_BJ10,,,70,患者主数据,,,,非核心表，保留候选,platform
MEDREC,MR_REPORT_DATA,,,37,患者主数据,,,,非核心表，保留候选,platform
MEDREC,MR_REPORT_DEPT,,,9,患者主数据,,,,非核心表，保留候选,platform
MEDREC,MR_REPORT_DIAG,,,9,患者主数据,,,,非核心表，保留候选,platform
MEDREC,MR_REPORT_ITEM,,,9,患者主数据,,,,非核心表，保留候选,platform
MEDREC,MR_REPORT_PRTST,,,12,患者主数据,,,,非核心表，保留候选,platform
MEDREC,MR_REPORT_SORTSET,,,10,患者主数据,,,,非核心表，保留候选,platform
MEDREC,MR_REPORT_SQL,,,9,患者主数据,,,,非核心表，保留候选,platform
MEDREC,MR_REPORT_SYNTAX,,,5,患者主数据,,,,非核心表，保留候选,platform
MEDREC,MR_RETURN_TERM,,,2,患者主数据,,TERM_BEGIN,,非核心表，保留候选,platform
MEDREC,MR_SYSPARM,,,4,患者主数据,,,,非核心表，保留候选,platform
MEDREC,MR_TEMPLET_INDEX,,,9,患者主数据,,TEMPLET_ID,,,platform
MEDREC,MR_TEMPLET_SELECTION,,,2,患者主数据,,USER_NAME+TEMPLET_ID,,,platform
MEDREC,MR_TRACE_LOG,,,10,患者主数据,,MR_CLASS+MR_NO+RELEASED_DATE_TIME,,,platform
MEDREC,MR_TRANSFER,,,8,患者主数据,,PATIENT_ID+VISIT_ID+ADMISSION_DATE_TIME,,非核心表，保留候选,platform
MEDREC,MR_WORK_PATH,,,5,患者主数据,,MR_PATH,,非核心表，保留候选,platform
MEDREC,MR_WT2_INTERFACE,,,30,患者主数据,,USERNAME+ZFZJLB+SFZHM,,,platform
MEDREC,MR_WT3_INTERFACE,,,13,患者主数据,,SBDH,,,platform
MEDREC,MR_WT4_1_INTERFACE,,,232,患者主数据,,BAH+ZYCS,,,platform
MEDREC,MR_WT4_2_INTERFACE,,,242,患者主数据,,BAH+ZYCS,,,platform
MEDREC,MR_WT4_INTERFACE,,,39,患者主数据,,BAH+ZYCS+RYRQ,,,platform
MEDREC,MR_WT5_INTERFACE,,,146,患者主数据,,S0103+S0102,,,platform
MEDREC,MR_WT_TWO_THREE,,,18,患者主数据,,MR_DATE,,非核心表，保留候选,platform
MEDREC,NEWBORN_EVAL,,,9,患者主数据,,PATIENT_ID+EVAL_DATE+EVAL_ITEM,,非核心表，保留候选,platform
MEDREC,NEWBORN_REC,,,75,患者主数据,,PATIENT_ID,,非核心表，保留候选,platform
MEDREC,ONLY_ID,,,4,患者主数据,,,,非核心表，保留候选,platform
MEDREC,OPERATION,,,31,患者主数据,,PATIENT_ID+VISIT_ID+OPERATION_NO,,核心业务事实/主线表,platform
MEDREC,OPERATION_1,,,20,患者主数据,,PATIENT_ID+VISIT_ID+OPERATION_NO,,非核心表，保留候选,platform
MEDREC,OPERATION_BK,,,21,患者主数据,,,,,platform
MEDREC,OPER_SETTLE_CARD,,,18,患者主数据,,OPERATOR+START_DATE+END_DATE,,非核心表，保留候选,platform
MEDREC,PAT_ICU_RECORD,,,7,患者主数据,,,,非核心表，保留候选,platform
MEDREC,PATIENT_CARD_INFO,,,13,患者主数据,,CARD_NO,,非核心表，保留候选,platform
MEDREC,PAT_MASTER_INDEX,,,113,患者主数据,,PATIENT_ID,,核心业务事实/主线表,platform
MEDREC,PAT_MASTER_INDEX_COPY1,,,113,患者主数据,,PATIENT_ID,,,platform
MEDREC,PAT_MASTER_RENAME_LOG,,,9,患者主数据,,ENTER_DATE+PATIENT_ID,,,platform
MEDREC,PAT_VISIT,,,268,患者主数据,,PATIENT_ID+VISIT_ID,,核心业务事实/主线表,platform
MEDREC,PAT_VISIT_ATTACHED,,,6,患者主数据,,,,非核心表，保留候选,platform
MEDREC,PAT_VISIT_BACKUP2025,,,267,患者主数据,,,,,platform
MEDREC,PAT_VISIT_BACKUP2026_0114,,,269,患者主数据,,,,,platform
MEDREC,PAT_VISIT_BIS,,,8,患者主数据,,PATIENT_ID+VISIT_ID,,非核心表，保留候选,platform
MEDREC,PAT_VISIT_CANCEL,,,7,患者主数据,,,,非核心表，保留候选,platform
MEDREC,PAT_VISIT_EXTEND,,,9,患者主数据,,,,非核心表，保留候选,platform
MEDREC,PAT_VISIT_INSURE,,,5,患者主数据,,PATIENT_ID+VISIT_ID,,非核心表，保留候选,platform
MEDREC,PAT_VISIT_NEW,,,12,患者主数据,,PATIENT_ID+VISIT_ID,,非核心表，保留候选,platform
MEDREC,PAT_VISIT_NEW_BACKUP2026_0114,,,12,患者主数据,,,,,platform
MEDREC,PAT_VISIT_PDF,,,9,患者主数据,,PATIENT_ID+VISIT_ID,,非核心表，保留候选,platform
MEDREC,PAT_VISIT_PDF_DETAIL,,,13,患者主数据,,PATIENT_ID+VISIT_ID+PDF_FILE+CREATE_DATE,,非核心表，保留候选,platform
MEDREC,PAT_VISIT_TEMP,,,10,患者主数据,,,,,platform
MEDREC,PERSON,,,3,患者主数据,,ID,,非核心表，保留候选,platform
MEDREC,PMI_MERGED_LOG,,,4,患者主数据,,PID_MERGED+PID_RETAINED+MERGED_DATE,,,platform
MEDREC,STAT_DEPT_DICT,,,5,患者主数据,,STAT_DEPT_CODE,,基础字典/维表,platform
MEDREC,STAT_DEPT_VS_HIS_DEPT,,,3,患者主数据,,STAT_DEPT_CODE+DEPT_CODE,,基础字典/维表,platform
MEDREC,STAT_ICU_VS_HIS_ICU,,,2,患者主数据,,STAT_DEPT_CODE+DEPT_CODE,,非核心表，保留候选,platform
MEDREC,STAT_OCCUPATION_DICT,,,5,患者主数据,,,,基础字典/维表,platform
MEDREC,STAT_SINGLE_DIAGNOSIS,,,2,患者主数据,,DIAGNOSIS_CODE,,非核心表，保留候选,platform
MEDREC,STAT_VS_CHARGE_TYPE,,,9,患者主数据,,STAT_CODE+CHARGE_CODE,,非核心表，保留候选,platform
MEDREC,STAT_VS_CHARGE_TYPE_NEW,,,5,患者主数据,,STAT_CODE+CHARGE_CODE,,非核心表，保留候选,platform
MEDREC,STAT_VS_HIS_ANAESTHESIA,,,2,患者主数据,,STAT_CODE+ANAESTHESIA_CODE,,非核心表，保留候选,platform
MEDREC,STAT_VS_HIS_DISCHARGE,,,2,患者主数据,,STAT_CODE+DISCHARGE_CODE,,非核心表，保留候选,platform
MEDREC,STAT_VS_HIS_RELATION,,,2,患者主数据,,STAT_CODE+RELATION_CODE,,非核心表，保留候选,platform
MEDREC,TONGREN_PAT_VISIT,,,3,患者主数据,,INP_NO+VISIT_ID,,非核心表，保留候选,platform
MEDREC,TRANSFER,,,13,患者主数据,,PATIENT_ID+VISIT_ID+ADMISSION_DATE_TIME,,非核心表，保留候选,platform
MEDREC,TRANSFER_BACKUP2025,,,13,患者主数据,,,,,platform
MEDREC,TRANSFER_C0525325,,,13,患者主数据,,,,非核心表，保留候选,platform
MEDREC,TRANSFER_VS_HLHT,,,6,患者主数据,,PATIENT_ID+VISIT_ID+DISCHARGE_DATE_TIME,,非核心表，保留候选,platform
MEDREC,USER_COOKIE,,,4,患者主数据,,ID,,基础字典/维表,platform
MEDREC,WARDBED_TRANS,,,14,患者主数据,,,,基础字典/维表,platform
MEDREC,WARD_TRANSFER,,,16,患者主数据,,PATIENT_ID+VISIT_ID+ADMISSION_DATE_TIME+WARD_STAYED+BED_NO,,基础字典/维表,platform
MEDREC,ZLKM_VS_HIS,,,3,患者主数据,,ZLKM_CODE+HIS_CODE,,非核心表，保留候选,platform
MEDREC,ZY_VS_HIS,,,6,患者主数据,,HIS_CODE+ZY_CODE,,非核心表，保留候选,platform
MEDSURGERY,麻醉记录,,223728,0,Docare 手术麻醉系统,,,live_metadata,,platform
MEDSURGERY,ANES_RECORD_EXT_XAXJ,,0,0,Docare 手术麻醉系统,,,live_metadata,,platform
MEDSURGERY,APACHE2_SCORING_RESULT_DETAIL,,0,0,Docare 手术麻醉系统,,,live_metadata,,platform
MEDSURGERY,APGAR_SCORING_RESULT_DETAIL,,0,0,Docare 手术麻醉系统,,,live_metadata,,platform
MEDSURGERY,BALTH_SCORING_RESULT_DETAIL,,0,0,Docare 手术麻醉系统,,,live_metadata,,platform
MEDSURGERY,CG_SCORING_RESULT_DETAIL,,0,0,Docare 手术麻醉系统,,,live_metadata,,platform
MEDSURGERY,CPUGH_SCORING_RESULT_DETAIL,,0,0,Docare 手术麻醉系统,,,live_metadata,,platform
MEDSURGERY,CRAMS_SCORING_RESULT_DETAIL,,0,0,Docare 手术麻醉系统,,,live_metadata,,platform
MEDSURGERY,CRIB_SCORING_RESULT_DETAIL,,0,0,Docare 手术麻醉系统,,,live_metadata,,platform
MEDSURGERY,CSSS_SCORING_RESULT_DETAIL,,0,0,Docare 手术麻醉系统,,,live_metadata,,platform
MEDSURGERY,EQUIP_MATERIAL,,0,0,Docare 手术麻醉系统,,,live_metadata,,platform
MEDSURGERY,GCS_SCORING_RESULT_DETAIL,,0,0,Docare 手术麻醉系统,,,live_metadata,,platform
MEDSURGERY,GOLDMAN_SCORING_RESULT_DETAIL,,0,0,Docare 手术麻醉系统,,,live_metadata,,platform
MEDSURGERY,GP_SCORING_RESULT_DETAIL,,0,0,Docare 手术麻醉系统,,,live_metadata,,platform
MEDSURGERY,GUID_PARAMS,,0,0,Docare 手术麻醉系统,,,live_metadata,,platform
MEDSURGERY,IMP_ITEM_VS_DICT,,0,0,Docare 手术麻醉系统,,,live_metadata,,platform
MEDSURGERY,LUTZ_SCORING_RESULT_DETAIL,,0,0,Docare 手术麻醉系统,,,live_metadata,,platform
MEDSURGERY,MED_ANES_AGREEMENT_TEMPLET,,0,0,Docare 手术麻醉系统,,,live_metadata,,platform
MEDSURGERY,MED_ANES_ALARM_MESSAGE,,180,0,Docare 手术麻醉系统,,,live_metadata,,platform
MEDSURGERY,MED_ANES_BILL_TEMPLET,,0,0,Docare 手术麻醉系统,,,live_metadata,,platform
MEDSURGERY,MED_ANES_BUTTON_MARK,,0,0,Docare 手术麻醉系统,,,live_metadata,,platform
MEDSURGERY,MED_ANES_COMMUNICT_PLATFORM,,0,0,Docare 手术麻醉系统,,,live_metadata,,platform
MEDSURGERY,MED_ANES_DOC_CHECK,,284564,0,Docare 手术麻醉系统,,,live_metadata,,platform
MEDSURGERY,MED_ANES_DRUG_UNITS_DESC,,6,0,Docare 手术麻醉系统,,,live_metadata,,platform
MEDSURGERY,MED_ANES_METHOD_TYPE_DICT,,5,0,Docare 手术麻醉系统,,,live_metadata,,platform
MEDSURGERY,MED_ANES_METHOD_TYPE_RELATION,,0,0,Docare 手术麻醉系统,,,live_metadata,,platform
MEDSURGERY,MED_ANES_MONITOR_CONFIG,,0,0,Docare 手术麻醉系统,,,live_metadata,,platform
MEDSURGERY,MED_ANES_NUBILITY_CONFIG,,0,0,Docare 手术麻醉系统,,,live_metadata,,platform
MEDSURGERY,MED_ANES_OPERHANDOVER,,114365,0,Docare 手术麻醉系统,,,live_metadata,,platform
MEDSURGERY,MED_ANES_ORDERS,,0,0,Docare 手术麻醉系统,,,live_metadata,,platform
MEDSURGERY,MED_ANES_ORDERS_TEMPLATE,,0,0,Docare 手术麻醉系统,,,live_metadata,,platform
MEDSURGERY,MED_ANES_QUERY_RESULT_TEMP,,0,0,Docare 手术麻醉系统,,,live_metadata,,platform
MEDSURGERY,MED_ANES_RECORD_EXT_INFOR,,0,0,Docare 手术麻醉系统,,,live_metadata,,platform
MEDSURGERY,MED_ANES_RECOVERY_TEMPLATE,,0,0,Docare 手术麻醉系统,,,live_metadata,,platform
MEDSURGERY,MED_ANES_SCORES,,0,0,Docare 手术麻醉系统,,,live_metadata,,platform
MEDSURGERY,MED_ANESTHESIA_COMM_DICT,,99,0,Docare 手术麻醉系统,,,live_metadata,,platform
MEDSURGERY,MED_ANESTHESIA_EVENT,,2311852,0,Docare 手术麻醉系统,,,live_metadata,,platform
MEDSURGERY,MED_ANESTHESIA_EVENT_BACK,,15884757,0,Docare 手术麻醉系统,,,live_metadata,,platform
MEDSURGERY,MED_ANESTHESIA_EVENT_NAME,,0,0,Docare 手术麻醉系统,,,live_metadata,,platform
MEDSURGERY,MED_ANESTHESIA_EVENT_OPEN,,237,0,Docare 手术麻醉系统,,,live_metadata,,platform
MEDSURGERY,MED_ANESTHESIA_EVENT_TEMPLET,,2138,0,Docare 手术麻醉系统,,,live_metadata,,platform
MEDSURGERY,MED_ANESTHESIA_INPUT_DATA,,89449,0,Docare 手术麻醉系统,,,live_metadata,,platform
MEDSURGERY,MED_ANESTHESIA_INPUT_DICT,,549,0,Docare 手术麻醉系统,,,live_metadata,,platform
MEDSURGERY,MED_ANESTHESIA_INQUIRY,,0,0,Docare 手术麻醉系统,,,live_metadata,,platform
MEDSURGERY,MED_ANESTHESIA_INQUIRY_FJSL,,0,0,Docare 手术麻醉系统,,,live_metadata,,platform
MEDSURGERY,MED_ANESTHESIA_MASTER,,0,0,Docare 手术麻醉系统,,,live_metadata,,platform
MEDSURGERY,MED_ANESTHESIA_METHOD_TYPE,,54,0,Docare 手术麻醉系统,,,live_metadata,,platform
MEDSURGERY,MED_ANESTHESIA_NURSE,,0,0,Docare 手术麻醉系统,,,live_metadata,,platform
MEDSURGERY,MED_ANESTHESIA_PLAN,,130713,0,Docare 手术麻醉系统,,,live_metadata,,platform
MEDSURGERY,MED_ANESTHESIA_RECOVERY,,0,0,Docare 手术麻醉系统,,,live_metadata,,platform
MEDSURGERY,MED_ANESTHESIA_SUMMARY,,94872,0,Docare 手术麻醉系统,,,live_metadata,,platform
MEDSURGERY,MED_ANESTHESIA_TEMPLET,,0,0,Docare 手术麻醉系统,,,live_metadata,,platform
MEDSURGERY,MED_ANES_TYPE_DICT,,0,0,Docare 手术麻醉系统,,,live_metadata,,platform
MEDSURGERY,MED_ANES_YEAR_REPORT,,0,0,Docare 手术麻醉系统,,,live_metadata,,platform
MEDSURGERY,MED_APPLICATION_AUDIT_TRAIL,,5482765,0,Docare 手术麻醉系统,,,live_metadata,,platform
MEDSURGERY,MED_BADEVENT,,0,0,Docare 手术麻醉系统,,,live_metadata,,platform
MEDSURGERY,MED_BLOOD_GAS_ANALYSIS_REC,,0,0,Docare 手术麻醉系统,,,live_metadata,,platform
MEDSURGERY,MED_BLOOD_GAS_ITEM_DICT,,0,0,Docare 手术麻醉系统,,,live_metadata,,platform
MEDSURGERY,MED_CALL_RECORD,麻醉医生呼叫记录,0,0,Docare 手术麻醉系统,,,live_metadata,,platform
MEDSURGERY,MED_CAMERA_DICT,,0,0,Docare 手术麻醉系统,,,live_metadata,,platform
MEDSURGERY,MED_CHUFANG_RECORD,处方信息表,0,0,Docare 手术麻醉系统,,,live_metadata,,platform
MEDSURGERY,MED_COMMENTS_SETTING,,0,0,Docare 手术麻醉系统,,,live_metadata,,platform
MEDSURGERY,MED_CONFIG,,93,0,Docare 手术麻醉系统,,,live_metadata,,platform
MEDSURGERY,MED_CONFIG_NOTBLOB,,0,0,Docare 手术麻醉系统,,,live_metadata,,platform
MEDSURGERY,MED_CONSTRUCTION_MANAGEMENT,麻醉科结构管理,0,0,Docare 手术麻醉系统,,,live_metadata,,platform
MEDSURGERY,MED_CONSUMABLE_STOREHOUSE,,0,0,Docare 手术麻醉系统,,,live_metadata,,platform
MEDSURGERY,MED_CPB_BLG_RECORD,,0,0,Docare 手术麻醉系统,,,live_metadata,,platform
MEDSURGERY,MED_CPB_EVENT_OPEN,,0,0,Docare 手术麻醉系统,,,live_metadata,,platform
MEDSURGERY,MED_CPB_EXAM_INFO,,0,0,Docare 手术麻醉系统,,,live_metadata,,platform
MEDSURGERY,MED_CPB_INPUT_DICT,,0,0,Docare 手术麻醉系统,,,live_metadata,,platform
MEDSURGERY,MED_CPB_MASTER,体外循环信息主表,0,0,Docare 手术麻醉系统,,,live_metadata,,platform
MEDSURGERY,MED_CPB_METHOD_DICT,,0,0,Docare 手术麻醉系统,,,live_metadata,,platform
MEDSURGERY,MED_CPB_PRE_CHECK_RECORD,,0,0,Docare 手术麻醉系统,,,live_metadata,,platform
MEDSURGERY,MED_CPB_PRIMING_DATA,,0,0,Docare 手术麻醉系统,,,live_metadata,,platform
MEDSURGERY,MED_CPB_SUMMARY,体外循环信息总结表,0,0,Docare 手术麻醉系统,,,live_metadata,,platform
MEDSURGERY,MED_CUSTOM_DATA,,33708693,0,Docare 手术麻醉系统,,,live_metadata,,platform
MEDSURGERY,MED_CUSTOM_DATA_EXT,,0,0,Docare 手术麻醉系统,,,live_metadata,,platform
MEDSURGERY,MED_CUSTOMFIELD_DICT,,0,0,Docare 手术麻醉系统,,,live_metadata,,platform
MEDSURGERY,MED_DEPT_INFO_DICT,,0,0,Docare 手术麻醉系统,,,live_metadata,,platform
MEDSURGERY,MED_DICT_SIMPLETYPES,,0,0,Docare 手术麻醉系统,,,live_metadata,,platform
MEDSURGERY,MED_DICT_SIMPLETYPES_TREE,,0,0,Docare 手术麻醉系统,,,live_metadata,,platform
MEDSURGERY,MED_DOCARE_INPUT_DICT,DOCARE输入项目字典,0,0,Docare 手术麻醉系统,,,live_metadata,,platform
MEDSURGERY,MED_DOCUMENT,,0,0,Docare 手术麻醉系统,,,live_metadata,,platform
MEDSURGERY,MED_DOCUMENT_TEMPLET,,11,0,Docare 手术麻醉系统,,,live_metadata,,platform
MEDSURGERY,MED_DOUBLE_PRINT_CONFIG,文书正反面打印配置,1,0,Docare 手术麻醉系统,,,live_metadata,,platform
MEDSURGERY,MED_DRUG_BILL,,0,0,Docare 手术麻醉系统,,,live_metadata,,platform
MEDSURGERY,MED_DRUG_BORROW_DETAIL,,0,0,Docare 手术麻醉系统,,,live_metadata,,platform
MEDSURGERY,MED_DRUG_BORROW_MASTER,,0,0,Docare 手术麻醉系统,,,live_metadata,,platform
MEDSURGERY,MED_DRUG_INPUT_STORAGE,,0,0,Docare 手术麻醉系统,,,live_metadata,,platform
MEDSURGERY,MED_DRUG_KEEP,,0,0,Docare 手术麻醉系统,,,live_metadata,,platform
MEDSURGERY,MED_DRUG_RETURN_DETAIL,,0,0,Docare 手术麻醉系统,,,live_metadata,,platform
MEDSURGERY,MED_DRUG_RETURN_MASTER,,0,0,Docare 手术麻醉系统,,,live_metadata,,platform
MEDSURGERY,MED_DRUG_STORAGE,,0,0,Docare 手术麻醉系统,,,live_metadata,,platform
MEDSURGERY,MED_DRUG_USE_DETAIL,,0,0,Docare 手术麻醉系统,,,live_metadata,,platform
MEDSURGERY,MED_DRUG_USE_MASTER,,0,0,Docare 手术麻醉系统,,,live_metadata,,platform
MEDSURGERY,MED_EQIP_CHECK_RECORD,,0,0,Docare 手术麻醉系统,,,live_metadata,,platform
MEDSURGERY,MED_EQUIPMENT_MANAGEMENT,,0,0,Docare 手术麻醉系统,,,live_metadata,,platform
MEDSURGERY,MED_EQUIPMENT_REPAIR,,0,0,Docare 手术麻醉系统,,,live_metadata,,platform
MEDSURGERY,MED_EQUIPMENT_STATUS,,0,0,Docare 手术麻醉系统,,,live_metadata,,platform
MEDSURGERY,MED_EVENT_SORT,麻醉事件使用频率排序表,39501,0,Docare 手术麻醉系统,,,live_metadata,,platform
MEDSURGERY,MED_EVENT_VS_CHARGE,,0,0,Docare 手术麻醉系统,,,live_metadata,,platform
MEDSURGERY,MED_FILE,系统文件表,0,0,Docare 手术麻醉系统,,,live_metadata,,platform
MEDSURGERY,MED_GOODS_MEDICINES_MANAGEMENT,,0,0,Docare 手术麻醉系统,,,live_metadata,,platform
MEDSURGERY,MED_GRID_TEMPLET_DETAIL,,0,0,Docare 手术麻醉系统,,,live_metadata,,platform
MEDSURGERY,MED_GRID_TEMPLET_MASTER,,0,0,Docare 手术麻醉系统,,,live_metadata,,platform
MEDSURGERY,MED_HBCA_SIGNATURE,,412355,0,Docare 手术麻醉系统,,,live_metadata,,platform
MEDSURGERY,MED_INPACU,,0,0,Docare 手术麻醉系统,,,live_metadata,,platform
MEDSURGERY,MED_INP_BILL_DETAIL,,0,0,Docare 手术麻醉系统,,,live_metadata,,platform
MEDSURGERY,MED_INQUIRY_TEMPLET,,0,0,Docare 手术麻醉系统,,,live_metadata,,platform
MEDSURGERY,MED_JS_MZKCAOZHUO,,0,0,Docare 手术麻醉系统,,,live_metadata,,platform
MEDSURGERY,MED_JS_SHOUHOUZHENTONG,,0,0,Docare 手术麻醉系统,,,live_metadata,,platform
MEDSURGERY,MED_JS_SHUHOUBINGQING,,0,0,Docare 手术麻醉系统,,,live_metadata,,platform
MEDSURGERY,MED_JS_SHUQIANFANGTAN,,0,0,Docare 手术麻醉系统,,,live_metadata,,platform
MEDSURGERY,MED_LAB_RULES,,0,0,Docare 手术麻醉系统,,,live_metadata,,platform
MEDSURGERY,MED_LINK_CONFIG,,4,0,Docare 手术麻醉系统,,,live_metadata,,platform
MEDSURGERY,MED_MEDAPP_VER,,0,0,Docare 手术麻醉系统,,,live_metadata,,platform
MEDSURGERY,MED_MIXED_DRUG,,0,0,Docare 手术麻醉系统,,,live_metadata,,platform
MEDSURGERY,MED_MODIFY_HISTORY,,3186581,0,Docare 手术麻醉系统,,,live_metadata,,platform
MEDSURGERY,MED_MONITOR_FUNCTION,,14,0,Docare 手术麻醉系统,,,live_metadata,,platform
MEDSURGERY,MED_MTRL_EXPORT_DETAIL,,0,0,Docare 手术麻醉系统,,,live_metadata,,platform
MEDSURGERY,MED_MTRL_EXPORT_DETAIL_HIS,,0,0,Docare 手术麻醉系统,,,live_metadata,,platform
MEDSURGERY,MED_MTRL_EXPORT_MASTER,,0,0,Docare 手术麻醉系统,,,live_metadata,,platform
MEDSURGERY,MED_MTRL_IMPORT_DETAIL,,0,0,Docare 手术麻醉系统,,,live_metadata,,platform
MEDSURGERY,MED_MTRL_IMPORT_MASTER,,0,0,Docare 手术麻醉系统,,,live_metadata,,platform
MEDSURGERY,MED_MTRL_INPUT_STORAGE,,0,0,Docare 手术麻醉系统,,,live_metadata,,platform
MEDSURGERY,MED_MTRL_PRICE_LIST,,0,0,Docare 手术麻醉系统,,,live_metadata,,platform
MEDSURGERY,MED_MTRL_PRICE_PROFIT,,0,0,Docare 手术麻醉系统,,,live_metadata,,platform
MEDSURGERY,MED_MTRL_PROVIDE_APPLICATION,,0,0,Docare 手术麻醉系统,,,live_metadata,,platform
MEDSURGERY,MED_MTRL_PROVIDE_NOTICE,,0,0,Docare 手术麻醉系统,,,live_metadata,,platform
MEDSURGERY,MED_MTRL_PURCHASE_PLAN,,0,0,Docare 手术麻醉系统,,,live_metadata,,platform
MEDSURGERY,MED_MTRL_STOCK,,0,0,Docare 手术麻醉系统,,,live_metadata,,platform
MEDSURGERY,MED_MTRL_STOCK_BALANCE,,0,0,Docare 手术麻醉系统,,,live_metadata,,platform
MEDSURGERY,MED_MTRL_STORAGE,,0,0,Docare 手术麻醉系统,,,live_metadata,,platform
MEDSURGERY,MED_MTRL_STORAGE_DEPT,,0,0,Docare 手术麻醉系统,,,live_metadata,,platform
MEDSURGERY,MED_MTRL_STORAGE_PROFILE,,0,0,Docare 手术麻醉系统,,,live_metadata,,platform
MEDSURGERY,MED_MTRL_SUB_STORAGE_DICT,,0,0,Docare 手术麻醉系统,,,live_metadata,,platform
MEDSURGERY,MED_MTRL_USE_DETAIL,,0,0,Docare 手术麻醉系统,,,live_metadata,,platform
MEDSURGERY,MED_MTRL_USE_MASTER,,0,0,Docare 手术麻醉系统,,,live_metadata,,platform
MEDSURGERY,MED_NORMAL_TYPE_DICT,,0,0,Docare 手术麻醉系统,,,live_metadata,,platform
MEDSURGERY,MED_OPER_ANALGESIC_TEMPLET,,0,0,Docare 手术麻醉系统,,,live_metadata,,platform
MEDSURGERY,MED_OPERATING_ROOM,,65,0,Docare 手术麻醉系统,,,live_metadata,,platform
MEDSURGERY,MED_OPERATION_AFTER_ORDER,术后医嘱,0,0,Docare 手术麻醉系统,,,live_metadata,,platform
MEDSURGERY,MED_OPERATION_ANALGESIC,,114258,0,Docare 手术麻醉系统,,,live_metadata,,platform
MEDSURGERY,MED_OPERATION_BILL_ITEMS,,0,0,Docare 手术麻醉系统,,,live_metadata,,platform
MEDSURGERY,MED_OPERATION_CANCELED,,9316,0,Docare 手术麻醉系统,,,live_metadata,,platform
MEDSURGERY,MED_OPERATION_CHECKED_NEW,,0,0,Docare 手术麻醉系统,,,live_metadata,,platform
MEDSURGERY,MED_OPERATION_EQIP_CHECK_DICT,,0,0,Docare 手术麻醉系统,,,live_metadata,,platform
MEDSURGERY,MED_OPERATION_EQIP_DETAIL,,0,0,Docare 手术麻醉系统,,,live_metadata,,platform
MEDSURGERY,MED_OPERATION_EQIP_TEMPLET,,0,0,Docare 手术麻醉系统,,,live_metadata,,platform
MEDSURGERY,MED_OPERATION_MASTER,病人手术主记录,139198,0,Docare 手术麻醉系统,,,live_metadata,,platform
MEDSURGERY,MED_OPERATION_NAME,,145203,0,Docare 手术麻醉系统,,,live_metadata,,platform
MEDSURGERY,MED_OPERATION_NAME_CANCELED,,10413,0,Docare 手术麻醉系统,,,live_metadata,,platform
MEDSURGERY,MED_OPERATION_NURSE_SHIFT,,0,0,Docare 手术麻醉系统,,,live_metadata,,platform
MEDSURGERY,MED_OPERATION_SCHEDULE,,193943,0,Docare 手术麻醉系统,,,live_metadata,,platform
MEDSURGERY,MED_OPERATION_SCHEDULE_CONFIG,,9,0,Docare 手术麻醉系统,,,live_metadata,,platform
MEDSURGERY,MED_OPERATION_SHIFT,,0,0,Docare 手术麻醉系统,,,live_metadata,,platform
MEDSURGERY,MED_OPER_BILL_TEMPLET,,0,0,Docare 手术麻醉系统,,,live_metadata,,platform
MEDSURGERY,MED_OPER_SCHED_TEMPLATE,,0,0,Docare 手术麻醉系统,,,live_metadata,,platform
MEDSURGERY,MED_OPER_SHIFT_RECORD,交班记录表,0,0,Docare 手术麻醉系统,,,live_metadata,,platform
MEDSURGERY,MED_PACU_HANDOVER_ORDERS,,0,0,Docare 手术麻醉系统,,,live_metadata,,platform
MEDSURGERY,MED_PACU_HANDOVER_PUTPIPE,,0,0,Docare 手术麻醉系统,,,live_metadata,,platform
MEDSURGERY,MED_PACU_SORCE,,0,0,Docare 手术麻醉系统,,,live_metadata,,platform
MEDSURGERY,MED_PACU_VITALSIGNS,,0,0,Docare 手术麻醉系统,,,live_metadata,,platform
MEDSURGERY,MED_PACU_VITALSIGNS_CHANGED,,0,0,Docare 手术麻醉系统,,,live_metadata,,platform
MEDSURGERY,MED_PATIENT_DRUG_ITEM,,0,0,Docare 手术麻醉系统,,,live_metadata,,platform
MEDSURGERY,MED_PATIENT_MONITOR,该表为自动采集监护仪的数据表(30秒固定保存),0,0,Docare 手术麻醉系统,,,live_metadata,,platform
MEDSURGERY,MED_PATIENT_MONITOR_CONFIG,,14271,0,Docare 手术麻醉系统,,,live_metadata,,platform
MEDSURGERY,MED_PATIENT_MONITOR_DATA,,6562667,0,Docare 手术麻醉系统,,,live_metadata,,platform
MEDSURGERY,MED_PATIENT_MONITOR_HISTORY,,0,0,Docare 手术麻醉系统,,,live_metadata,,platform
MEDSURGERY,MED_PAT_MONITOR_DATA,,3139268,0,Docare 手术麻醉系统,,,live_metadata,,platform
MEDSURGERY,MED_PAT_MONITOR_DATA_EXT,,177016,0,Docare 手术麻醉系统,,,live_metadata,,platform
MEDSURGERY,MED_PAT_MONITOR_DATA_HISTORY,,291888,0,Docare 手术麻醉系统,,,live_metadata,,platform
MEDSURGERY,MED_PAT_MONITOR_DATA_TEMP,,0,0,Docare 手术麻醉系统,,,live_metadata,,platform
MEDSURGERY,MED_PAT_MONITOR_PARM_DEFINE,,0,0,Docare 手术麻醉系统,,,live_metadata,,platform
MEDSURGERY,MED_PERKIND_RELA,,161,0,Docare 手术麻醉系统,,,live_metadata,,platform
MEDSURGERY,MED_PERMISSIONS_KIND,,12,0,Docare 手术麻醉系统,,,live_metadata,,platform
MEDSURGERY,MED_PERSON_SCHEDULE,,0,0,Docare 手术麻醉系统,,,live_metadata,,platform
MEDSURGERY,MED_PERSON_SCHEDULE_CONFIG,,15,0,Docare 手术麻醉系统,,,live_metadata,,platform
MEDSURGERY,MED_PLANDRUGS,,0,0,Docare 手术麻醉系统,,,live_metadata,,platform
MEDSURGERY,MED_POSTOP_DATA,,1410,0,Docare 手术麻醉系统,,,live_metadata,,platform
MEDSURGERY,MED_PRE_DIS,,4,0,Docare 手术麻醉系统,,,live_metadata,,platform
MEDSURGERY,MED_PRE_DIS_TEMPLATE,,0,0,Docare 手术麻醉系统,,,live_metadata,,platform
MEDSURGERY,MED_PROPHET_BUTTON,,17223,0,Docare 手术麻醉系统,,,live_metadata,,platform
MEDSURGERY,MED_PROPHET_DOCUMENT,,94968,0,Docare 手术麻醉系统,,,live_metadata,,platform
MEDSURGERY,MED_PROPHET_EVENT,,61582,0,Docare 手术麻醉系统,,,live_metadata,,platform
MEDSURGERY,MED_PUNCTURE_RECORD,穿刺记录表,0,0,Docare 手术麻醉系统,,,live_metadata,,platform
MEDSURGERY,MED_QIXIE_QINGDIAN,,7843107,0,Docare 手术麻醉系统,,,live_metadata,,platform
MEDSURGERY,MED_QIXIE_TEMPLET_DETAIL,,17,0,Docare 手术麻醉系统,,,live_metadata,,platform
MEDSURGERY,MED_QIXIE_TEMPLET_MASTER,,3,0,Docare 手术麻醉系统,,,live_metadata,,platform
MEDSURGERY,MED_QUERY_COND,,0,0,Docare 手术麻醉系统,,,live_metadata,,platform
MEDSURGERY,MED_QUERY_COND_SELECTION,,0,0,Docare 手术麻醉系统,,,live_metadata,,platform
MEDSURGERY,MED_SCHEDULED_OPERATION_NAME,,210831,0,Docare 手术麻醉系统,,,live_metadata,,platform
MEDSURGERY,MED_SCHEDULE_MODIFY_LOG,,119842,0,Docare 手术麻醉系统,,,live_metadata,,platform
MEDSURGERY,MED_SCHEDULE_TEMPLATE,,0,0,Docare 手术麻醉系统,,,live_metadata,,platform
MEDSURGERY,MED_SCHEDULE_TEMPLATE_DETAIL,,0,0,Docare 手术麻醉系统,,,live_metadata,,platform
MEDSURGERY,MED_SHORTCUTS_CONFIG,,4,0,Docare 手术麻醉系统,,,live_metadata,,platform
MEDSURGERY,MED_STAFF_LEAVE_LOG,,0,0,Docare 手术麻醉系统,,,live_metadata,,platform
MEDSURGERY,MED_STAFF_PERSONNEL_INFO,,0,0,Docare 手术麻醉系统,,,live_metadata,,platform
MEDSURGERY,MED_STAFF_SCHEDULE,,0,0,Docare 手术麻醉系统,,,live_metadata,,platform
MEDSURGERY,MED_STAFF_SCHEDULE_DICT,,0,0,Docare 手术麻醉系统,,,live_metadata,,platform
MEDSURGERY,MED_STAFF_SCHEDULE_REM,,0,0,Docare 手术麻醉系统,,,live_metadata,,platform
MEDSURGERY,MED_STAFF_SCHEDULE_REMARK,,0,0,Docare 手术麻醉系统,,,live_metadata,,platform
MEDSURGERY,MED_STAFF_SCHEDULE_REMARK_D,,0,0,Docare 手术麻醉系统,,,live_metadata,,platform
MEDSURGERY,MED_STAFF_SCHEDULE_REM_DETAIL,,0,0,Docare 手术麻醉系统,,,live_metadata,,platform
MEDSURGERY,MED_STAFF_TRANSFER,,0,0,Docare 手术麻醉系统,,,live_metadata,,platform
MEDSURGERY,MED_STOCK_OUT_MANAGEMENT,,0,0,Docare 手术麻醉系统,,,live_metadata,,platform
MEDSURGERY,MED_ST_OPER_COSTS,,0,0,Docare 手术麻醉系统,,,live_metadata,,platform
MEDSURGERY,MED_ST_OP_PER_WORKLOAD,,0,0,Docare 手术麻醉系统,,,live_metadata,,platform
MEDSURGERY,MED_ST_OP_PER_WORKLOAD_TEMP,,0,0,Docare 手术麻醉系统,,,live_metadata,,platform
MEDSURGERY,MED_SUMMARY_TEMPLET,,0,0,Docare 手术麻醉系统,,,live_metadata,,platform
MEDSURGERY,MED_SYSTEM_CONFIG_GRID,,1,0,Docare 手术麻醉系统,,,live_metadata,,platform
MEDSURGERY,MED_SYSTEM_CONFIG_OPEROOM,,55,0,Docare 手术麻醉系统,,,live_metadata,,platform
MEDSURGERY,MED_SYSTEM_CONFIG_USER,,409,0,Docare 手术麻醉系统,,,live_metadata,,platform
MEDSURGERY,MED_TABLE_COLS_MEANINGS,,0,0,Docare 手术麻醉系统,,,live_metadata,,platform
MEDSURGERY,MED_TEMPLET_CONFIG,,0,0,Docare 手术麻醉系统,,,live_metadata,,platform
MEDSURGERY,MED_TRANSFER_SELF,自体回输记录,0,0,Docare 手术麻醉系统,,,live_metadata,,platform
MEDSURGERY,MED_USERS_PHONE,,0,0,Docare 手术麻醉系统,,,live_metadata,,platform
MEDSURGERY,MODS2_SCORING_RESULT_DETAIL,,0,0,Docare 手术麻醉系统,,,live_metadata,,platform
MEDSURGERY,MODS_SCORING_RESULT_DETAIL,,0,0,Docare 手术麻醉系统,,,live_metadata,,platform
MEDSURGERY,NORTON_SCORING_RESULT_DETAIL,,0,0,Docare 手术麻醉系统,,,live_metadata,,platform
MEDSURGERY,OPERATION_PROCESS,,,0,Docare 手术麻醉系统,,,live_metadata,,platform
MEDSURGERY,OPERATION_PROCESS_THREEDAY,,,0,Docare 手术麻醉系统,,,live_metadata,,platform
MEDSURGERY,OPERATION_PROCESS_TM,,,0,Docare 手术麻醉系统,,,live_metadata,,platform
MEDSURGERY,OPERATION_ROOM_STATUS,,,0,Docare 手术麻醉系统,,,live_metadata,,platform
MEDSURGERY,OPER_SAFE_CHECK,,0,0,Docare 手术麻醉系统,,,live_metadata,,platform
MEDSURGERY,PACU_AQUAIR,,,0,Docare 手术麻醉系统,,,live_metadata,,platform
MEDSURGERY,PACU_AQUAIR_ALL,,,0,Docare 手术麻醉系统,,,live_metadata,,platform
MEDSURGERY,PACU_PROCESS,,,0,Docare 手术麻醉系统,,,live_metadata,,platform
MEDSURGERY,PARS_SCORING_RESULT_DETAIL,,0,0,Docare 手术麻醉系统,,,live_metadata,,platform
MEDSURGERY,PAT_ADM_CONDITION_DICT,,0,0,Docare 手术麻醉系统,,,live_metadata,,platform
MEDSURGERY,PATIENT_CLASS_DICT,,0,0,Docare 手术麻醉系统,,,live_metadata,,platform
MEDSURGERY,PATIENT_EXTEND_INFO,,0,0,Docare 手术麻醉系统,,,live_metadata,,platform
MEDSURGERY,PATIENT_SCORING_RESULT,,0,0,Docare 手术麻醉系统,,,live_metadata,,platform
MEDSURGERY,PATIENT_SCORING_RESULT_DETAIL,,0,0,Docare 手术麻醉系统,,,live_metadata,,platform
MEDSURGERY,PREPARE_AQUAIR,,,0,Docare 手术麻醉系统,,,live_metadata,,platform
MEDSURGERY,PREPARE_AQUAIR_ALL,,,0,Docare 手术麻醉系统,,,live_metadata,,platform
MEDSURGERY,PREPARE_PROCESS,,,0,Docare 手术麻醉系统,,,live_metadata,,platform
MEDSURGERY,SAPS2_SCORING_RESULT_DETAIL,,0,0,Docare 手术麻醉系统,,,live_metadata,,platform
MEDSURGERY,SCHEDULEREPORTVIEW,,,0,Docare 手术麻醉系统,,,live_metadata,,platform
MEDSURGERY,SCORING_ITEM_LIST,,0,0,Docare 手术麻醉系统,,,live_metadata,,platform
MEDSURGERY,SCORING_METHOD_DICT,,0,0,Docare 手术麻醉系统,,,live_metadata,,platform
MEDSURGERY,SCORING_VALUE_MEMO_DICT,,0,0,Docare 手术麻醉系统,,,live_metadata,,platform
MEDSURGERY,SOFA_SCORING_RESULT_DETAIL,,0,0,Docare 手术麻醉系统,,,live_metadata,,platform
MEDSURGERY,SSS_SCORING_RESULT_DETAIL,,0,0,Docare 手术麻醉系统,,,live_metadata,,platform
MEDSURGERY,SSSS_SCORING_RESULT_DETAIL,,0,0,Docare 手术麻醉系统,,,live_metadata,,platform
MEDSURGERY,TISS_SCORING_RESULT_DETAIL,,0,0,Docare 手术麻醉系统,,,live_metadata,,platform
MEDSURGERY,T_ITF_SM,,,0,Docare 手术麻醉系统,,,live_metadata,,platform
MEDSURGERY,VIEW_OPERATION_FINISH_SEQ,,,0,Docare 手术麻醉系统,,,live_metadata,,platform
MEDSURGERY,VIEW_OPERATON_COUNT,,,0,Docare 手术麻醉系统,,,live_metadata,,platform
MEDSURGERY,VIEW_OPER_ROOM_STATUS,,,0,Docare 手术麻醉系统,,,live_metadata,,platform
MEDSURGERY,VIEW_PACU_ROOM_STATUS,,,0,Docare 手术麻醉系统,,,live_metadata,,platform
MEDSURGERY,VIEW_PATIENTINFO,,,0,Docare 手术麻醉系统,,,live_metadata,,platform
MEDSURGERY,VIEW_PREPARE_FINISH_SEQ,,,0,Docare 手术麻醉系统,,,live_metadata,,platform
MEDSURGERY,V_MED_ANES_EVENT,,,0,Docare 手术麻醉系统,,,live_metadata,,platform
MEDSURGERY,V_MED_ANES_INFO,,,0,Docare 手术麻醉系统,,,live_metadata,,platform
MEDSURGERY,V_MED_ANES_MAIN_VIEW,,,0,Docare 手术麻醉系统,,,live_metadata,,platform
MEDSURGERY,V_MED_ANES_MASTER,,,0,Docare 手术麻醉系统,,,live_metadata,,platform
MEDSURGERY,V_MED_OPERATION_MASTER,,,0,Docare 手术麻醉系统,,,live_metadata,,platform
MEDSURGERY,V_MED_OPERATION_PATIENT,,,0,Docare 手术麻醉系统,,,live_metadata,,platform
MEDSURGERY,V_MED_PAT_MASTER_INDEX,,,0,Docare 手术麻醉系统,,,live_metadata,,platform
MEDSURGERY,V_MED_PATS_IN_HOSPITAL,,,0,Docare 手术麻醉系统,,,live_metadata,,platform
MEDSURGERY,YIBAO,,,0,Docare 手术麻醉系统,,,live_metadata,,platform
MTL,COM_PATIENTINFO,,1589979,68,,,,,[review_source_period:before_2025],metadata
MTL,EMRSD1,,0,87,,,,,[review_source_period:before_2025],metadata
MTL,EMRSD16,,152,125,,,,,[review_source_period:before_2025],metadata
MTL,EMRSD29,,26620,44,,,,,[review_source_period:before_2025],metadata
MTL,EMRSD31,,410988,37,,,,,[review_source_period:before_2025],metadata
MTL,EMRSD34,,226223,128,,,,,[review_source_period:before_2025],metadata
MTL,EMRSD35,,7234,69,,,,,[review_source_period:before_2025],metadata
MTL,EMRSD36,,159,64,,,,,[review_source_period:before_2025],metadata
MTL,EMRSD37,,227895,49,,,,,[review_source_period:before_2025],metadata
MTL,EMRSD38,,704731,41,,,,,[review_source_period:before_2025],metadata
MTL,EMRSD39,,499996,44,,,,,[review_source_period:before_2025],metadata
MTL,EMRSD40,,545,43,,,,,[review_source_period:before_2025],metadata
MTL,EMRSD41,,39,51,,,,,[review_source_period:before_2025],metadata
MTL,EMRSD42,,12841,61,,,,,[review_source_period:before_2025],metadata
MTL,EMRSD43,,3666,56,,,,,[review_source_period:before_2025],metadata
MTL,EMRSD44,,5425,52,,,,,[review_source_period:before_2025],metadata
MTL,EMRSD45,,22053,57,,,,,[review_source_period:before_2025],metadata
MTL,EMRSD46,,64543,75,,,,,[review_source_period:before_2025],metadata
MTL,EMRSD47,,14382,52,,,,,[review_source_period:before_2025],metadata
MTL,EMRSD48,,41256,66,,,,,[review_source_period:before_2025],metadata
MTL,EMRSD49,,225811,67,,,,,[review_source_period:before_2025],metadata
MTL,EMRSD50,,1088,64,,,,,[review_source_period:before_2025],metadata
MTL,EMRSD51,,1193,62,,,,,[review_source_period:before_2025],metadata
MTL,EMRSD53,,42,75,,,,,[review_source_period:before_2025],metadata
MTL,EMRSD9,,57139,67,,,,,[review_source_period:before_2025],metadata
MTL,EMRSD_CONTENT,,3946778,5,电子病历(旧),文书段落内容,UHID|段落编号,A,段落内容为 CLOB;段落编号=EPR_INPATIENT.ID,curated
MTL,EPR_COM_DATASOURCECONFIG,,649,28,,,,,[review_source_period:before_2025],metadata
MTL,EPR_INPATIENT,住院病历段落信息表。该表存储住院病历内容信息，以DATE_VALIDATED按年度进行分区存储。,3948751,49,电子病历(旧),文书主表,UHID|ID,A,DOC_TYPE_NAME like '%出院记录%' 等,curated
MTL,EPR_INPATIENT_DOCINDEX,存储住院病历索引信息，包括病历的状态,239860,36,电子病历(旧),住院文书索引,UHID,A,"P_INPATIENT_NO=INP_NO, P_INPATIENT_TIMES=VISIT_ID",curated
MTL,EPR_INPATIENT_LOG,住院病历操作日志表,128,13,,,,,[review_source_period:before_2025],metadata
MTL,EPR_INPATIENTTREECONFIG,,197,29,,,,,[review_source_period:before_2025],metadata
MTL,EPR_TEMP_AUTHORITY,记录住院病历临时权限以及主动授权信息,985,12,,,,,[review_source_period:before_2025],metadata
MTL,HIS_MET_COM_DIAGNOSE,患者诊断表,1435092,28,,,,,[review_source_period:before_2025],metadata
MTL,PH_SS,,267,5,,,,,[review_source_period:before_2025],metadata
mywk,mywk_config,,11,0,PACS 影像系统（源端）,,,live_metadata,,platform
mywk,mywk_docotor_distribute_parameter,,0,0,PACS 影像系统（源端）,,,live_metadata,,platform
mywk,mywk_doctor_distribute_default_factor,,30,0,PACS 影像系统（源端）,,,live_metadata,,platform
mywk,mywk_doctor_distribute_default_parameter,,0,0,PACS 影像系统（源端）,,,live_metadata,,platform
mywk,mywk_doctor_distribute_default_parameter_group,,0,0,PACS 影像系统（源端）,,,live_metadata,,platform
mywk,mywk_doctor_distribute_factor,,11028,0,PACS 影像系统（源端）,,,live_metadata,,platform
mywk,mywk_doctor_distribute_max_count,,4,0,PACS 影像系统（源端）,,,live_metadata,,platform
mywk,mywk_duty,,26,0,PACS 影像系统（源端）,,,live_metadata,,platform
mywk,mywk_onduty_schedule,,133088,0,PACS 影像系统（源端）,,,live_metadata,,platform
mywk,mywk_period,,17,0,PACS 影像系统（源端）,,,live_metadata,,platform
mywk,mywk_report_filter_group,,4,0,PACS 影像系统（源端）,,,live_metadata,,platform
mywk,mywk_report_filter_items,,2,0,PACS 影像系统（源端）,,,live_metadata,,platform
mywk,mywk_report_order_fields,,10,0,PACS 影像系统（源端）,,,live_metadata,,platform
mywk,mywk_report_set,,90,0,PACS 影像系统（源端）,,,live_metadata,,platform
mywk,mywk_report_set_condition,,436,0,PACS 影像系统（源端）,,,live_metadata,,platform
mywk,mywk_report_set_period,,128,0,PACS 影像系统（源端）,,,live_metadata,,platform
mywk,mywk_subscribe,,0,0,PACS 影像系统（源端）,,,live_metadata,,platform
mywk,server_config_item,,6,0,PACS 影像系统（源端）,,,live_metadata,,platform
mywk,staff_leave,,0,0,PACS 影像系统（源端）,,,live_metadata,,platform
mywk,staff_sch_calendar_day,,2142,0,PACS 影像系统（源端）,,,live_metadata,,platform
mywk,staff_sch_date_type,,0,0,PACS 影像系统（源端）,,,live_metadata,,platform
mywk,staff_sch_group_comments,,0,0,PACS 影像系统（源端）,,,live_metadata,,platform
mywk,staff_sch_group_period,,0,0,PACS 影像系统（源端）,,,live_metadata,,platform
mywk,staff_sch_onduty,,0,0,PACS 影像系统（源端）,,,live_metadata,,platform
mywk,staff_sch_onduty_status,,0,0,PACS 影像系统（源端）,,,live_metadata,,platform
mywk,staff_sch_person_info,,65,0,PACS 影像系统（源端）,,,live_metadata,,platform
mywk,staff_sch_person_role,,37,0,PACS 影像系统（源端）,,,live_metadata,,platform
mywk,staff_sch_post,,28,0,PACS 影像系统（源端）,,,live_metadata,,platform
mywk,staff_sch_post_attr,,1,0,PACS 影像系统（源端）,,,live_metadata,,platform
mywk,staff_sch_post_date,,27902,0,PACS 影像系统（源端）,,,live_metadata,,platform
mywk,staff_sch_post_date_type_config,,0,0,PACS 影像系统（源端）,,,live_metadata,,platform
mywk,staff_sch_post_detail,,100295,0,PACS 影像系统（源端）,,,live_metadata,,platform
mywk,staff_sch_post_group,,0,0,PACS 影像系统（源端）,,,live_metadata,,platform
mywk,staff_sch_post_group_items,,0,0,PACS 影像系统（源端）,,,live_metadata,,platform
mywk,staff_sch_post_period,,0,0,PACS 影像系统（源端）,,,live_metadata,,platform
mywk,staff_sch_post_rule,,0,0,PACS 影像系统（源端）,,,live_metadata,,platform
mywk,staff_sch_post_rule_candidate,,0,0,PACS 影像系统（源端）,,,live_metadata,,platform
mywk,staff_sch_post_rule_candidate_staffs,,0,0,PACS 影像系统（源端）,,,live_metadata,,platform
mywk,staff_sch_post_rule_conflict,,0,0,PACS 影像系统（源端）,,,live_metadata,,platform
mywk,staff_sch_post_rule_cycle,,0,0,PACS 影像系统（源端）,,,live_metadata,,platform
mywk,staff_sch_post_rule_cycle_day,,0,0,PACS 影像系统（源端）,,,live_metadata,,platform
mywk,staff_sch_post_rule_cycle_staffs,,0,0,PACS 影像系统（源端）,,,live_metadata,,platform
mywk,staff_sch_post_rule_except,,0,0,PACS 影像系统（源端）,,,live_metadata,,platform
mywk,staff_sch_post_rule_except_staffs,,0,0,PACS 影像系统（源端）,,,live_metadata,,platform
mywk,staff_sch_post_rule_fix,,0,0,PACS 影像系统（源端）,,,live_metadata,,platform
mywk,staff_sch_post_rule_fix_staffs,,0,0,PACS 影像系统（源端）,,,live_metadata,,platform
mywk,staff_sch_post_rule_type,,5,0,PACS 影像系统（源端）,,,live_metadata,,platform
mywk,staff_sch_post_stat_item,,0,0,PACS 影像系统（源端）,,,live_metadata,,platform
mywk,staff_sch_post_week_comments,,0,0,PACS 影像系统（源端）,,,live_metadata,,platform
mywk,staff_sch_post_week_items,,0,0,PACS 影像系统（源端）,,,live_metadata,,platform
mywk,staff_sch_post_week_posts,,0,0,PACS 影像系统（源端）,,,live_metadata,,platform
mywk,staff_sch_post_week_status,,290,0,PACS 影像系统（源端）,,,live_metadata,,platform
mywk,staff_sch_roles,,2,0,PACS 影像系统（源端）,,,live_metadata,,platform
mywk,staff_sch_staff_attached_info,,0,0,PACS 影像系统（源端）,,,live_metadata,,platform
mywk,workdateconfig,,0,0,PACS 影像系统（源端）,,,live_metadata,,platform
NJ,病人来源,,4,4,,,,,,metadata
NJ,预约登记,,56584,110,,,,,,metadata
NJ,BHOSCHECKES,,80480,215,,,,,,metadata
NJ,BHOSCHECKES_NAVRECORD,,8,4,,,,,,metadata
NJ,BHOSCHECKES_PSITEMS,,59792,8,,,,,,metadata
NJ,SKBCOLLECTIONDETAIL,,57476,20,,,,,,metadata
OA.DBO,OA_TASK_SNAP,,0,0,OA办公系统,,,live_metadata,,platform
OA.DBO,OA_VEHICLE_DAILYMANAGEMENT,,0,0,OA办公系统,,,live_metadata,,platform
OA.DBO,OA_VEHICLE_ETC,,0,0,OA办公系统,,,live_metadata,,platform
OA.DBO,OA_VEHICLE_FCMANAGEMENT,,0,0,OA办公系统,,,live_metadata,,platform
OA.DBO,OA_VEHICLE_FEEDBACK,,0,0,OA办公系统,,,live_metadata,,platform
OA.DBO,ORG_RIGHTSCOPE20250828,,47648,0,OA办公系统,,,live_metadata,,platform
OA.DBO,WXRENYUAN,,1980,0,OA办公系统,,,live_metadata,,platform
OA.EZOFFICE,ass_accessory,,0,0,OA办公系统,,,live_metadata,,platform
OA.EZOFFICE,ass_AddSubtract,,0,0,OA办公系统,,,live_metadata,,platform
OA.EZOFFICE,ass_AssApp,,0,0,OA办公系统,,,live_metadata,,platform
OA.EZOFFICE,ass_AssApp_task,,0,0,OA办公系统,,,live_metadata,,platform
OA.EZOFFICE,ass_associate,,0,0,OA办公系统,,,live_metadata,,platform
OA.EZOFFICE,ass_CommonCriteria,,0,0,OA办公系统,,,live_metadata,,platform
OA.EZOFFICE,ass_CommonCriteriaGroup,,0,0,OA办公系统,,,live_metadata,,platform
OA.EZOFFICE,ass_d_AddSubtract,,0,0,OA办公系统,,,live_metadata,,platform
OA.EZOFFICE,ass_d_AddSubtract_Task,,0,0,OA办公系统,,,live_metadata,,platform
OA.EZOFFICE,ass_d_AppTalk,,0,0,OA办公系统,,,live_metadata,,platform
OA.EZOFFICE,ass_d_AppTalk_Content,,0,0,OA办公系统,,,live_metadata,,platform
OA.EZOFFICE,ass_d_AppTalk_Person,,0,0,OA办公系统,,,live_metadata,,platform
OA.EZOFFICE,ass_d_AppTalkProject,,0,0,OA办公系统,,,live_metadata,,platform
OA.EZOFFICE,ass_d_AppTalk_Score,,0,0,OA办公系统,,,live_metadata,,platform
OA.EZOFFICE,ass_d_cent_work,,0,0,OA办公系统,,,live_metadata,,platform
OA.EZOFFICE,ass_d_cent_work_b,,0,0,OA办公系统,,,live_metadata,,platform
OA.EZOFFICE,ass_d_cent_work_task,,0,0,OA办公系统,,,live_metadata,,platform
OA.EZOFFICE,ass_d_emp_sub_task,,0,0,OA办公系统,,,live_metadata,,platform
OA.EZOFFICE,ass_d_emp_task,,0,0,OA办公系统,,,live_metadata,,platform
OA.EZOFFICE,ass_d_emp_work,,0,0,OA办公系统,,,live_metadata,,platform
OA.EZOFFICE,ass_dept_plan,,0,0,OA办公系统,,,live_metadata,,platform
OA.EZOFFICE,ass_d_JobAppeal,,0,0,OA办公系统,,,live_metadata,,platform
OA.EZOFFICE,ass_d_JobAppeal_Task,,0,0,OA办公系统,,,live_metadata,,platform
OA.EZOFFICE,ass_d_JobReport,,0,0,OA办公系统,,,live_metadata,,platform
OA.EZOFFICE,ass_d_JobReport_Task,,0,0,OA办公系统,,,live_metadata,,platform
OA.EZOFFICE,ass_d_JobRewards,,0,0,OA办公系统,,,live_metadata,,platform
OA.EZOFFICE,ass_d_team_mana,,0,0,OA办公系统,,,live_metadata,,platform
OA.EZOFFICE,ass_d_team_mana_b,,0,0,OA办公系统,,,live_metadata,,platform
OA.EZOFFICE,ass_d_team_mana_item,,0,0,OA办公系统,,,live_metadata,,platform
OA.EZOFFICE,ass_NormalJob,,0,0,OA办公系统,,,live_metadata,,platform
OA.EZOFFICE,ass_plan_task,,0,0,OA办公系统,,,live_metadata,,platform
OA.EZOFFICE,ass_plan_workflow,,0,0,OA办公系统,,,live_metadata,,platform
OA.EZOFFICE,ass_report,,0,0,OA办公系统,,,live_metadata,,platform
OA.EZOFFICE,ass_report_task,,0,0,OA办公系统,,,live_metadata,,platform
OA.EZOFFICE,ass_scoreSet,,0,0,OA办公系统,,,live_metadata,,platform
OA.EZOFFICE,ASS_USER_ROLE,,0,0,OA办公系统,,,live_metadata,,platform
OA.EZOFFICE,ASS_USER_SETUP,,0,0,OA办公系统,,,live_metadata,,platform
OA.EZOFFICE,ass_workset,,0,0,OA办公系统,,,live_metadata,,platform
OA.EZOFFICE,ass_workset_task,,0,0,OA办公系统,,,live_metadata,,platform
OA.EZOFFICE,BG_COST,,0,0,OA办公系统,,,live_metadata,,platform
OA.EZOFFICE,BG_COST_ADJUST,,0,0,OA办公系统,,,live_metadata,,platform
OA.EZOFFICE,BG_COST_APPLY,,0,0,OA办公系统,,,live_metadata,,platform
OA.EZOFFICE,bg_cost_workflow,,0,0,OA办公系统,,,live_metadata,,platform
OA.EZOFFICE,bg_cost_workflowInfo,,0,0,OA办公系统,,,live_metadata,,platform
OA.EZOFFICE,BG_PJ_COST,,0,0,OA办公系统,,,live_metadata,,platform
OA.EZOFFICE,BG_PJ_SUBJECT,,0,0,OA办公系统,,,live_metadata,,platform
OA.EZOFFICE,BG_SECTION,,0,0,OA办公系统,,,live_metadata,,platform
OA.EZOFFICE,BG_SECTION_SCOPE,,0,0,OA办公系统,,,live_metadata,,platform
OA.EZOFFICE,BG_SECTION_SUBJECT,,0,0,OA办公系统,,,live_metadata,,platform
OA.EZOFFICE,BG_SUBJECT,,0,0,OA办公系统,,,live_metadata,,platform
OA.EZOFFICE,BG_WF_SUBJECT,,0,0,OA办公系统,,,live_metadata,,platform
OA.EZOFFICE,BookMarks,,126,0,OA办公系统,,,live_metadata,,platform
OA.EZOFFICE,cbdb_rwfk,,0,0,OA办公系统,,,live_metadata,,platform
OA.EZOFFICE,cbdb_rwlog,,0,0,OA办公系统,,,live_metadata,,platform
OA.EZOFFICE,cbdb_rwsource,,0,0,OA办公系统,,,live_metadata,,platform
OA.EZOFFICE,cbdb_task,,0,0,OA办公系统,,,live_metadata,,platform
OA.EZOFFICE,cbdb_taskglcyr,,0,0,OA办公系统,,,live_metadata,,platform
OA.EZOFFICE,cbdb_taskglzj,,0,0,OA办公系统,,,live_metadata,,platform
OA.EZOFFICE,cdbd_ywygglfkji,,0,0,OA办公系统,,,live_metadata,,platform
OA.EZOFFICE,contractSign,,0,0,OA办公系统,,,live_metadata,,platform
OA.EZOFFICE,counterPart,,0,0,OA办公系统,,,live_metadata,,platform
OA.EZOFFICE,counterPartChange,,0,0,OA办公系统,,,live_metadata,,platform
OA.EZOFFICE,counterPartLinkMan,,0,0,OA办公系统,,,live_metadata,,platform
OA.EZOFFICE,CUSTOMER_CENTER,,26,0,OA办公系统,,,live_metadata,,platform
OA.EZOFFICE,CUSTOMER_CON,,0,0,OA办公系统,,,live_metadata,,platform
OA.EZOFFICE,dfdz_printlimit,,0,0,OA办公系统,,,live_metadata,,platform
OA.EZOFFICE,Document,,611,0,OA办公系统,,,live_metadata,,platform
OA.EZOFFICE,DOCUMENT_EXT,,9,0,OA办公系统,,,live_metadata,,platform
OA.EZOFFICE,Document_File,,608,0,OA办公系统,,,live_metadata,,platform
OA.EZOFFICE,Document_History,,0,0,OA办公系统,,,live_metadata,,platform
OA.EZOFFICE,Document_Signature,,47,0,OA办公系统,,,live_metadata,,platform
OA.EZOFFICE,DOCUMENT_SIGNATURE_WEB,,0,0,OA办公系统,,,live_metadata,,platform
OA.EZOFFICE,E_REPORTFILE,,0,0,OA办公系统,,,live_metadata,,platform
OA.EZOFFICE,ErrorLogTable,,0,0,OA办公系统,,,live_metadata,,platform
OA.EZOFFICE,ethics_annualGrade,,0,0,OA办公系统,,,live_metadata,,platform
OA.EZOFFICE,ethics_annualProject,,0,0,OA办公系统,,,live_metadata,,platform
OA.EZOFFICE,ethics_archiveRecord,,0,0,OA办公系统,,,live_metadata,,platform
OA.EZOFFICE,ethics_baseProject,,0,0,OA办公系统,,,live_metadata,,platform
OA.EZOFFICE,ethics_checkYear,,0,0,OA办公系统,,,live_metadata,,platform
OA.EZOFFICE,ethics_gradeItem,,0,0,OA办公系统,,,live_metadata,,platform
OA.EZOFFICE,ethics_projectType,,0,0,OA办公系统,,,live_metadata,,platform
OA.EZOFFICE,ethics_remindSet,,1,0,OA办公系统,,,live_metadata,,platform
OA.EZOFFICE,ethics_summary,,0,0,OA办公系统,,,live_metadata,,platform
OA.EZOFFICE,event_assortManager,,1,0,OA办公系统,,,live_metadata,,platform
OA.EZOFFICE,EVO_WEIXIN_ORGMAP,,0,0,OA办公系统,,,live_metadata,,platform
OA.EZOFFICE,EVO_WORK_ATTENDANCE,,0,0,OA办公系统,,,live_metadata,,platform
OA.EZOFFICE,EX_CheckFileLocal,,0,0,OA办公系统,,,live_metadata,,platform
OA.EZOFFICE,EX_ELECFILE,,0,0,OA办公系统,,,live_metadata,,platform
OA.EZOFFICE,EX_GOVCHECKFILE,,0,0,OA办公系统,,,live_metadata,,platform
OA.EZOFFICE,EX_GOVCHECKFILELOCAL,,0,0,OA办公系统,,,live_metadata,,platform
OA.EZOFFICE,EX_GOVCHECKUSER,,0,0,OA办公系统,,,live_metadata,,platform
OA.EZOFFICE,EX_ReceiveFile,,0,0,OA办公系统,,,live_metadata,,platform
OA.EZOFFICE,EX_ReceiveFileLocal,,0,0,OA办公系统,,,live_metadata,,platform
OA.EZOFFICE,EX_RECEIVEFILE_temp,,0,0,OA办公系统,,,live_metadata,,platform
OA.EZOFFICE,EX_RECEIVEUSER,,0,0,OA办公系统,,,live_metadata,,platform
OA.EZOFFICE,EX_RECEIVEUSER_temp,,0,0,OA办公系统,,,live_metadata,,platform
OA.EZOFFICE,EX_SendFileLocal,,0,0,OA办公系统,,,live_metadata,,platform
OA.EZOFFICE,EX_SENDFILELOCAL_temp,,0,0,OA办公系统,,,live_metadata,,platform
OA.EZOFFICE,EX_UNIT,,0,0,OA办公系统,,,live_metadata,,platform
OA.EZOFFICE,EX_UNITGROUP,,0,0,OA办公系统,,,live_metadata,,platform
OA.EZOFFICE,EX_UNIT_REF,,0,0,OA办公系统,,,live_metadata,,platform
OA.EZOFFICE,EZ_BPMPOOL_CHANNELPROCESS,,0,0,OA办公系统,,,live_metadata,,platform
OA.EZOFFICE,EZ_BPMPOOL_COMMONPROCESS,,1214,0,OA办公系统,,,live_metadata,,platform
OA.EZOFFICE,EZ_BPMPOOL_EXTERNALINTERFACE,,0,0,OA办公系统,,,live_metadata,,platform
OA.EZOFFICE,EZ_BPMPOOL_EXTINTERFACEPARAM,,0,0,OA办公系统,,,live_metadata,,platform
OA.EZOFFICE,EZ_BPMPOOL_FLOWDEPLOYMENT,,5241,0,OA办公系统,,,live_metadata,,platform
OA.EZOFFICE,EZ_BPMPOOL_FLOWMESSAGE,,2758,0,OA办公系统,,,live_metadata,,platform
OA.EZOFFICE,EZ_BPMPOOL_INTERFACESET,,0,0,OA办公系统,,,live_metadata,,platform
OA.EZOFFICE,EZ_BPMPOOL_JOB_CHOOSEDACT,,0,0,OA办公系统,,,live_metadata,,platform
OA.EZOFFICE,EZ_BPMPOOL_JOB_START,,0,0,OA办公系统,,,live_metadata,,platform
OA.EZOFFICE,EZ_BPMPOOL_OUTDATASOURCE,,0,0,OA办公系统,,,live_metadata,,platform
OA.EZOFFICE,EZ_BPMPOOL_PROCESS,,529,0,OA办公系统,,,live_metadata,,platform
OA.EZOFFICE,EZ_BPMPOOL_PROCESSPACKAGE,,574,0,OA办公系统,,,live_metadata,,platform
OA.EZOFFICE,EZ_BPMPOOL_PROCESS_STARTGROUP,,149,0,OA办公系统,,,live_metadata,,platform
OA.EZOFFICE,EZ_BPMPOOL_PROCESS_STARTORG,,596,0,OA办公系统,,,live_metadata,,platform
OA.EZOFFICE,EZ_BPMPOOL_PROCESS_STARTUSER,,287,0,OA办公系统,,,live_metadata,,platform
OA.EZOFFICE,EZ_BPMPOOL_PROCINST,,604412,0,OA办公系统,,,live_metadata,,platform
OA.EZOFFICE,EZ_BPMPOOL_RELATIONPROCESS,,417,0,OA办公系统,,,live_metadata,,platform
OA.EZOFFICE,EZ_BPMPOOL_TASKRIGHT,,0,0,OA办公系统,,,live_metadata,,platform
OA.EZOFFICE,EZ_BPMPOOL_WORKHANDOVER,,0,0,OA办公系统,,,live_metadata,,platform
OA.EZOFFICE,EZ_BPM_WORKPROXY,,1,0,OA办公系统,,,live_metadata,,platform
OA.EZOFFICE,ez_custom_tj,,0,0,OA办公系统,,,live_metadata,,platform
OA.EZOFFICE,EZ_DECISION_MEETINGCLASSIFY,,1,0,OA办公系统,,,live_metadata,,platform
OA.EZOFFICE,ez_expert,,0,0,OA办公系统,,,live_metadata,,platform
OA.EZOFFICE,EZ_FLOW_ACTION_LOG,,2540629,0,OA办公系统,,,live_metadata,,platform
OA.EZOFFICE,EZ_FLOW_APPROVERSET,,0,0,OA办公系统,,,live_metadata,,platform
OA.EZOFFICE,EZ_FLOW_CONDITIONSET,,0,0,OA办公系统,,,live_metadata,,platform
OA.EZOFFICE,EZ_FLOW_DE_ACTIVITY,,2505,0,OA办公系统,,,live_metadata,,platform
OA.EZOFFICE,EZ_FLOW_DE_DESIGFORM,,535,0,OA办公系统,,,live_metadata,,platform
OA.EZOFFICE,EZ_FLOW_DE_DESIGNER,,535,0,OA办公系统,,,live_metadata,,platform
OA.EZOFFICE,EZ_FLOW_GE_BYTEARRAY,,339916,0,OA办公系统,,,live_metadata,,platform
OA.EZOFFICE,EZ_FLOW_GE_PROPERTY,,3,0,OA办公系统,,,live_metadata,,platform
OA.EZOFFICE,EZ_FLOW_HI_ACTINST,,1443652,0,OA办公系统,,,live_metadata,,platform
OA.EZOFFICE,EZ_FLOW_HI_ATTACHMENT,,0,0,OA办公系统,,,live_metadata,,platform
OA.EZOFFICE,EZ_FLOW_HI_COMMENT,,0,0,OA办公系统,,,live_metadata,,platform
OA.EZOFFICE,EZ_FLOW_HI_DETAIL,,0,0,OA办公系统,,,live_metadata,,platform
OA.EZOFFICE,EZ_FLOW_HI_PROCINST,,604190,0,OA办公系统,,,live_metadata,,platform
OA.EZOFFICE,EZ_FLOW_HI_TASKINST,,1403142,0,OA办公系统,,,live_metadata,,platform
OA.EZOFFICE,EZ_FLOW_ID_GROUP,,0,0,OA办公系统,,,live_metadata,,platform
OA.EZOFFICE,EZ_FLOW_ID_INFO,,0,0,OA办公系统,,,live_metadata,,platform
OA.EZOFFICE,EZ_FLOW_ID_MEMBERSHIP,,0,0,OA办公系统,,,live_metadata,,platform
OA.EZOFFICE,EZ_FLOW_ID_USER,,0,0,OA办公系统,,,live_metadata,,platform
OA.EZOFFICE,EZ_FLOW_RE_AUTOTRAN,,0,0,OA办公系统,,,live_metadata,,platform
OA.EZOFFICE,EZ_FLOW_RE_BUTTONS,,0,0,OA办公系统,,,live_metadata,,platform
OA.EZOFFICE,EZ_FLOW_RE_CHANNELPROCESS,,0,0,OA办公系统,,,live_metadata,,platform
OA.EZOFFICE,EZ_FLOW_RE_COMMENT,,886411,0,OA办公系统,,,live_metadata,,platform
OA.EZOFFICE,EZ_FLOW_RE_DEPLOYMENT,,5076,0,OA办公系统,,,live_metadata,,platform
OA.EZOFFICE,EZ_FLOW_RELATIONINFO,,0,0,OA办公系统,,,live_metadata,,platform
OA.EZOFFICE,EZ_FLOW_RE_MYAUTOTRAN,,11,0,OA办公系统,,,live_metadata,,platform
OA.EZOFFICE,EZ_FLOW_RE_OFTENPROCESS,,0,0,OA办公系统,,,live_metadata,,platform
OA.EZOFFICE,EZ_FLOW_RE_PACKAGE,,0,0,OA办公系统,,,live_metadata,,platform
OA.EZOFFICE,EZ_FLOW_RE_PACK_PDE,,537,0,OA办公系统,,,live_metadata,,platform
OA.EZOFFICE,EZ_FLOW_RE_PROCDEF,,5076,0,OA办公系统,,,live_metadata,,platform
OA.EZOFFICE,EZ_FLOW_RE_PROCESS_SUB,,0,0,OA办公系统,,,live_metadata,,platform
OA.EZOFFICE,EZ_FLOW_RE_PROXY,,0,0,OA办公系统,,,live_metadata,,platform
OA.EZOFFICE,EZ_FLOW_RE_PROXY_PRO,,0,0,OA办公系统,,,live_metadata,,platform
OA.EZOFFICE,EZ_FLOW_RIGHTSET,,0,0,OA办公系统,,,live_metadata,,platform
OA.EZOFFICE,EZ_FLOW_RU_EVENT_SUBSCR,,0,0,OA办公系统,,,live_metadata,,platform
OA.EZOFFICE,EZ_FLOW_RU_EXECUTION,,180206,0,OA办公系统,,,live_metadata,,platform
OA.EZOFFICE,EZ_FLOW_RU_IDENTITYLINK,,0,0,OA办公系统,,,live_metadata,,platform
OA.EZOFFICE,EZ_FLOW_RU_JOB,,3,0,OA办公系统,,,live_metadata,,platform
OA.EZOFFICE,EZ_FLOW_RU_ONLINEUSER,,1855,0,OA办公系统,,,live_metadata,,platform
OA.EZOFFICE,EZ_FLOW_RU_PROCDRAFT,,1996,0,OA办公系统,,,live_metadata,,platform
OA.EZOFFICE,EZ_FLOW_RU_PRORELATION,,0,0,OA办公系统,,,live_metadata,,platform
OA.EZOFFICE,EZ_FLOW_RU_TASK,,110303,0,OA办公系统,,,live_metadata,,platform
OA.EZOFFICE,EZ_FLOW_RU_VARIABLE,,1588251,0,OA办公系统,,,live_metadata,,platform
OA.EZOFFICE,EZ_FLOW_SETFOCUS,,87,0,OA办公系统,,,live_metadata,,platform
OA.EZOFFICE,ez_form,,1182,0,OA办公系统,,,live_metadata,,platform
OA.EZOFFICE,ez_form_field,,20494,0,OA办公系统,,,live_metadata,,platform
OA.EZOFFICE,ez_form_mobileFieldSet,,3329,0,OA办公系统,,,live_metadata,,platform
OA.EZOFFICE,EZ_FORM_MODIFY,,80974,0,OA办公系统,,,live_metadata,,platform
OA.EZOFFICE,ez_form_module,,19,0,OA办公系统,,,live_metadata,,platform
OA.EZOFFICE,ez_form_print,,591,0,OA办公系统,,,live_metadata,,platform
OA.EZOFFICE,ez_form_s_datasource,,12,0,OA办公系统,,,live_metadata,,platform
OA.EZOFFICE,ez_form_s_rela,,50,0,OA办公系统,,,live_metadata,,platform
OA.EZOFFICE,ez_form_s_setting,,20,0,OA办公系统,,,live_metadata,,platform
OA.EZOFFICE,ez_form_s_trig,,12,0,OA办公系统,,,live_metadata,,platform
OA.EZOFFICE,ez_form_s_trig_field,,24,0,OA办公系统,,,live_metadata,,platform
OA.EZOFFICE,ez_form_s_trig_table,,12,0,OA办公系统,,,live_metadata,,platform
OA.EZOFFICE,ez_form_table,,1552,0,OA办公系统,,,live_metadata,,platform
OA.EZOFFICE,EZ_KNOWLEDGE_CATEGORY,,1,0,OA办公系统,,,live_metadata,,platform
OA.EZOFFICE,EZ_KNOWLEDGE_DOCUMENT,,0,0,OA办公系统,,,live_metadata,,platform
OA.EZOFFICE,EZ_KNOWLEDGE_DOCUMENT_BROWSER,,0,0,OA办公系统,,,live_metadata,,platform
OA.EZOFFICE,EZ_KNOWLEDGE_DOCUMENT_COMMENT,,0,0,OA办公系统,,,live_metadata,,platform
OA.EZOFFICE,ezmobile_dingBase,,0,0,OA办公系统,,,live_metadata,,platform
OA.EZOFFICE,ezmobile_dingDeptoaOrg,,0,0,OA办公系统,,,live_metadata,,platform
OA.EZOFFICE,ezmobile_dingMenu,,10,0,OA办公系统,,,live_metadata,,platform
OA.EZOFFICE,ezmobile_dingUserOrgLog,,0,0,OA办公系统,,,live_metadata,,platform
OA.EZOFFICE,ezmobile_infoDataSource,,2,0,OA办公系统,,,live_metadata,,platform
OA.EZOFFICE,ezmobile_infoPushData,,121860,0,OA办公系统,,,live_metadata,,platform
OA.EZOFFICE,EZMOBILE_REMINDLIST,,16,0,OA办公系统,,,live_metadata,,platform
OA.EZOFFICE,ezmobile_sendmessage,,0,0,OA办公系统,,,live_metadata,,platform
OA.EZOFFICE,ezmobile_syncOrgAndUser,,12970,0,OA办公系统,,,live_metadata,,platform
OA.EZOFFICE,ezmobile_webappcolor,,0,0,OA办公系统,,,live_metadata,,platform
OA.EZOFFICE,ezmobile_wxToken,,0,0,OA办公系统,,,live_metadata,,platform
OA.EZOFFICE,EZ_SECU_ERRORCLIENT,,12354,0,OA办公系统,,,live_metadata,,platform
OA.EZOFFICE,EZ_SECU_PAGELIST,,168,0,OA办公系统,,,live_metadata,,platform
OA.EZOFFICE,ez_sys_popwin,,0,0,OA办公系统,,,live_metadata,,platform
OA.EZOFFICE,Ez_sys_reset_password,,9953,0,OA办公系统,,,live_metadata,,platform
OA.EZOFFICE,Ez_sys_sms_checkcode,,12274,0,OA办公系统,,,live_metadata,,platform
OA.EZOFFICE,EZ_ZHIDAO_ANSWER,,0,0,OA办公系统,,,live_metadata,,platform
OA.EZOFFICE,EZ_ZHIDAO_ANSWERAGAIN,,0,0,OA办公系统,,,live_metadata,,platform
OA.EZOFFICE,EZ_ZHIDAO_ASKAGAIN,,0,0,OA办公系统,,,live_metadata,,platform
OA.EZOFFICE,EZ_ZHIDAO_CLASS,,0,0,OA办公系统,,,live_metadata,,platform
OA.EZOFFICE,EZ_ZHIDAO_COMMENT,,0,0,OA办公系统,,,live_metadata,,platform
OA.EZOFFICE,EZ_ZHIDAO_EXPERT_CLASS,,0,0,OA办公系统,,,live_metadata,,platform
OA.EZOFFICE,EZ_ZHIDAO_GL,,0,0,OA办公系统,,,live_metadata,,platform
OA.EZOFFICE,EZ_ZHIDAO_KEYWORD,,0,0,OA办公系统,,,live_metadata,,platform
OA.EZOFFICE,EZ_ZHIDAO_QUESTION,,0,0,OA办公系统,,,live_metadata,,platform
OA.EZOFFICE,EZ_ZHIDAO_QUESTIONUSER,,0,0,OA办公系统,,,live_metadata,,platform
OA.EZOFFICE,FC_REPORTFILE,,0,0,OA办公系统,,,live_metadata,,platform
OA.EZOFFICE,GJ_APPLYLIST,,0,0,OA办公系统,,,live_metadata,,platform
OA.EZOFFICE,GJ_CSDETAIL,,0,0,OA办公系统,,,live_metadata,,platform
OA.EZOFFICE,GJ_CSMASTER,,0,0,OA办公系统,,,live_metadata,,platform
OA.EZOFFICE,GJ_DRAWDEPT,,0,0,OA办公系统,,,live_metadata,,platform
OA.EZOFFICE,GJ_EMPCHANGETYPE,,3,0,OA办公系统,,,live_metadata,,platform
OA.EZOFFICE,GJ_EMPLOYEECHANGE,,1267,0,OA办公系统,,,live_metadata,,platform
OA.EZOFFICE,GJ_GOODS,,0,0,OA办公系统,,,live_metadata,,platform
OA.EZOFFICE,GJ_GOODSSTOCK,,0,0,OA办公系统,,,live_metadata,,platform
OA.EZOFFICE,GJ_GOODSTYPE,,0,0,OA办公系统,,,live_metadata,,platform
OA.EZOFFICE,GJ_PTDETAIL,,0,0,OA办公系统,,,live_metadata,,platform
OA.EZOFFICE,GJ_PTMASTER,,0,0,OA办公系统,,,live_metadata,,platform
OA.EZOFFICE,GJ_SSDETAIL,,0,0,OA办公系统,,,live_metadata,,platform
OA.EZOFFICE,GJ_SSMASTER,,0,0,OA办公系统,,,live_metadata,,platform
OA.EZOFFICE,GJ_STATION,,8,0,OA办公系统,,,live_metadata,,platform
OA.EZOFFICE,GJ_STOCK,,0,0,OA办公系统,,,live_metadata,,platform
OA.EZOFFICE,GJ_STOCKCHANGE,,0,0,OA办公系统,,,live_metadata,,platform
OA.EZOFFICE,GJ_STOCK_GOODSTYPE,,0,0,OA办公系统,,,live_metadata,,platform
OA.EZOFFICE,GJ_SUPPLYUNIT,,0,0,OA办公系统,,,live_metadata,,platform
OA.EZOFFICE,GJ_TYPEDEFINE,,0,0,OA办公系统,,,live_metadata,,platform
OA.EZOFFICE,GJ_WORKATTENDANCE,,0,0,OA办公系统,,,live_metadata,,platform
OA.EZOFFICE,GOV_COMEFILEUNIT,,0,0,OA办公系统,,,live_metadata,,platform
OA.EZOFFICE,GOV_CUSTOM_CHECKFIELD,,194,0,OA办公系统,,,live_metadata,,platform
OA.EZOFFICE,GOV_CUSTOM_DOCUMNET,,6,0,OA办公系统,,,live_metadata,,platform
OA.EZOFFICE,GOV_CUSTOM_FIELD,,87,0,OA办公系统,,,live_metadata,,platform
OA.EZOFFICE,GOV_DOCUMENTFILETYPE,,0,0,OA办公系统,,,live_metadata,,platform
OA.EZOFFICE,GOV_DOCUMENTSENDFILE,,1254,0,OA办公系统,,,live_metadata,,platform
OA.EZOFFICE,GOV_documentUnit,,12,0,OA办公系统,,,live_metadata,,platform
OA.EZOFFICE,GOV_FASTDOCSET,,0,0,OA办公系统,,,live_metadata,,platform
OA.EZOFFICE,gov_ff_gwy,,0,0,OA办公系统,,,live_metadata,,platform
OA.EZOFFICE,govIdForPDF,,0,0,OA办公系统,,,live_metadata,,platform
OA.EZOFFICE,GOV_ISSUE_UNIT,,0,0,OA办公系统,,,live_metadata,,platform
OA.EZOFFICE,GOV_LEADERSETTING,,0,0,OA办公系统,,,live_metadata,,platform
OA.EZOFFICE,GOV_ORGASSISTANT,,0,0,OA办公系统,,,live_metadata,,platform
OA.EZOFFICE,gov_pdffilename,,0,0,OA办公系统,,,live_metadata,,platform
OA.EZOFFICE,GOV_PLEASECHECK,,0,0,OA办公系统,,,live_metadata,,platform
OA.EZOFFICE,GOV_PLEASECHECKCOMMENT,,0,0,OA办公系统,,,live_metadata,,platform
OA.EZOFFICE,gov_ReceiveAssociate,,0,0,OA办公系统,,,live_metadata,,platform
OA.EZOFFICE,GOV_receivedocumentBASEINFO,,1,0,OA办公系统,,,live_metadata,,platform
OA.EZOFFICE,GOV_RECEIVEFILE,,4478,0,OA办公系统,,,live_metadata,,platform
OA.EZOFFICE,GOV_RECEIVEFILENUMSEQ,,5,0,OA办公系统,,,live_metadata,,platform
OA.EZOFFICE,gov_ReceiveFileSeq,,2,0,OA办公系统,,,live_metadata,,platform
OA.EZOFFICE,GOV_RECEIVEFILETYPE,,0,0,OA办公系统,,,live_metadata,,platform
OA.EZOFFICE,gov_SendAssociate,,0,0,OA办公系统,,,live_metadata,,platform
OA.EZOFFICE,GOV_senddocumentBASEINFO,,1,0,OA办公系统,,,live_metadata,,platform
OA.EZOFFICE,gov_senddocumentNum,,7,0,OA办公系统,,,live_metadata,,platform
OA.EZOFFICE,gov_senddocumentseq,,7,0,OA办公系统,,,live_metadata,,platform
OA.EZOFFICE,GOV_senddocumentTopical,,15,0,OA办公系统,,,live_metadata,,platform
OA.EZOFFICE,GOV_senddocumentUpdate,,88,0,OA办公系统,,,live_metadata,,platform
OA.EZOFFICE,gov_senddocumentword,,7,0,OA办公系统,,,live_metadata,,platform
OA.EZOFFICE,GOV_SENDFILEBROWSER,,0,0,OA办公系统,,,live_metadata,,platform
OA.EZOFFICE,GOV_SENDFILECHECK,,0,0,OA办公系统,,,live_metadata,,platform
OA.EZOFFICE,GOV_SENDFILECHECK_ACCESSORY,,0,0,OA办公系统,,,live_metadata,,platform
OA.EZOFFICE,GOV_SENDFILECHECKCOMMENT,,0,0,OA办公系统,,,live_metadata,,platform
OA.EZOFFICE,GOV_SENDFILECHECKWITHWF_ACC,,0,0,OA办公系统,,,live_metadata,,platform
OA.EZOFFICE,GOV_SENDFILECHECKWITHWORKFLOW,,0,0,OA办公系统,,,live_metadata,,platform
OA.EZOFFICE,GOV_SENDFILENOBROWSER,,0,0,OA办公系统,,,live_metadata,,platform
OA.EZOFFICE,GOV_SENDFILE_USER,,37,0,OA办公系统,,,live_metadata,,platform
OA.EZOFFICE,GOV_TELGRAPHCHECK,,0,0,OA办公系统,,,live_metadata,,platform
OA.EZOFFICE,GOV_TELGRAPHCHECKCOMMENT,,0,0,OA办公系统,,,live_metadata,,platform
OA.EZOFFICE,GOV_TOPICWORD,,0,0,OA办公系统,,,live_metadata,,platform
OA.EZOFFICE,GOV_TYPESET,,0,0,OA办公系统,,,live_metadata,,platform
OA.EZOFFICE,gov_wflowResave,,0,0,OA办公系统,,,live_metadata,,platform
OA.EZOFFICE,HIS_EXAMINATION_ANSWER,,0,0,OA办公系统,,,live_metadata,,platform
OA.EZOFFICE,HIS_EXAMINATION_ANSWER_ITEM,,0,0,OA办公系统,,,live_metadata,,platform
OA.EZOFFICE,HIS_EXAMINATION_ITEM,,0,0,OA办公系统,,,live_metadata,,platform
OA.EZOFFICE,HIS_EXAMINATION_MANAGE,,0,0,OA办公系统,,,live_metadata,,platform
OA.EZOFFICE,HIS_EXAMINATION_PERSONNEL,,0,0,OA办公系统,,,live_metadata,,platform
OA.EZOFFICE,HIS_EXAMINATION_SELFTEST,,0,0,OA办公系统,,,live_metadata,,platform
OA.EZOFFICE,HIS_EXAMINATION_SELFTEST_ITEM,,0,0,OA办公系统,,,live_metadata,,platform
OA.EZOFFICE,HIS_EXAMINATION_STOCK,,0,0,OA办公系统,,,live_metadata,,platform
OA.EZOFFICE,HIS_EXAMINATION_TYPE,,0,0,OA办公系统,,,live_metadata,,platform
OA.EZOFFICE,HIS_EXAM_ITEMANSWER,,0,0,OA办公系统,,,live_metadata,,platform
OA.EZOFFICE,his_exam_option,,0,0,OA办公系统,,,live_metadata,,platform
OA.EZOFFICE,his_exam_random,,0,0,OA办公系统,,,live_metadata,,platform
OA.EZOFFICE,hr_change_salary,,0,0,OA办公系统,,,live_metadata,,platform
OA.EZOFFICE,HR_DEPT_KIND,,0,0,OA办公系统,,,live_metadata,,platform
OA.EZOFFICE,HR_EMERGENCY_CONTACT,,0,0,OA办公系统,,,live_metadata,,platform
OA.EZOFFICE,HR_FAMILY_MEMBER,,0,0,OA办公系统,,,live_metadata,,platform
OA.EZOFFICE,HR_JOB_QUALIFICATION,,415,0,OA办公系统,,,live_metadata,,platform
OA.EZOFFICE,hr_kq_imei,,0,0,OA办公系统,,,live_metadata,,platform
OA.EZOFFICE,hr_kq_imp,,0,0,OA办公系统,,,live_metadata,,platform
OA.EZOFFICE,hr_kq_impmx,,0,0,OA办公系统,,,live_metadata,,platform
OA.EZOFFICE,hr_kq_record,,0,0,OA办公系统,,,live_metadata,,platform
OA.EZOFFICE,hr_kq_record_imp,,0,0,OA办公系统,,,live_metadata,,platform
OA.EZOFFICE,hr_kq_recordsum,,0,0,OA办公系统,,,live_metadata,,platform
OA.EZOFFICE,hr_kq_rule,,0,0,OA办公系统,,,live_metadata,,platform
OA.EZOFFICE,HR_KQ_SET,,0,0,OA办公系统,,,live_metadata,,platform
OA.EZOFFICE,hr_kq_special,,0,0,OA办公系统,,,live_metadata,,platform
OA.EZOFFICE,hr_kq_team,,0,0,OA办公系统,,,live_metadata,,platform
OA.EZOFFICE,hr_kq_type,,4,0,OA办公系统,,,live_metadata,,platform
OA.EZOFFICE,hr_kq_user,,0,0,OA办公系统,,,live_metadata,,platform
OA.EZOFFICE,hr_kq_worktime,,1,0,OA办公系统,,,live_metadata,,platform
OA.EZOFFICE,HR_PARTY_HISTORYINFO,,0,0,OA办公系统,,,live_metadata,,platform
OA.EZOFFICE,HR_PARTY_INFO,,0,0,OA办公系统,,,live_metadata,,platform
OA.EZOFFICE,HR_PARTY_SETTING,,2,0,OA办公系统,,,live_metadata,,platform
OA.EZOFFICE,HR_PERSON_TYPE,,0,0,OA办公系统,,,live_metadata,,platform
OA.EZOFFICE,HR_RPT_CONDITION,,0,0,OA办公系统,,,live_metadata,,platform
OA.EZOFFICE,HR_RPT_INIT_FIELD,,184,0,OA办公系统,,,live_metadata,,platform
OA.EZOFFICE,HR_RPT_SHOW_FIELD,,0,0,OA办公系统,,,live_metadata,,platform
OA.EZOFFICE,HR_RPT_SOLUTION,,0,0,OA办公系统,,,live_metadata,,platform
OA.EZOFFICE,HR_RZXX,,2,0,OA办公系统,,,live_metadata,,platform
OA.EZOFFICE,HR_SBBZ,,0,0,OA办公系统,,,live_metadata,,platform
OA.EZOFFICE,HR_S_BONUS_STANDARD,,0,0,OA办公系统,,,live_metadata,,platform
OA.EZOFFICE,hr_s_fffs_setting,,1,0,OA办公系统,,,live_metadata,,platform
OA.EZOFFICE,HR_S_GZBZ,,0,0,OA办公系统,,,live_metadata,,platform
OA.EZOFFICE,HR_S_GZDJ,,0,0,OA办公系统,,,live_metadata,,platform
OA.EZOFFICE,HR_S_GZJL,,0,0,OA办公系统,,,live_metadata,,platform
OA.EZOFFICE,HR_S_GZJL_MX,,0,0,OA办公系统,,,live_metadata,,platform
OA.EZOFFICE,HR_S_GZT,,0,0,OA办公系统,,,live_metadata,,platform
OA.EZOFFICE,HR_S_GZT_MX,,0,0,OA办公系统,,,live_metadata,,platform
OA.EZOFFICE,HR_S_GZXM,,100,0,OA办公系统,,,live_metadata,,platform
OA.EZOFFICE,HR_S_GZXM_BAK,,0,0,OA办公系统,,,live_metadata,,platform
OA.EZOFFICE,HR_S_GZXM_BAK_MX,,0,0,OA办公系统,,,live_metadata,,platform
OA.EZOFFICE,HR_S_INCOME_TAX,,9,0,OA办公系统,,,live_metadata,,platform
OA.EZOFFICE,HR_S_PAY_BASE,,0,0,OA办公系统,,,live_metadata,,platform
OA.EZOFFICE,HR_S_PAY_BASE_CHANG,,0,0,OA办公系统,,,live_metadata,,platform
OA.EZOFFICE,HR_S_RATIO_SETTING,,8,0,OA办公系统,,,live_metadata,,platform
OA.EZOFFICE,hr_s_welfare_bz,,0,0,OA办公系统,,,live_metadata,,platform
OA.EZOFFICE,hr_s_welfare_ff,,0,0,OA办公系统,,,live_metadata,,platform
OA.EZOFFICE,hr_s_welfare_ffmx,,0,0,OA办公系统,,,live_metadata,,platform
OA.EZOFFICE,HR_S_WELFARE_TYPE,,0,0,OA办公系统,,,live_metadata,,platform
OA.EZOFFICE,HR_UNIT_SETTING,,1,0,OA办公系统,,,live_metadata,,platform
OA.EZOFFICE,HR_VOCATION_QUALIFICATION,,8,0,OA办公系统,,,live_metadata,,platform
OA.EZOFFICE,HTMLDocument,,0,0,OA办公系统,,,live_metadata,,platform
OA.EZOFFICE,HTMLHistory,,0,0,OA办公系统,,,live_metadata,,platform
OA.EZOFFICE,HTMLSignature,,0,0,OA办公系统,,,live_metadata,,platform
OA.EZOFFICE,kq_attendance_address,,0,0,OA办公系统,,,live_metadata,,platform
OA.EZOFFICE,kq_attendance_address_bak,,0,0,OA办公系统,,,live_metadata,,platform
OA.EZOFFICE,kq_wx_attendance,,0,0,OA办公系统,,,live_metadata,,platform
OA.EZOFFICE,kq_wx_attendance_bak,,0,0,OA办公系统,,,live_metadata,,platform
OA.EZOFFICE,LDAPACCOUNTS,,0,0,OA办公系统,,,live_metadata,,platform
OA.EZOFFICE,LDAPSET,,0,0,OA办公系统,,,live_metadata,,platform
OA.EZOFFICE,MEETINGNOTICE_SON,,0,0,OA办公系统,,,live_metadata,,platform
OA.EZOFFICE,MS_ACCOUNTBOOK,,0,0,OA办公系统,,,live_metadata,,platform
OA.EZOFFICE,MS_CLOOPENSET,,1,0,OA办公系统,,,live_metadata,,platform
OA.EZOFFICE,MS_COUNT,,16,0,OA办公系统,,,live_metadata,,platform
OA.EZOFFICE,MS_INFODESCRIBE,,0,0,OA办公系统,,,live_metadata,,platform
OA.EZOFFICE,MS_INFOFLOW,,2736,0,OA办公系统,,,live_metadata,,platform
OA.EZOFFICE,MS_INFOLIST,,594170,0,OA办公系统,,,live_metadata,,platform
OA.EZOFFICE,MS_LIMIT,,0,0,OA办公系统,,,live_metadata,,platform
OA.EZOFFICE,MS_MESSAGE_PRICE,,0,0,OA办公系统,,,live_metadata,,platform
OA.EZOFFICE,MS_MODEL,,17,0,OA办公系统,,,live_metadata,,platform
OA.EZOFFICE,MS_OUTMO,,0,0,OA办公系统,,,live_metadata,,platform
OA.EZOFFICE,MS_TEMPLATESMS,,0,0,OA办公系统,,,live_metadata,,platform
OA.EZOFFICE,OA_ALLATTACH,,831418,0,OA办公系统,,,live_metadata,,platform
OA.EZOFFICE,OA_ANSWERSHEET,,1566,0,OA办公系统,,,live_metadata,,platform
OA.EZOFFICE,OA_ANSWERSHEETCONTENT,,21080,0,OA办公系统,,,live_metadata,,platform
OA.EZOFFICE,OA_ANSWERSHEETOPTION,,26074,0,OA办公系统,,,live_metadata,,platform
OA.EZOFFICE,OA_ARCHIVESBORROW,,0,0,OA办公系统,,,live_metadata,,platform
OA.EZOFFICE,OA_ARCHIVESCLASS,,0,0,OA办公系统,,,live_metadata,,platform
OA.EZOFFICE,OA_ARCHIVESDOSSIER,,0,0,OA办公系统,,,live_metadata,,platform
OA.EZOFFICE,OA_ARCHIVESDOSSIERACCESSORY,,0,0,OA办公系统,,,live_metadata,,platform
OA.EZOFFICE,OA_ARCHIVESFILE,,0,0,OA办公系统,,,live_metadata,,platform
OA.EZOFFICE,OA_ARCHIVESFILEACCESSORY,,0,0,OA办公系统,,,live_metadata,,platform
OA.EZOFFICE,OA_ASSET_ALLOCATE,,0,0,OA办公系统,,,live_metadata,,platform
OA.EZOFFICE,OA_ASSET_APPLY,,0,0,OA办公系统,,,live_metadata,,platform
OA.EZOFFICE,OA_ASSET_APPLY_CLASS,,0,0,OA办公系统,,,live_metadata,,platform
OA.EZOFFICE,OA_ASSET_BACK,,0,0,OA办公系统,,,live_metadata,,platform
OA.EZOFFICE,OA_ASSET_CLASS,,0,0,OA办公系统,,,live_metadata,,platform
OA.EZOFFICE,OA_ASSET_CODE,,0,0,OA办公系统,,,live_metadata,,platform
OA.EZOFFICE,OA_ASSET_CODE_SEQ,,0,0,OA办公系统,,,live_metadata,,platform
OA.EZOFFICE,OA_ASSET_DRAW,,0,0,OA办公系统,,,live_metadata,,platform
OA.EZOFFICE,OA_ASSET_INFO,,0,0,OA办公系统,,,live_metadata,,platform
OA.EZOFFICE,OA_ASSET_PLACE,,0,0,OA办公系统,,,live_metadata,,platform
OA.EZOFFICE,OA_ASSET_RETURN,,0,0,OA办公系统,,,live_metadata,,platform
OA.EZOFFICE,OA_ASSET_SCRAP,,0,0,OA办公系统,,,live_metadata,,platform
OA.EZOFFICE,OA_ASSET_STORE,,0,0,OA办公系统,,,live_metadata,,platform
OA.EZOFFICE,OA_ASSET_UPDATE,,0,0,OA办公系统,,,live_metadata,,platform
OA.EZOFFICE,OA_ASSOCIATEINFO,,0,0,OA办公系统,,,live_metadata,,platform
OA.EZOFFICE,oa_attendance_source,,2,0,OA办公系统,,,live_metadata,,platform
OA.EZOFFICE,OA_BDROOMAPPACCESSORY,,0,0,OA办公系统,,,live_metadata,,platform
OA.EZOFFICE,OA_BDROOMAPPTYPE,,0,0,OA办公系统,,,live_metadata,,platform
OA.EZOFFICE,OA_BDROOMEQU,,0,0,OA办公系统,,,live_metadata,,platform
OA.EZOFFICE,OA_BDROOMMEETNOTICEACCESSORY,,2,0,OA办公系统,,,live_metadata,,platform
OA.EZOFFICE,OA_BIRTHDAYWISH,,0,0,OA办公系统,,,live_metadata,,platform
OA.EZOFFICE,OA_BOARDCHAIRSET,,0,0,OA办公系统,,,live_metadata,,platform
OA.EZOFFICE,OA_BOARDROOM,,9,0,OA办公系统,,,live_metadata,,platform
OA.EZOFFICE,OA_BOARDROOMAPPLY,,5873,0,OA办公系统,,,live_metadata,,platform
OA.EZOFFICE,oa_boardroom_executestatus,,0,0,OA办公系统,,,live_metadata,,platform
OA.EZOFFICE,OA_BOARDROOM_MEETINGNOTICE,,149,0,OA办公系统,,,live_metadata,,platform
OA.EZOFFICE,OA_BOARDROOM_MEETINGNOTICETIME,,181,0,OA办公系统,,,live_metadata,,platform
OA.EZOFFICE,OA_BOARDROOM_MEETINGSIGN,,1097,0,OA办公系统,,,live_metadata,,platform
OA.EZOFFICE,oa_boardroom_meetingtime,,6040,0,OA办公系统,,,live_metadata,,platform
OA.EZOFFICE,oa_boardroom_persons,,0,0,OA办公系统,,,live_metadata,,platform
OA.EZOFFICE,OA_BOARDROOM_QS_WORKFLOW,,0,0,OA办公系统,,,live_metadata,,platform
OA.EZOFFICE,OA_BOARDROOM_RECEIPT,,2974,0,OA办公系统,,,live_metadata,,platform
OA.EZOFFICE,OA_BOARDROOM_VIDEOBDROOMTIME,,0,0,OA办公系统,,,live_metadata,,platform
OA.EZOFFICE,OA_BOARDROOM_ZP_WORKFLOW,,0,0,OA办公系统,,,live_metadata,,platform
OA.EZOFFICE,OA_BOOKS,,0,0,OA办公系统,,,live_metadata,,platform
OA.EZOFFICE,OA_BOOKS_ACCESSORY,,0,0,OA办公系统,,,live_metadata,,platform
OA.EZOFFICE,OA_BOOKSDETAIL,,0,0,OA办公系统,,,live_metadata,,platform
OA.EZOFFICE,OA_BOOKSOUTLAY,,0,0,OA办公系统,,,live_metadata,,platform
OA.EZOFFICE,OA_BOOKSTYPE,,0,0,OA办公系统,,,live_metadata,,platform
OA.EZOFFICE,OA_BORROWAPPLY,,0,0,OA办公系统,,,live_metadata,,platform
OA.EZOFFICE,OA_BPSON,,0,0,OA办公系统,,,live_metadata,,platform
OA.EZOFFICE,oa_browse_scope,,0,0,OA办公系统,,,live_metadata,,platform
OA.EZOFFICE,OA_BUDGET,,0,0,OA办公系统,,,live_metadata,,platform
OA.EZOFFICE,OA_BUDGETDETAIL,,0,0,OA办公系统,,,live_metadata,,platform
OA.EZOFFICE,OA_BUDGETEQUIPMENT,,0,0,OA办公系统,,,live_metadata,,platform
OA.EZOFFICE,OA_CARDCLASS,,0,0,OA办公系统,,,live_metadata,,platform
OA.EZOFFICE,OA_CARDEMP_Field,,0,0,OA办公系统,,,live_metadata,,platform
OA.EZOFFICE,oa_cardemp_FieldLength,,0,0,OA办公系统,,,live_metadata,,platform
OA.EZOFFICE,OA_CARDEMPINFO,,0,0,OA办公系统,,,live_metadata,,platform
OA.EZOFFICE,OA_CardOrder,,0,0,OA办公系统,,,live_metadata,,platform
OA.EZOFFICE,OA_CardOrderContent,,0,0,OA办公系统,,,live_metadata,,platform
OA.EZOFFICE,OA_CARDOrderInfo,,0,0,OA办公系统,,,live_metadata,,platform
OA.EZOFFICE,OA_CHANNELPOSITION,,0,0,OA办公系统,,,live_metadata,,platform
OA.EZOFFICE,OA_CheckWork_BaseSet,,0,0,OA办公系统,,,live_metadata,,platform
OA.EZOFFICE,oa_companyProperty,,0,0,OA办公系统,,,live_metadata,,platform
OA.EZOFFICE,OA_CONFERENCE_TELECONFERENCE,,0,0,OA办公系统,,,live_metadata,,platform
OA.EZOFFICE,OA_Contract,,0,0,OA办公系统,,,live_metadata,,platform
OA.EZOFFICE,OA_Contract_Accessory,,0,0,OA办公系统,,,live_metadata,,platform
OA.EZOFFICE,OA_Contract_Change,,0,0,OA办公系统,,,live_metadata,,platform
OA.EZOFFICE,OA_Contract_Convention,,0,0,OA办公系统,,,live_metadata,,platform
OA.EZOFFICE,OA_Contract_Gived,,0,0,OA办公系统,,,live_metadata,,platform
OA.EZOFFICE,OA_ContractNumber,,0,0,OA办公系统,,,live_metadata,,platform
OA.EZOFFICE,OA_Contract_Perform,,0,0,OA办公系统,,,live_metadata,,platform
OA.EZOFFICE,OA_Contract_Received,,0,0,OA办公系统,,,live_metadata,,platform
OA.EZOFFICE,OA_ContractType,,0,0,OA办公系统,,,live_metadata,,platform
OA.EZOFFICE,oa_counterpartclass,,0,0,OA办公系统,,,live_metadata,,platform
OA.EZOFFICE,oa_currentcompanymonth,,0,0,OA办公系统,,,live_metadata,,platform
OA.EZOFFICE,OA_CUSTMENU,,131,0,OA办公系统,,,live_metadata,,platform
OA.EZOFFICE,OA_CUSTMENU_bf20180505,,78,0,OA办公系统,,,live_metadata,,platform
OA.EZOFFICE,OA_CUSTMENU_CURMOBILE,,16,0,OA办公系统,,,live_metadata,,platform
OA.EZOFFICE,oa_custmenu_custbutton,,0,0,OA办公系统,,,live_metadata,,platform
OA.EZOFFICE,oa_custmenu_fieldcontrol,,284,0,OA办公系统,,,live_metadata,,platform
OA.EZOFFICE,OA_CUSTMENU_QLCASE,,52,0,OA办公系统,,,live_metadata,,platform
OA.EZOFFICE,OA_CUSTOMDESKTOPLAYOUT,,1,0,OA办公系统,,,live_metadata,,platform
OA.EZOFFICE,OA_CUSTOMFORM,,0,0,OA办公系统,,,live_metadata,,platform
OA.EZOFFICE,OA_CUSTOMSYS,,0,0,OA办公系统,,,live_metadata,,platform
OA.EZOFFICE,OA_CUSTOMSYS_MENU,,8,0,OA办公系统,,,live_metadata,,platform
OA.EZOFFICE,OA_CUSTOMSYS_MODULE,,0,0,OA办公系统,,,live_metadata,,platform
OA.EZOFFICE,OA_CUSTOMSYS_SETTING,,0,0,OA办公系统,,,live_metadata,,platform
OA.EZOFFICE,OA_DECISION_MEETINGSUMMARY,,0,0,OA办公系统,,,live_metadata,,platform
OA.EZOFFICE,OA_DECISION_SBSON,,0,0,OA办公系统,,,live_metadata,,platform
OA.EZOFFICE,OA_DECISION_SSDW,,0,0,OA办公系统,,,live_metadata,,platform
OA.EZOFFICE,OA_DECISION_TYPE,,0,0,OA办公系统,,,live_metadata,,platform
OA.EZOFFICE,OA_DECISION_YTBP,,0,0,OA办公系统,,,live_metadata,,platform
OA.EZOFFICE,OA_DECISION_YTFJVERSION,,0,0,OA办公系统,,,live_metadata,,platform
OA.EZOFFICE,OA_DECISION_YTSB,,0,0,OA办公系统,,,live_metadata,,platform
OA.EZOFFICE,OA_DECISION_YTYS,,0,0,OA办公系统,,,live_metadata,,platform
OA.EZOFFICE,OA_DECISION_YTYS_STATUS,,0,0,OA办公系统,,,live_metadata,,platform
OA.EZOFFICE,OA_DEFFIELD,,0,0,OA办公系统,,,live_metadata,,platform
OA.EZOFFICE,OA_DEFLIST,,0,0,OA办公系统,,,live_metadata,,platform
OA.EZOFFICE,OA_DEFLISTFIELD,,0,0,OA办公系统,,,live_metadata,,platform
OA.EZOFFICE,OA_DEFSHOWRELATION,,0,0,OA办公系统,,,live_metadata,,platform
OA.EZOFFICE,OA_DEFTABLE,,0,0,OA办公系统,,,live_metadata,,platform
OA.EZOFFICE,OA_DEPARTMENTSTYLE,,5,0,OA办公系统,,,live_metadata,,platform
OA.EZOFFICE,OA_DESKTOPSET,,0,0,OA办公系统,,,live_metadata,,platform
OA.EZOFFICE,OA_DIARY,,0,0,OA办公系统,,,live_metadata,,platform
OA.EZOFFICE,OA_DIARYCLASS,,15,0,OA办公系统,,,live_metadata,,platform
OA.EZOFFICE,OA_DICTIONARY,,0,0,OA办公系统,,,live_metadata,,platform
OA.EZOFFICE,OA_DISTRICT,,2456,0,OA办公系统,,,live_metadata,,platform
OA.EZOFFICE,OA_DOSSIER,,0,0,OA办公系统,,,live_metadata,,platform
OA.EZOFFICE,OA_DOSSIER_ACCESSORY,,0,0,OA办公系统,,,live_metadata,,platform
OA.EZOFFICE,OA_DOSSIER_BORROW,,0,0,OA办公系统,,,live_metadata,,platform
OA.EZOFFICE,oa_dossier_boxnumset,,0,0,OA办公系统,,,live_metadata,,platform
OA.EZOFFICE,OA_DOSSIER_CATEGORY,,0,0,OA办公系统,,,live_metadata,,platform
OA.EZOFFICE,OA_DOSSIER_GDSET,,3,0,OA办公系统,,,live_metadata,,platform
OA.EZOFFICE,oa_dossier_numset,,1,0,OA办公系统,,,live_metadata,,platform
OA.EZOFFICE,OA_DOSSIER_PARA,,0,0,OA办公系统,,,live_metadata,,platform
OA.EZOFFICE,OA_DUTY,,18,0,OA办公系统,,,live_metadata,,platform
OA.EZOFFICE,OA_EDITION,,3,0,OA办公系统,,,live_metadata,,platform
OA.EZOFFICE,oa_emp_attendance,,0,0,OA办公系统,,,live_metadata,,platform
OA.EZOFFICE,oa_emp_compo,,0,0,OA办公系统,,,live_metadata,,platform
OA.EZOFFICE,oa_emp_fundbase,,0,0,OA办公系统,,,live_metadata,,platform
OA.EZOFFICE,oa_emp_incometax,,0,0,OA办公系统,,,live_metadata,,platform
OA.EZOFFICE,oa_emp_inhabitancy,,0,0,OA办公系统,,,live_metadata,,platform
OA.EZOFFICE,oa_emp_inhabitancy_con,,0,0,OA办公系统,,,live_metadata,,platform
OA.EZOFFICE,OA_EMPLOYEE_STATUS,,15,0,OA办公系统,,,live_metadata,,platform
OA.EZOFFICE,oa_employee_wage,,0,0,OA办公系统,,,live_metadata,,platform
OA.EZOFFICE,OA_EMPMAILDOMAIN,,0,0,OA办公系统,,,live_metadata,,platform
OA.EZOFFICE,OA_EMPMAILDOMAIN2,,0,0,OA办公系统,,,live_metadata,,platform
OA.EZOFFICE,oa_emp_performancecheck,,0,0,OA办公系统,,,live_metadata,,platform
OA.EZOFFICE,oa_emp_socialbase,,0,0,OA办公系统,,,live_metadata,,platform
OA.EZOFFICE,oa_emp_socialfundratio,,0,0,OA办公系统,,,live_metadata,,platform
OA.EZOFFICE,oa_emp_socialinsurance,,0,0,OA办公系统,,,live_metadata,,platform
OA.EZOFFICE,OA_EMPTYPE,,0,0,OA办公系统,,,live_metadata,,platform
OA.EZOFFICE,OA_EMPTYPE_EMP,,0,0,OA办公系统,,,live_metadata,,platform
OA.EZOFFICE,oa_emp_wagebase,,0,0,OA办公系统,,,live_metadata,,platform
OA.EZOFFICE,OA_EQUIPMENT,,0,0,OA办公系统,,,live_metadata,,platform
OA.EZOFFICE,OA_EQUIPMENTAPPLY,,0,0,OA办公系统,,,live_metadata,,platform
OA.EZOFFICE,OA_EQUIPMENTTYPE,,0,0,OA办公系统,,,live_metadata,,platform
OA.EZOFFICE,OA_EVENT,,702,0,OA办公系统,,,live_metadata,,platform
OA.EZOFFICE,OA_EVENTATTENDER,,702,0,OA办公系统,,,live_metadata,,platform
OA.EZOFFICE,OA_EVENT_CALENDAR_SHARING,,0,0,OA办公系统,,,live_metadata,,platform
OA.EZOFFICE,OA_EVENTCOMMENT,,0,0,OA办公系统,,,live_metadata,,platform
OA.EZOFFICE,oa_eventremind,,17,0,OA办公系统,,,live_metadata,,platform
OA.EZOFFICE,oa_eventSearchSet,,0,0,OA办公系统,,,live_metadata,,platform
OA.EZOFFICE,OA_EVENTSHARE,,0,0,OA办公系统,,,live_metadata,,platform
OA.EZOFFICE,OA_EVO_INFO,,5,0,OA办公系统,,,live_metadata,,platform
OA.EZOFFICE,OA_EVOINITDATA,,0,0,OA办公系统,,,live_metadata,,platform
OA.EZOFFICE,OA_EXAMINATION_ANSWER,,0,0,OA办公系统,,,live_metadata,,platform
OA.EZOFFICE,OA_EXAMINATION_ANSWER_ITEM,,0,0,OA办公系统,,,live_metadata,,platform
OA.EZOFFICE,OA_EXAMINATION_ITEM,,0,0,OA办公系统,,,live_metadata,,platform
OA.EZOFFICE,OA_EXAMINATION_MANAGE,,0,0,OA办公系统,,,live_metadata,,platform
OA.EZOFFICE,OA_EXAMINATION_PERSONNEL,,0,0,OA办公系统,,,live_metadata,,platform
OA.EZOFFICE,OA_EXAMINATION_SELFTEST,,0,0,OA办公系统,,,live_metadata,,platform
OA.EZOFFICE,OA_EXAMINATION_SELFTEST_ITEM,,0,0,OA办公系统,,,live_metadata,,platform
OA.EZOFFICE,OA_EXAMINATION_STOCK,,0,0,OA办公系统,,,live_metadata,,platform
OA.EZOFFICE,OA_EXAMINATION_TYPE,,0,0,OA办公系统,,,live_metadata,,platform
OA.EZOFFICE,oa_ext_field,,7,0,OA办公系统,,,live_metadata,,platform
OA.EZOFFICE,oa_ext_info,,18070,0,OA办公系统,,,live_metadata,,platform
OA.EZOFFICE,oa_ext_show,,7,0,OA办公系统,,,live_metadata,,platform
OA.EZOFFICE,oa_ext_table,,9,0,OA办公系统,,,live_metadata,,platform
OA.EZOFFICE,oa_ext_type,,4,0,OA办公系统,,,live_metadata,,platform
OA.EZOFFICE,oa_festivalcard_status,,0,0,OA办公系统,,,live_metadata,,platform
OA.EZOFFICE,OA_FESTIVALSET,,0,0,OA办公系统,,,live_metadata,,platform
OA.EZOFFICE,oa_fileviewbrowser,,,0,OA办公系统,,,live_metadata,,platform
OA.EZOFFICE,oa_fileviewrecord,,842192,0,OA办公系统,,,live_metadata,,platform
OA.EZOFFICE,oa_fileviewrecord_20231013,,1004374,0,OA办公系统,,,live_metadata,,platform
OA.EZOFFICE,OA_FORUM,,0,0,OA办公系统,,,live_metadata,,platform
OA.EZOFFICE,OA_FORUMCLASS,,0,0,OA办公系统,,,live_metadata,,platform
OA.EZOFFICE,OA_GNOME,,0,0,OA办公系统,,,live_metadata,,platform
OA.EZOFFICE,oa_graphreport,,7,0,OA办公系统,,,live_metadata,,platform
OA.EZOFFICE,oa_graphreport_type,,13,0,OA办公系统,,,live_metadata,,platform
OA.EZOFFICE,OA_HEADSEAL,,0,0,OA办公系统,,,live_metadata,,platform
OA.EZOFFICE,OA_HORTATIONPUNISHCLASS,,0,0,OA办公系统,,,live_metadata,,platform
OA.EZOFFICE,OA_HOS_ACHIEVEATTR,,1,0,OA办公系统,,,live_metadata,,platform
OA.EZOFFICE,OA_HOS_ACHIEVEAUTHOR,,0,0,OA办公系统,,,live_metadata,,platform
OA.EZOFFICE,OA_HOS_AUTHEN,,0,0,OA办公系统,,,live_metadata,,platform
OA.EZOFFICE,OA_HOS_AWARD,,0,0,OA办公系统,,,live_metadata,,platform
OA.EZOFFICE,OA_HOS_CheckWork_DeptChangeSet,,22,0,OA办公系统,,,live_metadata,,platform
OA.EZOFFICE,OA_HOS_CheckWork_DeptEmpSet,,1507,0,OA办公系统,,,live_metadata,,platform
OA.EZOFFICE,OA_HOS_CheckWork_DeptSet,,129,0,OA办公系统,,,live_metadata,,platform
OA.EZOFFICE,OA_HOS_CheckWork_HolidayNoticeSet,,0,0,OA办公系统,,,live_metadata,,platform
OA.EZOFFICE,OA_HOS_CheckWork_LeaveClassSet,,15,0,OA办公系统,,,live_metadata,,platform
OA.EZOFFICE,OA_HOS_CheckWork_MonthCheck,,758,0,OA办公系统,,,live_metadata,,platform
OA.EZOFFICE,OA_HOS_CheckWork_MonthReport,,9921,0,OA办公系统,,,live_metadata,,platform
OA.EZOFFICE,OA_HOS_CheckWork_TimeSet,,1,0,OA办公系统,,,live_metadata,,platform
OA.EZOFFICE,OA_HOS_COMPOAUTHOR,,0,0,OA办公系统,,,live_metadata,,platform
OA.EZOFFICE,OA_HOS_COMPOSITION,,0,0,OA办公系统,,,live_metadata,,platform
OA.EZOFFICE,oa_hos_disci,,0,0,OA办公系统,,,live_metadata,,platform
OA.EZOFFICE,OA_HOS_DISSERT_AUTHOR,,0,0,OA办公系统,,,live_metadata,,platform
OA.EZOFFICE,OA_HOS_DISSERT_TOPIC,,0,0,OA办公系统,,,live_metadata,,platform
OA.EZOFFICE,oa_hos_expertopinion,,0,0,OA办公系统,,,live_metadata,,platform
OA.EZOFFICE,oa_hos_experts,,0,0,OA办公系统,,,live_metadata,,platform
OA.EZOFFICE,oa_hos_funds,,0,0,OA办公系统,,,live_metadata,,platform
OA.EZOFFICE,oa_hos_fundsAcc,,0,0,OA办公系统,,,live_metadata,,platform
OA.EZOFFICE,OA_HOS_PATENT,,0,0,OA办公系统,,,live_metadata,,platform
OA.EZOFFICE,OA_Hospital_BaseSet,,6,0,OA办公系统,,,live_metadata,,platform
OA.EZOFFICE,OA_Hospital_ClassHeadSet,,2,0,OA办公系统,,,live_metadata,,platform
OA.EZOFFICE,OA_Hospital_ClassHeadSetTmp,,2,0,OA办公系统,,,live_metadata,,platform
OA.EZOFFICE,OA_Hospital_ClassSet,,11,0,OA办公系统,,,live_metadata,,platform
OA.EZOFFICE,OA_Hospital_ClassWeekSet,,122,0,OA办公系统,,,live_metadata,,platform
OA.EZOFFICE,OA_Hospital_ClassWeekSetTmp,,0,0,OA办公系统,,,live_metadata,,platform
OA.EZOFFICE,OA_Hospital_set,,1,0,OA办公系统,,,live_metadata,,platform
OA.EZOFFICE,OA_HOS_QSC,,0,0,OA办公系统,,,live_metadata,,platform
OA.EZOFFICE,OA_HOS_QSCP,,0,0,OA办公系统,,,live_metadata,,platform
OA.EZOFFICE,OA_HOS_QSC_SET,,0,0,OA办公系统,,,live_metadata,,platform
OA.EZOFFICE,OA_HOS_QSC_SETSUBPOINT,,0,0,OA办公系统,,,live_metadata,,platform
OA.EZOFFICE,OA_HOS_QUACONTROL,,0,0,OA办公系统,,,live_metadata,,platform
OA.EZOFFICE,oa_hos_subjectcontract,,0,0,OA办公系统,,,live_metadata,,platform
OA.EZOFFICE,oa_hos_subjectData,,0,0,OA办公系统,,,live_metadata,,platform
OA.EZOFFICE,OA_HOS_TECHNICAL_CARD,,27,0,OA办公系统,,,live_metadata,,platform
OA.EZOFFICE,OA_HOS_TECHNICAL_CARD_MAP,,49,0,OA办公系统,,,live_metadata,,platform
OA.EZOFFICE,OA_HOS_TECHNICAL_CUSTCARD,,56,0,OA办公系统,,,live_metadata,,platform
OA.EZOFFICE,OA_HOS_TOPIC,,0,0,OA办公系统,,,live_metadata,,platform
OA.EZOFFICE,OA_HOS_TRANS,,0,0,OA办公系统,,,live_metadata,,platform
OA.EZOFFICE,OA_HPRECORD,,0,0,OA办公系统,,,live_metadata,,platform
OA.EZOFFICE,OA_INFO_CHANNELSITE,,0,0,OA办公系统,,,live_metadata,,platform
OA.EZOFFICE,OA_INFO_INFORSITE,,0,0,OA办公系统,,,live_metadata,,platform
OA.EZOFFICE,OA_INFORHISTORYACCESSORY,,1973,0,OA办公系统,,,live_metadata,,platform
OA.EZOFFICE,OA_INFORMATION,,4885,0,OA办公系统,,,live_metadata,,platform
OA.EZOFFICE,OA_INFORMATIONACCESSORY,,5902,0,OA办公系统,,,live_metadata,,platform
OA.EZOFFICE,OA_INFORMATIONBROWSER,,449990,0,OA办公系统,,,live_metadata,,platform
OA.EZOFFICE,OA_INFORMATIONCHANNEL,,237,0,OA办公系统,,,live_metadata,,platform
OA.EZOFFICE,oa_informationchannel_yibo,,0,0,OA办公系统,,,live_metadata,,platform
OA.EZOFFICE,OA_INFORMATIONCOMMENT,,20,0,OA办公系统,,,live_metadata,,platform
OA.EZOFFICE,OA_INFORMATION_Department_XMl,,0,0,OA办公系统,,,live_metadata,,platform
OA.EZOFFICE,oa_information_download,,0,0,OA办公系统,,,live_metadata,,platform
OA.EZOFFICE,OA_INFORMATIONHEAD,,0,0,OA办公系统,,,live_metadata,,platform
OA.EZOFFICE,OA_INFORMATIONHISTORY,,1526,0,OA办公系统,,,live_metadata,,platform
OA.EZOFFICE,oa_informationLuceneTemp,,536805,0,OA办公系统,,,live_metadata,,platform
OA.EZOFFICE,oa_information_praise,,382,0,OA办公系统,,,live_metadata,,platform
OA.EZOFFICE,oa_information_print,,4340,0,OA办公系统,,,live_metadata,,platform
OA.EZOFFICE,OA_INFORMATIONSEAL,,0,0,OA办公系统,,,live_metadata,,platform
OA.EZOFFICE,oa_informationStatistics,,595973,0,OA办公系统,,,live_metadata,,platform
OA.EZOFFICE,oa_informationStatisticsType,,8,0,OA办公系统,,,live_metadata,,platform
OA.EZOFFICE,OA_informationTag,,0,0,OA办公系统,,,live_metadata,,platform
OA.EZOFFICE,OA_INFORMATIONTEMPLATE,,0,0,OA办公系统,,,live_metadata,,platform
OA.EZOFFICE,OA_INFORMATION_VIEW,,,0,OA办公系统,,,live_metadata,,platform
OA.EZOFFICE,oa_informationviewrecord,,742587,0,OA办公系统,,,live_metadata,,platform
OA.EZOFFICE,OA_INFORORGSTAT,,1930,0,OA办公系统,,,live_metadata,,platform
OA.EZOFFICE,OA_INFORPERSONALSTAT,,2102,0,OA办公系统,,,live_metadata,,platform
OA.EZOFFICE,OA_INFO_SYNFAILED,,0,0,OA办公系统,,,live_metadata,,platform
OA.EZOFFICE,OA_INFOTAG,,8,0,OA办公系统,,,live_metadata,,platform
OA.EZOFFICE,OA_INFOTAGRELATION,,7,0,OA办公系统,,,live_metadata,,platform
OA.EZOFFICE,oa_infoViewRightScope,,0,0,OA办公系统,,,live_metadata,,platform
OA.EZOFFICE,oa_infoViewRightScope_user,,0,0,OA办公系统,,,live_metadata,,platform
OA.EZOFFICE,OA_INTERFACE_INTERCEPTLIST,,822,0,OA办公系统,,,live_metadata,,platform
OA.EZOFFICE,oa_interface_setting,,11,0,OA办公系统,,,live_metadata,,platform
OA.EZOFFICE,oa_invoice,,0,0,OA办公系统,,,live_metadata,,platform
OA.EZOFFICE,oa_invoice_setting,,1,0,OA办公系统,,,live_metadata,,platform
OA.EZOFFICE,OA_ISO_BorrowUser,,0,0,OA办公系统,,,live_metadata,,platform
OA.EZOFFICE,oa_isoComment,,0,0,OA办公系统,,,live_metadata,,platform
OA.EZOFFICE,oa_isoDeallog,,0,0,OA办公系统,,,live_metadata,,platform
OA.EZOFFICE,OA_ISO_Paper,,0,0,OA办公系统,,,live_metadata,,platform
OA.EZOFFICE,OA_KEEPWATCHPLAN,,0,0,OA办公系统,,,live_metadata,,platform
OA.EZOFFICE,OA_KEEPWATCHPLAN_DETAIL,,0,0,OA办公系统,,,live_metadata,,platform
OA.EZOFFICE,OA_Leader,,0,0,OA办公系统,,,live_metadata,,platform
OA.EZOFFICE,OA_LEADER_EVENT,,0,0,OA办公系统,,,live_metadata,,platform
OA.EZOFFICE,OA_LeaderSet,,0,0,OA办公系统,,,live_metadata,,platform
OA.EZOFFICE,OA_LeaderTag,,0,0,OA办公系统,,,live_metadata,,platform
OA.EZOFFICE,OA_LIBRARY,,0,0,OA办公系统,,,live_metadata,,platform
OA.EZOFFICE,OA_LINKMAN,,21,0,OA办公系统,,,live_metadata,,platform
OA.EZOFFICE,OA_LINKMANCLASS,,16,0,OA办公系统,,,live_metadata,,platform
OA.EZOFFICE,OA_LOCATESERVICE_USER,,0,0,OA办公系统,,,live_metadata,,platform
OA.EZOFFICE,oa_locktable,,17,0,OA办公系统,,,live_metadata,,platform
OA.EZOFFICE,oa_logoin_errornumpass,,0,0,OA办公系统,,,live_metadata,,platform
OA.EZOFFICE,OA_MAILACCESSORY,,733229,0,OA办公系统,,,live_metadata,,platform
OA.EZOFFICE,OA_MAILATTACH,,0,0,OA办公系统,,,live_metadata,,platform
OA.EZOFFICE,OA_MAILDEPUTY,,0,0,OA办公系统,,,live_metadata,,platform
OA.EZOFFICE,oa_mail_emailto,,0,0,OA办公系统,,,live_metadata,,platform
OA.EZOFFICE,oa_mailhaccessory,,0,0,OA办公系统,,,live_metadata,,platform
OA.EZOFFICE,oa_mail_h_interior,,0,0,OA办公系统,,,live_metadata,,platform
OA.EZOFFICE,OA_MAIL_H_LOG,,0,0,OA办公系统,,,live_metadata,,platform
OA.EZOFFICE,OA_MAIL_H_SET,,1,0,OA办公系统,,,live_metadata,,platform
OA.EZOFFICE,oa_mail_h_user,,0,0,OA办公系统,,,live_metadata,,platform
OA.EZOFFICE,OA_MAILINTERIOR,,981344,0,OA办公系统,,,live_metadata,,platform
OA.EZOFFICE,oa_mail_internetmail,,0,0,OA办公系统,,,live_metadata,,platform
OA.EZOFFICE,oa_mail_internetmailACC,,0,0,OA办公系统,,,live_metadata,,platform
OA.EZOFFICE,oa_mail_internetmailRecTime,,0,0,OA办公系统,,,live_metadata,,platform
OA.EZOFFICE,oa_mail_internetmailset,,0,0,OA办公系统,,,live_metadata,,platform
OA.EZOFFICE,OA_MAILSET,,0,0,OA办公系统,,,live_metadata,,platform
OA.EZOFFICE,OA_MAIL_USER,,1935178,0,OA办公系统,,,live_metadata,,platform
OA.EZOFFICE,OA_MAILUSERBOX,,14,0,OA办公系统,,,live_metadata,,platform
OA.EZOFFICE,OA_MAIL_USERSET,,1836,0,OA办公系统,,,live_metadata,,platform
OA.EZOFFICE,oa_maturity_alert_settings,,6,0,OA办公系统,,,live_metadata,,platform
OA.EZOFFICE,OA_MENU,,3345,0,OA办公系统,,,live_metadata,,platform
OA.EZOFFICE,OA_MENUSET,,69,0,OA办公系统,,,live_metadata,,platform
OA.EZOFFICE,OA_MYDISPLAYCHANNEL,,0,0,OA办公系统,,,live_metadata,,platform
OA.EZOFFICE,OA_MYSUBSCIBE,,0,0,OA办公系统,,,live_metadata,,platform
OA.EZOFFICE,OA_NETADDRESS,,0,0,OA办公系统,,,live_metadata,,platform
OA.EZOFFICE,OA_NETADDRESSCLASS,,0,0,OA办公系统,,,live_metadata,,platform
OA.EZOFFICE,OA_NETADDRESSSHOW,,0,0,OA办公系统,,,live_metadata,,platform
OA.EZOFFICE,OA_NETDISK_FILE,,5801,0,OA办公系统,,,live_metadata,,platform
OA.EZOFFICE,OA_NETSURVEY,,1,0,OA办公系统,,,live_metadata,,platform
OA.EZOFFICE,OA_NETSURVEYITEM,,4,0,OA办公系统,,,live_metadata,,platform
OA.EZOFFICE,OA_NETSURVEYVOTE,,0,0,OA办公系统,,,live_metadata,,platform
OA.EZOFFICE,oa_new_boardroom_meetingtag,,0,0,OA办公系统,,,live_metadata,,platform
OA.EZOFFICE,oa_new_boardroom_type,,8,0,OA办公系统,,,live_metadata,,platform
OA.EZOFFICE,oa_new_boardroom_videoClassify,,0,0,OA办公系统,,,live_metadata,,platform
OA.EZOFFICE,oa_new_videoboardroom,,0,0,OA办公系统,,,live_metadata,,platform
OA.EZOFFICE,oa_new_videoboardroomapply,,0,0,OA办公系统,,,live_metadata,,platform
OA.EZOFFICE,OA_NOTEBOOK,,0,0,OA办公系统,,,live_metadata,,platform
OA.EZOFFICE,OA_NOTEPAPER,,14,0,OA办公系统,,,live_metadata,,platform
OA.EZOFFICE,OA_OFFICALDICTION,,107,0,OA办公系统,,,live_metadata,,platform
OA.EZOFFICE,OA_OPTIONSET,,0,0,OA办公系统,,,live_metadata,,platform
OA.EZOFFICE,OA_ORGWRAP,,182,0,OA办公系统,,,live_metadata,,platform
OA.EZOFFICE,oa_panalysis_count,,1,0,OA办公系统,,,live_metadata,,platform
OA.EZOFFICE,oa_panalysis_dayflow,,671899,0,OA办公系统,,,live_metadata,,platform
OA.EZOFFICE,OA_PASSWORD_HISTORY,,17982,0,OA办公系统,,,live_metadata,,platform
OA.EZOFFICE,oa_patchinfo,,329,0,OA办公系统,,,live_metadata,,platform
OA.EZOFFICE,oa_paycomponent,,0,0,OA办公系统,,,live_metadata,,platform
OA.EZOFFICE,oa_payexcel,,0,0,OA办公系统,,,live_metadata,,platform
OA.EZOFFICE,oa_payroll,,0,0,OA办公系统,,,live_metadata,,platform
OA.EZOFFICE,oa_paysecurity,,1,0,OA办公系统,,,live_metadata,,platform
OA.EZOFFICE,oa_payunit,,0,0,OA办公系统,,,live_metadata,,platform
OA.EZOFFICE,OA_PERSONAL_KIND,,5,0,OA办公系统,,,live_metadata,,platform
OA.EZOFFICE,OA_PERSONAL_POSITIONS,,44,0,OA办公系统,,,live_metadata,,platform
OA.EZOFFICE,OA_PERSONALSTAT,,12,0,OA办公系统,,,live_metadata,,platform
OA.EZOFFICE,OA_PERSONCUSTOM,,0,0,OA办公系统,,,live_metadata,,platform
OA.EZOFFICE,OA_PERSONCUSTOM_EMPLOYEE,,0,0,OA办公系统,,,live_metadata,,platform
OA.EZOFFICE,OA_PERSONCUSTOM_ORGANIZATION,,0,0,OA办公系统,,,live_metadata,,platform
OA.EZOFFICE,OA_PERSONOA_FEEDBACK,,1,0,OA办公系统,,,live_metadata,,platform
OA.EZOFFICE,OA_PERSONOA_PRESS,,15378,0,OA办公系统,,,live_metadata,,platform
OA.EZOFFICE,OA_PERSONOA_USER_PRESS_RELATIO,,38157,0,OA办公系统,,,live_metadata,,platform
OA.EZOFFICE,OA_PERSONONDUTY,,0,0,OA办公系统,,,live_metadata,,platform
OA.EZOFFICE,OA_PERSONSETUP,,1,0,OA办公系统,,,live_metadata,,platform
OA.EZOFFICE,OA_PIGEONHOLESET,,0,0,OA办公系统,,,live_metadata,,platform
OA.EZOFFICE,oa_portal_header_footer,,0,0,OA办公系统,,,live_metadata,,platform
OA.EZOFFICE,oa_portal_layout,,29,0,OA办公系统,,,live_metadata,,platform
OA.EZOFFICE,oa_portal_layout_portlet,,66,0,OA办公系统,,,live_metadata,,platform
OA.EZOFFICE,oa_portal_menu,,0,0,OA办公系统,,,live_metadata,,platform
OA.EZOFFICE,oa_portal_menu_setting,,1,0,OA办公系统,,,live_metadata,,platform
OA.EZOFFICE,oa_portal_portlet,,88,0,OA办公系统,,,live_metadata,,platform
OA.EZOFFICE,oa_portal_portlet_file,,13,0,OA办公系统,,,live_metadata,,platform
OA.EZOFFICE,oa_portal_portlet_setting,,233,0,OA办公系统,,,live_metadata,,platform
OA.EZOFFICE,OA_PORTAL_STYLE,,3,0,OA办公系统,,,live_metadata,,platform
OA.EZOFFICE,oa_portal_template,,11,0,OA办公系统,,,live_metadata,,platform
OA.EZOFFICE,OA_PORTAL_THEME,,0,0,OA办公系统,,,live_metadata,,platform
OA.EZOFFICE,oa_portal_type,,17,0,OA办公系统,,,live_metadata,,platform
OA.EZOFFICE,OA_POSTTITLE,,0,0,OA办公系统,,,live_metadata,,platform
OA.EZOFFICE,OA_PRESS,,0,0,OA办公系统,,,live_metadata,,platform
OA.EZOFFICE,OA_PRESSSET,,0,0,OA办公系统,,,live_metadata,,platform
OA.EZOFFICE,OA_PROJECT,,0,0,OA办公系统,,,live_metadata,,platform
OA.EZOFFICE,OA_Project_Accessory,,0,0,OA办公系统,,,live_metadata,,platform
OA.EZOFFICE,oa_project_field,,0,0,OA办公系统,,,live_metadata,,platform
OA.EZOFFICE,OA_PROJECTHISTORY,,0,0,OA办公系统,,,live_metadata,,platform
OA.EZOFFICE,oa_project_model,,0,0,OA办公系统,,,live_metadata,,platform
OA.EZOFFICE,oa_project_model_accessory,,0,0,OA办公系统,,,live_metadata,,platform
OA.EZOFFICE,OA_PROJECTREPORT,,0,0,OA办公系统,,,live_metadata,,platform
OA.EZOFFICE,OA_PROJECTSTEP,,0,0,OA办公系统,,,live_metadata,,platform
OA.EZOFFICE,OA_PROJECT_TASK,,0,0,OA办公系统,,,live_metadata,,platform
OA.EZOFFICE,OA_PROJECT_TASK_BUDGET_APPLY,,0,0,OA办公系统,,,live_metadata,,platform
OA.EZOFFICE,oa_project_task_model,,0,0,OA办公系统,,,live_metadata,,platform
OA.EZOFFICE,oa_project_task_model_acc,,0,0,OA办公系统,,,live_metadata,,platform
OA.EZOFFICE,OA_PROJECT_TYPE,,0,0,OA办公系统,,,live_metadata,,platform
OA.EZOFFICE,oa_proreportaccessory,,0,0,OA办公系统,,,live_metadata,,platform
OA.EZOFFICE,oa_qrcode_login,,97769,0,OA办公系统,,,live_metadata,,platform
OA.EZOFFICE,OA_QUESTHEME,,227,0,OA办公系统,,,live_metadata,,platform
OA.EZOFFICE,OA_QUESTIONNAIRE,,25,0,OA办公系统,,,live_metadata,,platform
OA.EZOFFICE,oa_questionnaire_assortment,,2,0,OA办公系统,,,live_metadata,,platform
OA.EZOFFICE,OA_RECORDTYPE,,0,0,OA办公系统,,,live_metadata,,platform
OA.EZOFFICE,OA_RELATIONDATA,,2,0,OA办公系统,,,live_metadata,,platform
OA.EZOFFICE,OA_RELATIONMODULE,,8,0,OA办公系统,,,live_metadata,,platform
OA.EZOFFICE,OA_RELATIONOBJECT,,7,0,OA办公系统,,,live_metadata,,platform
OA.EZOFFICE,OA_REMIND,,0,0,OA办公系统,,,live_metadata,,platform
OA.EZOFFICE,OA_SEQ,,1,0,OA办公系统,,,live_metadata,,platform
OA.EZOFFICE,oa_siteChannel_local,,0,0,OA办公系统,,,live_metadata,,platform
OA.EZOFFICE,OA_SOUNDREMIND,,0,0,OA办公系统,,,live_metadata,,platform
OA.EZOFFICE,OA_SOUNDSET,,0,0,OA办公系统,,,live_metadata,,platform
OA.EZOFFICE,OA_STATUS_DETAIL,,17,0,OA办公系统,,,live_metadata,,platform
OA.EZOFFICE,oa_sysdict,,0,0,OA办公系统,,,live_metadata,,platform
OA.EZOFFICE,OA_SYS_EVOVISIT,,1,0,OA办公系统,,,live_metadata,,platform
OA.EZOFFICE,oa_sys_mailremind,,1,0,OA办公系统,,,live_metadata,,platform
OA.EZOFFICE,OA_SYSNUMBER,,0,0,OA办公系统,,,live_metadata,,platform
OA.EZOFFICE,OA_SYSTEM_REMIND,,2120,0,OA办公系统,,,live_metadata,,platform
OA.EZOFFICE,OA_SYSTEM_USERFINGERSET,,1,0,OA办公系统,,,live_metadata,,platform
OA.EZOFFICE,OA_SYSTEM_USERMODULE,,24,0,OA办公系统,,,live_metadata,,platform
OA.EZOFFICE,OA_TASK,,0,0,OA办公系统,,,live_metadata,,platform
OA.EZOFFICE,OA_TASKACCESSORY,,0,0,OA办公系统,,,live_metadata,,platform
OA.EZOFFICE,OA_TASKCLASS,,0,0,OA办公系统,,,live_metadata,,platform
OA.EZOFFICE,OA_TASKEXEC,,0,0,OA办公系统,,,live_metadata,,platform
OA.EZOFFICE,OA_TASKHISTORY,,0,0,OA办公系统,,,live_metadata,,platform
OA.EZOFFICE,OA_TASKHISTORYACCESSORY,,0,0,OA办公系统,,,live_metadata,,platform
OA.EZOFFICE,OA_TASKPERIODICITY,,0,0,OA办公系统,,,live_metadata,,platform
OA.EZOFFICE,OA_TASKPERIODICITYACCESSORY,,0,0,OA办公系统,,,live_metadata,,platform
OA.EZOFFICE,OA_TASKREMIND,,0,0,OA办公系统,,,live_metadata,,platform
OA.EZOFFICE,OA_TASKREPORT,,0,0,OA办公系统,,,live_metadata,,platform
OA.EZOFFICE,OA_TASKREPORTACCESSORY,,0,0,OA办公系统,,,live_metadata,,platform
OA.EZOFFICE,OA_TASK_SNAP,,0,0,OA办公系统,,,live_metadata,,platform
OA.EZOFFICE,oa_taskView,,0,0,OA办公系统,,,live_metadata,,platform
OA.EZOFFICE,OA_TELECONFERENCE_LINKMAN,,0,0,OA办公系统,,,live_metadata,,platform
OA.EZOFFICE,OA_TELECONFERENCE_SET,,1,0,OA办公系统,,,live_metadata,,platform
OA.EZOFFICE,OA_THEMEOPTION,,853,0,OA办公系统,,,live_metadata,,platform
OA.EZOFFICE,OA_TRAINCLASS,,0,0,OA办公系统,,,live_metadata,,platform
OA.EZOFFICE,OA_TRAINRECORD,,0,0,OA办公系统,,,live_metadata,,platform
OA.EZOFFICE,OA_TRAINRECORD_ACCESSORY,,0,0,OA办公系统,,,live_metadata,,platform
OA.EZOFFICE,OA_UNITINFO,,1,0,OA办公系统,,,live_metadata,,platform
OA.EZOFFICE,OA_USERCHANNEL,,0,0,OA办公系统,,,live_metadata,,platform
OA.EZOFFICE,oa_userstate_set,,0,0,OA办公系统,,,live_metadata,,platform
OA.EZOFFICE,OA_VEHICLE_ACCIDENT,,0,0,OA办公系统,,,live_metadata,,platform
OA.EZOFFICE,OA_VEHICLE_APPLYUSECARTIME,,0,0,OA办公系统,,,live_metadata,,platform
OA.EZOFFICE,OA_VEHICLE_BMYYCHS_INDICATORS,,0,0,OA办公系统,,,live_metadata,,platform
OA.EZOFFICE,OA_VEHICLE_CARAPPLY,,0,0,OA办公系统,,,live_metadata,,platform
OA.EZOFFICE,OA_VEHICLE_CARMANAGEMENTTIME,,0,0,OA办公系统,,,live_metadata,,platform
OA.EZOFFICE,OA_VEHICLE_CARSCHEDULING,,0,0,OA办公系统,,,live_metadata,,platform
OA.EZOFFICE,OA_VEHICLE_CARUSEACCESSORY,,0,0,OA办公系统,,,live_metadata,,platform
OA.EZOFFICE,OA_VEHICLE_CATEGORY,,0,0,OA办公系统,,,live_metadata,,platform
OA.EZOFFICE,oa_vehicle_cityset,,0,0,OA办公系统,,,live_metadata,,platform
OA.EZOFFICE,OA_VEHICLE_DAILYMANAGEMENT,,0,0,OA办公系统,,,live_metadata,,platform
OA.EZOFFICE,OA_VEHICLE_DRIVER,,0,0,OA办公系统,,,live_metadata,,platform
OA.EZOFFICE,OA_VEHICLE_ETC,,0,0,OA办公系统,,,live_metadata,,platform
OA.EZOFFICE,OA_VEHICLE_FCMANAGEMENT,,0,0,OA办公系统,,,live_metadata,,platform
OA.EZOFFICE,OA_VEHICLE_FEEDBACK,,0,0,OA办公系统,,,live_metadata,,platform
OA.EZOFFICE,OA_VEHICLE_FUELFEE,,0,0,OA办公系统,,,live_metadata,,platform
OA.EZOFFICE,OA_VEHICLE_ILLEGAL,,0,0,OA办公系统,,,live_metadata,,platform
OA.EZOFFICE,OA_VEHICLE_INFORMATIONENTRY,,0,0,OA办公系统,,,live_metadata,,platform
OA.EZOFFICE,OA_VEHICLE_INSURANCE,,0,0,OA办公系统,,,live_metadata,,platform
OA.EZOFFICE,OA_VEHICLE_LDYCHS_INDICATORS,,0,0,OA办公系统,,,live_metadata,,platform
OA.EZOFFICE,OA_VEHICLE_LIMITSETTING,,0,0,OA办公系统,,,live_metadata,,platform
OA.EZOFFICE,OA_VEHICLE_MAINTAIN,,0,0,OA办公系统,,,live_metadata,,platform
OA.EZOFFICE,OA_VEHICLE_MANAGEMENT,,0,0,OA办公系统,,,live_metadata,,platform
OA.EZOFFICE,OA_VEHICLE_MATURITYREMIND,,1,0,OA办公系统,,,live_metadata,,platform
OA.EZOFFICE,OA_VEHICLE_OFFICEFEE,,0,0,OA办公系统,,,live_metadata,,platform
OA.EZOFFICE,oa_videobdroomappaccessory,,0,0,OA办公系统,,,live_metadata,,platform
OA.EZOFFICE,oa_videobdroomtimeset,,0,0,OA办公系统,,,live_metadata,,platform
OA.EZOFFICE,OA_VideoConference,,0,0,OA办公系统,,,live_metadata,,platform
OA.EZOFFICE,OA_VideoConfSet,,0,0,OA办公系统,,,live_metadata,,platform
OA.EZOFFICE,OA_VideoConfStatus,,0,0,OA办公系统,,,live_metadata,,platform
OA.EZOFFICE,OA_VOITURE,,0,0,OA办公系统,,,live_metadata,,platform
OA.EZOFFICE,OA_VOITUREAPPLY,,0,0,OA办公系统,,,live_metadata,,platform
OA.EZOFFICE,OA_VOITUREAUDITING,,0,0,OA办公系统,,,live_metadata,,platform
OA.EZOFFICE,OA_VOITURECANCEL,,0,0,OA办公系统,,,live_metadata,,platform
OA.EZOFFICE,OA_VOITUREFEE,,0,0,OA办公系统,,,live_metadata,,platform
OA.EZOFFICE,OA_VOITUREFEEDBACK,,0,0,OA办公系统,,,live_metadata,,platform
OA.EZOFFICE,OA_VOITUREMAINTAIN,,0,0,OA办公系统,,,live_metadata,,platform
OA.EZOFFICE,OA_VOITURE_REPLACEMENT,,0,0,OA办公系统,,,live_metadata,,platform
OA.EZOFFICE,OA_VOITURESEND,,0,0,OA办公系统,,,live_metadata,,platform
OA.EZOFFICE,OA_VOITURETYPE,,0,0,OA办公系统,,,live_metadata,,platform
OA.EZOFFICE,OA_WAITPIGEONHOLE,,0,0,OA办公系统,,,live_metadata,,platform
OA.EZOFFICE,oa_wf_overdate,,1,0,OA办公系统,,,live_metadata,,platform
OA.EZOFFICE,oa_wf_workdate,,0,0,OA办公系统,,,live_metadata,,platform
OA.EZOFFICE,oa_wf_workday,,0,0,OA办公系统,,,live_metadata,,platform
OA.EZOFFICE,oa_wf_workday_detail,,0,0,OA办公系统,,,live_metadata,,platform
OA.EZOFFICE,OA_WISHCARD,,0,0,OA办公系统,,,live_metadata,,platform
OA.EZOFFICE,OA_WORKADDRESS,,0,0,OA办公系统,,,live_metadata,,platform
OA.EZOFFICE,oa_workaddress_type,,0,0,OA办公系统,,,live_metadata,,platform
OA.EZOFFICE,OA_WORKINGDAY,,0,0,OA办公系统,,,live_metadata,,platform
OA.EZOFFICE,OA_WORKLOG,,4,0,OA办公系统,,,live_metadata,,platform
OA.EZOFFICE,OA_WORKLOGCOMMENT,,0,0,OA办公系统,,,live_metadata,,platform
OA.EZOFFICE,OA_WORKPROJECT,,0,0,OA办公系统,,,live_metadata,,platform
OA.EZOFFICE,OA_WORKPROJECTCLASS,,0,0,OA办公系统,,,live_metadata,,platform
OA.EZOFFICE,OA_WORKPROJECTTASK,,0,0,OA办公系统,,,live_metadata,,platform
OA.EZOFFICE,OA_WORKPROXY,,0,0,OA办公系统,,,live_metadata,,platform
OA.EZOFFICE,OA_WORKREPORT,,235,0,OA办公系统,,,live_metadata,,platform
OA.EZOFFICE,OA_WORKREPORTLEADER,,26,0,OA办公系统,,,live_metadata,,platform
OA.EZOFFICE,OA_WORKREPORTPOSTIL,,0,0,OA办公系统,,,live_metadata,,platform
OA.EZOFFICE,OA_WORKREPORTTEMPLATE,,0,0,OA办公系统,,,live_metadata,,platform
OA.EZOFFICE,OA_WORKREPORT_TRANSMIT,,0,0,OA办公系统,,,live_metadata,,platform
OA.EZOFFICE,OA_WORKREPORT_TYPESET,,0,0,OA办公系统,,,live_metadata,,platform
OA.EZOFFICE,ORG_DEFINESKIN,,5,0,OA办公系统,,,live_metadata,,platform
OA.EZOFFICE,ORG_DOMAIN,,1,0,OA办公系统,,,live_metadata,,platform
OA.EZOFFICE,ORG_EMPLOYEE,,6303,0,OA办公系统,,,live_metadata,,platform
OA.EZOFFICE,org_employee20230914,,5454,0,OA办公系统,,,live_metadata,,platform
OA.EZOFFICE,org_employee20240717,,5954,0,OA办公系统,,,live_metadata,,platform
OA.EZOFFICE,org_employee_bindmobile,,0,0,OA办公系统,,,live_metadata,,platform
OA.EZOFFICE,ORG_EMPLOYEE_competence,,8,0,OA办公系统,,,live_metadata,,platform
OA.EZOFFICE,ORG_EMPLOYEE_CONTRACT,,0,0,OA办公系统,,,live_metadata,,platform
OA.EZOFFICE,ORG_EMPLOYEE_CONTRACT_CHANGE,,0,0,OA办公系统,,,live_metadata,,platform
OA.EZOFFICE,ORG_EMPLOYEE_CONTRACT_TYPE,,0,0,OA办公系统,,,live_metadata,,platform
OA.EZOFFICE,ORG_EMPLOYEE_EDUSTORY,,18,0,OA办公系统,,,live_metadata,,platform
OA.EZOFFICE,ORG_EMPLOYEE_TRAINHISTORY,,0,0,OA办公系统,,,live_metadata,,platform
OA.EZOFFICE,ORG_EMPLOYEE_WORK,,0,0,OA办公系统,,,live_metadata,,platform
OA.EZOFFICE,ORG_GROUP,,66,0,OA办公系统,,,live_metadata,,platform
OA.EZOFFICE,org_group_class,,3,0,OA办公系统,,,live_metadata,,platform
OA.EZOFFICE,ORG_HANDROLE,,0,0,OA办公系统,,,live_metadata,,platform
OA.EZOFFICE,org_LoginPageSetTab,,80,0,OA办公系统,,,live_metadata,,platform
OA.EZOFFICE,ORG_MANAGER,,1,0,OA办公系统,,,live_metadata,,platform
OA.EZOFFICE,ORG_ORGANIZATION,,435,0,OA办公系统,,,live_metadata,,platform
OA.EZOFFICE,ORG_ORGANIZATION_USER,,6275,0,OA办公系统,,,live_metadata,,platform
OA.EZOFFICE,ORG_RIGHT,,447,0,OA办公系统,,,live_metadata,,platform
OA.EZOFFICE,ORG_RIGHTSCOPE,,48879,0,OA办公系统,,,live_metadata,,platform
OA.EZOFFICE,ORG_ROLE,,50,0,OA办公系统,,,live_metadata,,platform
OA.EZOFFICE,org_role_class,,3,0,OA办公系统,,,live_metadata,,platform
OA.EZOFFICE,ORG_ROLE_EXCHANGE,,0,0,OA办公系统,,,live_metadata,,platform
OA.EZOFFICE,org_role_ogp,,41,0,OA办公系统,,,live_metadata,,platform
OA.EZOFFICE,org_role_ogp_rightscope,,183,0,OA办公系统,,,live_metadata,,platform
OA.EZOFFICE,ORG_ROLE_RIGHT,,392,0,OA办公系统,,,live_metadata,,platform
OA.EZOFFICE,org_sideline,,224,0,OA办公系统,,,live_metadata,,platform
OA.EZOFFICE,ORG_SYNCRTX,,1844794,0,OA办公系统,,,live_metadata,,platform
OA.EZOFFICE,org_tmppassword,,1459968,0,OA办公系统,,,live_metadata,,platform
OA.EZOFFICE,ORG_USER_GROUP,,1963,0,OA办公系统,,,live_metadata,,platform
OA.EZOFFICE,org_user_info,,,0,OA办公系统,,,live_metadata,,platform
OA.EZOFFICE,ORG_USER_ROLE,,354,0,OA办公系统,,,live_metadata,,platform
OA.EZOFFICE,PDFDOCUMENT,,0,0,OA办公系统,,,live_metadata,,platform
OA.EZOFFICE,PDFDOCUMENT_FILE,,0,0,OA办公系统,,,live_metadata,,platform
OA.EZOFFICE,perf_comm_index_set,,0,0,OA办公系统,,,live_metadata,,platform
OA.EZOFFICE,perf_emp_assess_emp,,0,0,OA办公系统,,,live_metadata,,platform
OA.EZOFFICE,perf_emp_assess_emp_score,,0,0,OA办公系统,,,live_metadata,,platform
OA.EZOFFICE,perf_emp_assess_emp_score2,,0,0,OA办公系统,,,live_metadata,,platform
OA.EZOFFICE,perf_emp_assess_model_set,,0,0,OA办公系统,,,live_metadata,,platform
OA.EZOFFICE,perf_emp_assess_person_receive,,0,0,OA办公系统,,,live_metadata,,platform
OA.EZOFFICE,perf_emp_duty_set,,0,0,OA办公系统,,,live_metadata,,platform
OA.EZOFFICE,perf_emp_model_item,,0,0,OA办公系统,,,live_metadata,,platform
OA.EZOFFICE,perf_emp_model_item2,,0,0,OA办公系统,,,live_metadata,,platform
OA.EZOFFICE,perf_emp_quarter_assess,,0,0,OA办公系统,,,live_metadata,,platform
OA.EZOFFICE,perf_emp_quarter_assess_plan,,0,0,OA办公系统,,,live_metadata,,platform
OA.EZOFFICE,perf_emp_quarter_field,,0,0,OA办公系统,,,live_metadata,,platform
OA.EZOFFICE,perf_emp_send_assess,,0,0,OA办公系统,,,live_metadata,,platform
OA.EZOFFICE,perf_emp_send_assess_person,,0,0,OA办公系统,,,live_metadata,,platform
OA.EZOFFICE,perf_emp_year_assess,,0,0,OA办公系统,,,live_metadata,,platform
OA.EZOFFICE,perf_emp_year_assess_list,,0,0,OA办公系统,,,live_metadata,,platform
OA.EZOFFICE,perf_emp_year_assess_list_base,,0,0,OA办公系统,,,live_metadata,,platform
OA.EZOFFICE,perf_emp_year_assess_list_info,,0,0,OA办公系统,,,live_metadata,,platform
OA.EZOFFICE,perf_emp_year_assess_plan,,0,0,OA办公系统,,,live_metadata,,platform
OA.EZOFFICE,perf_grade_normal_set,,0,0,OA办公系统,,,live_metadata,,platform
OA.EZOFFICE,perf_grade_type_set,,0,0,OA办公系统,,,live_metadata,,platform
OA.EZOFFICE,perf_org_assess_index,,0,0,OA办公系统,,,live_metadata,,platform
OA.EZOFFICE,perf_org_assess_person,,0,0,OA办公系统,,,live_metadata,,platform
OA.EZOFFICE,perf_org_assess_person_receive,,0,0,OA办公系统,,,live_metadata,,platform
OA.EZOFFICE,perf_org_assess_person_remark,,0,0,OA办公系统,,,live_metadata,,platform
OA.EZOFFICE,perf_org_assess_person_score,,0,0,OA办公系统,,,live_metadata,,platform
OA.EZOFFICE,perf_org_assess_plan_index,,0,0,OA办公系统,,,live_metadata,,platform
OA.EZOFFICE,perf_org_index_assess,,0,0,OA办公系统,,,live_metadata,,platform
OA.EZOFFICE,perf_org_quarter_assess,,0,0,OA办公系统,,,live_metadata,,platform
OA.EZOFFICE,perf_org_quarter_assess_plan,,0,0,OA办公系统,,,live_metadata,,platform
OA.EZOFFICE,perf_org_year_assess,,0,0,OA办公系统,,,live_metadata,,platform
OA.EZOFFICE,perf_org_year_assess_plan,,0,0,OA办公系统,,,live_metadata,,platform
OA.EZOFFICE,perf_org_year_assess_self,,0,0,OA办公系统,,,live_metadata,,platform
OA.EZOFFICE,perf_table_set,,0,0,OA办公系统,,,live_metadata,,platform
OA.EZOFFICE,Record_WorkFlow,,0,0,OA办公系统,,,live_metadata,,platform
OA.EZOFFICE,RecvPointAttachmentTable,,0,0,OA办公系统,,,live_metadata,,platform
OA.EZOFFICE,RecvPointTable,,0,0,OA办公系统,,,live_metadata,,platform
OA.EZOFFICE,SECURITY_DATABASE,,0,0,OA办公系统,,,live_metadata,,platform
OA.EZOFFICE,SECURITY_DOG,,1,0,OA办公系统,,,live_metadata,,platform
OA.EZOFFICE,security_history_log,,5227405,0,OA办公系统,,,live_metadata,,platform
OA.EZOFFICE,SECURITY_IP,,1,0,OA办公系统,,,live_metadata,,platform
OA.EZOFFICE,SECURITY_LOG,,48597,0,OA办公系统,,,live_metadata,,platform
OA.EZOFFICE,SECURITY_LOG_MODULE,,57,0,OA办公系统,,,live_metadata,,platform
OA.EZOFFICE,security_logoin_error,,4042,0,OA办公系统,,,live_metadata,,platform
OA.EZOFFICE,SECURITY_ONLINEUSER,,23,0,OA办公系统,,,live_metadata,,platform
OA.EZOFFICE,SendPointAttachmentTable,,0,0,OA办公系统,,,live_metadata,,platform
OA.EZOFFICE,SendPointTable,,0,0,OA办公系统,,,live_metadata,,platform
OA.EZOFFICE,SFT_XXBS_CXXX,,0,0,OA办公系统,,,live_metadata,,platform
OA.EZOFFICE,SFT_XXBS_DW,,0,0,OA办公系统,,,live_metadata,,platform
OA.EZOFFICE,SFT_XXBS_JFBZ,,0,0,OA办公系统,,,live_metadata,,platform
OA.EZOFFICE,SFT_XXBS_JFBZSZ,,3,0,OA办公系统,,,live_metadata,,platform
OA.EZOFFICE,SFT_XXBS_KW,,0,0,OA办公系统,,,live_metadata,,platform
OA.EZOFFICE,SFT_XXBS_KWQS,,0,0,OA办公系统,,,live_metadata,,platform
OA.EZOFFICE,SFT_XXBS_KWXX,,0,0,OA办公系统,,,live_metadata,,platform
OA.EZOFFICE,SFT_XXBS_KWZL,,0,0,OA办公系统,,,live_metadata,,platform
OA.EZOFFICE,SFT_XXBS_SYXX,,0,0,OA办公系统,,,live_metadata,,platform
OA.EZOFFICE,SFT_XXBS_SYXX_BSZDW,,0,0,OA办公系统,,,live_metadata,,platform
OA.EZOFFICE,SFT_XXBS_SYXXCOMMENT,,0,0,OA办公系统,,,live_metadata,,platform
OA.EZOFFICE,SFT_XXBS_UNION,,0,0,OA办公系统,,,live_metadata,,platform
OA.EZOFFICE,SFT_XXBS_WDXX,,0,0,OA办公系统,,,live_metadata,,platform
OA.EZOFFICE,SFT_XXBS_XXCY,,0,0,OA办公系统,,,live_metadata,,platform
OA.EZOFFICE,Signature,,1,0,OA办公系统,,,live_metadata,,platform
OA.EZOFFICE,SV_CONCERN_TASK,,0,0,OA办公系统,,,live_metadata,,platform
OA.EZOFFICE,SV_PRESS_FEEDBACK,,0,0,OA办公系统,,,live_metadata,,platform
OA.EZOFFICE,SV_PRESS_USER,,0,0,OA办公系统,,,live_metadata,,platform
OA.EZOFFICE,SV_TASK,,0,0,OA办公系统,,,live_metadata,,platform
OA.EZOFFICE,SV_TASK_APPRAISE,,0,0,OA办公系统,,,live_metadata,,platform
OA.EZOFFICE,SV_TASK_COMMENT,,0,0,OA办公系统,,,live_metadata,,platform
OA.EZOFFICE,SV_TASK_DELAY,,0,0,OA办公系统,,,live_metadata,,platform
OA.EZOFFICE,SV_TASKFROM,,0,0,OA办公系统,,,live_metadata,,platform
OA.EZOFFICE,SV_TASK_PLAN,,0,0,OA办公系统,,,live_metadata,,platform
OA.EZOFFICE,SV_TASKPRESS,,0,0,OA办公系统,,,live_metadata,,platform
OA.EZOFFICE,SV_TASKREMIND,,0,0,OA办公系统,,,live_metadata,,platform
OA.EZOFFICE,SV_TASK_REPORT,,0,0,OA办公系统,,,live_metadata,,platform
OA.EZOFFICE,SV_TASKTYPE,,0,0,OA办公系统,,,live_metadata,,platform
OA.EZOFFICE,SV_TASK_VOTE,,0,0,OA办公系统,,,live_metadata,,platform
OA.EZOFFICE,SYS_CORP_SET,,0,0,OA办公系统,,,live_metadata,,platform
OA.EZOFFICE,SYS_CORP_SET_APP,,0,0,OA办公系统,,,live_metadata,,platform
OA.EZOFFICE,TABLERELATION,,0,0,OA办公系统,,,live_metadata,,platform
OA.EZOFFICE,tArea,,8,0,OA办公系统,,,live_metadata,,platform
OA.EZOFFICE,tAreatype,,9,0,OA办公系统,,,live_metadata,,platform
OA.EZOFFICE,tBakup,,0,0,OA办公系统,,,live_metadata,,platform
OA.EZOFFICE,tCode,,2,0,OA办公系统,,,live_metadata,,platform
OA.EZOFFICE,TELE_CONFID_CONFNAME,,0,0,OA办公系统,,,live_metadata,,platform
OA.EZOFFICE,tElt,,12,0,OA办公系统,,,live_metadata,,platform
OA.EZOFFICE,Template,,0,0,OA办公系统,,,live_metadata,,platform
OA.EZOFFICE,Template_BookMarks,,53,0,OA办公系统,,,live_metadata,,platform
OA.EZOFFICE,Template_File,,9,0,OA办公系统,,,live_metadata,,platform
OA.EZOFFICE,tField,,8850,0,OA办公系统,,,live_metadata,,platform
OA.EZOFFICE,tLimit,,148,0,OA办公系统,,,live_metadata,,platform
OA.EZOFFICE,tLocate,,0,0,OA办公系统,,,live_metadata,,platform
OA.EZOFFICE,tLocated,,0,0,OA办公系统,,,live_metadata,,platform
OA.EZOFFICE,tManager,,,0,OA办公系统,,,live_metadata,,platform
OA.EZOFFICE,TM_arrangeDetail_dept,,0,0,OA办公系统,,,live_metadata,,platform
OA.EZOFFICE,TM_arrangeDetail_deptType,,0,0,OA办公系统,,,live_metadata,,platform
OA.EZOFFICE,TM_arrangeSetup,,0,0,OA办公系统,,,live_metadata,,platform
OA.EZOFFICE,TM_arrangeStudent,,0,0,OA办公系统,,,live_metadata,,platform
OA.EZOFFICE,TM_base,,0,0,OA办公系统,,,live_metadata,,platform
OA.EZOFFICE,TM_checkForm,,0,0,OA办公系统,,,live_metadata,,platform
OA.EZOFFICE,TM_dept,,0,0,OA办公系统,,,live_metadata,,platform
OA.EZOFFICE,TM_deptType,,0,0,OA办公系统,,,live_metadata,,platform
OA.EZOFFICE,TM_district,,0,0,OA办公系统,,,live_metadata,,platform
OA.EZOFFICE,TM_form_field,,0,0,OA办公系统,,,live_metadata,,platform
OA.EZOFFICE,TM_form_table,,0,0,OA办公系统,,,live_metadata,,platform
OA.EZOFFICE,TM_monthCheck,,0,0,OA办公系统,,,live_metadata,,platform
OA.EZOFFICE,tModel,,53,0,OA办公系统,,,live_metadata,,platform
OA.EZOFFICE,TM_outDeptTypeCheckRecord,,0,0,OA办公系统,,,live_metadata,,platform
OA.EZOFFICE,TM_outWardCheckRecord,,0,0,OA办公系统,,,live_metadata,,platform
OA.EZOFFICE,TM_schedule,,0,0,OA办公系统,,,live_metadata,,platform
OA.EZOFFICE,TM_student,,0,0,OA办公系统,,,live_metadata,,platform
OA.EZOFFICE,TM_teacherCheck,,0,0,OA办公系统,,,live_metadata,,platform
OA.EZOFFICE,TM_train,,0,0,OA办公系统,,,live_metadata,,platform
OA.EZOFFICE,TM_trainStudent,,0,0,OA办公系统,,,live_metadata,,platform
OA.EZOFFICE,TM_ward,,0,0,OA办公系统,,,live_metadata,,platform
OA.EZOFFICE,tPage,,8,0,OA办公系统,,,live_metadata,,platform
OA.EZOFFICE,tPageref,,0,0,OA办公系统,,,live_metadata,,platform
OA.EZOFFICE,TRANS_DOCUMENT,,0,0,OA办公系统,,,live_metadata,,platform
OA.EZOFFICE,TRANS_DOCUMENT_FILE,,0,0,OA办公系统,,,live_metadata,,platform
OA.EZOFFICE,TRANS_DOCUMENTFILE,,0,0,OA办公系统,,,live_metadata,,platform
OA.EZOFFICE,TRANS_DOCUMENT_SETUP,,0,0,OA办公系统,,,live_metadata,,platform
OA.EZOFFICE,TRANS_DOCUMENT_WORK,,0,0,OA办公系统,,,live_metadata,,platform
OA.EZOFFICE,TRANS_GROUP,,0,0,OA办公系统,,,live_metadata,,platform
OA.EZOFFICE,TRANS_INNERNOTICE,,0,0,OA办公系统,,,live_metadata,,platform
OA.EZOFFICE,TRANS_INNERNOTICE_RECEIVE,,0,0,OA办公系统,,,live_metadata,,platform
OA.EZOFFICE,tSeq,,2,0,OA办公系统,,,live_metadata,,platform
OA.EZOFFICE,tSession,,3,0,OA办公系统,,,live_metadata,,platform
OA.EZOFFICE,tShow,,73,0,OA办公系统,,,live_metadata,,platform
OA.EZOFFICE,tSign,,19,0,OA办公系统,,,live_metadata,,platform
OA.EZOFFICE,tSql,,0,0,OA办公系统,,,live_metadata,,platform
OA.EZOFFICE,tTable,,638,0,OA办公系统,,,live_metadata,,platform
OA.EZOFFICE,tType,,4,0,OA办公系统,,,live_metadata,,platform
OA.EZOFFICE,UNION_STATISTIC,,0,0,OA办公系统,,,live_metadata,,platform
OA.EZOFFICE,UNION_TASK,,0,0,OA办公系统,,,live_metadata,,platform
OA.EZOFFICE,UNION_TASKFROM,,3,0,OA办公系统,,,live_metadata,,platform
OA.EZOFFICE,UNION_TASK_PRESS,,0,0,OA办公系统,,,live_metadata,,platform
OA.EZOFFICE,UNION_TASK_PRESS_FEEDBACK,,0,0,OA办公系统,,,live_metadata,,platform
OA.EZOFFICE,UNION_TASK_PRESS_USER,,0,0,OA办公系统,,,live_metadata,,platform
OA.EZOFFICE,UNION_TASKTYPE,,0,0,OA办公系统,,,live_metadata,,platform
OA.EZOFFICE,user_org_syn_errlog,,0,0,OA办公系统,,,live_metadata,,platform
OA.EZOFFICE,Version_File,,5,0,OA办公系统,,,live_metadata,,platform
OA.EZOFFICE,WEIBO,,6,0,OA办公系统,,,live_metadata,,platform
OA.EZOFFICE,WEIBO_ATTENTION,,0,0,OA办公系统,,,live_metadata,,platform
OA.EZOFFICE,WEIBO_COMMENT,,0,0,OA办公系统,,,live_metadata,,platform
OA.EZOFFICE,WEIBO_FAVORITE,,0,0,OA办公系统,,,live_metadata,,platform
OA.EZOFFICE,WEIBO_RECEIVE_USER,,0,0,OA办公系统,,,live_metadata,,platform
OA.EZOFFICE,WEIBO_TOPIC,,0,0,OA办公系统,,,live_metadata,,platform
OA.EZOFFICE,WEIBO_USER,,4,0,OA办公系统,,,live_metadata,,platform
OA.EZOFFICE,WF_ACTIVITY,,4,0,OA办公系统,,,live_metadata,,platform
OA.EZOFFICE,wf_autoJump_info,,1,0,OA办公系统,,,live_metadata,,platform
OA.EZOFFICE,WF_BUTTONS,,0,0,OA办公系统,,,live_metadata,,platform
OA.EZOFFICE,WF_CHANNEL,,0,0,OA办公系统,,,live_metadata,,platform
OA.EZOFFICE,WF_CHANNEL_PROCESS,,0,0,OA办公系统,,,live_metadata,,platform
OA.EZOFFICE,WF_DEALWITH,,3,0,OA办公系统,,,live_metadata,,platform
OA.EZOFFICE,WF_DEALWITHCOMMENT,,2,0,OA办公系统,,,live_metadata,,platform
OA.EZOFFICE,WF_DEALWITHCOMMENT_DRAFT,,0,0,OA办公系统,,,live_metadata,,platform
OA.EZOFFICE,WF_DEALWITHLOG,,13,0,OA办公系统,,,live_metadata,,platform
OA.EZOFFICE,WF_GRAPH_UNIT,,0,0,OA办公系统,,,live_metadata,,platform
OA.EZOFFICE,WF_HIDECONTROL,,0,0,OA办公系统,,,live_metadata,,platform
OA.EZOFFICE,WF_IMMOBILITYFIELD,,489,0,OA办公系统,,,live_metadata,,platform
OA.EZOFFICE,WF_IMMOBILITYFORM,,54,0,OA办公系统,,,live_metadata,,platform
OA.EZOFFICE,WF_MY_COMMONFLOW,,0,0,OA办公系统,,,live_metadata,,platform
OA.EZOFFICE,WF_NEEDFLOWMODULE,,56,0,OA办公系统,,,live_metadata,,platform
OA.EZOFFICE,WF_NOTREATMENT_REMIND,,465,0,OA办公系统,,,live_metadata,,platform
OA.EZOFFICE,WF_OA_RELATEFIELD,,25,0,OA办公系统,,,live_metadata,,platform
OA.EZOFFICE,wf_oldCommentlog,,0,0,OA办公系统,,,live_metadata,,platform
OA.EZOFFICE,wf_onlineuser,,0,0,OA办公系统,,,live_metadata,,platform
OA.EZOFFICE,WF_PACKAGE,,94,0,OA办公系统,,,live_metadata,,platform
OA.EZOFFICE,WF_PRESS,,0,0,OA办公系统,,,live_metadata,,platform
OA.EZOFFICE,WF_PRINTAPPLY,,0,0,OA办公系统,,,live_metadata,,platform
OA.EZOFFICE,WF_PROCEEDACTIVITY,,8,0,OA办公系统,,,live_metadata,,platform
OA.EZOFFICE,wf_proceedflow,,2,0,OA办公系统,,,live_metadata,,platform
OA.EZOFFICE,WF_PROCEEDHIDECONTROL,,0,0,OA办公系统,,,live_metadata,,platform
OA.EZOFFICE,WF_PROCEEDPRESS,,0,0,OA办公系统,,,live_metadata,,platform
OA.EZOFFICE,WF_PROCEEDPROTECTCONTROL,,0,0,OA办公系统,,,live_metadata,,platform
OA.EZOFFICE,WF_PROCEEDREADWRITECONTROL,,0,0,OA办公系统,,,live_metadata,,platform
OA.EZOFFICE,WF_PROCEEDTR,,6,0,OA办公系统,,,live_metadata,,platform
OA.EZOFFICE,WF_PROCEEDTRANSITION,,6,0,OA办公系统,,,live_metadata,,platform
OA.EZOFFICE,WF_PROCESSSCOPE,,0,0,OA办公系统,,,live_metadata,,platform
OA.EZOFFICE,WF_PROTECTCONTROL,,0,0,OA办公系统,,,live_metadata,,platform
OA.EZOFFICE,WF_RANDFLOWCOMMENT,,0,0,OA办公系统,,,live_metadata,,platform
OA.EZOFFICE,WF_READWRITECONTROL,,2,0,OA办公系统,,,live_metadata,,platform
OA.EZOFFICE,WF_RELATIONPROCESS,,0,0,OA办公系统,,,live_metadata,,platform
OA.EZOFFICE,WF_RU_REMINDINFO,,0,0,OA办公系统,,,live_metadata,,platform
OA.EZOFFICE,WF_SEQUENCE,,76213929,0,OA办公系统,,,live_metadata,,platform
OA.EZOFFICE,WF_TRANSITION,,3,0,OA办公系统,,,live_metadata,,platform
OA.EZOFFICE,WF_TRANSITIONRESTRICTION,,3,0,OA办公系统,,,live_metadata,,platform
OA.EZOFFICE,WF_WORK,,2039203,0,OA办公系统,,,live_metadata,,platform
OA.EZOFFICE,WF_WORK_ACCESSORY,,0,0,OA办公系统,,,live_metadata,,platform
OA.EZOFFICE,WF_WORKFLOW_ATTRIBUTERELATE,,0,0,OA办公系统,,,live_metadata,,platform
OA.EZOFFICE,WF_WORKFLOWCHANNEL,,11,0,OA办公系统,,,live_metadata,,platform
OA.EZOFFICE,WF_WORKFLOW_DESIGNER,,1,0,OA办公系统,,,live_metadata,,platform
OA.EZOFFICE,WF_WORKFLOW_FIELDRELATE,,0,0,OA办公系统,,,live_metadata,,platform
OA.EZOFFICE,WF_WORKFLOWHIDDENCONTROL_FIRST,,0,0,OA办公系统,,,live_metadata,,platform
OA.EZOFFICE,WF_WORKFLOWPROCESS,,1,0,OA办公系统,,,live_metadata,,platform
OA.EZOFFICE,WF_WORKFLOWSTOCK,,0,0,OA办公系统,,,live_metadata,,platform
OA.EZOFFICE,WF_WORKFLOWWRITECONTROL,,0,0,OA办公系统,,,live_metadata,,platform
OA.EZOFFICE,whir$city,,2232,0,OA办公系统,,,live_metadata,,platform
OA.EZOFFICE,whir$country,,210,0,OA办公系统,,,live_metadata,,platform
OA.EZOFFICE,whir$hos_dissert,,0,0,OA办公系统,,,live_metadata,,platform
OA.EZOFFICE,whir$hos_scientificBaseSet,,2,0,OA办公系统,,,live_metadata,,platform
OA.EZOFFICE,whir$hos_subject,,0,0,OA办公系统,,,live_metadata,,platform
OA.EZOFFICE,whir$hos_subject_headmantab,,0,0,OA办公系统,,,live_metadata,,platform
OA.EZOFFICE,whir$hos_subject_joinmantab,,0,0,OA办公系统,,,live_metadata,,platform
OA.EZOFFICE,whir$hos_subject_linkmantab,,0,0,OA办公系统,,,live_metadata,,platform
OA.EZOFFICE,whir$jjfxm,,0,0,OA办公系统,,,live_metadata,,platform
OA.EZOFFICE,whir$jjfxmfl,,0,0,OA办公系统,,,live_metadata,,platform
OA.EZOFFICE,whir$jxdj,,0,0,OA办公系统,,,live_metadata,,platform
OA.EZOFFICE,whir$ksxx,,128,0,OA办公系统,,,live_metadata,,platform
OA.EZOFFICE,whir$leaders,,1,0,OA办公系统,,,live_metadata,,platform
OA.EZOFFICE,whir$_paidleave,,0,0,OA办公系统,,,live_metadata,,platform
OA.EZOFFICE,whir$province,,34,0,OA办公系统,,,live_metadata,,platform
OA.EZOFFICE,whir$qt,,2,0,OA办公系统,,,live_metadata,,platform
OA.EZOFFICE,whir$staff_ddsp,,0,0,OA办公系统,,,live_metadata,,platform
OA.EZOFFICE,whir$syncUser,,1830269,0,OA办公系统,,,live_metadata,,platform
OA.EZOFFICE,whir$t3012,,7,0,OA办公系统,,,live_metadata,,platform
OA.EZOFFICE,whir$t3013,,10418,0,OA办公系统,,,live_metadata,,platform
OA.EZOFFICE,whir$t3014,,11310,0,OA办公系统,,,live_metadata,,platform
OA.EZOFFICE,whir$t3016,,966,0,OA办公系统,,,live_metadata,,platform
OA.EZOFFICE,whir$t3017,,144,0,OA办公系统,,,live_metadata,,platform
OA.EZOFFICE,whir$t3018,,9,0,OA办公系统,,,live_metadata,,platform
OA.EZOFFICE,whir$t3019,,10,0,OA办公系统,,,live_metadata,,platform
OA.EZOFFICE,whir$t3020,,21,0,OA办公系统,,,live_metadata,,platform
OA.EZOFFICE,whir$t3021,,651,0,OA办公系统,,,live_metadata,,platform
OA.EZOFFICE,whir$t3021_20230614,,174,0,OA办公系统,,,live_metadata,,platform
OA.EZOFFICE,whir$t3022,,0,0,OA办公系统,,,live_metadata,,platform
OA.EZOFFICE,whir$t3023,,0,0,OA办公系统,,,live_metadata,,platform
OA.EZOFFICE,whir$t3024,,0,0,OA办公系统,,,live_metadata,,platform
OA.EZOFFICE,whir$t3025,,4020,0,OA办公系统,,,live_metadata,,platform
OA.EZOFFICE,whir$t3026,,540,0,OA办公系统,,,live_metadata,,platform
OA.EZOFFICE,whir$t3027,,9,0,OA办公系统,,,live_metadata,,platform
OA.EZOFFICE,whir$t3028,,181,0,OA办公系统,,,live_metadata,,platform
OA.EZOFFICE,whir$t3029,,19,0,OA办公系统,,,live_metadata,,platform
OA.EZOFFICE,whir$t3030,,961,0,OA办公系统,,,live_metadata,,platform
OA.EZOFFICE,whir$t3032,,2,0,OA办公系统,,,live_metadata,,platform
OA.EZOFFICE,whir$t3034,,0,0,OA办公系统,,,live_metadata,,platform
OA.EZOFFICE,whir$t3035,,0,0,OA办公系统,,,live_metadata,,platform
OA.EZOFFICE,whir$t3036,,340,0,OA办公系统,,,live_metadata,,platform
OA.EZOFFICE,whir$t3037,,2500,0,OA办公系统,,,live_metadata,,platform
OA.EZOFFICE,whir$t3038,,18,0,OA办公系统,,,live_metadata,,platform
OA.EZOFFICE,whir$t3039,,63,0,OA办公系统,,,live_metadata,,platform
OA.EZOFFICE,whir$t3040,,2615,0,OA办公系统,,,live_metadata,,platform
OA.EZOFFICE,whir$t3041,,0,0,OA办公系统,,,live_metadata,,platform
OA.EZOFFICE,whir$t3042,,0,0,OA办公系统,,,live_metadata,,platform
OA.EZOFFICE,whir$t3043,,3,0,OA办公系统,,,live_metadata,,platform
OA.EZOFFICE,whir$t3044,,3,0,OA办公系统,,,live_metadata,,platform
OA.EZOFFICE,whir$t3045,,399,0,OA办公系统,,,live_metadata,,platform
OA.EZOFFICE,whir$t3047,,32,0,OA办公系统,,,live_metadata,,platform
OA.EZOFFICE,whir$t3049,,30,0,OA办公系统,,,live_metadata,,platform
OA.EZOFFICE,whir$t3050,,286,0,OA办公系统,,,live_metadata,,platform
OA.EZOFFICE,whir$t3051,,447,0,OA办公系统,,,live_metadata,,platform
OA.EZOFFICE,whir$t3052,,300,0,OA办公系统,,,live_metadata,,platform
OA.EZOFFICE,whir$t3053,,8,0,OA办公系统,,,live_metadata,,platform
OA.EZOFFICE,whir$t3054,,84,0,OA办公系统,,,live_metadata,,platform
OA.EZOFFICE,whir$t3055,,86,0,OA办公系统,,,live_metadata,,platform
OA.EZOFFICE,whir$t3057,,418,0,OA办公系统,,,live_metadata,,platform
OA.EZOFFICE,whir$t3058,,261,0,OA办公系统,,,live_metadata,,platform
OA.EZOFFICE,whir$t3062,,1,0,OA办公系统,,,live_metadata,,platform
OA.EZOFFICE,whir$t3063,,2,0,OA办公系统,,,live_metadata,,platform
OA.EZOFFICE,whir$t3064,,5,0,OA办公系统,,,live_metadata,,platform
OA.EZOFFICE,whir$t3065,,5,0,OA办公系统,,,live_metadata,,platform
OA.EZOFFICE,whir$t3066,,488,0,OA办公系统,,,live_metadata,,platform
OA.EZOFFICE,whir$t3067,,5616,0,OA办公系统,,,live_metadata,,platform
OA.EZOFFICE,whir$t3068,,162,0,OA办公系统,,,live_metadata,,platform
OA.EZOFFICE,whir$t3069,,170,0,OA办公系统,,,live_metadata,,platform
OA.EZOFFICE,whir$t3070,,515,0,OA办公系统,,,live_metadata,,platform
OA.EZOFFICE,whir$t3071,,1922,0,OA办公系统,,,live_metadata,,platform
OA.EZOFFICE,whir$t3072,,6,0,OA办公系统,,,live_metadata,,platform
OA.EZOFFICE,whir$t3073,,1207,0,OA办公系统,,,live_metadata,,platform
OA.EZOFFICE,whir$t3074,,1284,0,OA办公系统,,,live_metadata,,platform
OA.EZOFFICE,whir$t3075,,56,0,OA办公系统,,,live_metadata,,platform
OA.EZOFFICE,whir$t3076,,77,0,OA办公系统,,,live_metadata,,platform
OA.EZOFFICE,whir$t3077,,2,0,OA办公系统,,,live_metadata,,platform
OA.EZOFFICE,whir$t3078,,364,0,OA办公系统,,,live_metadata,,platform
OA.EZOFFICE,whir$t3079,,176,0,OA办公系统,,,live_metadata,,platform
OA.EZOFFICE,whir$t3080,,6,0,OA办公系统,,,live_metadata,,platform
OA.EZOFFICE,whir$t3081,,44,0,OA办公系统,,,live_metadata,,platform
OA.EZOFFICE,whir$t3082,,99,0,OA办公系统,,,live_metadata,,platform
OA.EZOFFICE,whir$t3083,,105,0,OA办公系统,,,live_metadata,,platform
OA.EZOFFICE,whir$t3084,,82,0,OA办公系统,,,live_metadata,,platform
OA.EZOFFICE,whir$t3085,,0,0,OA办公系统,,,live_metadata,,platform
OA.EZOFFICE,whir$t3086,,0,0,OA办公系统,,,live_metadata,,platform
OA.EZOFFICE,whir$t3087,,540,0,OA办公系统,,,live_metadata,,platform
OA.EZOFFICE,whir$t3088,,977,0,OA办公系统,,,live_metadata,,platform
OA.EZOFFICE,whir$t3089,,0,0,OA办公系统,,,live_metadata,,platform
OA.EZOFFICE,whir$t3090,,0,0,OA办公系统,,,live_metadata,,platform
OA.EZOFFICE,whir$t3091,,3288,0,OA办公系统,,,live_metadata,,platform
OA.EZOFFICE,whir$t3092,,124554,0,OA办公系统,,,live_metadata,,platform
OA.EZOFFICE,whir$t3093,,2231,0,OA办公系统,,,live_metadata,,platform
OA.EZOFFICE,whir$t3094,,21833,0,OA办公系统,,,live_metadata,,platform
OA.EZOFFICE,whir$t3095,,11476,0,OA办公系统,,,live_metadata,,platform
OA.EZOFFICE,whir$t3096,,194782,0,OA办公系统,,,live_metadata,,platform
OA.EZOFFICE,whir$t3097,,0,0,OA办公系统,,,live_metadata,,platform
OA.EZOFFICE,whir$t3098,,0,0,OA办公系统,,,live_metadata,,platform
OA.EZOFFICE,whir$t3099,,1,0,OA办公系统,,,live_metadata,,platform
OA.EZOFFICE,whir$t3100,,1,0,OA办公系统,,,live_metadata,,platform
OA.EZOFFICE,whir$t3101,,2,0,OA办公系统,,,live_metadata,,platform
OA.EZOFFICE,whir$t3102,,8,0,OA办公系统,,,live_metadata,,platform
OA.EZOFFICE,whir$t3103,,124,0,OA办公系统,,,live_metadata,,platform
OA.EZOFFICE,whir$t3104,,2536,0,OA办公系统,,,live_metadata,,platform
OA.EZOFFICE,whir$t3105,,9466,0,OA办公系统,,,live_metadata,,platform
OA.EZOFFICE,whir$t3106,,119649,0,OA办公系统,,,live_metadata,,platform
OA.EZOFFICE,whir$t3108,,2,0,OA办公系统,,,live_metadata,,platform
OA.EZOFFICE,whir$t3109,,0,0,OA办公系统,,,live_metadata,,platform
OA.EZOFFICE,whir$t3112,,61,0,OA办公系统,,,live_metadata,,platform
OA.EZOFFICE,whir$t3113,,101,0,OA办公系统,,,live_metadata,,platform
OA.EZOFFICE,whir$t3114,,421,0,OA办公系统,,,live_metadata,,platform
OA.EZOFFICE,whir$t3115,,24,0,OA办公系统,,,live_metadata,,platform
OA.EZOFFICE,whir$t3116,,14,0,OA办公系统,,,live_metadata,,platform
OA.EZOFFICE,whir$t3117,,14,0,OA办公系统,,,live_metadata,,platform
OA.EZOFFICE,whir$t3118,,12,0,OA办公系统,,,live_metadata,,platform
OA.EZOFFICE,whir$t3120,,1,0,OA办公系统,,,live_metadata,,platform
OA.EZOFFICE,whir$t3121,,0,0,OA办公系统,,,live_metadata,,platform
OA.EZOFFICE,whir$t3122,,1,0,OA办公系统,,,live_metadata,,platform
OA.EZOFFICE,whir$t3123,,5,0,OA办公系统,,,live_metadata,,platform
OA.EZOFFICE,whir$t3124,,18,0,OA办公系统,,,live_metadata,,platform
OA.EZOFFICE,whir$t3125,,114,0,OA办公系统,,,live_metadata,,platform
OA.EZOFFICE,whir$t3126,,2,0,OA办公系统,,,live_metadata,,platform
OA.EZOFFICE,whir$t3129,,25,0,OA办公系统,,,live_metadata,,platform
OA.EZOFFICE,whir$t3130,,11,0,OA办公系统,,,live_metadata,,platform
OA.EZOFFICE,whir$t3131,,0,0,OA办公系统,,,live_metadata,,platform
OA.EZOFFICE,whir$t3132,,0,0,OA办公系统,,,live_metadata,,platform
OA.EZOFFICE,whir$t3133,,0,0,OA办公系统,,,live_metadata,,platform
OA.EZOFFICE,whir$t3134,,0,0,OA办公系统,,,live_metadata,,platform
OA.EZOFFICE,whir$t3135,,0,0,OA办公系统,,,live_metadata,,platform
OA.EZOFFICE,whir$t3136,,29,0,OA办公系统,,,live_metadata,,platform
OA.EZOFFICE,whir$t3137,,227,0,OA办公系统,,,live_metadata,,platform
OA.EZOFFICE,whir$t3138,,381,0,OA办公系统,,,live_metadata,,platform
OA.EZOFFICE,whir$t3139,,43,0,OA办公系统,,,live_metadata,,platform
OA.EZOFFICE,whir$t3140,,932,0,OA办公系统,,,live_metadata,,platform
OA.EZOFFICE,whir$t3141,,0,0,OA办公系统,,,live_metadata,,platform
OA.EZOFFICE,whir$t3142,,318,0,OA办公系统,,,live_metadata,,platform
OA.EZOFFICE,whir$t3143,,45,0,OA办公系统,,,live_metadata,,platform
OA.EZOFFICE,whir$t3144,,46,0,OA办公系统,,,live_metadata,,platform
OA.EZOFFICE,whir$t3145,,66,0,OA办公系统,,,live_metadata,,platform
OA.EZOFFICE,whir$t3146,,5,0,OA办公系统,,,live_metadata,,platform
OA.EZOFFICE,whir$t3147,,5,0,OA办公系统,,,live_metadata,,platform
OA.EZOFFICE,whir$t3148,,1889,0,OA办公系统,,,live_metadata,,platform
OA.EZOFFICE,whir$t3149,,88,0,OA办公系统,,,live_metadata,,platform
OA.EZOFFICE,whir$t3150,,0,0,OA办公系统,,,live_metadata,,platform
OA.EZOFFICE,whir$t3151,,60843,0,OA办公系统,,,live_metadata,,platform
OA.EZOFFICE,whir$t3152,,143937,0,OA办公系统,,,live_metadata,,platform
OA.EZOFFICE,whir$t3153,,93580,0,OA办公系统,,,live_metadata,,platform
OA.EZOFFICE,whir$t3154,,95,0,OA办公系统,,,live_metadata,,platform
OA.EZOFFICE,whir$t3155,,2,0,OA办公系统,,,live_metadata,,platform
OA.EZOFFICE,whir$t3156,,4,0,OA办公系统,,,live_metadata,,platform
OA.EZOFFICE,whir$t3157,,2,0,OA办公系统,,,live_metadata,,platform
OA.EZOFFICE,whir$t3158,,0,0,OA办公系统,,,live_metadata,,platform
OA.EZOFFICE,whir$t3159,,7837,0,OA办公系统,,,live_metadata,,platform
OA.EZOFFICE,whir$t3160,,0,0,OA办公系统,,,live_metadata,,platform
OA.EZOFFICE,whir$t3161,,21,0,OA办公系统,,,live_metadata,,platform
OA.EZOFFICE,whir$t3162,,4,0,OA办公系统,,,live_metadata,,platform
OA.EZOFFICE,whir$t3163,,34,0,OA办公系统,,,live_metadata,,platform
OA.EZOFFICE,whir$t3167,,233,0,OA办公系统,,,live_metadata,,platform
OA.EZOFFICE,whir$t3168,,286,0,OA办公系统,,,live_metadata,,platform
OA.EZOFFICE,whir$t3170,,207,0,OA办公系统,,,live_metadata,,platform
OA.EZOFFICE,whir$t3171,,111,0,OA办公系统,,,live_metadata,,platform
OA.EZOFFICE,whir$t3173,,317,0,OA办公系统,,,live_metadata,,platform
OA.EZOFFICE,whir$t3174,,454,0,OA办公系统,,,live_metadata,,platform
OA.EZOFFICE,whir$t3176,,1882,0,OA办公系统,,,live_metadata,,platform
OA.EZOFFICE,whir$t3177,,2197,0,OA办公系统,,,live_metadata,,platform
OA.EZOFFICE,whir$t3178,,1110,0,OA办公系统,,,live_metadata,,platform
OA.EZOFFICE,whir$t3181,,201,0,OA办公系统,,,live_metadata,,platform
OA.EZOFFICE,whir$t3182,,2,0,OA办公系统,,,live_metadata,,platform
OA.EZOFFICE,whir$t3183,,520,0,OA办公系统,,,live_metadata,,platform
OA.EZOFFICE,whir$t3184,,776,0,OA办公系统,,,live_metadata,,platform
OA.EZOFFICE,whir$t3185,,922,0,OA办公系统,,,live_metadata,,platform
OA.EZOFFICE,whir$t3187,,1888,0,OA办公系统,,,live_metadata,,platform
OA.EZOFFICE,whir$t3188,,411,0,OA办公系统,,,live_metadata,,platform
OA.EZOFFICE,whir$t3190,,14048,0,OA办公系统,,,live_metadata,,platform
OA.EZOFFICE,whir$t3191,,102,0,OA办公系统,,,live_metadata,,platform
OA.EZOFFICE,whir$t3192,,233,0,OA办公系统,,,live_metadata,,platform
OA.EZOFFICE,whir$t3193,,0,0,OA办公系统,,,live_metadata,,platform
OA.EZOFFICE,whir$t3194,,0,0,OA办公系统,,,live_metadata,,platform
OA.EZOFFICE,whir$t3195,,85,0,OA办公系统,,,live_metadata,,platform
OA.EZOFFICE,whir$t3196,,67,0,OA办公系统,,,live_metadata,,platform
OA.EZOFFICE,whir$t3197,,90,0,OA办公系统,,,live_metadata,,platform
OA.EZOFFICE,whir$t3198,,972,0,OA办公系统,,,live_metadata,,platform
OA.EZOFFICE,whir$t3199,,0,0,OA办公系统,,,live_metadata,,platform
OA.EZOFFICE,whir$t3200,,0,0,OA办公系统,,,live_metadata,,platform
OA.EZOFFICE,whir$t3201,,0,0,OA办公系统,,,live_metadata,,platform
OA.EZOFFICE,whir$t3203,,12,0,OA办公系统,,,live_metadata,,platform
OA.EZOFFICE,whir$t3204,,161,0,OA办公系统,,,live_metadata,,platform
OA.EZOFFICE,whir$t3205,,338,0,OA办公系统,,,live_metadata,,platform
OA.EZOFFICE,whir$t3207,,10,0,OA办公系统,,,live_metadata,,platform
OA.EZOFFICE,whir$t3209,,0,0,OA办公系统,,,live_metadata,,platform
OA.EZOFFICE,whir$t3210,,305,0,OA办公系统,,,live_metadata,,platform
OA.EZOFFICE,whir$t3211,,66,0,OA办公系统,,,live_metadata,,platform
OA.EZOFFICE,whir$t3212,,236,0,OA办公系统,,,live_metadata,,platform
OA.EZOFFICE,whir$t3213,,542,0,OA办公系统,,,live_metadata,,platform
OA.EZOFFICE,whir$t3214,,4891,0,OA办公系统,,,live_metadata,,platform
OA.EZOFFICE,whir$t3215,,1120,0,OA办公系统,,,live_metadata,,platform
OA.EZOFFICE,whir$t3216,,40,0,OA办公系统,,,live_metadata,,platform
OA.EZOFFICE,whir$t3217,,206,0,OA办公系统,,,live_metadata,,platform
OA.EZOFFICE,whir$t3218,,37,0,OA办公系统,,,live_metadata,,platform
OA.EZOFFICE,whir$t3219,,0,0,OA办公系统,,,live_metadata,,platform
OA.EZOFFICE,whir$t3220,,0,0,OA办公系统,,,live_metadata,,platform
OA.EZOFFICE,whir$t3221,,0,0,OA办公系统,,,live_metadata,,platform
OA.EZOFFICE,whir$t3222,,7,0,OA办公系统,,,live_metadata,,platform
OA.EZOFFICE,whir$t3223,,1,0,OA办公系统,,,live_metadata,,platform
OA.EZOFFICE,whir$t3224,,5,0,OA办公系统,,,live_metadata,,platform
OA.EZOFFICE,whir$t3225,,0,0,OA办公系统,,,live_metadata,,platform
OA.EZOFFICE,whir$t3226,,0,0,OA办公系统,,,live_metadata,,platform
OA.EZOFFICE,whir$t3227,,0,0,OA办公系统,,,live_metadata,,platform
OA.EZOFFICE,whir$t3228,,0,0,OA办公系统,,,live_metadata,,platform
OA.EZOFFICE,whir$t3229,,0,0,OA办公系统,,,live_metadata,,platform
OA.EZOFFICE,whir$t3230,,0,0,OA办公系统,,,live_metadata,,platform
OA.EZOFFICE,whir$t3231,,0,0,OA办公系统,,,live_metadata,,platform
OA.EZOFFICE,whir$t3232,,0,0,OA办公系统,,,live_metadata,,platform
OA.EZOFFICE,whir$t3233,,0,0,OA办公系统,,,live_metadata,,platform
OA.EZOFFICE,whir$t3234,,0,0,OA办公系统,,,live_metadata,,platform
OA.EZOFFICE,whir$t3235,,0,0,OA办公系统,,,live_metadata,,platform
OA.EZOFFICE,whir$t3236,,0,0,OA办公系统,,,live_metadata,,platform
OA.EZOFFICE,whir$t3237,,0,0,OA办公系统,,,live_metadata,,platform
OA.EZOFFICE,whir$t3238,,0,0,OA办公系统,,,live_metadata,,platform
OA.EZOFFICE,whir$t3239,,0,0,OA办公系统,,,live_metadata,,platform
OA.EZOFFICE,whir$t3240,,0,0,OA办公系统,,,live_metadata,,platform
OA.EZOFFICE,whir$t3241,,0,0,OA办公系统,,,live_metadata,,platform
OA.EZOFFICE,whir$t3242,,853,0,OA办公系统,,,live_metadata,,platform
OA.EZOFFICE,whir$t3243,,1219,0,OA办公系统,,,live_metadata,,platform
OA.EZOFFICE,whir$t3244,,936,0,OA办公系统,,,live_metadata,,platform
OA.EZOFFICE,whir$t3245,,4325,0,OA办公系统,,,live_metadata,,platform
OA.EZOFFICE,whir$t3246,,2349,0,OA办公系统,,,live_metadata,,platform
OA.EZOFFICE,whir$t3247,,69,0,OA办公系统,,,live_metadata,,platform
OA.EZOFFICE,whir$t3248,,504,0,OA办公系统,,,live_metadata,,platform
OA.EZOFFICE,whir$t3249,,238,0,OA办公系统,,,live_metadata,,platform
OA.EZOFFICE,whir$t3250,,439,0,OA办公系统,,,live_metadata,,platform
OA.EZOFFICE,whir$t3251,,138,0,OA办公系统,,,live_metadata,,platform
OA.EZOFFICE,whir$t3252,,350,0,OA办公系统,,,live_metadata,,platform
OA.EZOFFICE,whir$t3253,,188365,0,OA办公系统,,,live_metadata,,platform
OA.EZOFFICE,whir$t3254,,1270,0,OA办公系统,,,live_metadata,,platform
OA.EZOFFICE,whir$t3255,,9,0,OA办公系统,,,live_metadata,,platform
OA.EZOFFICE,whir$t3257,,0,0,OA办公系统,,,live_metadata,,platform
OA.EZOFFICE,whir$t3258,,46,0,OA办公系统,,,live_metadata,,platform
OA.EZOFFICE,whir$t3259,,4,0,OA办公系统,,,live_metadata,,platform
OA.EZOFFICE,whir$t3260,,0,0,OA办公系统,,,live_metadata,,platform
OA.EZOFFICE,whir$t3261,,143,0,OA办公系统,,,live_metadata,,platform
OA.EZOFFICE,whir$t3262,,2828,0,OA办公系统,,,live_metadata,,platform
OA.EZOFFICE,whir$t3264,,1615,0,OA办公系统,,,live_metadata,,platform
OA.EZOFFICE,whir$t3266,,4919,0,OA办公系统,,,live_metadata,,platform
OA.EZOFFICE,whir$t3268,,0,0,OA办公系统,,,live_metadata,,platform
OA.EZOFFICE,whir$t3269,,743,0,OA办公系统,,,live_metadata,,platform
OA.EZOFFICE,whir$t3270,,16,0,OA办公系统,,,live_metadata,,platform
OA.EZOFFICE,whir$t3271,,228,0,OA办公系统,,,live_metadata,,platform
OA.EZOFFICE,whir$t3272,,143,0,OA办公系统,,,live_metadata,,platform
OA.EZOFFICE,whir$t3274,,41,0,OA办公系统,,,live_metadata,,platform
OA.EZOFFICE,whir$t3275,,531,0,OA办公系统,,,live_metadata,,platform
OA.EZOFFICE,whir$t3276,,278,0,OA办公系统,,,live_metadata,,platform
OA.EZOFFICE,whir$t3277,,3672,0,OA办公系统,,,live_metadata,,platform
OA.EZOFFICE,whir$t3278,,157,0,OA办公系统,,,live_metadata,,platform
OA.EZOFFICE,whir$t3279,,0,0,OA办公系统,,,live_metadata,,platform
OA.EZOFFICE,whir$t3280,,66,0,OA办公系统,,,live_metadata,,platform
OA.EZOFFICE,whir$t3281,,126,0,OA办公系统,,,live_metadata,,platform
OA.EZOFFICE,whir$t3282,,0,0,OA办公系统,,,live_metadata,,platform
OA.EZOFFICE,whir$t3283,,27,0,OA办公系统,,,live_metadata,,platform
OA.EZOFFICE,whir$t3284,,822,0,OA办公系统,,,live_metadata,,platform
OA.EZOFFICE,whir$t3285,,29,0,OA办公系统,,,live_metadata,,platform
OA.EZOFFICE,whir$t3286,,163,0,OA办公系统,,,live_metadata,,platform
OA.EZOFFICE,whir$t3287,,24,0,OA办公系统,,,live_metadata,,platform
OA.EZOFFICE,whir$t3288,,749,0,OA办公系统,,,live_metadata,,platform
OA.EZOFFICE,whir$t3290,,749,0,OA办公系统,,,live_metadata,,platform
OA.EZOFFICE,whir$t3291,,749,0,OA办公系统,,,live_metadata,,platform
OA.EZOFFICE,whir$t3292,,4,0,OA办公系统,,,live_metadata,,platform
OA.EZOFFICE,whir$t3293,,303,0,OA办公系统,,,live_metadata,,platform
OA.EZOFFICE,whir$t3294,,432,0,OA办公系统,,,live_metadata,,platform
OA.EZOFFICE,whir$t3295,,132,0,OA办公系统,,,live_metadata,,platform
OA.EZOFFICE,whir$t3296,,1519,0,OA办公系统,,,live_metadata,,platform
OA.EZOFFICE,whir$t3297,,426,0,OA办公系统,,,live_metadata,,platform
OA.EZOFFICE,whir$t3298,,640,0,OA办公系统,,,live_metadata,,platform
OA.EZOFFICE,whir$t3299,,2149,0,OA办公系统,,,live_metadata,,platform
OA.EZOFFICE,whir$t3300,,7176,0,OA办公系统,,,live_metadata,,platform
OA.EZOFFICE,whir$t3301,,365,0,OA办公系统,,,live_metadata,,platform
OA.EZOFFICE,whir$t3302,,61,0,OA办公系统,,,live_metadata,,platform
OA.EZOFFICE,whir$t3303,,60,0,OA办公系统,,,live_metadata,,platform
OA.EZOFFICE,whir$t3304,,531,0,OA办公系统,,,live_metadata,,platform
OA.EZOFFICE,whir$t3305,,476,0,OA办公系统,,,live_metadata,,platform
OA.EZOFFICE,whir$t3306,,2,0,OA办公系统,,,live_metadata,,platform
OA.EZOFFICE,whir$t3307,,2,0,OA办公系统,,,live_metadata,,platform
OA.EZOFFICE,whir$t3308,,767,0,OA办公系统,,,live_metadata,,platform
OA.EZOFFICE,whir$t3309,,0,0,OA办公系统,,,live_metadata,,platform
OA.EZOFFICE,whir$t3310,,0,0,OA办公系统,,,live_metadata,,platform
OA.EZOFFICE,whir$t3311,,993,0,OA办公系统,,,live_metadata,,platform
OA.EZOFFICE,whir$t3312,,0,0,OA办公系统,,,live_metadata,,platform
OA.EZOFFICE,whir$t3313,,0,0,OA办公系统,,,live_metadata,,platform
OA.EZOFFICE,whir$t3314,,0,0,OA办公系统,,,live_metadata,,platform
OA.EZOFFICE,whir$t3315,,0,0,OA办公系统,,,live_metadata,,platform
OA.EZOFFICE,whir$t3316,,0,0,OA办公系统,,,live_metadata,,platform
OA.EZOFFICE,whir$t3317,,1483,0,OA办公系统,,,live_metadata,,platform
OA.EZOFFICE,whir$t3318,,0,0,OA办公系统,,,live_metadata,,platform
OA.EZOFFICE,whir$t3319,,0,0,OA办公系统,,,live_metadata,,platform
OA.EZOFFICE,whir$t3320,,0,0,OA办公系统,,,live_metadata,,platform
OA.EZOFFICE,whir$t3322,,0,0,OA办公系统,,,live_metadata,,platform
OA.EZOFFICE,whir$t3323,,0,0,OA办公系统,,,live_metadata,,platform
OA.EZOFFICE,whir$t3324,,0,0,OA办公系统,,,live_metadata,,platform
OA.EZOFFICE,whir$t3325,,17,0,OA办公系统,,,live_metadata,,platform
OA.EZOFFICE,whir$t3326,,8,0,OA办公系统,,,live_metadata,,platform
OA.EZOFFICE,whir$t3327,,4,0,OA办公系统,,,live_metadata,,platform
OA.EZOFFICE,whir$t3329,,428081,0,OA办公系统,,,live_metadata,,platform
OA.EZOFFICE,whir$t3330,,14,0,OA办公系统,,,live_metadata,,platform
OA.EZOFFICE,whir$t3331,,19,0,OA办公系统,,,live_metadata,,platform
OA.EZOFFICE,whir$t3333,,1296,0,OA办公系统,,,live_metadata,,platform
OA.EZOFFICE,whir$t3334,,49,0,OA办公系统,,,live_metadata,,platform
OA.EZOFFICE,whir$t3335,,61,0,OA办公系统,,,live_metadata,,platform
OA.EZOFFICE,whir$t3336,,744,0,OA办公系统,,,live_metadata,,platform
OA.EZOFFICE,whir$t3338,,18891,0,OA办公系统,,,live_metadata,,platform
OA.EZOFFICE,whir$t3339,,252,0,OA办公系统,,,live_metadata,,platform
OA.EZOFFICE,whir$t3340,,16537,0,OA办公系统,,,live_metadata,,platform
OA.EZOFFICE,whir$t3341,,61,0,OA办公系统,,,live_metadata,,platform
OA.EZOFFICE,whir$t3342,,0,0,OA办公系统,,,live_metadata,,platform
OA.EZOFFICE,whir$t3343,,72,0,OA办公系统,,,live_metadata,,platform
OA.EZOFFICE,whir$t3344,,0,0,OA办公系统,,,live_metadata,,platform
OA.EZOFFICE,whir$t3345,,4,0,OA办公系统,,,live_metadata,,platform
OA.EZOFFICE,whir$t3346,,218,0,OA办公系统,,,live_metadata,,platform
OA.EZOFFICE,whir$t3347,,1310,0,OA办公系统,,,live_metadata,,platform
OA.EZOFFICE,whir$t3348,,252,0,OA办公系统,,,live_metadata,,platform
OA.EZOFFICE,whir$t3349,,9,0,OA办公系统,,,live_metadata,,platform
OA.EZOFFICE,whir$t3350,,32,0,OA办公系统,,,live_metadata,,platform
OA.EZOFFICE,whir$t3351,,12,0,OA办公系统,,,live_metadata,,platform
OA.EZOFFICE,whir$t3352,,116,0,OA办公系统,,,live_metadata,,platform
OA.EZOFFICE,whir$t3353,,423,0,OA办公系统,,,live_metadata,,platform
OA.EZOFFICE,whir$t3355,,393,0,OA办公系统,,,live_metadata,,platform
OA.EZOFFICE,whir$t3356,,620,0,OA办公系统,,,live_metadata,,platform
OA.EZOFFICE,whir$t3358,,493,0,OA办公系统,,,live_metadata,,platform
OA.EZOFFICE,whir$t3359,,659,0,OA办公系统,,,live_metadata,,platform
OA.EZOFFICE,whir$t3360,,2,0,OA办公系统,,,live_metadata,,platform
OA.EZOFFICE,whir$t3361,,148,0,OA办公系统,,,live_metadata,,platform
OA.EZOFFICE,whir$t3362,,287,0,OA办公系统,,,live_metadata,,platform
OA.EZOFFICE,whir$t3363,,1703,0,OA办公系统,,,live_metadata,,platform
OA.EZOFFICE,whir$t3365,,415,0,OA办公系统,,,live_metadata,,platform
OA.EZOFFICE,whir$t3366,,59,0,OA办公系统,,,live_metadata,,platform
OA.EZOFFICE,whir$t3367,,75,0,OA办公系统,,,live_metadata,,platform
OA.EZOFFICE,whir$t3368,,79,0,OA办公系统,,,live_metadata,,platform
OA.EZOFFICE,whir$t3369,,68,0,OA办公系统,,,live_metadata,,platform
OA.EZOFFICE,whir$t3370,,230,0,OA办公系统,,,live_metadata,,platform
OA.EZOFFICE,whir$t3371,,606,0,OA办公系统,,,live_metadata,,platform
OA.EZOFFICE,whir$t3372,,909,0,OA办公系统,,,live_metadata,,platform
OA.EZOFFICE,whir$t3373,,962,0,OA办公系统,,,live_metadata,,platform
OA.EZOFFICE,whir$t3374,,5128,0,OA办公系统,,,live_metadata,,platform
OA.EZOFFICE,whir$t3376,,2042,0,OA办公系统,,,live_metadata,,platform
OA.EZOFFICE,whir$t3377,,9067,0,OA办公系统,,,live_metadata,,platform
OA.EZOFFICE,whir$t3378,,2504,0,OA办公系统,,,live_metadata,,platform
OA.EZOFFICE,whir$t3379,,4334,0,OA办公系统,,,live_metadata,,platform
OA.EZOFFICE,whir$t3382,,1469,0,OA办公系统,,,live_metadata,,platform
OA.EZOFFICE,whir$t3383,,89810,0,OA办公系统,,,live_metadata,,platform
OA.EZOFFICE,whir$t3384,,94,0,OA办公系统,,,live_metadata,,platform
OA.EZOFFICE,whir$t3385,,6057,0,OA办公系统,,,live_metadata,,platform
OA.EZOFFICE,whir$t3386,,139,0,OA办公系统,,,live_metadata,,platform
OA.EZOFFICE,whir$t3390,,2654,0,OA办公系统,,,live_metadata,,platform
OA.EZOFFICE,whir$t3391,,5323,0,OA办公系统,,,live_metadata,,platform
OA.EZOFFICE,whir$t3392,,5808,0,OA办公系统,,,live_metadata,,platform
OA.EZOFFICE,whir$t3393,,1032,0,OA办公系统,,,live_metadata,,platform
OA.EZOFFICE,whir$t3395,,356,0,OA办公系统,,,live_metadata,,platform
OA.EZOFFICE,whir$t3396,,3,0,OA办公系统,,,live_metadata,,platform
OA.EZOFFICE,whir$t3397,,613,0,OA办公系统,,,live_metadata,,platform
OA.EZOFFICE,whir$t3398,,3,0,OA办公系统,,,live_metadata,,platform
OA.EZOFFICE,whir$t3399,,85,0,OA办公系统,,,live_metadata,,platform
OA.EZOFFICE,whir$t3400,,6,0,OA办公系统,,,live_metadata,,platform
OA.EZOFFICE,whir$t3402,,0,0,OA办公系统,,,live_metadata,,platform
OA.EZOFFICE,whir$t3403,,1299,0,OA办公系统,,,live_metadata,,platform
OA.EZOFFICE,whir$t3404,,524,0,OA办公系统,,,live_metadata,,platform
OA.EZOFFICE,whir$t3405,,2,0,OA办公系统,,,live_metadata,,platform
OA.EZOFFICE,whir$t3406,,16,0,OA办公系统,,,live_metadata,,platform
OA.EZOFFICE,whir$t3407,,80,0,OA办公系统,,,live_metadata,,platform
OA.EZOFFICE,whir$t3408,,107,0,OA办公系统,,,live_metadata,,platform
OA.EZOFFICE,whir$t3409,,5970,0,OA办公系统,,,live_metadata,,platform
OA.EZOFFICE,whir$t3410,,87,0,OA办公系统,,,live_metadata,,platform
OA.EZOFFICE,whir$t3411,,908,0,OA办公系统,,,live_metadata,,platform
OA.EZOFFICE,whir$t3412,,1141,0,OA办公系统,,,live_metadata,,platform
OA.EZOFFICE,whir$t3414,,439,0,OA办公系统,,,live_metadata,,platform
OA.EZOFFICE,whir$t3415,,59,0,OA办公系统,,,live_metadata,,platform
OA.EZOFFICE,whir$t3416,,136,0,OA办公系统,,,live_metadata,,platform
OA.EZOFFICE,whir$t3417,,210,0,OA办公系统,,,live_metadata,,platform
OA.EZOFFICE,whir$t3418,,3647,0,OA办公系统,,,live_metadata,,platform
OA.EZOFFICE,whir$t3419,,40777,0,OA办公系统,,,live_metadata,,platform
OA.EZOFFICE,whir$t3420,,1074,0,OA办公系统,,,live_metadata,,platform
OA.EZOFFICE,whir$t3421,,11328,0,OA办公系统,,,live_metadata,,platform
OA.EZOFFICE,whir$t3422,,23,0,OA办公系统,,,live_metadata,,platform
OA.EZOFFICE,whir$t3423,,50,0,OA办公系统,,,live_metadata,,platform
OA.EZOFFICE,whir$t3424,,3,0,OA办公系统,,,live_metadata,,platform
OA.EZOFFICE,whir$t3425,,80,0,OA办公系统,,,live_metadata,,platform
OA.EZOFFICE,whir$t3426,,360,0,OA办公系统,,,live_metadata,,platform
OA.EZOFFICE,whir$t3427,,26,0,OA办公系统,,,live_metadata,,platform
OA.EZOFFICE,whir$t3429,,61,0,OA办公系统,,,live_metadata,,platform
OA.EZOFFICE,whir$t3430,,2,0,OA办公系统,,,live_metadata,,platform
OA.EZOFFICE,whir$t3432,,2857,0,OA办公系统,,,live_metadata,,platform
OA.EZOFFICE,whir$t3433,,2,0,OA办公系统,,,live_metadata,,platform
OA.EZOFFICE,whir$t3434,,3,0,OA办公系统,,,live_metadata,,platform
OA.EZOFFICE,whir$t3435,,61,0,OA办公系统,,,live_metadata,,platform
OA.EZOFFICE,whir$t3436,,62,0,OA办公系统,,,live_metadata,,platform
OA.EZOFFICE,whir$t3437,,0,0,OA办公系统,,,live_metadata,,platform
OA.EZOFFICE,whir$t3438,,108,0,OA办公系统,,,live_metadata,,platform
OA.EZOFFICE,whir$t3439,,188,0,OA办公系统,,,live_metadata,,platform
OA.EZOFFICE,whir$t3441,,56,0,OA办公系统,,,live_metadata,,platform
OA.EZOFFICE,whir$t3442,,86,0,OA办公系统,,,live_metadata,,platform
OA.EZOFFICE,whir$t3443,,6562,0,OA办公系统,,,live_metadata,,platform
OA.EZOFFICE,whir$t3444,,42146,0,OA办公系统,,,live_metadata,,platform
OA.EZOFFICE,whir$t3445,,1413,0,OA办公系统,,,live_metadata,,platform
OA.EZOFFICE,whir$t3446,,2813,0,OA办公系统,,,live_metadata,,platform
OA.EZOFFICE,whir$t3447,,199,0,OA办公系统,,,live_metadata,,platform
OA.EZOFFICE,whir$t3448,,525,0,OA办公系统,,,live_metadata,,platform
OA.EZOFFICE,whir$t3449,,584,0,OA办公系统,,,live_metadata,,platform
OA.EZOFFICE,whir$t3450,,1181,0,OA办公系统,,,live_metadata,,platform
OA.EZOFFICE,whir$t3451,,495,0,OA办公系统,,,live_metadata,,platform
OA.EZOFFICE,whir$t3452,,606,0,OA办公系统,,,live_metadata,,platform
OA.EZOFFICE,whir$t3453,,572,0,OA办公系统,,,live_metadata,,platform
OA.EZOFFICE,whir$t3454,,702,0,OA办公系统,,,live_metadata,,platform
OA.EZOFFICE,whir$t3455,,1124,0,OA办公系统,,,live_metadata,,platform
OA.EZOFFICE,whir$t3456,,709,0,OA办公系统,,,live_metadata,,platform
OA.EZOFFICE,whir$t3457,,20,0,OA办公系统,,,live_metadata,,platform
OA.EZOFFICE,whir$t3458,,16,0,OA办公系统,,,live_metadata,,platform
OA.EZOFFICE,whir$t3459,,1026,0,OA办公系统,,,live_metadata,,platform
OA.EZOFFICE,whir$t3460,,54403,0,OA办公系统,,,live_metadata,,platform
OA.EZOFFICE,whir$t3462,,71,0,OA办公系统,,,live_metadata,,platform
OA.EZOFFICE,whir$t3463,,1686,0,OA办公系统,,,live_metadata,,platform
OA.EZOFFICE,whir$t3463_bak,,592,0,OA办公系统,,,live_metadata,,platform
OA.EZOFFICE,whir$t3464,,6114,0,OA办公系统,,,live_metadata,,platform
OA.EZOFFICE,whir$t3465,,108,0,OA办公系统,,,live_metadata,,platform
OA.EZOFFICE,whir$t3466,,74,0,OA办公系统,,,live_metadata,,platform
OA.EZOFFICE,whir$t3467,,95,0,OA办公系统,,,live_metadata,,platform
OA.EZOFFICE,whir$t3468,,4,0,OA办公系统,,,live_metadata,,platform
OA.EZOFFICE,whir$t3469,,13,0,OA办公系统,,,live_metadata,,platform
OA.EZOFFICE,whir$t3470,,1,0,OA办公系统,,,live_metadata,,platform
OA.EZOFFICE,whir$t3471,,75053,0,OA办公系统,,,live_metadata,,platform
OA.EZOFFICE,whir$t3473,,6,0,OA办公系统,,,live_metadata,,platform
OA.EZOFFICE,whir$t3475,,0,0,OA办公系统,,,live_metadata,,platform
OA.EZOFFICE,whir$t3476,,421,0,OA办公系统,,,live_metadata,,platform
OA.EZOFFICE,whir$t3477,,922,0,OA办公系统,,,live_metadata,,platform
OA.EZOFFICE,whir$t3478,,938,0,OA办公系统,,,live_metadata,,platform
OA.EZOFFICE,whir$t3479,,274,0,OA办公系统,,,live_metadata,,platform
OA.EZOFFICE,whir$t3480,,2174,0,OA办公系统,,,live_metadata,,platform
OA.EZOFFICE,whir$t3481,,1392,0,OA办公系统,,,live_metadata,,platform
OA.EZOFFICE,whir$t3482,,5,0,OA办公系统,,,live_metadata,,platform
OA.EZOFFICE,whir$t3483,,287,0,OA办公系统,,,live_metadata,,platform
OA.EZOFFICE,whir$t3484,,341,0,OA办公系统,,,live_metadata,,platform
OA.EZOFFICE,whir$t3485,,0,0,OA办公系统,,,live_metadata,,platform
OA.EZOFFICE,whir$t3486,,0,0,OA办公系统,,,live_metadata,,platform
OA.EZOFFICE,whir$t3487,,412,0,OA办公系统,,,live_metadata,,platform
OA.EZOFFICE,whir$t3488,,14,0,OA办公系统,,,live_metadata,,platform
OA.EZOFFICE,whir$t3489,,14,0,OA办公系统,,,live_metadata,,platform
OA.EZOFFICE,whir$t3490,,27,0,OA办公系统,,,live_metadata,,platform
OA.EZOFFICE,whir$t3491,,47,0,OA办公系统,,,live_metadata,,platform
OA.EZOFFICE,whir$t3492,,177,0,OA办公系统,,,live_metadata,,platform
OA.EZOFFICE,whir$t3493,,100,0,OA办公系统,,,live_metadata,,platform
OA.EZOFFICE,whir$t3494,,2055,0,OA办公系统,,,live_metadata,,platform
OA.EZOFFICE,whir$t3495,,272,0,OA办公系统,,,live_metadata,,platform
OA.EZOFFICE,whir$t3497,,1088,0,OA办公系统,,,live_metadata,,platform
OA.EZOFFICE,whir$t3498,,1,0,OA办公系统,,,live_metadata,,platform
OA.EZOFFICE,whir$t3499,,1,0,OA办公系统,,,live_metadata,,platform
OA.EZOFFICE,whir$t3505,,277,0,OA办公系统,,,live_metadata,,platform
OA.EZOFFICE,whir$t3506,,4,0,OA办公系统,,,live_metadata,,platform
OA.EZOFFICE,whir$t3507,,269,0,OA办公系统,,,live_metadata,,platform
OA.EZOFFICE,whir$t3508,,1872,0,OA办公系统,,,live_metadata,,platform
OA.EZOFFICE,whir$t3509,,310,0,OA办公系统,,,live_metadata,,platform
OA.EZOFFICE,whir$t3510,,445,0,OA办公系统,,,live_metadata,,platform
OA.EZOFFICE,whir$t3511,,519,0,OA办公系统,,,live_metadata,,platform
OA.EZOFFICE,whir$t3512,,480,0,OA办公系统,,,live_metadata,,platform
OA.EZOFFICE,whir$t3513,,687,0,OA办公系统,,,live_metadata,,platform
OA.EZOFFICE,whir$t3514,,2237,0,OA办公系统,,,live_metadata,,platform
OA.EZOFFICE,whir$t3515,,23,0,OA办公系统,,,live_metadata,,platform
OA.EZOFFICE,whir$t3516,,337,0,OA办公系统,,,live_metadata,,platform
OA.EZOFFICE,whir$t3517,,10,0,OA办公系统,,,live_metadata,,platform
OA.EZOFFICE,whir$t3518,,0,0,OA办公系统,,,live_metadata,,platform
OA.EZOFFICE,whir$t3520,,164,0,OA办公系统,,,live_metadata,,platform
OA.EZOFFICE,whir$t3521,,229,0,OA办公系统,,,live_metadata,,platform
OA.EZOFFICE,whir$t3522,,179,0,OA办公系统,,,live_metadata,,platform
OA.EZOFFICE,whir$t3523,,330,0,OA办公系统,,,live_metadata,,platform
OA.EZOFFICE,whir$t3524,,0,0,OA办公系统,,,live_metadata,,platform
OA.EZOFFICE,whir$t3525,,2,0,OA办公系统,,,live_metadata,,platform
OA.EZOFFICE,whir$t3527,,0,0,OA办公系统,,,live_metadata,,platform
OA.EZOFFICE,whir$t3528,,0,0,OA办公系统,,,live_metadata,,platform
OA.EZOFFICE,whir$t3529,,10,0,OA办公系统,,,live_metadata,,platform
OA.EZOFFICE,whir$t3530,,10,0,OA办公系统,,,live_metadata,,platform
OA.EZOFFICE,whir$t3531,,10,0,OA办公系统,,,live_metadata,,platform
OA.EZOFFICE,whir$t3532,,65,0,OA办公系统,,,live_metadata,,platform
OA.EZOFFICE,whir$t3533,,84,0,OA办公系统,,,live_metadata,,platform
OA.EZOFFICE,whir$t3534,,2475,0,OA办公系统,,,live_metadata,,platform
OA.EZOFFICE,whir$t3535,,1,0,OA办公系统,,,live_metadata,,platform
OA.EZOFFICE,whir$t3536,,2,0,OA办公系统,,,live_metadata,,platform
OA.EZOFFICE,whir$t3537,,500,0,OA办公系统,,,live_metadata,,platform
OA.EZOFFICE,whir$t3538,,0,0,OA办公系统,,,live_metadata,,platform
OA.EZOFFICE,whir$t3539,,36,0,OA办公系统,,,live_metadata,,platform
OA.EZOFFICE,whir$t3541,,36,0,OA办公系统,,,live_metadata,,platform
OA.EZOFFICE,whir$t3542,,155,0,OA办公系统,,,live_metadata,,platform
OA.EZOFFICE,whir$t3543,,181,0,OA办公系统,,,live_metadata,,platform
OA.EZOFFICE,whir$t3544,,1,0,OA办公系统,,,live_metadata,,platform
OA.EZOFFICE,whir$t3545,,2049,0,OA办公系统,,,live_metadata,,platform
OA.EZOFFICE,whir$t3546,,29,0,OA办公系统,,,live_metadata,,platform
OA.EZOFFICE,whir$t3547,,406,0,OA办公系统,,,live_metadata,,platform
OA.EZOFFICE,whir$t3548,,0,0,OA办公系统,,,live_metadata,,platform
OA.EZOFFICE,whir$t3550,,0,0,OA办公系统,,,live_metadata,,platform
OA.EZOFFICE,whir$t3551,,20,0,OA办公系统,,,live_metadata,,platform
OA.EZOFFICE,whir$t3552,,61,0,OA办公系统,,,live_metadata,,platform
OA.EZOFFICE,whir$t3554,,1759,0,OA办公系统,,,live_metadata,,platform
OA.EZOFFICE,whir$t3555,,46,0,OA办公系统,,,live_metadata,,platform
OA.EZOFFICE,whir$t3556,,68,0,OA办公系统,,,live_metadata,,platform
OA.EZOFFICE,whir$t3557,,197,0,OA办公系统,,,live_metadata,,platform
OA.EZOFFICE,whir$t3559,,281,0,OA办公系统,,,live_metadata,,platform
OA.EZOFFICE,whir$t3561,,181,0,OA办公系统,,,live_metadata,,platform
OA.EZOFFICE,whir$t3562,,205,0,OA办公系统,,,live_metadata,,platform
OA.EZOFFICE,whir$t3563,,408,0,OA办公系统,,,live_metadata,,platform
OA.EZOFFICE,whir$t3564,,4,0,OA办公系统,,,live_metadata,,platform
OA.EZOFFICE,whir$t3566,,2906,0,OA办公系统,,,live_metadata,,platform
OA.EZOFFICE,whir$t3567,,301,0,OA办公系统,,,live_metadata,,platform
OA.EZOFFICE,whir$t3568,,176,0,OA办公系统,,,live_metadata,,platform
OA.EZOFFICE,whir$t3571,,5,0,OA办公系统,,,live_metadata,,platform
OA.EZOFFICE,whir$t3572,,30,0,OA办公系统,,,live_metadata,,platform
OA.EZOFFICE,whir$t3573,,48,0,OA办公系统,,,live_metadata,,platform
OA.EZOFFICE,whir$t3574,,1,0,OA办公系统,,,live_metadata,,platform
OA.EZOFFICE,whir$t3575,,44682,0,OA办公系统,,,live_metadata,,platform
OA.EZOFFICE,whir$t3576,,3754,0,OA办公系统,,,live_metadata,,platform
OA.EZOFFICE,whir$t3577,,0,0,OA办公系统,,,live_metadata,,platform
OA.EZOFFICE,whir$t3578,,36,0,OA办公系统,,,live_metadata,,platform
OA.EZOFFICE,whir$t3579,,61,0,OA办公系统,,,live_metadata,,platform
OA.EZOFFICE,whir$t3580,,0,0,OA办公系统,,,live_metadata,,platform
OA.EZOFFICE,whir$t3581,,1,0,OA办公系统,,,live_metadata,,platform
OA.EZOFFICE,whir$t3582,,690,0,OA办公系统,,,live_metadata,,platform
OA.EZOFFICE,whir$t3583,,0,0,OA办公系统,,,live_metadata,,platform
OA.EZOFFICE,whir$t3585,,2,0,OA办公系统,,,live_metadata,,platform
OA.EZOFFICE,whir$t3586,,5753,0,OA办公系统,,,live_metadata,,platform
OA.EZOFFICE,whir$t3587,,24464,0,OA办公系统,,,live_metadata,,platform
OA.EZOFFICE,whir$t3588,,159,0,OA办公系统,,,live_metadata,,platform
OA.EZOFFICE,whir$t3589,,1821,0,OA办公系统,,,live_metadata,,platform
OA.EZOFFICE,whir$t3590,,42,0,OA办公系统,,,live_metadata,,platform
OA.EZOFFICE,whir$t3591,,13,0,OA办公系统,,,live_metadata,,platform
OA.EZOFFICE,whir$t3592,,78,0,OA办公系统,,,live_metadata,,platform
OA.EZOFFICE,whir$t3593,,203,0,OA办公系统,,,live_metadata,,platform
OA.EZOFFICE,whir$t3594,,369,0,OA办公系统,,,live_metadata,,platform
OA.EZOFFICE,whir$t3595,,779,0,OA办公系统,,,live_metadata,,platform
OA.EZOFFICE,whir$t3596,,389,0,OA办公系统,,,live_metadata,,platform
OA.EZOFFICE,whir$t3597,,80,0,OA办公系统,,,live_metadata,,platform
OA.EZOFFICE,whir$t3598,,9,0,OA办公系统,,,live_metadata,,platform
OA.EZOFFICE,whir$t3599,,46,0,OA办公系统,,,live_metadata,,platform
OA.EZOFFICE,whir$t3600,,28,0,OA办公系统,,,live_metadata,,platform
OA.EZOFFICE,whir$t3601,,5,0,OA办公系统,,,live_metadata,,platform
OA.EZOFFICE,whir$t3602,,197,0,OA办公系统,,,live_metadata,,platform
OA.EZOFFICE,whir$t3603,,802,0,OA办公系统,,,live_metadata,,platform
OA.EZOFFICE,whir$t3604,,9,0,OA办公系统,,,live_metadata,,platform
OA.EZOFFICE,whir$t3605,,118,0,OA办公系统,,,live_metadata,,platform
OA.EZOFFICE,whir$t3606,,56,0,OA办公系统,,,live_metadata,,platform
OA.EZOFFICE,whir$t3607,,71,0,OA办公系统,,,live_metadata,,platform
OA.EZOFFICE,whir$t3608,,32,0,OA办公系统,,,live_metadata,,platform
OA.EZOFFICE,whir$t3609,,16,0,OA办公系统,,,live_metadata,,platform
OA.EZOFFICE,whir$t3610,,312,0,OA办公系统,,,live_metadata,,platform
OA.EZOFFICE,whir$t3611,,1116,0,OA办公系统,,,live_metadata,,platform
OA.EZOFFICE,whir$t3612,,0,0,OA办公系统,,,live_metadata,,platform
OA.EZOFFICE,whir$t3613,,403,0,OA办公系统,,,live_metadata,,platform
OA.EZOFFICE,whir$t3614,,713,0,OA办公系统,,,live_metadata,,platform
OA.EZOFFICE,whir$t3615,,11,0,OA办公系统,,,live_metadata,,platform
OA.EZOFFICE,whir$t3616,,11,0,OA办公系统,,,live_metadata,,platform
OA.EZOFFICE,whir$t3618,,7,0,OA办公系统,,,live_metadata,,platform
OA.EZOFFICE,whir$t3619,,12,0,OA办公系统,,,live_metadata,,platform
OA.EZOFFICE,whir$t3621,,12,0,OA办公系统,,,live_metadata,,platform
OA.EZOFFICE,whir$t3622,,44,0,OA办公系统,,,live_metadata,,platform
OA.EZOFFICE,whir$t3623,,71,0,OA办公系统,,,live_metadata,,platform
OA.EZOFFICE,whir$t3625,,293,0,OA办公系统,,,live_metadata,,platform
OA.EZOFFICE,whir$t3626,,8,0,OA办公系统,,,live_metadata,,platform
OA.EZOFFICE,whir$t3627,,24,0,OA办公系统,,,live_metadata,,platform
OA.EZOFFICE,whir$t3628,,7,0,OA办公系统,,,live_metadata,,platform
OA.EZOFFICE,whir$t3629,,1,0,OA办公系统,,,live_metadata,,platform
OA.EZOFFICE,whir$t3630,,1,0,OA办公系统,,,live_metadata,,platform
OA.EZOFFICE,whir$t3631,,76,0,OA办公系统,,,live_metadata,,platform
OA.EZOFFICE,whir$t3632,,112,0,OA办公系统,,,live_metadata,,platform
OA.EZOFFICE,whir$t3634,,166,0,OA办公系统,,,live_metadata,,platform
OA.EZOFFICE,whir$t3636,,34,0,OA办公系统,,,live_metadata,,platform
OA.EZOFFICE,whir$t3638,,0,0,OA办公系统,,,live_metadata,,platform
OA.EZOFFICE,whir$t3639,,19,0,OA办公系统,,,live_metadata,,platform
OA.EZOFFICE,whir$t3640,,175,0,OA办公系统,,,live_metadata,,platform
OA.EZOFFICE,whir$t3641,,13,0,OA办公系统,,,live_metadata,,platform
OA.EZOFFICE,whir$t3642,,127,0,OA办公系统,,,live_metadata,,platform
OA.EZOFFICE,whir$t3644,,14,0,OA办公系统,,,live_metadata,,platform
OA.EZOFFICE,whir$t3645,,6,0,OA办公系统,,,live_metadata,,platform
OA.EZOFFICE,whir$t3646,,3,0,OA办公系统,,,live_metadata,,platform
OA.EZOFFICE,whir$t3647,,73,0,OA办公系统,,,live_metadata,,platform
OA.EZOFFICE,whir$t3648,,63,0,OA办公系统,,,live_metadata,,platform
OA.EZOFFICE,whir$t3649,,71,0,OA办公系统,,,live_metadata,,platform
OA.EZOFFICE,whir$t3650,,63,0,OA办公系统,,,live_metadata,,platform
OA.EZOFFICE,whir$t3651,,13,0,OA办公系统,,,live_metadata,,platform
OA.EZOFFICE,whir$t3652,,13,0,OA办公系统,,,live_metadata,,platform
OA.EZOFFICE,whir$t3653,,279,0,OA办公系统,,,live_metadata,,platform
OA.EZOFFICE,whir$t3654,,19,0,OA办公系统,,,live_metadata,,platform
OA.EZOFFICE,whir$t3655,,34,0,OA办公系统,,,live_metadata,,platform
OA.EZOFFICE,whir$t3656,,18,0,OA办公系统,,,live_metadata,,platform
OA.EZOFFICE,whir$t3657,,71,0,OA办公系统,,,live_metadata,,platform
OA.EZOFFICE,whir$t3659,,7,0,OA办公系统,,,live_metadata,,platform
OA.EZOFFICE,whir$t3661,,20,0,OA办公系统,,,live_metadata,,platform
OA.EZOFFICE,whir$t3662,,62,0,OA办公系统,,,live_metadata,,platform
OA.EZOFFICE,whir$t3663,,17,0,OA办公系统,,,live_metadata,,platform
OA.EZOFFICE,whir$t3664,,153,0,OA办公系统,,,live_metadata,,platform
OA.EZOFFICE,whir$t3665,,0,0,OA办公系统,,,live_metadata,,platform
OA.EZOFFICE,whir$t3666,,11,0,OA办公系统,,,live_metadata,,platform
OA.EZOFFICE,whir$t3667,,3,0,OA办公系统,,,live_metadata,,platform
OA.EZOFFICE,whir$t3668,,29,0,OA办公系统,,,live_metadata,,platform
OA.EZOFFICE,whir$t3669,,31,0,OA办公系统,,,live_metadata,,platform
OA.EZOFFICE,whir$t3670,,0,0,OA办公系统,,,live_metadata,,platform
OA.EZOFFICE,whir$t3671,,5,0,OA办公系统,,,live_metadata,,platform
OA.EZOFFICE,whir$t3672,,2,0,OA办公系统,,,live_metadata,,platform
OA.EZOFFICE,whir$t3673,,26,0,OA办公系统,,,live_metadata,,platform
OA.EZOFFICE,whir$t3674,,1,0,OA办公系统,,,live_metadata,,platform
OA.EZOFFICE,whir$t3675,,687,0,OA办公系统,,,live_metadata,,platform
OA.EZOFFICE,whir$t3676,,1,0,OA办公系统,,,live_metadata,,platform
OA.EZOFFICE,whir$t3677,,1109,0,OA办公系统,,,live_metadata,,platform
OA.EZOFFICE,whir$t3678,,2,0,OA办公系统,,,live_metadata,,platform
OA.EZOFFICE,whir$t3679,,148,0,OA办公系统,,,live_metadata,,platform
OA.EZOFFICE,whir$t3680,,1,0,OA办公系统,,,live_metadata,,platform
OA.EZOFFICE,whir$t3681,,1,0,OA办公系统,,,live_metadata,,platform
OA.EZOFFICE,whir$t3682,,1,0,OA办公系统,,,live_metadata,,platform
OA.EZOFFICE,whir$t3683,,2,0,OA办公系统,,,live_metadata,,platform
OA.EZOFFICE,whir$t3684,,1,0,OA办公系统,,,live_metadata,,platform
OA.EZOFFICE,whir$t3685,,11,0,OA办公系统,,,live_metadata,,platform
OA.EZOFFICE,whir$t3686,,15,0,OA办公系统,,,live_metadata,,platform
OA.EZOFFICE,whir$t3687,,31,0,OA办公系统,,,live_metadata,,platform
OA.EZOFFICE,whir$t3688,,2,0,OA办公系统,,,live_metadata,,platform
OA.EZOFFICE,whir$t3689,,42,0,OA办公系统,,,live_metadata,,platform
OA.EZOFFICE,whir$t3690,,4,0,OA办公系统,,,live_metadata,,platform
OA.EZOFFICE,whir$t3691,,4,0,OA办公系统,,,live_metadata,,platform
OA.EZOFFICE,whir$t3692,,6,0,OA办公系统,,,live_metadata,,platform
OA.EZOFFICE,whir$t3693,,7,0,OA办公系统,,,live_metadata,,platform
OA.EZOFFICE,whir$t3694,,2,0,OA办公系统,,,live_metadata,,platform
OA.EZOFFICE,whir$t3695,,0,0,OA办公系统,,,live_metadata,,platform
OA.EZOFFICE,whir$t_cancel,,0,0,OA办公系统,,,live_metadata,,platform
OA.EZOFFICE,whir$t_leave,,0,0,OA办公系统,,,live_metadata,,platform
OA.EZOFFICE,whir$t_over,,0,0,OA办公系统,,,live_metadata,,platform
OA.EZOFFICE,whir$t_travel,,0,0,OA办公系统,,,live_metadata,,platform
OA.EZOFFICE,whir$zzdygx,,291,0,OA办公系统,,,live_metadata,,platform
OA.EZOFFICE,WX_WORK_ATTENDANCE,,0,0,OA办公系统,,,live_metadata,,platform
OA.EZOFFICE,WX_WORK_ATTENDANCE_ADDRESS,,0,0,OA办公系统,,,live_metadata,,platform
OA.EZOFFICE,zl_grp_info,,45,0,OA办公系统,,,live_metadata,,platform
OA.EZOFFICE,zl_org_info,,617,0,OA办公系统,,,live_metadata,,platform
OA.EZOFFICE,zl_user_info,,2245,0,OA办公系统,,,live_metadata,,platform
ods,case_base_oracle_df,,,158,ods,,,,,platform
ods,case_group_result_inc,,,21,ods,,,,,platform
ods,case_group_result_inc_copy1,,,21,ods,,,,,platform
ods,case_group_result_inc_old,,,21,ods,,,,,platform
ods,case_group_result_inc_sec,,,21,ods,,,,,platform
ods,diagnosis_dict,,,6,ods,,,,,platform
ods,hospital_dict,,,9,ods,,,,,platform
ods,operation_dict,,,9,ods,,,,,platform
ODS,预约登记,,0,110,,,,,,metadata
ODS,A,,37334,4,,,,,,metadata
ODS,AI_ZK_MED_USER_DICT,人员字典表,2059,8,,,,,,metadata
ODS,CDA_EXAM_ITEM_MAP,检查项目值域对照表,182,16,,,,,,metadata
ODS,CDA_VALUE_DOMAIN_MAP,值域对照表,8147,6,,,,,,metadata
ODS,CDR_CHECK_REPORT_XD_COPY,,332763,76,,,,,,metadata
ODS,CDR_INSPECTION_REPORT1,,1206566,87,,,,,,metadata
ODS,CDR_INSPECTION_REPORT_DETALL1,,17502269,36,,,,,,metadata
ODS,CLINIC_ITEM_MAPPING,,522,7,,,,,,metadata
ODS,CLINIC_ITEM_MAPPING_U,,383,4,,,,,,metadata
ODS,DOC_REGISTER_EMP_MATCH,,1833,11,,,,,,metadata
ODS,DRUG_STANDARD_DICT,药品标准基础数据导入表,3479,300,,,,,,metadata
ODS,HIS_VS_COSTACCOUNTING,,418,5,,,,,,metadata
ODS,MCS_PATROL_INFO,,0,15,,,,,,metadata
ODS,MUNICIPAL_DICT,市级行政区划字典,3242,3,,,,,,metadata
ODS,PACSREPORT,,0,70,,,,,,metadata
ODS,PATIENTINFO,,0,58,,,,,,metadata
ODS,PUB_LYYP,,395,5,,,,,,metadata
ODS,TITLE_DICT,职称字典表,60,6,,,,,,metadata
opendata,case_abnormal_month_di,,,10,opendata,,,,,platform
opendata,case_contrast_report_month_di,,,12,opendata,,,,,platform
opendata,case_perf_report_month_di,,,20,opendata,,,,,platform
opendata,case_statistics_report_halfyear_di,,,10,opendata,,,,,platform
opendata,case_statistics_report_month_di,,,10,opendata,,,,,platform
opendata,case_statistics_report_season_di,,,10,opendata,,,,,platform
opendata,case_statistics_report_year_di,,,10,opendata,,,,,platform
opendata,dept_high_low_case_month_di,,,5,opendata,,,,,platform
opendata,dept_statistics_report_halfyear_di,,,44,opendata,,,,,platform
opendata,dept_statistics_report_month_di,,,44,opendata,,,,,platform
opendata,dept_statistics_report_season_di,,,44,opendata,,,,,platform
opendata,dept_statistics_report_year_di,,,38,opendata,,,,,platform
opendata,doctor_group_statistics_report_halfyear_di,,,38,opendata,,,,,platform
opendata,doctor_group_statistics_report_month_di,,,38,opendata,,,,,platform
opendata,doctor_group_statistics_report_season_di,,,38,opendata,,,,,platform
opendata,doctor_group_statistics_report_year_di,,,36,opendata,,,,,platform
opendata,doctor_statistics_report_halfyear_di,,,35,opendata,,,,,platform
opendata,doctor_statistics_report_month_di,,,35,opendata,,,,,platform
opendata,doctor_statistics_report_season_di,,,35,opendata,,,,,platform
opendata,doctor_statistics_report_year_di,,,33,opendata,,,,,platform
opendata,group_rw_statistics_report_halfyear_di,,,38,opendata,,,,,platform
opendata,group_rw_statistics_report_month_di,,,38,opendata,,,,,platform
opendata,group_rw_statistics_report_season_di,,,38,opendata,,,,,platform
opendata,group_rw_statistics_report_year_di,,,38,opendata,,,,,platform
opendata,mdc_adrg_statistics_report_halfyear_di,,,8,opendata,,,,,platform
opendata,mdc_adrg_statistics_report_month_di,,,8,opendata,,,,,platform
opendata,mdc_adrg_statistics_report_season_di,,,8,opendata,,,,,platform
opendata,mdc_adrg_statistics_report_year_di,,,8,opendata,,,,,platform
openjmsdb,consumers,,5,0,PACS 影像系统（源端）,,,live_metadata,,platform
openjmsdb,destinations,,5,0,PACS 影像系统（源端）,,,live_metadata,,platform
openjmsdb,message_handles,,0,0,PACS 影像系统（源端）,,,live_metadata,,platform
openjmsdb,messages,,377,0,PACS 影像系统（源端）,,,live_metadata,,platform
openjmsdb,seeds,,2,0,PACS 影像系统（源端）,,,live_metadata,,platform
openjmsdb,system_data,,1,0,PACS 影像系统（源端）,,,live_metadata,,platform
openjmsdb,users,,1,0,PACS 影像系统（源端）,,,live_metadata,,platform
ORDADM,CEQ$ORDERS,,,58,医嘱,,,,非核心表，保留候选,platform
ORDADM,CLG$ORDERS,,,6,医嘱,,,,非核心表，保留候选,platform
ORDADM,CONSULTATION_DOCTOR_DETAIL,,,16,医嘱,,CONSULTATION_ID+SUB_ID,,基础字典/维表,platform
ORDADM,CONSULTATION_DOCTOR_MASTER,,,18,医嘱,,CONSULTATION_ID,,基础字典/维表,platform
ORDADM,CONSULTATION_DOCTOR_RECORD,,,10,医嘱,,ID,,基础字典/维表,platform
ORDADM,CONSULTATION_MDT_DETAIL,,,14,医嘱,,MASTER_ID+SUB_ID,,非核心表，保留候选,platform
ORDADM,CONSULTATION_MDT_MASTER,,,14,医嘱,,ID,,非核心表，保留候选,platform
ORDADM,CURE_APPOINTS,,,14,医嘱,,APPOINTS_ID,,非核心表，保留候选,platform
ORDADM,CURE_PROJECT,,,8,医嘱,,CURE_ID,,非核心表，保留候选,platform
ORDADM,CURE_REPORT,,,8,医嘱,,CURE_ID,,非核心表，保留候选,platform
ORDADM,CVR$ORDERS,,,6,医嘱,,,,非核心表，保留候选,platform
ORDADM,DOCTOR_ORDERS,,,33,医嘱,,PATIENT_ID+VISIT_ID+ORDER_NO+ORDER_SUB_NO,,非核心表，保留候选,platform
ORDADM,GROUP_ORDER_ITEMS,,,22,医嘱,,GROUP_ORDER_ID+ITEM_NO+ITEM_SUB_NO,,非核心表，保留候选,platform
ORDADM,GROUP_ORDER_MASTER,,,10,医嘱,,GROUP_ORDER_ID,,非核心表，保留候选,platform
ORDADM,GROUP_ORDER_MASTER_COPY1,,,10,医嘱,,GROUP_ORDER_ID,,,platform
ORDADM,GROUP_ORDER_SELECTION,,,2,医嘱,,USER_NAME+GROUP_ORDER_ID,,非核心表，保留候选,platform
ORDADM,HP_APPOINTMENT,,,57,医嘱,,APPOINT_ID,,非核心表，保留候选,platform
ORDADM,ORDER_BILLING_LOG,,,17,医嘱,,ID,,,platform
ORDADM,ORDER_BILLING_LOG_TEST,,,17,医嘱,,ID,,,platform
ORDADM,ORDER_BILLING_TYPE_LOG,,,8,医嘱,,ID,,,platform
ORDADM,ORDER_BILLING_TYPE_LOG_TEST,,,8,医嘱,,ID,,,platform
ORDADM,ORDER_ERROR_LOG,,,8,医嘱,,,,,platform
ORDADM,ORDERS,,,88,医嘱,,,,核心业务事实/主线表,platform
ORDADM,ORDERS_ANTI_DRUG,,,37,医嘱,,PATIENT_ID+VISIT_ID+ORDER_NO+ORDER_SUB_NO,,非核心表，保留候选,platform
ORDADM,ORDERS_ANTI_GERM_DICT,,,4,医嘱,,,,基础字典/维表,platform
ORDADM,ORDERS_ANTI_USE_DESC_DICT,,,4,医嘱,,,,基础字典/维表,platform
ORDADM,ORDERS_BACKUP2025,,,85,医嘱,,,,,platform
ORDADM,ORDERS_BK,,,63,医嘱,,,,,platform
ORDADM,ORDERS_BK_PT,,,69,医嘱,,PATIENT_ID+VISIT_ID+ORDER_NO+ORDER_SUB_NO,,,platform
ORDADM,ORDERS_C0525325,,,85,医嘱,,,,非核心表，保留候选,platform
ORDADM,ORDERS_CANCEL,,,63,医嘱,,,,非核心表，保留候选,platform
ORDADM,ORDERS_CHANGE_LOG,,,7,医嘱,,,,,platform
ORDADM,ORDERS_COSTS,,,26,医嘱,,PATIENT_ID+VISIT_ID+ORDER_NO+ITEM_NO,,核心业务事实/主线表,platform
ORDADM,ORDERS_COSTS_BACKUP2025,,,26,医嘱,,,,,platform
ORDADM,ORDERS_COSTS_BK,,,18,医嘱,,,,,platform
ORDADM,ORDERS_COSTS_C0525325,,,26,医嘱,,,,非核心表，保留候选,platform
ORDADM,ORDERS_COSTS_CANCEL,,,21,医嘱,,PATIENT_ID+VISIT_ID+ORDER_NO+ITEM_NO,,非核心表，保留候选,platform
ORDADM,ORDERS_COSTS_TEST,,,25,医嘱,,PATIENT_ID+VISIT_ID+ORDER_NO+ITEM_NO,,非核心表，保留候选,platform
ORDADM,ORDERS_EXECUTE,,,31,医嘱,,CONVERSION_DATE_TIME+PATIENT_ID+VISIT_ID+ORDER_NO+ORDER_SUB_NO+ORDERS_PERFORM_SCHEDULE,,非核心表，保留候选,platform
ORDADM,ORDERS_EXECUTE_DETAILS,,,30,医嘱,,PATIENT_ID+VISIT_ID+ORDER_NO+ORDER_SUB_NO+EXEC_DATE_TIME,,医嘱执行事实，已样本验证,platform
ORDADM,ORDERS_EXECUTE_DETAILSC0525325,,,30,医嘱,,,,非核心表，保留候选,platform
ORDADM,ORDERS_EXECUTE_DETAILS_TEST,,,30,医嘱,,,,非核心表，保留候选,platform
ORDADM,ORDERS_LIMIT_OPER_DRUGLIST,,,2,医嘱,,INCISION+ALLOWDRUGNAME,,非核心表，保留候选,platform
ORDADM,ORDER_SPLIT_LOG,,,15,医嘱,,ID,,,platform
ORDADM,ORDER_SPLIT_LOG_TEST,,,15,医嘱,,ID,,,platform
ORDADM,ORDERS_SHEET_IMAGE,,,10,医嘱,,PATIENT_ID+VISIT_ID+ORDER_SHEET_TYPE+PAGE_NO+LINE_NO,,非核心表，保留候选,platform
ORDADM,ORDERS_SPECIAL_ANTI_REQUEST,,,2,医嘱,,,,非核心表，保留候选,platform
ORDADM,ORDERS_TEST,,,84,医嘱,,PATIENT_ID+VISIT_ID+ORDER_NO+ORDER_SUB_NO,,非核心表，保留候选,platform
ORDADM,PUB_IPM_BILL,,,16,医嘱,,ID,,非核心表，保留候选,platform
ORDADM,PUB_IPM_BILLDETAIL,,,17,医嘱,,ID,,非核心表，保留候选,platform
ORDADM,PUB_IPM_BILL_POWER,,,13,医嘱,,ID,,非核心表，保留候选,platform
ORDADM,SPECIALTIES_CURE_DETAIL,,,11,医嘱,,TREAT_ID,,非核心表，保留候选,platform
ORDADM,SPECIALTIES_CURE_MASTER,,,10,医嘱,,CURE_ID,,非核心表，保留候选,platform
ORDADM,TJJKHLYY_XML,,,5,医嘱,,,,非核心表，保留候选,platform
ORDADM,VITAL_SIGNS_REC,,,12,医嘱,,PATIENT_ID+VISIT_ID+RECORDING_DATE+TIME_POINT+CLASS_CODE+VITAL_CODE,,非核心表，保留候选,platform
OUTPADM,APPOINTINFOVIEW,,,13,门诊管理,,,,非核心表，保留候选,platform
OUTPADM,CLINIC_APPOINTS,,,28,门诊管理,,VISIT_DATE_APPTED+CLINIC_LABEL+VISIT_TIME_APPTED+SERIAL_NO,,非核心表，保留候选,platform
OUTPADM,CLINIC_APPOINTS_SIGN,,,15,门诊管理,,VISIT_DATE+VISIT_NO,,非核心表，保留候选,platform
OUTPADM,CLINIC_BILL_ITEMS,,,14,门诊管理,,PATIENT_ID+VISIT_DATE+VISIT_NO+ITEM_NO,,非核心表，保留候选,platform
OUTPADM,CLINIC_FOR_REGIST,,,9,门诊管理,,CLINIC_DATE+CLINIC_LABEL+TIME_DESC,,非核心表，保留候选,platform
OUTPADM,CLINIC_INDEX,,,9,门诊管理,,CLINIC_LABEL,,非核心表，保留候选,platform
OUTPADM,CLINIC_INDEX_HSJC,,,9,门诊管理,,,,非核心表，保留候选,platform
OUTPADM,CLINIC_MASTER,,,94,门诊管理,,VISIT_DATE+VISIT_NO,,核心业务事实/主线表,platform
OUTPADM,CLINIC_MASTER_BK,,,69,门诊管理,,,,,platform
OUTPADM,CLINIC_MASTER_DAYNUMBER_TEMP,,,9,门诊管理,,VISIT_DATE+VISIT_NO,,,platform
OUTPADM,CLINIC_MASTER_REFERRAL,,,15,门诊管理,,ID,,非核心表，保留候选,platform
OUTPADM,CLINIC_PAYMENTS_MONEY,,,10,门诊管理,,VISIT_DATE+VISIT_NO+MONEY_TYPE,,非核心表，保留候选,platform
OUTPADM,CLINIC_PRICE,,,2,门诊管理,,CHARGE_TYPE,,非核心表，保留候选,platform
OUTPADM,CLINIC_RETURNED_ACCT,,,24,门诊管理,,VISIT_NO+VISIT_DATE,,非核心表，保留候选,platform
OUTPADM,CLINIC_RETURNED_ACCT_BK,,,22,门诊管理,,,,,platform
OUTPADM,CLINIC_RETURN_RECORD,,,4,门诊管理,,INVOICE_NO+RETURN_DATE,,非核心表，保留候选,platform
OUTPADM,CLINIC_SCHEDULE,,,7,门诊管理,,CLINIC_LABEL+DAY_OF_WEEK+TIME_DESC,,非核心表，保留候选,platform
OUTPADM,FEVER_STATE,,,5,门诊管理,,,,非核心表，保留候选,platform
OUTPADM,MR_REQUEST_QUEUE,,,7,门诊管理,,PATIENT_ID,,非核心表，保留候选,platform
OUTPADM,MR_REQUEST_QUEUE_BACKUP,,,7,门诊管理,,PATIENT_ID+REGISTRATION_DATE,,,platform
OUTPADM,OUTP_COUNSEL_DEPT,,,3,门诊管理,,COUNSEL_NO+DEPT_CODE,,基础字典/维表,platform
OUTPADM,OUTP_COUNSEL_DOCTOR,,,4,门诊管理,,COUNSEL_NO+DOCTOR_NO,,基础字典/维表,platform
OUTPADM,OUTP_COUNSELED_CLIPAT,,,21,门诊管理,,VISIT_DATE+VISIT_NO,,非核心表，保留候选,platform
OUTPADM,OUTP_COUNSELED_EXAMPAT,,,15,门诊管理,,EXAM_NO,,非核心表，保留候选,platform
OUTPADM,OUTP_COUNSEL_NODE_DICT,,,6,门诊管理,,COUNSEL_NO,,基础字典/维表,platform
OUTPADM,OUTP_COUNSEL_PATIENT_SOURCE,,,12,门诊管理,,VISIT_DATE+VISIT_NO,,非核心表，保留候选,platform
OUTPADM,OUTP_COUNSEL_PRIORITY,,,2,门诊管理,,SERIAL_NO,,非核心表，保留候选,platform
OUTPADM,OUTP_COUNSEL_QUEUE,,,4,门诊管理,,COUNSEL_NO+QUEUE_NAME+CLINIC_LABEL,,非核心表，保留候选,platform
OUTPADM,OUTP_COUNSEL_REQUEST_INFO,,,8,门诊管理,,SERIAL_NO,,非核心表，保留候选,platform
OUTPADM,OUTP_QUEUE_DICT,,,5,门诊管理,,COUNSEL_NO+QUEUE_NAME,,基础字典/维表,platform
OUTPADM,OUTP_QUEUE_SEQUENCE,,,4,门诊管理,,QUEUE_CODE+COUNSEL_DATE+COUNSEL_SEQUENCE,,非核心表，保留候选,platform
OUTPADM,REGIST_ACCT_DETAIL,,,4,门诊管理,,ACCT_NO+TALLY_FEE_CLASS,,非核心表，保留候选,platform
OUTPADM,REGIST_ACCT_MASTER,,,10,门诊管理,,ACCT_NO+ACCT_DATE,,非核心表，保留候选,platform
OUTPADM,REGIST_ACCT_MONEY,,,6,门诊管理,,ACCT_NO+MONEY_TYPE,,非核心表，保留候选,platform
OUTPADM,REGIST_REPRINT_LOG,,,11,门诊管理,,REPRINT_OPERATOR+REPRINT_DATETIME+VISIT_DATE+VISIT_NO,,,platform
OUTPADM,SPECIAL_REGIST_PRICE,,,3,门诊管理,,CLINIC_TYPE+CHARGE_TYPE,,非核心表，保留候选,platform
OUTPBILL,CHARGE_REDUCE_DETAIL,,,4,门诊费用,,SERIAL_NO+ITEM_NO,,非核心表，保留候选,platform
OUTPBILL,CHARGE_REDUCE_MASTER,,,16,门诊费用,,SERIAL_NO,,非核心表，保留候选,platform
OUTPBILL,EINV_COMM_DATA,,,7,门诊费用,,TYPE_CODE+ITEM_NO,,非核心表，保留候选,platform
OUTPBILL,EINV_RCPT_MASTER,,,20,门诊费用,,PATIENT_ID+VISIT_ID+RCPT_NO+TRANSACT_TYPE,,非核心表，保留候选,platform
OUTPBILL,OPERATOR_CHECK_USE,,,6,门诊费用,,OPERATOR_NO+CHECK_START,,非核心表，保留候选,platform
OUTPBILL,OUTP_ACCT_DETAIL,,,4,门诊费用,,ACCT_NO+TALLY_FEE_CLASS,,非核心表，保留候选,platform
OUTPBILL,OUTP_ACCT_MASTER,,,12,门诊费用,,ACCT_NO,,非核心表，保留候选,platform
OUTPBILL,OUTP_ACCT_MONEY,,,4,门诊费用,,ACCT_NO+MONEY_TYPE,,非核心表，保留候选,platform
OUTPBILL,OUTP_BILL_ITEMS,,,64,门诊费用,,VISIT_DATE+VISIT_NO+ITEM_NO,,核心业务事实/主线表,platform
OUTPBILL,OUTP_BILL_ITEMS_BACK,,,19,门诊费用,,VISIT_DATE+VISIT_NO+ITEM_NO,,非核心表，保留候选,platform
OUTPBILL,OUTP_BILL_ITEMS_BK,,,59,门诊费用,,,,,platform
OUTPBILL,OUTP_BILL_ITEMS_HRP,,,3,门诊费用,,BARCODE,,非核心表，保留候选,platform
OUTPBILL,OUTP_BILL_ITEMS_TEMP,,,20,门诊费用,,VISIT_DATE+VISIT_NO+ITEM_NO,,,platform
OUTPBILL,OUTP_CARD_RCPT_MASTER,,,30,门诊费用,,RCPT_NO,,非核心表，保留候选,platform
OUTPBILL,OUTP_ORDER_DESC,,,13,门诊费用,,VISIT_DATE+VISIT_NO,,非核心表，保留候选,platform
OUTPBILL,OUTP_ORDER_DESC_BACK,,,6,门诊费用,,VISIT_DATE+VISIT_NO,,非核心表，保留候选,platform
OUTPBILL,OUTP_ORDER_DESC_TEMP,,,14,门诊费用,,VISIT_DATE+VISIT_NO,,,platform
OUTPBILL,OUTP_PAYMENTS_MONEY,,,9,门诊费用,,RCPT_NO+MONEY_TYPE,,非核心表，保留候选,platform
OUTPBILL,OUTP_PAYMENTS_MONEY_BACK,,,6,门诊费用,,RCPT_NO+MONEY_TYPE,,非核心表，保留候选,platform
OUTPBILL,OUTP_PAYMENTS_MONEY_BK,,,6,门诊费用,,,,,platform
OUTPBILL,OUTP_PAYMENTS_MONEY_COPY1,,,9,门诊费用,,RCPT_NO+MONEY_TYPE,,,platform
OUTPBILL,OUTP_RCPT_MASTER,,,56,门诊费用,,RCPT_NO,,核心业务事实/主线表,platform
OUTPBILL,OUTP_RCPT_MASTER_BACK,,,18,门诊费用,,RCPT_NO,,非核心表，保留候选,platform
OUTPBILL,OUTP_RCPT_MASTER_BK,,,43,门诊费用,,,,,platform
OUTPBILL,OUTP_RCPT_MASTER_YD,,,6,门诊费用,,,,非核心表，保留候选,platform
OUTPBILL,OUTP_RCPT_MASTER_YD_RE,,,14,门诊费用,,,,非核心表，保留候选,platform
OUTPBILL,OUTP_REFUND_INVOICE,,,6,门诊费用,,REFUND_DATE+INVOICE_NO,,非核心表，保留候选,platform
OUTPBILL,PREPAYMENT_RCPT_20210418,,,38,门诊费用,,,,非核心表，保留候选,platform
OUTPBILL,RCPT_VS_CHECK,,,9,门诊费用,,SERIAL_NO+RCPT_NO,,非核心表，保留候选,platform
OUTPBILL,TEMP_ACCT_DETAIL,,,10,门诊费用,,,,,platform
OUTPBILL,ZPW_TEMP_ACCT_DETAIL,,,11,门诊费用,,,,,platform
PACS,CRITICAL_CONTENT,,20,15,,,,,,metadata
PACS,EXAMINFO,,1218872,180,影像,PACS 检查主表,ExamID,A,PACS 内部检查主表；ReportID 挂 REPORT,curated
PACS,EXAMINFO_T,,884026,175,,,,,,metadata
PACS,MEDIAINFO,,387,7,,,,,,metadata
PACS,MEDIAINFO_T,,386,7,,,,,,metadata
PACS,MODALITYINFO,,29,38,,,,,,metadata
PACS,MODALITYINFO_T,,19,37,,,,,,metadata
PACS,MODALITYTYPEINFO,,35,6,,,,,,metadata
PACS,OGG_TEST,,3,2,,,,,,metadata
PACS,PACSREPORT,,0,70,,,,,,metadata
PACS,PATIENTINFO,,474243,59,影像,PACS 患者信息,PatientIntraID,A,PACS 内部患者表；与 HIS 检查无直接同键,curated
PACS,PATIENTINFO_T,,391578,58,,,,,,metadata
PACS,PROCEDUREINFO,,33,11,,,,,,metadata
PACS,PROCEDUREINFO_T,,32,10,,,,,,metadata
PACS,PROCEDURESTEPINFO,,1008,37,,,,,,metadata
PACS,PROCEDURESTEPINFO_T,,560,35,,,,,,metadata
PACS,REPORT,InnoDB free: 175104 kB,1099400,74,影像,PACS 报告,ReportID,A,PACS 内部报告表,curated
PACS,REPORT_T,,870412,70,,,,,,metadata
PacsServer.dbo,ADBVersion,,1,0,超声内镜系统,,,live_metadata,,platform
PacsServer.dbo,ADBVersion_UpdateLog,,33,0,超声内镜系统,,,live_metadata,,platform
PacsServer.grid,数据库修改记录,,0,0,超声内镜系统,,,live_metadata,,platform
PacsServer.grid,ADBConfig,,0,0,超声内镜系统,,,live_metadata,,platform
PacsServer.grid,ASvrConfig,,0,0,超声内镜系统,,,live_metadata,,platform
PacsServer.grid,BHosAIImages,,0,0,超声内镜系统,,,live_metadata,,platform
PacsServer.grid,BHosAutoPrint,,0,0,超声内镜系统,,,live_metadata,,platform
PacsServer.grid,BHosBackup,,0,0,超声内镜系统,,,live_metadata,,platform
PacsServer.grid,BHosCDDataList,,0,0,超声内镜系统,,,live_metadata,,platform
PacsServer.grid,BHosDestQueue,,0,0,超声内镜系统,,,live_metadata,,platform
PacsServer.grid,BHosFilmDict,,21,0,超声内镜系统,,,live_metadata,,platform
PacsServer.grid,BHosFilmView,,0,0,超声内镜系统,,,live_metadata,,platform
PacsServer.grid,BHosFMAET,,0,0,超声内镜系统,,,live_metadata,,platform
PacsServer.grid,BHosImages,,18049709,0,超声内镜系统,,,live_metadata,,platform
PacsServer.grid,BHosImagesTag,,11179698,0,超声内镜系统,,,live_metadata,,platform
PacsServer.grid,BHosLocalHost,,0,0,超声内镜系统,,,live_metadata,,platform
PacsServer.grid,BHosModality,,0,0,超声内镜系统,,,live_metadata,,platform
PacsServer.grid,BHosMovedFailedList,,0,0,超声内镜系统,,,live_metadata,,platform
PacsServer.grid,BHosPreset,,0,0,超声内镜系统,,,live_metadata,,platform
PacsServer.grid,BHosPrinter,,0,0,超声内镜系统,,,live_metadata,,platform
PacsServer.grid,BHosReport,,0,0,超声内镜系统,,,live_metadata,,platform
PacsServer.grid,BHosRootPath,,2,0,超声内镜系统,,,live_metadata,,platform
PacsServer.grid,BHosScout,,0,0,超声内镜系统,,,live_metadata,,platform
PacsServer.grid,BHosScreenLayout,,0,0,超声内镜系统,,,live_metadata,,platform
PacsServer.grid,BHosSendDataQueue,,0,0,超声内镜系统,,,live_metadata,,platform
PacsServer.grid,BHosSeries,,18042954,0,超声内镜系统,,,live_metadata,,platform
PacsServer.grid,BHosSRDictionary,,22,0,超声内镜系统,,,live_metadata,,platform
PacsServer.grid,BHosStationMarks,,132,0,超声内镜系统,,,live_metadata,,platform
PacsServer.grid,BHosStudy,,847841,0,超声内镜系统,,,live_metadata,,platform
PacsServer.grid,BHosSyncImagesTemp,,0,0,超声内镜系统,,,live_metadata,,platform
PacsServer.grid,BHosTmpUpdTag202601,,336028,0,超声内镜系统,,,live_metadata,,platform
PacsServer.grid,BHosTmpUpdTag202602,,245340,0,超声内镜系统,,,live_metadata,,platform
PacsServer.grid,BHosTmpUpdTag202603,,372830,0,超声内镜系统,,,live_metadata,,platform
PacsServer.grid,BHosTmpUpdTag202604,,375115,0,超声内镜系统,,,live_metadata,,platform
PacsServer.grid,BHosTmpUpdTag202605,,344975,0,超声内镜系统,,,live_metadata,,platform
PacsServer.grid,BHosTmpUpdTag202606,,319278,0,超声内镜系统,,,live_metadata,,platform
PacsServer.grid,BHosTmpUpdTag202607,,152103,0,超声内镜系统,,,live_metadata,,platform
PacsServer.grid,BHosTransBackup,,0,0,超声内镜系统,,,live_metadata,,platform
PacsServer.grid,BHosTransBadImage,,0,0,超声内镜系统,,,live_metadata,,platform
PacsServer.grid,BHosUsClItem,,128,0,超声内镜系统,,,live_metadata,,platform
PacsServer.grid,BHosUsNormal,,44,0,超声内镜系统,,,live_metadata,,platform
PacsServer.grid,BHosUsSRInfo,,119,0,超声内镜系统,,,live_metadata,,platform
PacsServer.grid,BHosWkStation,,0,0,超声内镜系统,,,live_metadata,,platform
PacsServer.grid,BHosWorkSchedule,,0,0,超声内镜系统,,,live_metadata,,platform
PacsServer.grid,Chinese_code,,21761,0,超声内镜系统,,,live_metadata,,platform
PacsServer.grid,CloudVolume,,0,0,超声内镜系统,,,live_metadata,,platform
PHARMACY,BINDING_PRESC_DETAIL,,,12,药品,,PRESC_ID+ITEM_NO,,药品相关扩展表，待药品闭环二次确认,platform
PHARMACY,BINDING_PRESC_MASTER,,,11,药品,,PRESC_ID,,药品相关扩展表，待药品闭环二次确认,platform
PHARMACY,BINDING_PRESC_SELECTION,,,2,药品,,USER_NAME+PRESC_ID,,药品相关扩展表，待药品闭环二次确认,platform
PHARMACY,BUY_DRUG_PLAN,,,31,药品,,BUY_ID+BUY_NO,,药品相关扩展表，待药品闭环二次确认,platform
PHARMACY,DATAPRESCRIPTION_DATA,,,35,药品,,,,药品相关扩展表，待药品闭环二次确认,platform
PHARMACY,DATAPRESCRIPTIONDETAIL_DATA,,,15,药品,,,,药品相关扩展表，待药品闭环二次确认,platform
PHARMACY,DOCT_DRUG_PRESC_DETAIL,,,33,药品,,PRESC_DATE+PRESC_NO+ITEM_NO,,药品相关扩展表，待药品闭环二次确认,platform
PHARMACY,DOCT_DRUG_PRESC_MASTER,,,52,药品,,PRESC_DATE+PRESC_NO,,药品相关扩展表，待药品闭环二次确认,platform
PHARMACY,DOSAGE_DESCRIPTION_DICT,,,2,药品,,,,基础字典/维表,platform
PHARMACY,DRUG_APPLICATION_LIST_DETAIL,,,16,药品,,LIST_NO+ITEM_NO,,药品相关扩展表，待药品闭环二次确认,platform
PHARMACY,DRUG_APPLICATION_LIST_MASTER,,,8,药品,,LIST_NO,,药品相关扩展表，待药品闭环二次确认,platform
PHARMACY,DRUG_BETCH_PROVIDER_NO,,,1,药品,,BETCH_PROVIDER_NO,,药品相关扩展表，待药品闭环二次确认,platform
PHARMACY,DRUG_DISPENSE_DICT,,,2,药品,,,,基础字典/维表,platform
PHARMACY,DRUG_DISPENSE_LABLE,,,18,药品,,,,非核心表，保留候选,platform
PHARMACY,DRUG_DISPENSE_LABLE_COUNT,,,9,药品,,,,非核心表，保留候选,platform
PHARMACY,DRUG_DISPENSE_PRE,,,38,药品,,OPER_BATCH_NO+OPER_ITEM_NO,,药品相关扩展表，待药品闭环二次确认,platform
PHARMACY,DRUG_DISPENSE_PRE_BACKUP2025,,,37,药品,,,,,platform
PHARMACY,DRUG_DISPENSE_PRE_BK,,,31,药品,,,,,platform
PHARMACY,DRUG_DISPENSE_PRE_COPY1,,,37,药品,,OPER_BATCH_NO+OPER_ITEM_NO,,,platform
PHARMACY,DRUG_DISPENSE_REC,,,30,药品,,DISPENSING_DATE_TIME+PATIENT_ID+VISIT_ID+ORDER_NO+ORDER_SUB_NO,,核心业务事实/主线表,platform
PHARMACY,DRUG_DISPENSE_REC_BK,,,30,药品,,,,,platform
PHARMACY,DRUG_DISPENSE_REC_COPY1,,,30,药品,,DISPENSING_DATE_TIME+PATIENT_ID+VISIT_ID+ORDER_NO+ORDER_SUB_NO,,,platform
PHARMACY,DRUG_DISPENSE_REC_DISPDATE,,,10,药品,,PATIENT_ID+VISIT_ID+ORDER_NO+ORDER_SUB_NO+PREFORM_DATETIME_LIST+DISPENSING_DATE_TIME,,药品相关扩展表，待药品闭环二次确认,platform
PHARMACY,DRUG_DISPENSE_REC_MASTER,,,9,药品,,DISPENSING_DATE_TIME+DISPENSARY+WARD_CODE,,药品相关扩展表，待药品闭环二次确认,platform
PHARMACY,DRUG_DISPENSE_REQ,,,16,药品,,WARD+DISPENSARY+POST_DATE_TIME+OPER_BATCH_NO+ITEM_NO,,药品相关扩展表，待药品闭环二次确认,platform
PHARMACY,DRUG_DISPENSE_REQ_BACKUP2025,,,16,药品,,,,,platform
PHARMACY,DRUG_DISPENSE_REQ_COPY1,,,15,药品,,WARD+DISPENSARY+ITEM_NO+POST_DATE_TIME,,,platform
PHARMACY,DRUG_DISPENS_PROPERTY,,,7,药品,,DISPENSARY+DRUG_CODE+DRUG_SPEC,,药品相关扩展表，待药品闭环二次确认,platform
PHARMACY,DRUG_EXPORT_DETAIL,,,22,药品,,DOCUMENT_NO+ITEM_NO,,药品相关扩展表，待药品闭环二次确认,platform
PHARMACY,DRUG_EXPORT_DETAIL_LOG_NEW,,,23,药品,,,,,platform
PHARMACY,DRUG_EXPORT_MASTER,,,18,药品,,DOCUMENT_NO,,药品相关扩展表，待药品闭环二次确认,platform
PHARMACY,DRUG_EXPORT_MASTER_LOG_NEW,,,19,药品,,,,,platform
PHARMACY,DRUG_IMPORT_DETAIL,,,34,药品,,DOCUMENT_NO+ITEM_NO,,药品相关扩展表，待药品闭环二次确认,platform
PHARMACY,DRUG_IMPORT_DETAIL_DEL20170523,,,32,药品,,,,药品相关扩展表，待药品闭环二次确认,platform
PHARMACY,DRUG_IMPORT_DETAIL_LOG_NEW,,,34,药品,,,,,platform
PHARMACY,DRUG_IMPORT_EXPORT_TRACE_CODE,,,21,药品,,DOCUMENT_NO+ITEM_NO+DRUG_CODE+DRUG_SPEC+ITEM_NO2,,药品相关扩展表，待药品闭环二次确认,platform
PHARMACY,DRUG_IMPORT_MASTER,,,21,药品,,DOCUMENT_NO,,药品相关扩展表，待药品闭环二次确认,platform
PHARMACY,DRUG_IMPORT_MASTER_DEL20170523,,,19,药品,,,,药品相关扩展表，待药品闭环二次确认,platform
PHARMACY,DRUG_IMPORT_MASTER_LOG_NEW,,,21,药品,,,,,platform
PHARMACY,DRUG_INVENTORY_BALANCE,,,24,药品,,STORAGE+YEAR_MONTH+DRUG_CODE+DRUG_SPEC+FIRM_ID+PACKAGE_SPEC,,药品相关扩展表，待药品闭环二次确认,platform
PHARMACY,DRUG_INVENTORY_CHECK,,,18,药品,,,,药品相关扩展表，待药品闭环二次确认,platform
PHARMACY,DRUG_INVENTORY_CHECK_BACK,,,16,药品,,,,药品相关扩展表，待药品闭环二次确认,platform
PHARMACY,DRUG_LEDGER,,,9,药品,,STORAGE+ACCT_DATE+VOUCHER_NO+SUB_STORAGE,,药品相关扩展表，待药品闭环二次确认,platform
PHARMACY,DRUG_PACKAGES,,,9,药品,,DISPENSARY+DRUG_CODE+PACKAGE_SPEC+FIRM_ID,,药品相关扩展表，待药品闭环二次确认,platform
PHARMACY,DRUG_PRESC_DETAIL,,,35,药品,,PRESC_DATE+PRESC_NO+ITEM_NO,,核心业务事实/主线表,platform
PHARMACY,DRUG_PRESC_DETAIL_BACKUP2025,,,35,药品,,,,,platform
PHARMACY,DRUG_PRESC_DETAIL_TEMP,,,33,药品,,PRESC_DATE+PRESC_NO+ITEM_NO,,,platform
PHARMACY,DRUG_PRESC_DETAIL_TEMP_REFUND,,,33,药品,,PRESC_DATE+PRESC_NO+ITEM_NO,,,platform
PHARMACY,DRUG_PRESC_MASTER,,,60,药品,,PRESC_DATE+PRESC_NO,,核心业务事实/主线表,platform
PHARMACY,DRUG_PRESC_MASTER_BACKUP2025,,,60,药品,,,,,platform
PHARMACY,DRUG_PRESC_MASTER_TEMP,,,61,药品,,PRESC_DATE+PRESC_NO,,,platform
PHARMACY,DRUG_PRESC_MASTER_TEMP_REFUND,,,58,药品,,PRESC_DATE+PRESC_NO,,,platform
PHARMACY,DRUG_PRESC_QUEUE,,,13,药品,,ID,,药品相关扩展表，待药品闭环二次确认,platform
PHARMACY,DRUG_PRESC_QUEUE_LABEL,,,6,药品,,PRESC_DATE+PRESC_NO+STORAGE,,非核心表，保留候选,platform
PHARMACY,DRUG_PRESC_TRACE_CODE,,,20,药品,,PRESC_DATE+PRESC_NO+ITEM_NO+TRACE_CODE+ITEM_NO2,,药品相关扩展表，待药品闭环二次确认,platform
PHARMACY,DRUG_PRICE_MODIFY,,,14,药品,,DRUG_CODE+DRUG_SPEC+FIRM_ID+NOTICE_EFFICIENT_DATE,,非核心表，保留候选,platform
PHARMACY,DRUG_PRICE_MODIFY_PROFIT,,,20,药品,,STORAGE+DRUG_CODE+DRUG_SPEC+FIRM_ID+ACTUAL_EFFICIENT_DATE+PROFIT_ITEM_NO,,非核心表，保留候选,platform
PHARMACY,DRUG_PRICE_PROFIT,,,10,药品,,STORAGE+DRUG_CODE+DRUG_SPEC+PACKAGE_SPEC,,非核心表，保留候选,platform
PHARMACY,DRUG_PROVIDE_APPLICATION,,,15,药品,,APPLICANT_STORAGE+ITEM_NO,,药品相关扩展表，待药品闭环二次确认,platform
PHARMACY,DRUG_PROVIDE_NOTICE,,,5,药品,,PROVIDE_STORAGE+DOCUMENT_NO,,药品相关扩展表，待药品闭环二次确认,platform
PHARMACY,DRUG_PROVIDE_NOTICE_NEW,,,6,药品,,,,药品相关扩展表，待药品闭环二次确认,platform
PHARMACY,DRUG_PURCHASE,,,14,药品,,STORAGE+PLAN_DATE+DRUG_CODE+DRUG_SPEC+FIRM_ID+PACKAGE_SPEC,,药品相关扩展表，待药品闭环二次确认,platform
PHARMACY,DRUG_STOCK,,,23,药品,,DRUG_CODE+DRUG_SPEC+FIRM_ID+PACKAGE_SPEC+BATCH_NO+STORAGE,,药品相关扩展表，待药品闭环二次确认,platform
PHARMACY,DRUG_STOCK_0930,,,23,药品,,,,药品相关扩展表，待药品闭环二次确认,platform
PHARMACY,DRUG_STOCK_BALANCE,,,34,药品,,YEAR_MONTH+STORAGE+DRUG_CODE+DRUG_SPEC+FIRM_ID+PACKAGE_SPEC,,药品相关扩展表，待药品闭环二次确认,platform
PHARMACY,DRUG_STOCK_BALANCE_COMPARE,,,34,药品,,YEAR_MONTH+STORAGE+DRUG_CODE+DRUG_SPEC+FIRM_ID+PACKAGE_SPEC,,药品相关扩展表，待药品闭环二次确认,platform
PHARMACY,DRUG_STOCK_BEGINNING,,,24,药品,,DRUG_CODE+DRUG_SPEC+FIRM_ID+PACKAGE_SPEC+BATCH_NO+STORAGE+PURCHASE_PRICE+ENTER_DATE,,药品相关扩展表，待药品闭环二次确认,platform
PHARMACY,DRUG_STOCK_DETAIL,,,4,药品,,DRUG_STOCK_ID,,药品相关扩展表，待药品闭环二次确认,platform
PHARMACY,DRUG_STOCK_LOCATION,,,28,药品,,STORAGE+DRUG_CODE+DRUG_SPEC+BATCH_NO+FIRM_ID+PACKAGE_SPEC+CHECK_LOCATION+ACCOUNT_PER_OTHERPACK,,药品相关扩展表，待药品闭环二次确认,platform
PHARMACY,DRUG_STOCK_LOG,,,25,药品,,,,,platform
PHARMACY,DRUG_STOCK_LOG_CHS,,,25,药品,,,,,platform
PHARMACY,DRUG_STOCK_LOG_NEW,,,25,药品,,,,,platform
PHARMACY,DRUG_STOCK_SUPPLYINDICATORLOG,,,13,药品,,,,,platform
PHARMACY,DRUG_STOP_LOG,,,5,药品,,DRUG_CODE+CHANGE_DATE,,,platform
PHARMACY,DRUG_STORAGE_DEPT,,,10,药品,,STORAGE_CODE,,药品相关扩展表，待药品闭环二次确认,platform
PHARMACY,DRUG_STORAGE_PROFILE,,,13,药品,,,,药品相关扩展表，待药品闭环二次确认,platform
PHARMACY,DRUG_SUB_STORAGE_DICT,,,6,药品,,STORAGE_CODE+SUB_STORAGE,,基础字典/维表,platform
PHARMACY,DRUG_TEMP_DETAIL,,,15,药品,,PRESC_DATE+PRESC_NO+ITEM_NO,,,platform
PHARMACY,DRUG_TEMP_MASTER,,,42,药品,,PRESC_DATE+PRESC_NO,,,platform
PHARMACY,DRUG_YPID,,,2,药品,,DRUG_CODE,,药品相关扩展表，待药品闭环二次确认,platform
PHARMACY,INP_BILL_DETAIL_BK,,,48,药品,,,,,platform
PHARMACY,MANAGED_DRUG_CATALOG,,,5,药品,,STORAGE+MANAGED_CLASS+DRUG_CODE+DRUG_SPEC+FIRM_ID,,,platform
PHARMACY,MANAGED_DRUG_CLASS_DICT,,,2,药品,,MANAGED_CLASS,,基础字典/维表,platform
PHARMACY,NEW_DRUG_MESSAGE,,,7,药品,,DRUG_CODE,,药品相关扩展表，待药品闭环二次确认,platform
PHARMACY,PACKAGE_MATERIAL_DICT,,,6,药品,,MATERIAL_CODE+MATERIAL_SPEC,,基础字典/维表,platform
PHARMACY,PREPARATION_ADMIN_DICT,,,4,药品,,ADMINISTRATION_CODE,,基础字典/维表,platform
PHARMACY,PREPARATION_COST,,,9,药品,,PREPARATION_CODE+PREPARATION_SPEC+ITEM_NO,,非核心表，保留候选,platform
PHARMACY,PREPARATION_COST_CLASS_DICT,,,4,药品,,COST_CLASS_CODE,,基础字典/维表,platform
PHARMACY,PREPARATION_COST_ITEM_DICT,,,4,药品,,COST_ITEM_NAME,,基础字典/维表,platform
PHARMACY,PREPARATION_DEPT_DESC,,,6,药品,,DEPT_CODE,,药品相关扩展表，待药品闭环二次确认,platform
PHARMACY,PREPARATION_DICT,,,15,药品,,PREPARATION_CODE,,基础字典/维表,platform
PHARMACY,PREPARATION_MASTER,,,11,药品,,PREPARATION_CODE+PREPARATION_SPEC+BATCH_NO,,药品相关扩展表，待药品闭环二次确认,platform
PHARMACY,PREPARATION_OPERATING_RULE,,,10,药品,,PREPARATION_CODE+PREPARATION_SPEC,,药品相关扩展表，待药品闭环二次确认,platform
PHARMACY,PREPARATION_PRESC,,,7,药品,,PREPARATION_CODE+PREPARATION_SPEC+RAW_MATERIAL_CODE,,药品相关扩展表，待药品闭环二次确认,platform
PHARMACY,PREPARATION_PRICE_LIST,,,7,药品,,PREPARATION_CODE+PREPARATION_SPEC+START_DATE,,非核心表，保留候选,platform
PHARMACY,PREPARATION_PROBLEM,,,9,药品,,PREPARATION_CODE+PREPARATION_SPEC+BATCH_NO+PROBLEM_NO,,药品相关扩展表，待药品闭环二次确认,platform
PHARMACY,PREPARATION_RAW_MATERIAL,,,8,药品,,PREPARATION_CODE+PREPARATION_SPEC+BATCH_NO+RAW_MATERIAL_CODE,,药品相关扩展表，待药品闭环二次确认,platform
PHARMACY,PREPARATION_TEST,,,7,药品,,PREPARATION_CODE+PREPARATION_SPEC+BATCH_NO+GROUP_NO,,非核心表，保留候选,platform
PHARMACY,PRESC_CLASS_DICT,,,4,药品,,CLASS_CODE,,基础字典/维表,platform
PHARMACY,PRESC_STANDARD_DICT,,,4,药品,,STANDARD_CODE,,基础字典/维表,platform
PHARMACY,RAW_MATERIAL_DICT,,,6,药品,,MATERIAL_CODE+MATERIAL_SPEC,,基础字典/维表,platform
PHARMACY,VOUCHER_NO_CREATE_DICT,,,6,药品,,STORAGE+SUB_STORAGE,,基础字典/维表,platform
PITAYA.DBO,患者检查报告信息表,,,0,病理,,,live_metadata,,platform
PITAYA.DBO,患者检查申请信息表,,,0,病理,,,live_metadata,,platform
PITAYA.DBO,ABC,,46290,0,病理,,,live_metadata,,platform
PITAYA.DBO,ACC,,7,0,病理,,,live_metadata,,platform
PITAYA.DBO,ApplyInfo,,0,0,病理,,,live_metadata,,platform
PITAYA.DBO,Audios,,0,0,病理,,,live_metadata,,platform
PITAYA.DBO,Authorizations,授权表,1,0,病理,,,live_metadata,,platform
PITAYA.DBO,Basic,,0,0,病理,,,live_metadata,,platform
PITAYA.DBO,BloodCellCounts,,0,0,病理,,,live_metadata,,platform
PITAYA.DBO,BloodCellPercents,,0,0,病理,,,live_metadata,,platform
PITAYA.DBO,BloodCellReferences,,0,0,病理,,,live_metadata,,platform
PITAYA.DBO,BloodCellStandImages,,0,0,病理,,,live_metadata,,platform
PITAYA.DBO,BloodCellTemplateImgs,,0,0,病理,,,live_metadata,,platform
PITAYA.DBO,BloodCellTemplates,,0,0,病理,,,live_metadata,,platform
PITAYA.DBO,BrowseConfigs,,4,0,病理,,,live_metadata,,platform
PITAYA.DBO,BrowseConfigs_copy,,4,0,病理,,,live_metadata,,platform
PITAYA.DBO,BS25015,,,0,病理,,,live_metadata,,platform
PITAYA.DBO,CAInfos,,3302,0,病理,,,live_metadata,,platform
PITAYA.DBO,CDR_CHECK_REPORT,,,0,病理,,,live_metadata,,platform
PITAYA.DBO,Changelogs,,6,0,病理,,,live_metadata,,platform
PITAYA.DBO,ChargeInfos,,1,0,病理,,,live_metadata,,platform
PITAYA.DBO,ChargeItems,,22,0,病理,,,live_metadata,,platform
PITAYA.DBO,chkpoint,,0,0,病理,,,live_metadata,,platform
PITAYA.DBO,Configure_Register,,69,0,病理,,,live_metadata,,platform
PITAYA.DBO,Configure_ToorBar,,23,0,病理,,,live_metadata,,platform
PITAYA.DBO,ConsultationMaterials,,0,0,病理,,,live_metadata,,platform
PITAYA.DBO,ConsultationRegisters,,0,0,病理,,,live_metadata,,platform
PITAYA.DBO,Consultations,,3,0,病理,,,live_metadata,,platform
PITAYA.DBO,CriticalityFeedBacks,,1,0,病理,,,live_metadata,,platform
PITAYA.DBO,DataExchangeTableMappings,,38,0,病理,,,live_metadata,,platform
PITAYA.DBO,DataExchangeTableMappings_copy,,36,0,病理,,,live_metadata,,platform
PITAYA.DBO,DataUploadForBZRecords,,0,0,病理,,,live_metadata,,platform
PITAYA.DBO,Deliverers,,0,0,病理,,,live_metadata,,platform
PITAYA.DBO,DetectionResult,,2236,0,病理,,,live_metadata,,platform
PITAYA.DBO,Dictionary_Charge,收费项目字典,0,0,病理,,,live_metadata,,platform
PITAYA.DBO,Dictionary_ICD,国际疾病分类（第10版）,0,0,病理,,,live_metadata,,platform
PITAYA.DBO,Dictionary_SpecimenName,,233,0,病理,,,live_metadata,,platform
PITAYA.DBO,Dictionary_Tag,标记物,255,0,病理,,,live_metadata,,platform
PITAYA.DBO,Dictionary_TagList,标记物套餐,40,0,病理,,,live_metadata,,platform
PITAYA.DBO,DxDbConfigs,,20,0,病理,,,live_metadata,,platform
PITAYA.DBO,DxDbConfigs_0112,,6,0,病理,,,live_metadata,,platform
PITAYA.DBO,DxDbConfigs0218,,6,0,病理,,,live_metadata,,platform
PITAYA.DBO,DxDbConfigs_0830,,13,0,病理,,,live_metadata,,platform
PITAYA.DBO,DxDbConfigs_20241205,,18,0,病理,,,live_metadata,,platform
PITAYA.DBO,DxDbConfigs_250514,,20,0,病理,,,live_metadata,,platform
PITAYA.DBO,DxDbConfigsBAK,,4,0,病理,,,live_metadata,,platform
PITAYA.DBO,DxDbConfigsBZ,,6,0,病理,,,live_metadata,,platform
PITAYA.DBO,DxDbConfigs_copy,,20,0,病理,,,live_metadata,,platform
PITAYA.DBO,DxDbConfigsFengtian,,3,0,病理,,,live_metadata,,platform
PITAYA.DBO,DxDbConfigsPR,,2,0,病理,,,live_metadata,,platform
PITAYA.DBO,DyeingMachineConfigs,,4,0,病理,,,live_metadata,,platform
PITAYA.DBO,EMR_MOLECULAR_PATHOLOGY_REPORT,,,0,病理,,,live_metadata,,platform
PITAYA.DBO,EMRPACS,,8658,0,病理,,,live_metadata,,platform
PITAYA.DBO,EMR_PATHOLOGY_REPORT,,,0,病理,,,live_metadata,,platform
PITAYA.DBO,EndometriumReports,子宫内膜诊断信息,9,0,病理,,,live_metadata,,platform
PITAYA.DBO,FastRegistrationItems,,0,0,病理,,,live_metadata,,platform
PITAYA.DBO,FetalAutopsys,最终尸检报告(胎儿),1,0,病理,,,live_metadata,,platform
PITAYA.DBO,Focuss,关注,15,0,病理,,,live_metadata,,platform
PITAYA.DBO,GeneticPrompt,,3,0,病理,,,live_metadata,,platform
PITAYA.DBO,GetPisAppBill,,0,0,病理,,,live_metadata,,platform
PITAYA.DBO,GetPisAppBillTest,,0,0,病理,,,live_metadata,,platform
PITAYA.DBO,GSMMessages,,0,0,病理,,,live_metadata,,platform
PITAYA.DBO,HeiLongJiang_DICT_PERSONNELs,,0,0,病理,,,live_metadata,,platform
PITAYA.DBO,HistologyCytologyQualityEvaluationRecord,,343,0,病理,,,live_metadata,,platform
PITAYA.DBO,HolidayTable,假期表,2557,0,病理,,,live_metadata,,platform
PITAYA.DBO,icd10,,1834,0,病理,,,live_metadata,,platform
PITAYA.DBO,ImageMarks,,2,0,病理,,,live_metadata,,platform
PITAYA.DBO,Locks,,0,0,病理,,,live_metadata,,platform
PITAYA.DBO,Log,,24860068,0,病理,,,live_metadata,,platform
PITAYA.DBO,LoginDevices,登录客户端信息,1,0,病理,,,live_metadata,,platform
PITAYA.DBO,ManagementDicts,,11,0,病理,,,live_metadata,,platform
PITAYA.DBO,ManagementDicts0818,,9,0,病理,,,live_metadata,,platform
PITAYA.DBO,Manufacturers,,2,0,病理,,,live_metadata,,platform
PITAYA.DBO,MenuDicts,,12,0,病理,,,live_metadata,,platform
PITAYA.DBO,MolecularFormat,,0,0,病理,,,live_metadata,,platform
PITAYA.DBO,MolecularImgs,,0,0,病理,,,live_metadata,,platform
PITAYA.DBO,MolecularItems,,0,0,病理,,,live_metadata,,platform
PITAYA.DBO,molecular_pathology_exam_record,,,0,病理,,,live_metadata,,platform
PITAYA.DBO,MolecularReagents,,0,0,病理,,,live_metadata,,platform
PITAYA.DBO,MolecularResults,,0,0,病理,,,live_metadata,,platform
PITAYA.DBO,MolecularsResultWuhanertongs,武汉儿童医院分子病理检测结果,0,0,病理,,,live_metadata,,platform
PITAYA.DBO,MolecularWuhanertongs,武汉儿童医院分子病理信息,0,0,病理,,,live_metadata,,platform
PITAYA.DBO,MoleculeUsers,,0,0,病理,,,live_metadata,,platform
PITAYA.DBO,NormativeKnowledges,,62,0,病理,,,live_metadata,,platform
PITAYA.DBO,oggtest,,0,0,病理,,,live_metadata,,platform
PITAYA.DBO,OracleGGTranTables,,3149997,0,病理,,,live_metadata,,platform
PITAYA.DBO,OracleGGVersion,,10,0,病理,,,live_metadata,,platform
PITAYA.DBO,pathological_exam_record,,,0,病理,,,live_metadata,,platform
PITAYA.DBO,Permissions,,613,0,病理,,,live_metadata,,platform
PITAYA.DBO,Permissions_copy,,613,0,病理,,,live_metadata,,platform
PITAYA.DBO,Pitaya,病理表,211586,0,病理,,,live_metadata,,platform
PITAYA.DBO,Pitaya_AdditionalReport,补充报告,2716,0,病理,,,live_metadata,,platform
PITAYA.DBO,Pitaya_Advice,医嘱,144585,0,病理,,,live_metadata,,platform
PITAYA.DBO,Pitaya_Archived,,38,0,病理,,,live_metadata,,platform
PITAYA.DBO,Pitaya_Borrow,借阅,5,0,病理,,,live_metadata,,platform
PITAYA.DBO,Pitaya_CervicalBiopsyItems,宫颈活检项,0,0,病理,,,live_metadata,,platform
PITAYA.DBO,Pitaya_Charge,收费项目明细,0,0,病理,,,live_metadata,,platform
PITAYA.DBO,Pitaya_ChargeInfo,收费情况,0,0,病理,,,live_metadata,,platform
PITAYA.DBO,Pitaya_CollectDict,收藏字典,2,0,病理,,,live_metadata,,platform
PITAYA.DBO,Pitaya_Collections,病例收藏,2350,0,病理,,,live_metadata,,platform
PITAYA.DBO,Pitaya_Collections_1201bf,病例收藏,0,0,病理,,,live_metadata,,platform
PITAYA.DBO,Pitaya_CytologyReport,细胞学报告,23959,0,病理,,,live_metadata,,platform
PITAYA.DBO,Pitaya_DBType,病理库,17,0,病理,,,live_metadata,,platform
PITAYA.DBO,Pitaya_DBType_copy,病理库,16,0,病理,,,live_metadata,,platform
PITAYA.DBO,Pitaya_DepartMent,,0,0,病理,,,live_metadata,,platform
PITAYA.DBO,Pitaya_DeptMessage,科内留言,38,0,病理,,,live_metadata,,platform
PITAYA.DBO,Pitaya_Diagnosis,诊断,298048,0,病理,,,live_metadata,,platform
PITAYA.DBO,Pitaya_Dictionary,字典表,19683,0,病理,,,live_metadata,,platform
PITAYA.DBO,Pitaya_FollowUp,随访,0,0,病理,,,live_metadata,,platform
PITAYA.DBO,Pitaya_FrozenReport,冰冻报告,11207,0,病理,,,live_metadata,,platform
PITAYA.DBO,PitayaHistory,,897442,0,病理,,,live_metadata,,platform
PITAYA.DBO,Pitaya_Images,,563508,0,病理,,,live_metadata,,platform
PITAYA.DBO,Pitaya_Inspection,送检,0,0,病理,,,live_metadata,,platform
PITAYA.DBO,Pitaya_Material,材块,328714,0,病理,,,live_metadata,,platform
PITAYA.DBO,Pitaya_MeetingDiagnosis,会诊,1,0,病理,,,live_metadata,,platform
PITAYA.DBO,Pitaya_MeetingInfo,会诊信息,7,0,病理,,,live_metadata,,platform
PITAYA.DBO,Pitaya_Notepad,科内留言,0,0,病理,,,live_metadata,,platform
PITAYA.DBO,Pitaya_OperateLog,,27,0,病理,,,live_metadata,,platform
PITAYA.DBO,Pitaya_OutStorage,,0,0,病理,,,live_metadata,,platform
PITAYA.DBO,Pitaya_ParaffinArchived,蜡块归档,0,0,病理,,,live_metadata,,platform
PITAYA.DBO,Pitaya_Permission,权限,0,0,病理,,,live_metadata,,platform
PITAYA.DBO,Pitaya_PrivateCollectDict,,893,0,病理,,,live_metadata,,platform
PITAYA.DBO,Pitaya_PrivateCollectDict_1201bf,,4,0,病理,,,live_metadata,,platform
PITAYA.DBO,Pitaya_QCInfo,取材信息,0,0,病理,,,live_metadata,,platform
PITAYA.DBO,Pitaya_qpsm,,0,0,病理,,,live_metadata,,platform
PITAYA.DBO,Pitaya_qpzh,,0,0,病理,,,live_metadata,,platform
PITAYA.DBO,Pitaya_ReportFormat,报告格式,94,0,病理,,,live_metadata,,platform
PITAYA.DBO,Pitaya_ReportFormat_copy,报告格式,66,0,病理,,,live_metadata,,platform
PITAYA.DBO,Pitaya_ReportSend,报告发放,0,0,病理,,,live_metadata,,platform
PITAYA.DBO,Pitaya_ReportSendDetailed,,0,0,病理,,,live_metadata,,platform
PITAYA.DBO,Pitaya_ReportSendPage,,2,0,病理,,,live_metadata,,platform
PITAYA.DBO,Pitaya_Role,角色,0,0,病理,,,live_metadata,,platform
PITAYA.DBO,Pitaya_RolePermission,,0,0,病理,,,live_metadata,,platform
PITAYA.DBO,Pitaya_Slice,切片,432925,0,病理,,,live_metadata,,platform
PITAYA.DBO,Pitaya_SliceArchived,切片归档,0,0,病理,,,live_metadata,,platform
PITAYA.DBO,Pitaya_Specimen,标本,116960,0,病理,,,live_metadata,,platform
PITAYA.DBO,PitayaSpecimen,,15,0,病理,,,live_metadata,,platform
PITAYA.DBO,Pitaya_Stock,,0,0,病理,,,live_metadata,,platform
PITAYA.DBO,Pitaya_Storage,,0,0,病理,,,live_metadata,,platform
PITAYA.DBO,Pitaya_TejianZancun,,0,0,病理,,,live_metadata,,platform
PITAYA.DBO,Pitaya_User,用户,0,0,病理,,,live_metadata,,platform
PITAYA.DBO,Pitaya_UserRole,用户角色,0,0,病理,,,live_metadata,,platform
PITAYA.DBO,PowerTable,权限表,0,0,病理,,,live_metadata,,platform
PITAYA.DBO,ProcessDataFromHis,,206,0,病理,,,live_metadata,,platform
PITAYA.DBO,ReagentCategory,,2,0,病理,,,live_metadata,,platform
PITAYA.DBO,ReagentGroups,,1,0,病理,,,live_metadata,,platform
PITAYA.DBO,ReagentInAndOut,,4,0,病理,,,live_metadata,,platform
PITAYA.DBO,ReagentUnits,,1,0,病理,,,live_metadata,,platform
PITAYA.DBO,ReceiveFromHis,,0,0,病理,,,live_metadata,,platform
PITAYA.DBO,ReportImages,"只存补充报告和冰冻报告跟图片的对应关系
   诊断报告和图片的关系依然存图片表的VisitStatus",8,0,病理,,,live_metadata,,platform
PITAYA.DBO,RequiredFieldItems,,64,0,病理,,,live_metadata,,platform
PITAYA.DBO,RolePermissions,,13535,0,病理,,,live_metadata,,platform
PITAYA.DBO,Roles,,17,0,病理,,,live_metadata,,platform
PITAYA.DBO,ScheduleTasks,定时任务配置表,2,0,病理,,,live_metadata,,platform
PITAYA.DBO,ScheduleTasks_copy,定时任务配置表,2,0,病理,,,live_metadata,,platform
PITAYA.DBO,SelfServicePrint,,0,0,病理,,,live_metadata,,platform
PITAYA.DBO,SendMsgLogs,发送信息,0,0,病理,,,live_metadata,,platform
PITAYA.DBO,Sheet1$,,37592,0,病理,,,live_metadata,,platform
PITAYA.DBO,SliceLevels,,872,0,病理,,,live_metadata,,platform
PITAYA.DBO,SlideConfig,,2,0,病理,,,live_metadata,,platform
PITAYA.DBO,StandardImages,,45,0,病理,,,live_metadata,,platform
PITAYA.DBO,Stations,,0,0,病理,,,live_metadata,,platform
PITAYA.DBO,StatisticsDicts,,81,0,病理,,,live_metadata,,platform
PITAYA.DBO,StatisticsDicts111,,107,0,病理,,,live_metadata,,platform
PITAYA.DBO,StatisticsDicts_copy1,,50,0,病理,,,live_metadata,,platform
PITAYA.DBO,StatisticsDicts-old,,76,0,病理,,,live_metadata,,platform
PITAYA.DBO,StructuredTemplateAreas,,0,0,病理,,,live_metadata,,platform
PITAYA.DBO,StructuredTemplates,结构化模板表,0,0,病理,,,live_metadata,,platform
PITAYA.DBO,Suppliers,,2,0,病理,,,live_metadata,,platform
PITAYA.DBO,sysdiagrams,,0,0,病理,,,live_metadata,,platform
PITAYA.DBO,SystemParameters,系统参数表,196,0,病理,,,live_metadata,,platform
PITAYA.DBO,SystemParameters-old,系统参数表,49,0,病理,,,live_metadata,,platform
PITAYA.DBO,TB_DueBuys,,0,0,病理,,,live_metadata,,platform
PITAYA.DBO,TB_Equipments,,0,0,病理,,,live_metadata,,platform
PITAYA.DBO,TB_Repairs,,0,0,病理,,,live_metadata,,platform
PITAYA.DBO,TestingItems,,5,0,病理,,,live_metadata,,platform
PITAYA.DBO,ThyroidCytopathologyTBSs,甲状腺细胞学TBS业务表,1,0,病理,,,live_metadata,,platform
PITAYA.DBO,T_ITF_BL,,,0,病理,,,live_metadata,,platform
PITAYA.DBO,T_ITF_BL_ReportCount,,,0,病理,,,live_metadata,,platform
PITAYA.DBO,TuberculosisItemConfigs,,6,0,病理,,,live_metadata,,platform
PITAYA.DBO,TuberculosisItems,结合检查项,12,0,病理,,,live_metadata,,platform
PITAYA.DBO,Tuberculosiss,结核业务数据,2,0,病理,,,live_metadata,,platform
PITAYA.DBO,Type_Setting,,0,0,病理,,,live_metadata,,platform
PITAYA.DBO,UpdateFile,,30,0,病理,,,live_metadata,,platform
PITAYA.DBO,UrinaryCytologyPariss,尿液细胞学巴黎报告,1,0,病理,,,live_metadata,,platform
PITAYA.DBO,UserRoles,,477,0,病理,,,live_metadata,,platform
PITAYA.DBO,Users,,28,0,病理,,,live_metadata,,platform
PITAYA.DBO,UserUser,,0,0,病理,,,live_metadata,,platform
PITAYA.DBO,v_blview,,,0,病理,,,live_metadata,,platform
PITAYA.DBO,V_BLZLST,,,0,病理,,,live_metadata,,platform
PITAYA.DBO,v_cehi,,,0,病理,,,live_metadata,,platform
PITAYA.DBO,view_BLreport未使用,,,0,病理,,,live_metadata,,platform
PITAYA.DBO,VIEW_BLZD,,,0,病理,,,live_metadata,,platform
PITAYA.DBO,view_name_未使用,,,0,病理,,,live_metadata,,platform
PITAYA.DBO,v_pims,,,0,病理,,,live_metadata,,platform
PITAYA.DBO,V_PIS_IMAGE,,,0,病理,,,live_metadata,,platform
PITAYA.DBO,V_PISV_INTERRECORDS,,,0,病理,,,live_metadata,,platform
PITAYA.DBO,v_tap,,,0,病理,,,live_metadata,,platform
PITAYA.DBO,vwPathologyResult未使用,,,0,病理,,,live_metadata,,platform
PITAYA.DBO,vwReports未使用,,,0,病理,,,live_metadata,,platform
PITAYA.DBO,WarningWords,,19,0,病理,,,live_metadata,,platform
PITAYA.DBO,WEBSetting,,1,0,病理,,,live_metadata,,platform
PITAYA.DBO,WorkerCardTable,身份表,0,0,病理,,,live_metadata,,platform
PITAYA.DBO,ws_export_sample_group,,,0,病理,,,live_metadata,,platform
PITAYA.DBO,YJ_BLJCBG,,,0,病理,,,live_metadata,,platform
PORTAL,在职人员花名册,,1842,13,,,,,,metadata
PORTAL,FANCY_STAFF_SCHEDUL,,414269,18,,,,,,metadata
PORTAL,FANCY_STAFF_SCHEDUL_2,门诊医生排班表,17010,6,,,,,,metadata
PORTAL,OA_INFORMATION_VIEW,,567,10,,,,,,metadata
PORTAL,TEST_ADDRESS_BOOK,,2,3,,,,,,metadata
PORTAL,TEST_DIANZIBINGLI_TZGG,,1,7,,,,,,metadata
PORTAL,TEST_EMAIL_SHOU,,1,13,,,,,,metadata
PORTAL,TEST_INDEX,,5,5,,,,,,metadata
PORTAL,TEST_OA,,1,20,,,,,,metadata
PORTAL,TEST_SCHEDUL,,2,6,,,,,,metadata
PORTAL,TEST_TONGZHIGONGGAO,,2,9,,,,,,metadata
PORTAL,TEST_XITONGGONGGAO,,1,10,,,,,,metadata
PORTAL,TEST_XITONGGONGGAO1,,1,10,,,,,,metadata
PORTAL,TEST_YIYUANWENJIAN,,2,9,,,,,,metadata
PORTAL_EMPI,PATIENT_INFO,,1684177,63,患者主数据,EMPI患者主索引,,B,跨系统患者主索引;关联键待确认,curated
PORTAL_EMPI,PATIENT_INFO_EQUAL,,100685,61,,,,,,metadata
PORTAL_EMPI,PATIENT_INFO_IRREGULAR,,37450,12,,,,,,metadata
PORTAL_EMPI,PATIENT_INFO_OPERATE_LOG,,0,62,,,,,,metadata
PORTAL_EMPI,PATIENT_INFO_OPERATE_LOG_GROUP,,0,4,,,,,,metadata
PORTAL_EMPI,PATIENT_INFO_SIMILARITY,,0,61,,,,,,metadata
PORTAL_EMPI,PATIENT_MATCH_RULE,,2,13,,,,,,metadata
PORTAL_EMPI,PATIENT_MATCH_RULE_DETAIL,,6,12,,,,,,metadata
PORTAL_EMPI,PATIENT_MERGE_BATCH,,3,8,,,,,,metadata
PORTAL_EMPI,SUPPLIER_SYSTEM,,0,2,,,,,,metadata
PORTAL_USER,cc,,0,1,,,,,,metadata
PORTAL_USER,CHECK_FOREIGN_SYSTEM,,0,15,,,,,,metadata
PORTAL_USER,CHECK_USE_SYSTEM_COPY,,0,15,,,,,,metadata
PORTAL_USER,COMMONS,,2,2,,,,,,metadata
PORTAL_USER,DEMO_PATIENT_INFO,,0,5,,,,,,metadata
PORTAL_USER,FANCY_LOGIN_LOG,,102,8,,,,,,metadata
PORTAL_USER,MED_ADJUST_PRICE_MASTER,,0,14,,,,,,metadata
PORTAL_USER,MESSAGE_CENTER,,0,7,,,,,,metadata
PORTAL_USER,NURSE_EXECUTE_TIME,各频次对应的医嘱计划执行时间,0,17,,,,,,metadata
PORTAL_USER,PORTAL_API_COMPANY,,0,6,,,,,,metadata
PORTAL_USER,PORTAL_APP,,45,27,,,,,,metadata
PORTAL_USER,PORTAL_APP_API,,2,13,,,,,,metadata
PORTAL_USER,PORTAL_APP_AUTH_RECORD,,52,6,,,,,,metadata
PORTAL_USER,PORTAL_APP_MENU_ITEM,,866,24,,,,,,metadata
PORTAL_USER,PORTAL_APP_TYPE,,7,4,,,,,,metadata
PORTAL_USER,PORTAL_APP_USER_VISIT,,152,5,,,,,,metadata
PORTAL_USER,PORTAL_COMMON,,0,3,,,,,,metadata
PORTAL_USER,PORTAL_COMMON_CONFIG,,6,12,,,,,,metadata
PORTAL_USER,PORTAL_COMPANY,,1,11,,,,,,metadata
PORTAL_USER,PORTAL_DEPT_DICT,,423,22,,,,,,metadata
PORTAL_USER,PORTAL_ENCIPHER,,0,12,,,,,,metadata
PORTAL_USER,PORTAL_GATEWAY_EXCLUDE_PATH,,0,11,,,,,,metadata
PORTAL_USER,PORTAL_HOSPITAL,,0,23,,,,,,metadata
PORTAL_USER,PORTAL_HOSPITAL_AREA,,0,21,,,,,,metadata
PORTAL_USER,PORTAL_MESSAGE_APP,,0,2,,,,,,metadata
PORTAL_USER,PORTAL_MSG,,0,11,,,,,,metadata
PORTAL_USER,PORTAL_MSG_USER_OPEN,,0,6,,,,,,metadata
PORTAL_USER,PORTAL_NOTICE,,0,13,,,,,,metadata
PORTAL_USER,PORTAL_NOTICE_BIND_APP,,0,6,,,,,,metadata
PORTAL_USER,PORTAL_NOTICE_FILE,,0,7,,,,,,metadata
PORTAL_USER,PORTAL_NOTICE_HISTORY,,0,14,,,,,,metadata
PORTAL_USER,PORTAL_NOTICE_USER_OPEN,,0,7,,,,,,metadata
PORTAL_USER,PORTAL_ROLE_PRO_ITEM_BIND,,208,7,,,,,,metadata
PORTAL_USER,PORTAL_ROLES,,2,11,,,,,,metadata
PORTAL_USER,PORTAL_ROLE_USER_BIND,,10,7,,,,,,metadata
PORTAL_USER,PORTAL_SENSITIVE,,0,15,,,,,,metadata
PORTAL_USER,PORTAL_SHORT_MESSAGE_TEMPLATE,,0,19,,,,,,metadata
PORTAL_USER,PORTAL_SHORT_MESSAGE_TYPE,,0,6,,,,,,metadata
PORTAL_USER,PORTAL_STAFF_DICT,,0,52,,,,,,metadata
PORTAL_USER,PORTAL_SYS_DICT,,1211,16,,,,,,metadata
PORTAL_USER,PORTAL_SYS_DICT_CLASS,,11,10,,,,,,metadata
PORTAL_USER,PORTAL_SYS_DICT_TYPE,,145,11,,,,,,metadata
PORTAL_USER,PORTAL_USER_DEPT,,233,8,,,,,,metadata
PORTAL_USER,PORTAL_USERS,,58,21,,,,,,metadata
PORTAL_USER,PORTAL_WORK_ORDER,,0,18,,,,,,metadata
PORTAL_USER,PUB_PATIENT_TYPE,患者类型,0,27,,,,,,metadata
PORTAL_USER,QRTZ_BLOB_TRIGGERS,,0,4,,,,,,metadata
PORTAL_USER,QRTZ_CALENDARS,,0,3,,,,,,metadata
PORTAL_USER,QRTZ_CRON_TRIGGERS,,0,5,,,,,,metadata
PORTAL_USER,QRTZ_FIRED_TRIGGERS,,0,13,,,,,,metadata
PORTAL_USER,QRTZ_JOB_DETAILS,,0,10,,,,,,metadata
PORTAL_USER,QRTZ_LOCKS,,2,2,,,,,,metadata
PORTAL_USER,QRTZ_PAUSED_TRIGGER_GRPS,,0,2,,,,,,metadata
PORTAL_USER,QRTZ_SCHEDULER_STATE,,1,4,,,,,,metadata
PORTAL_USER,QRTZ_SIMPLE_TRIGGERS,,0,6,,,,,,metadata
PORTAL_USER,QRTZ_SIMPROP_TRIGGERS,,0,14,,,,,,metadata
PORTAL_USER,QRTZ_TRIGGERS,,0,16,,,,,,metadata
PORTAL_USER,SYS_JOB,,0,17,,,,,,metadata
PORTAL_USER,SYS_JOB_LOG,,0,8,,,,,,metadata
PORTAL_USER,SYS_TEMP_FBT,,0,5,,,,,,metadata
PORTAL_USER_GROUP,ARTICLE,患教文章,1,26,,,,,,metadata
PORTAL_USER_GROUP,ARTICLE_PATIENT,患教文章-发送历史,1,16,,,,,,metadata
PORTAL_USER_GROUP,KNOWLEDGE_ARTICLE,知识库-患教文章,0,23,,,,,,metadata
PORTAL_USER_GROUP,KNOWLEDGE_PLAN,知识库-随访计划,0,20,,,,,,metadata
PORTAL_USER_GROUP,KNOWLEDGE_PLAN_DETAIL,知识库-随访计划-任务,0,21,,,,,,metadata
PORTAL_USER_GROUP,KNOWLEDGE_SCHEME,知识库-治疗方案,0,20,,,,,,metadata
PORTAL_USER_GROUP,KNOWLEDGE_SCHEME_COURSE,知识库-治疗方案-疗程,0,13,,,,,,metadata
PORTAL_USER_GROUP,KNOWLEDGE_SCHEME_COURSE_DAY,知识库-治疗方案-疗程每天,0,16,,,,,,metadata
PORTAL_USER_GROUP,KNOWLEDGE_VOTE,知识库-随访问卷,0,23,,,,,,metadata
PORTAL_USER_GROUP,MASS,群发消息,1,16,,,,,,metadata
PORTAL_USER_GROUP,MASS_PATIENT,群发消息患者,1,19,,,,,,metadata
PORTAL_USER_GROUP,PATIENT_PEND_USER_INFO,患者管理-待管理患者,0,36,,,,,,metadata
PORTAL_USER_GROUP,PATIENT_USER_GROUP,患者管理-患者分组,1,30,,,,,,metadata
PORTAL_USER_GROUP,PATIENT_USER_GROUP_RELEVANCE,患者管理-患者分组关联,3,17,,,,,,metadata
PORTAL_USER_GROUP,PATIENT_USER_INFO,患者管理-患者信息,20,36,,,,,,metadata
PORTAL_USER_GROUP,PATIENT_USER_RELEVANCE,患者管理-患者关联,3,17,,,,,,metadata
PORTAL_USER_GROUP,PLAN,随访计划,1,23,,,,,,metadata
PORTAL_USER_GROUP,PLAN_DETAIL,随访计划-任务,2,22,,,,,,metadata
PORTAL_USER_GROUP,PLAN_DETAIL_PATIENT,随访计划-患者任务,0,21,,,,,,metadata
PORTAL_USER_GROUP,PLAN_PATIENT,随访计划-患者,0,18,,,,,,metadata
PORTAL_USER_GROUP,PLAN_VOTE_SUBMIT,随访计划-问卷提交记录,0,16,,,,,,metadata
PORTAL_USER_GROUP,PORTAL_APP,,0,28,,,,,,metadata
PORTAL_USER_GROUP,PORTAL_APP_MENU_ITEM,,0,24,,,,,,metadata
PORTAL_USER_GROUP,PORTAL_COMMON_CONFIG,,0,12,,,,,,metadata
PORTAL_USER_GROUP,PORTAL_DEPT,门户-科室管理,0,22,,,,,,metadata
PORTAL_USER_GROUP,PORTAL_DOCTOR,门户-医生管理,0,30,,,,,,metadata
PORTAL_USER_GROUP,PORTAL_DOCTOR_DEPT,门户-医生科室关联,0,15,,,,,,metadata
PORTAL_USER_GROUP,PORTAL_HOSPITAL,门户-医院管理,0,29,,,,,,metadata
PORTAL_USER_GROUP,PORTAL_HOSPITAL_AREA,门户-院区管理,0,25,,,,,,metadata
PORTAL_USER_GROUP,PORTAL_ROLE_PRO_ITEM_BIND,,0,7,,,,,,metadata
PORTAL_USER_GROUP,PORTAL_ROLES,角色表,0,11,,,,,,metadata
PORTAL_USER_GROUP,PORTAL_ROLE_USER_BIND,,0,7,,,,,,metadata
PORTAL_USER_GROUP,PORTAL_STAFF_DICT,人员字典,0,49,,,,,,metadata
PORTAL_USER_GROUP,PORTAL_USER_DEPT,,0,12,,,,,,metadata
PORTAL_USER_GROUP,PORTAL_USERS,,0,26,,,,,,metadata
PORTAL_USER_GROUP,REMINDER_NOTICE,提醒通知,0,13,,,,,,metadata
PORTAL_USER_GROUP,REMINDER_PATIENT,消息提醒-发送历史,1,16,,,,,,metadata
PORTAL_USER_GROUP,SCHEME,治疗方案,1,23,,,,,,metadata
PORTAL_USER_GROUP,SCHEME_COURSE,治疗方案-疗程,2,15,,,,,,metadata
PORTAL_USER_GROUP,SCHEME_COURSE_DAY,治疗方案-疗程每天,3,16,,,,,,metadata
PORTAL_USER_GROUP,SCHEME_PATIENT,治疗方案-患者,0,15,,,,,,metadata
PORTAL_USER_GROUP,SCHEME_TREATMENT,治疗方案-每天方案,5,18,,,,,,metadata
PORTAL_USER_GROUP,SEND_PATIENT,发送患者确认,0,18,,,,,,metadata
PORTAL_USER_GROUP,SYS_CONFIG_CATEGORY,系统管理-自定义配置分类,0,17,,,,,,metadata
PORTAL_USER_GROUP,SYS_CONFIG_CONTENT,系统管理-自定义配置,0,20,,,,,,metadata
PORTAL_USER_GROUP,SYS_DICT,系统管理-字典,498,17,,,,,,metadata
PORTAL_USER_GROUP,SYS_DICT_CATEGORY,系统管理-字典分类,41,14,,,,,,metadata
PORTAL_USER_GROUP,SYS_LOGIN_LOG,系统管理-登录日志,0,8,,,,,,metadata
PORTAL_USER_GROUP,TAG_MANAGE,标签管理,4,18,,,,,,metadata
PORTAL_USER_GROUP,TIMED_TASK,定时任务,1,18,,,,,,metadata
PORTAL_USER_GROUP,TIMED_TASK_DETAIL,定时任务-任务明细,4,14,,,,,,metadata
PORTAL_USER_GROUP,TIMED_TASK_PATIENT,定时任务-发送患者,4,19,,,,,,metadata
PORTAL_USER_GROUP,VOTE,随访问卷,1,26,,,,,,metadata
PORTAL_USER_GROUP,VOTE_PATIENT,随访问卷-发送历史,1,18,,,,,,metadata
PORTAL_USER_GROUP,VOTE_SUBMIT,随访问卷-填写记录,0,15,,,,,,metadata
public,condition_high,,,1,public,,,,,platform
QPIS.DBO,患者检查报告信息表,,,0,病理,,,live_metadata,,platform
QPIS.DBO,患者检查申请信息表,,,0,病理,,,live_metadata,,platform
QPIS.DBO,bingzhong,,162,0,病理,,,live_metadata,,platform
QPIS.DBO,booking,,0,0,病理,,,live_metadata,,platform
QPIS.DBO,booking_sample,,0,0,病理,,,live_metadata,,platform
QPIS.DBO,Borrow,,1,0,病理,,,live_metadata,,platform
QPIS.DBO,chargedetail,,24,0,病理,,,live_metadata,,platform
QPIS.DBO,clinicalKs,,0,0,病理,,,live_metadata,,platform
QPIS.DBO,clinicalName,,2,0,病理,,,live_metadata,,platform
QPIS.DBO,clinicalTj,,4,0,病理,,,live_metadata,,platform
QPIS.DBO,cmipsmain,,116951,0,病理,,,live_metadata,,platform
QPIS.DBO,cmipsmain_advice,,301,0,病理,,,live_metadata,,platform
QPIS.DBO,cmipsmain_bbmx,,0,0,病理,,,live_metadata,,platform
QPIS.DBO,cmipsmain_bcbg,,896,0,病理,,,live_metadata,,platform
QPIS.DBO,cmipsmain_bdbg,,6,0,病理,,,live_metadata,,platform
QPIS.DBO,cmipsmain_bz,,629,0,病理,,,live_metadata,,platform
QPIS.DBO,cmipsmain_charge,,6,0,病理,,,live_metadata,,platform
QPIS.DBO,cmipsmain_dbdefine,,166,0,病理,,,live_metadata,,platform
QPIS.DBO,cmipsmain_dbtype,,7,0,病理,,,live_metadata,,platform
QPIS.DBO,cmipsmain_ffkxbx,,2,0,病理,,,live_metadata,,platform
QPIS.DBO,cmipsmain_fkxbx,,0,0,病理,,,live_metadata,,platform
QPIS.DBO,cmipsmain_hz,,6,0,病理,,,live_metadata,,platform
QPIS.DBO,cmipsmain_hzbg,,0,0,病理,,,live_metadata,,platform
QPIS.DBO,cmipsmain_image,,168557,0,病理,,,live_metadata,,platform
QPIS.DBO,cmipsmain_logo,,220213,0,病理,,,live_metadata,,platform
QPIS.DBO,cmipsmain_material,,66012,0,病理,,,live_metadata,,platform
QPIS.DBO,cmipsmain_notepad,,0,0,病理,,,live_metadata,,platform
QPIS.DBO,cmipsmain_sc,,944,0,病理,,,live_metadata,,platform
QPIS.DBO,cmipsmain_slice,,27056,0,病理,,,live_metadata,,platform
QPIS.DBO,cmipsmain_sound,,1,0,病理,,,live_metadata,,platform
QPIS.DBO,cmipsmain_tag,,253,0,病理,,,live_metadata,,platform
QPIS.DBO,cmipsmain_tc,,51,0,病理,,,live_metadata,,platform
QPIS.DBO,cmipsmain_video,,0,0,病理,,,live_metadata,,platform
QPIS.DBO,cmipsmain_zc,,4,0,病理,,,live_metadata,,platform
QPIS.DBO,cmipssecurity,,20,0,病理,,,live_metadata,,platform
QPIS.DBO,dcomdict,,1887,0,病理,,,live_metadata,,platform
QPIS.DBO,dep_material,,0,0,病理,,,live_metadata,,platform
QPIS.DBO,Dep_Slice,,1,0,病理,,,live_metadata,,platform
QPIS.DBO,Dep_Zl,,0,0,病理,,,live_metadata,,platform
QPIS.DBO,d_fdjr,,0,0,病理,,,live_metadata,,platform
QPIS.DBO,ExportData,,116951,0,病理,,,live_metadata,,platform
QPIS.DBO,F_BW,,1,0,病理,,,live_metadata,,platform
QPIS.DBO,FZ_BGGS,,0,0,病理,,,live_metadata,,platform
QPIS.DBO,FZ_DATA,,13,0,病理,,,live_metadata,,platform
QPIS.DBO,FZ_TSXX,,0,0,病理,,,live_metadata,,platform
QPIS.DBO,FZ_XMMC,,4,0,病理,,,live_metadata,,platform
QPIS.DBO,Groups,,0,0,病理,,,live_metadata,,platform
QPIS.DBO,icd10,,1834,0,病理,,,live_metadata,,platform
QPIS.DBO,K_DocInfo,,0,0,病理,,,live_metadata,,platform
QPIS.DBO,K_DueBuy,,0,0,病理,,,live_metadata,,platform
QPIS.DBO,K_Duty,,0,0,病理,,,live_metadata,,platform
QPIS.DBO,K_DutyDic,,0,0,病理,,,live_metadata,,platform
QPIS.DBO,K_Equipment,,0,0,病理,,,live_metadata,,platform
QPIS.DBO,K_Experience,,0,0,病理,,,live_metadata,,platform
QPIS.DBO,K_Law,,0,0,病理,,,live_metadata,,platform
QPIS.DBO,K_Law_File,,0,0,病理,,,live_metadata,,platform
QPIS.DBO,K_Note,,0,0,病理,,,live_metadata,,platform
QPIS.DBO,K_PPREC,,0,0,病理,,,live_metadata,,platform
QPIS.DBO,K_Repair,,0,0,病理,,,live_metadata,,platform
QPIS.DBO,K_RollBook,,0,0,病理,,,live_metadata,,platform
QPIS.DBO,K_Train,,0,0,病理,,,live_metadata,,platform
QPIS.DBO,Loss,,0,0,病理,,,live_metadata,,platform
QPIS.DBO,Manufacturer,,0,0,病理,,,live_metadata,,platform
QPIS.DBO,mark,,4,0,病理,,,live_metadata,,platform
QPIS.DBO,MaxID,,2,0,病理,,,live_metadata,,platform
QPIS.DBO,Msgs,,0,0,病理,,,live_metadata,,platform
QPIS.DBO,Provider,,0,0,病理,,,live_metadata,,platform
QPIS.DBO,qcb,,1,0,病理,,,live_metadata,,platform
QPIS.DBO,Register,,11,0,病理,,,live_metadata,,platform
QPIS.DBO,REPORTFORMAT,,42,0,病理,,,live_metadata,,platform
QPIS.DBO,REPORTFORMAT_DBDEFINE,,4,0,病理,,,live_metadata,,platform
QPIS.DBO,RMin,,0,0,病理,,,live_metadata,,platform
QPIS.DBO,RMinfo,,0,0,病理,,,live_metadata,,platform
QPIS.DBO,RMout,,0,0,病理,,,live_metadata,,platform
QPIS.DBO,RMstore,,0,0,病理,,,live_metadata,,platform
QPIS.DBO,sjks,,56,0,病理,,,live_metadata,,platform
QPIS.DBO,sjys,,0,0,病理,,,live_metadata,,platform
QPIS.DBO,sqd,,1,0,病理,,,live_metadata,,platform
QPIS.DBO,sqdimgs,,0,0,病理,,,live_metadata,,platform
QPIS.DBO,standtext,,203,0,病理,,,live_metadata,,platform
QPIS.DBO,Storage,,0,0,病理,,,live_metadata,,platform
QPIS.DBO,Unit,,0,0,病理,,,live_metadata,,platform
QPIS.DBO,uploadmed,,0,0,病理,,,live_metadata,,platform
QPIS.DBO,v_blview,,,0,病理,,,live_metadata,,platform
QPIS.DBO,VIEW_BLZD,,,0,病理,,,live_metadata,,platform
QPIS.DBO,v_pims,,,0,病理,,,live_metadata,,platform
QPIS.DBO,V_PISV_INTERRECORDS,,,0,病理,,,live_metadata,,platform
QPIS.DBO,ysdbg,,0,0,病理,,,live_metadata,,platform
QPIS.DBO,zhangqi,,30,0,病理,,,live_metadata,,platform
report,dept_maintenance,北京市卫生局病案上报-业务类-科室与卫生局科室关联对照,,4,电子病历,,"dept_code,hospital_no",live_metadata,documented; [review_source_period:from_2025],platform
report,r_blood_transfusion,病案编目-业务类-EMR 用血信息表,,21,电子病历,,"patient_id,visit_id,hospital_no",live_metadata,documented; [review_source_period:from_2025],platform
report,r_diag_comparing,病案编目-业务类-EMR诊断符合情况表,,5,电子病历,,"patient_id,visit_id,diag_compare_group",live_metadata,documented; [review_source_period:from_2025],platform
report,r_diagnosis_baby,病案编目-业务类-EMR 新生儿诊断畸形表,,8,电子病历,,"patient_id,visit_id,diagnosis_no",live_metadata,documented; [review_source_period:from_2025],platform
report,r_diagnosis_doct,病案编目-业务类-诊断编目表,,50,电子病历,,"patient_id,visit_id,diagnosis_type,diagnosis_no,hospital_no",live_metadata,documented; [review_source_period:from_2025],platform
report,r_emr_pat_antibiotics,病案编目-业务类-抗菌药物编目信息,,25,电子病历,,"patient_id,visit_id,hospital_no,id",live_metadata,documented; [review_source_period:from_2025],platform
report,r_grave_ward_detail,病案编目-业务类-重症监护明细表,,46,电子病历,,"patient_id,visit_id,ward_name,enter_time,hospital_no",live_metadata,documented; [review_source_period:from_2025],platform
report,r_jhemr_cchi,病案编目-业务类-CCHI编目信息表,,15,电子病历,,,live_metadata,[review_source_period:from_2025],platform
report,r_jhinpat_fee_detail_items38,病案编目-业务类-患者费用表,,59,电子病历,,"patient_id,visit_id,hospital_no",live_metadata,documented; [review_source_period:from_2025],platform
report,r_operation_doct,病案编目-业务类-手术编目表,,189,电子病历,,"patient_id,visit_id,operation_no,hospital_no,display_no",live_metadata,documented; [review_source_period:from_2025],platform
report,r_operation_doct_shushi,病案编目-业务类-手术编目表,,10,电子病历,,"patient_id,visit_id,operation_no,operation_shushi_no,hospital_no,operation_type",live_metadata,documented; [review_source_period:from_2025],platform
report,r_pat_delivery,病案编目-业务类-产科患者信息,,47,电子病历,,"patient_id,hospital_no,visit_id",live_metadata,documented; [review_source_period:from_2025],platform
report,r_pat_instrument_use,病案编目-业务类-住院期间器材使用表,,14,电子病历,,"patient_id,visit_id,instrument_use_no,hospital_no",live_metadata,documented; [review_source_period:from_2025],platform
report,r_pat_master_index,北京市卫生局病案上报-业务类-患者基本信息编目表,,53,电子病历,,"patient_id,hospital_no",live_metadata,documented; [review_source_period:from_2025],platform
report,r_pat_neonatus_info,病案编目-业务类-新生儿患者基本信息编目表,,48,电子病历,,"patient_id,visit_id",live_metadata,documented; [review_source_period:from_2025],platform
report,r_pat_physical_restraint,病案编目-业务类-住院期间身体约束编目表,,7,电子病历,,"patient_id,visit_id,restraint_no,hospital_no",live_metadata,documented; [review_source_period:from_2025],platform
report,r_pat_pressure_sore,病案编目-业务类-患者压疮信息,,19,电子病历,,"patient_id,visit_id,hospital_no,pressure_part,pressure_type",live_metadata,documented; [review_source_period:from_2025],platform
report,r_pat_tumour,病案编目-业务类-患者化疗编目表,,37,电子病历,,"visit_id,patient_id,hospital_no",live_metadata,documented; [review_source_period:from_2025],platform
report,r_pat_tumour_detail,病案编目-业务类-患者化疗编目表,,12,电子病历,,"detail_no,visit_id,patient_id,hospital_no",live_metadata,documented; [review_source_period:from_2025],platform
report,r_pat_visit,病案编目-业务类-基本信息编目表,,385,电子病历,,"visit_id,patient_id,hospital_no",live_metadata,documented; [review_source_period:from_2025],platform
report,r_pat_visit1,病案编目-业务类-患者信息编目表,,650,电子病历,,"visit_id,patient_id,hospital_no",live_metadata,documented; [review_source_period:from_2025],platform
report,r_pat_visit_consult,病案编目-业务类-患者会诊信息表,,7,电子病历,,"patient_id,visit_id,consult_no",live_metadata,documented; [review_source_period:from_2025],platform
report,r_pat_visit_mental,病案编目-业务类-编目精神治疗数据表,,9,电子病历,,"patient_id,visit_id,mental_id,hospital_no",live_metadata,[review_source_period:from_2025],platform
report,r_pat_visit_tcaoad,病案编目-业务类-抗菌药物治疗数据表,,11,电子病历,,"visit_id,patient_id,tcaoad_id,hospital_no",live_metadata,[review_source_period:from_2025],platform
report,r_pat_visit_treat_fl,病案编目-业务类-编目放射治疗数据表,,11,电子病历,,"visit_id,patient_id,fl_id,hospital_no",live_metadata,[review_source_period:from_2025],platform
report,r_pat_visit_treat_hl,病案编目-业务类-编目化学药物治疗表,,11,电子病历,,"visit_id,patient_id,hl_id,hospital_no",live_metadata,[review_source_period:from_2025],platform
report,set_boh_dict_detail,北京市卫生局病案上报-业务类-卫生局字典明细,,5,电子病历,,"boh_dict_id,boh_dict_name,item_code",live_metadata,documented; [review_source_period:from_2025],platform
report,set_report_hospital_config,北京市卫生局病案上报-业务类-卫生局上报医院基本信息,,5,电子病历,,xml_attribute_name,live_metadata,documented; [review_source_period:from_2025],platform
report,stat_doctorwork,报表统计-业务类-门诊医生手术工作量(CaseRoom_Stat.DoctorWork),,11,电子病历,,id,live_metadata,documented; [review_source_period:from_2025],platform
report,stat_oupdoctor,报表统计-业务类-医生门诊工作量日报(CaseRoom_Stat.STODRD2D),,19,电子病历,,id,live_metadata,documented; [review_source_period:from_2025],platform
report,stat_ouppatient,报表统计-业务类-各科门诊工作量(CaseRoom.Stat.STOCD2D ),,35,电子病历,,id,live_metadata,documented; [review_source_period:from_2025],platform
report,stat_query_item_dict,报表统计-业务类-病案查询项目字典,,15,电子病历,,"field_name,field_comment,table_name",live_metadata,[review_source_period:from_2025],platform
report,stat_sickroom,报表统计-业务类-病房动态日报(CaseRoom_Stat.STDPTD2D),,21,电子病历,,id,live_metadata,documented; [review_source_period:from_2025],platform
report,stat_users,北京市卫生局病案上报-业务类-编目医师信息表,,12,电子病历,,"user_id,hospital_no",live_metadata,[review_source_period:from_2025],platform
reporting,ConditionItem,,9,0,PACS 影像系统（源端）,,,live_metadata,,platform
reporting,DatabaseInfo,,2,0,PACS 影像系统（源端）,,,live_metadata,,platform
reporting,FieldMap,,0,0,PACS 影像系统（源端）,,,live_metadata,,platform
reporting,Identity,,7,0,PACS 影像系统（源端）,,,live_metadata,,platform
reporting,pbcattbl,,0,0,PACS 影像系统（源端）,,,live_metadata,,platform
reporting,Preference,,0,0,PACS 影像系统（源端）,,,live_metadata,,platform
reporting,QueryInfo,,13,0,PACS 影像系统（源端）,,,live_metadata,,platform
reporting,QueryNode,,4,0,PACS 影像系统（源端）,,,live_metadata,,platform
reporting,QueryTemplate,,14,0,PACS 影像系统（源端）,,,live_metadata,,platform
reporting,QueryTemplateField,,7,0,PACS 影像系统（源端）,,,live_metadata,,platform
reporting,RoleInfo,,8,0,PACS 影像系统（源端）,,,live_metadata,,platform
reporting,TableJoinCondition,,0,0,PACS 影像系统（源端）,,,live_metadata,,platform
SHUNNENG,APPOINTINFOVIEW,,1782712,13,,,,,,metadata
SM,MED_ANES_DRUG_UNITS_DESC,,6,4,,,,,,metadata
SM,MED_ANESTHESIA_COMM_DICT,,99,5,,,,,,metadata
SM,MED_ANESTHESIA_EVENT,,2295510,26,,,,,,metadata
SM,MED_ANESTHESIA_EVENT_OPEN,,237,36,,,,,,metadata
SM,MED_ANESTHESIA_INPUT_DICT,,549,5,,,,,,metadata
SM,MED_ANESTHESIA_INQUIRY,,0,66,,,,,,metadata
SM,MED_ANESTHESIA_PLAN,,128978,227,手术/麻醉,麻醉计划,PATIENT_ID|VISIT_ID|OPER_ID,A,可按 PATIENT_ID+VISIT_ID+OPER_ID 挂 SM.MED_OPERATION_MASTER,curated
SM,MED_ANESTHESIA_SUMMARY,,87843,187,,,,,,metadata
SM,MED_BLOOD_GAS_DETAIL,,92665,6,,,,,,metadata
SM,MED_BLOOD_GAS_MASTER,,2816,11,,,,,,metadata
SM,MED_CUSTOM_DATA,,33090473,5,,,,,,metadata
SM,MED_DEPT_DICT,,802,5,,,,,,metadata
SM,MED_DIAGNOSIS_DICT,,20667,11,,,,,,metadata
SM,MED_EMR_ARCHIVE_DETIAL,,173996,19,,,,,,metadata
SM,MED_OPERATING_ROOM,,65,13,,,,,,metadata
SM,MED_OPERATION_CANCELED,,9316,39,,,,,,metadata
SM,MED_OPERATION_DICT,,18499,8,,,,,,metadata
SM,MED_OPERATION_MASTER,病人手术主记录,138005,147,手术,手术主记录,PATIENT_ID|VISIT_ID|OPER_ID,A,手麻主表;不建议用 HIS.OPERATION.OPER_ID,curated
SM,MED_OPERATION_NAME,,141167,13,手术,手术操作明细,PATIENT_ID|VISIT_ID|OPER_ID|OPERATION_NO,A,一台手术多条操作,curated
SM,MED_OPERATION_NAME_CANCELED,,10413,12,,,,,,metadata
SM,MED_OPERATION_SCHEDULE,,192439,61,,,,,,metadata
SM,MED_PAT_MASTER_INDEX,,132943,26,,,,,,metadata
SM,MED_PAT_MONITOR_DATA,,3145572,7,,,,,,metadata
SM,MED_PAT_MONITOR_DATA_EXT,,161007,18,,,,,,metadata
SM,MED_SCHEDULED_OPERATION_NAME,,209342,12,,,,,,metadata
SX,B_T_REACTIONS,,27642,83,,,,,,metadata
SX,B_T_REQD,,35464,54,,,,,,metadata
SX,B_T_XYXXB,,40122,46,,,,,,metadata
TJ,EBHB,,71627,12,,,,,,metadata
TJ,FKB,,45558,12,,,,,,metadata
TJ,JCMXX,,509,35,,,,,,metadata
TJ,JCSFXM,,482769,38,,,,,,metadata
TJ,JCSFXM1,,325865,38,,,,,,metadata
TJ,JCXX,,26372,128,,,,,,metadata
TJ,JCXX1,,6454,128,,,,,,metadata
TJ,KQB,,34411,12,,,,,,metadata
TJ,KSBM,,32,14,,,,,,metadata
TJ,KSBM1,,33,14,,,,,,metadata
TJ,NKB,,138162,11,,,,,,metadata
TJ,SFXM,,352,47,,,,,,metadata
TJ,SFXM1,,302,47,,,,,,metadata
TJ,SFXMTOSFWJ,,1452,8,,,,,,metadata
TJ,SFXMTOSFWJ1,,1356,8,,,,,,metadata
TJ,TJ_GNJCZB1,,139411,18,,,,,,metadata
TJ,TJLB1,,4,2,,,,,,metadata
TJ,TJXM,,3677,35,,,,,,metadata
TJ,TJXM1,,0,35,,,,,,metadata
TJ,WKB,,106831,12,,,,,,metadata
TJ,YBB,,74158,12,,,,,,metadata
TJ,YHXX,,335,18,,,,,,metadata
TJ,YKB,,23407,12,,,,,,metadata
TJDATABASE4,超声_结果中间表,,588,0,职业病,,,live_metadata,,platform
TJDATABASE4,放射_结果中间表,,481,0,职业病,,,live_metadata,,platform
TJDATABASE4,分院区_TiaoMaHao,,3,0,职业病,,,live_metadata,,platform
TJDATABASE4,分院区_TiJianHao,,1,0,职业病,,,live_metadata,,platform
TJDATABASE4,检验结果中间表,,43,0,职业病,,,live_metadata,,platform
TJDATABASE4,接苯设置,,0,0,职业病,,,live_metadata,,platform
TJDATABASE4,接口_配置参数表,,136,0,职业病,,,live_metadata,,platform
TJDATABASE4,上传记录表,,0,0,职业病,,,live_metadata,,platform
TJDATABASE4,省平台_4工种编码字典表,,4684,0,职业病,,,live_metadata,,platform
TJDATABASE4,省平台_4工种对应表,,3,0,职业病,,,live_metadata,,platform
TJDATABASE4,省平台_4行业类别字典表,,1771,0,职业病,,,live_metadata,,platform
TJDATABASE4,省平台_4行政区划字典表,,49569,0,职业病,,,live_metadata,,platform
TJDATABASE4,省平台_4计量单位表,,1151,0,职业病,,,live_metadata,,platform
TJDATABASE4,省平台_4经济类型代码表,,29,0,职业病,,,live_metadata,,platform
TJDATABASE4,省平台_4明细项目对应表,,6,0,职业病,,,live_metadata,,platform
TJDATABASE4,省平台_4女性必检项目表,,0,0,职业病,,,live_metadata,,platform
TJDATABASE4,省平台_4数据版本表,,2,0,职业病,,,live_metadata,,platform
TJDATABASE4,省平台_4数据上传表,,0,0,职业病,,,live_metadata,,platform
TJDATABASE4,省平台_4数据上传记录表,,0,0,职业病,,,live_metadata,,platform
TJDATABASE4,省平台_4体检项目最小子类表,,1399,0,职业病,,,live_metadata,,platform
TJDATABASE4,省平台_4危害因素对应必检项,,4393,0,职业病,,,live_metadata,,platform
TJDATABASE4,省平台_4危害因素字典表,,599,0,职业病,,,live_metadata,,platform
TJDATABASE4,省平台_4危害因素字典表对应表,,97,0,职业病,,,live_metadata,,platform
TJDATABASE4,省平台_4医疗机构名称表,,83890,0,职业病,,,live_metadata,,platform
TJDATABASE4,省平台_4疑似职业病代码表,,153,0,职业病,,,live_metadata,,platform
TJDATABASE4,省平台_4质控结果表,,10576,0,职业病,,,live_metadata,,platform
TJDATABASE4,省平台_4主动监测工种代码表,,2873,0,职业病,,,live_metadata,,platform
TJDATABASE4,省平台_4主动监测工种对应表,,0,0,职业病,,,live_metadata,,platform
TJDATABASE4,省平台_4组合项目对应表,,7,0,职业病,,,live_metadata,,platform
TJDATABASE4,省平台_4_jcsj_WeiHaiYinSu,,125,0,职业病,,,live_metadata,,platform
TJDATABASE4,省平台_4_jcsj_WeiHaiYinSuJianChaNeiRong,,410,0,职业病,,,live_metadata,,platform
TJDATABASE4,省平台_4_jcsj_WeiHaiYinSuJianHuYiJu,,277,0,职业病,,,live_metadata,,platform
TJDATABASE4,省平台_4_jcsj_WeiHaiYinSuMuBiaoJiBing,,403,0,职业病,,,live_metadata,,platform
TJDATABASE4,省平台_4_jcsj_WeiHaiYinSuZuHeXiangMu,,4802,0,职业病,,,live_metadata,,platform
TJDATABASE4,省平台_单位信息表,,0,0,职业病,,,live_metadata,,platform
TJDATABASE4,省平台_工种编码字典表,,4684,0,职业病,,,live_metadata,,platform
TJDATABASE4,省平台_工种对应表,,3,0,职业病,,,live_metadata,,platform
TJDATABASE4,省平台_行业类别字典表,,1771,0,职业病,,,live_metadata,,platform
TJDATABASE4,省平台_行政区划字典表,,2755,0,职业病,,,live_metadata,,platform
TJDATABASE4,省平台_婚姻状况字典表,,8,0,职业病,,,live_metadata,,platform
TJDATABASE4,省平台_计量单位表,,1145,0,职业病,,,live_metadata,,platform
TJDATABASE4,省平台_检查明细项目字典表,,1608,0,职业病,,,live_metadata,,platform
TJDATABASE4,省平台_民族代码字典表,,58,0,职业病,,,live_metadata,,platform
TJDATABASE4,省平台_明细项目对应表,,706,0,职业病,,,live_metadata,,platform
TJDATABASE4,省平台_明细项目字典表,,1438,0,职业病,,,live_metadata,,platform
TJDATABASE4,省平台_默认附加项目,,0,0,职业病,,,live_metadata,,platform
TJDATABASE4,省平台_体检明细结果表,,,0,职业病,,,live_metadata,,platform
TJDATABASE4,省平台_危害因素对应必检项,,4253,0,职业病,,,live_metadata,,platform
TJDATABASE4,省平台_危害因素字典表,,599,0,职业病,,,live_metadata,,platform
TJDATABASE4,省平台_危害因素字典表对应表,,97,0,职业病,,,live_metadata,,platform
TJDATABASE4,省平台_学历代码字典表,,7,0,职业病,,,live_metadata,,platform
TJDATABASE4,省平台_医疗机构表,,83595,0,职业病,,,live_metadata,,platform
TJDATABASE4,省平台_医院明细项目表,,0,0,职业病,,,live_metadata,,platform
TJDATABASE4,省平台_职业病种类代码表,,133,0,职业病,,,live_metadata,,platform
TJDATABASE4,省平台_组合项目对应表,,65,0,职业病,,,live_metadata,,platform
TJDATABASE4,省平台_组合项目字典表,,71,0,职业病,,,live_metadata,,platform
TJDATABASE4,省平台_LOG,,98,0,职业病,,,live_metadata,,platform
TJDATABASE4,外出_TiaoMaHao,,0,0,职业病,,,live_metadata,,platform
TJDATABASE4,外出_TiJianHao,,0,0,职业病,,,live_metadata,,platform
TJDATABASE4,外检原曲_TiaoMaHao,,0,0,职业病,,,live_metadata,,platform
TJDATABASE4,外检原曲_TiJianHao,,0,0,职业病,,,live_metadata,,platform
TJDATABASE4,外检_TiaoMaHao,,0,0,职业病,,,live_metadata,,platform
TJDATABASE4,外检_TiJianHao,,0,0,职业病,,,live_metadata,,platform
TJDATABASE4,心电_结果中间表,,431,0,职业病,,,live_metadata,,platform
TJDATABASE4,主院区_TiaoMaHao,,14470,0,职业病,,,live_metadata,,platform
TJDATABASE4,主院区_TiJianHao,,1126,0,职业病,,,live_metadata,,platform
TJDATABASE4,ApiRunLog,,115550,0,职业病,,,live_metadata,,platform
TJDATABASE4,bb_JianYanliNianDuiBi,,0,0,职业病,,,live_metadata,,platform
TJDATABASE4,bb_YingXiangLiNianDuiBi,,2360,0,职业病,,,live_metadata,,platform
TJDATABASE4,bb_ZhuBaoBiao,,39,0,职业病,,,live_metadata,,platform
TJDATABASE4,bb_ZiBaoBiao,,119,0,职业病,,,live_metadata,,platform
TJDATABASE4,dbversion,,6,0,职业病,,,live_metadata,,platform
TJDATABASE4,DianCeTingJiaoZheng,,72,0,职业病,,,live_metadata,,platform
TJDATABASE4,fj_DaoRu,,935117,0,职业病,,,live_metadata,,platform
TJDATABASE4,fj_Image,,3635,0,职业病,,,live_metadata,,platform
TJDATABASE4,fj_KeShiFenJian,,210001,0,职业病,,,live_metadata,,platform
TJDATABASE4,fj_KeShiXiaoJie,,15232,0,职业病,,,live_metadata,,platform
TJDATABASE4,fj_ZhongDaJiBing,,2,0,职业病,,,live_metadata,,platform
TJDATABASE4,FXJCPT_ESB_BS02001,,,0,职业病,,,live_metadata,,platform
TJDATABASE4,FXJCPT_ESB_BS20007,,,0,职业病,,,live_metadata,,platform
TJDATABASE4,FXJCPT_ESB_BS25007,,,0,职业病,,,live_metadata,,platform
TJDATABASE4,FXJCPT_ESB_BS25008,,,0,职业病,,,live_metadata,,platform
TJDATABASE4,FXJCPT_ESB_BS25009,,,0,职业病,,,live_metadata,,platform
TJDATABASE4,FXJCPT_ESB_BS25010,,,0,职业病,,,live_metadata,,platform
TJDATABASE4,FXJCPT_ESB_BS25011,,0,0,职业病,,,live_metadata,,platform
TJDATABASE4,fy_DanWeiJieSuan,,0,0,职业病,,,live_metadata,,platform
TJDATABASE4,fy_DanWeiJieSuanMingXi,,18,0,职业病,,,live_metadata,,platform
TJDATABASE4,fy_DanWeiYuJiaoJinJiLu,,0,0,职业病,,,live_metadata,,platform
TJDATABASE4,fy_GeRenJieSuanFangShi,,0,0,职业病,,,live_metadata,,platform
TJDATABASE4,fy_GeRenJieSuanMingXi,,0,0,职业病,,,live_metadata,,platform
TJDATABASE4,fy_GeRenJieSuanZhu,,0,0,职业病,,,live_metadata,,platform
TJDATABASE4,fy_RenYuanFeiYongMingXi,,13669,0,职业病,,,live_metadata,,platform
TJDATABASE4,GBZ_GuoBiaoDuiYingBenDi,,0,0,职业病,,,live_metadata,,platform
TJDATABASE4,GBZ_WeiHaiYinSu,,0,0,职业病,,,live_metadata,,platform
TJDATABASE4,GBZ_WeiHaiYinSuXiangMu,,0,0,职业病,,,live_metadata,,platform
TJDATABASE4,GW_GongWeiJiBenXinXi,,0,0,职业病,,,live_metadata,,platform
TJDATABASE4,GW_WenXunSheZhi,,0,0,职业病,,,live_metadata,,platform
TJDATABASE4,HeXinXinXi,,92,0,职业病,,,live_metadata,,platform
TJDATABASE4,HuiZongBaoGao,,3,0,职业病,,,live_metadata,,platform
TJDATABASE4,HuiZongBaoGaoFuBiaoSheZhi,,0,0,职业病,,,live_metadata,,platform
TJDATABASE4,HuiZongBaoGaoJiLu,,0,0,职业病,,,live_metadata,,platform
TJDATABASE4,HYK_HuiYuanGuanLi,,0,0,职业病,,,live_metadata,,platform
TJDATABASE4,HYK_HuiYuanKaGuanLi,,0,0,职业病,,,live_metadata,,platform
TJDATABASE4,HYK_HuiYuanKaGuanLi_HuiYuan,,0,0,职业病,,,live_metadata,,platform
TJDATABASE4,HYK_HuiYuanKaJiLu,,0,0,职业病,,,live_metadata,,platform
TJDATABASE4,HYK_HuiYuanKaMuLu,,0,0,职业病,,,live_metadata,,platform
TJDATABASE4,HYK_HuiYuanKaWeiHu,,0,0,职业病,,,live_metadata,,platform
TJDATABASE4,HYK_KaTaoCan,,0,0,职业病,,,live_metadata,,platform
TJDATABASE4,HYK_KaTaoCanMingXi,,0,0,职业病,,,live_metadata,,platform
TJDATABASE4,jcsj_ChangJianJieGuo,,1562,0,职业病,,,live_metadata,,platform
TJDATABASE4,jcsj_DanWei,,20,0,职业病,,,live_metadata,,platform
TJDATABASE4,jcsj_DanWeiFenZu,,310,0,职业病,,,live_metadata,,platform
TJDATABASE4,jcsj_DanWeiFenZuWeiHaiYinSu,,0,0,职业病,,,live_metadata,,platform
TJDATABASE4,jcsj_DanWeiFenZuXiangMu,,21,0,职业病,,,live_metadata,,platform
TJDATABASE4,jcsj_DanWeiTongYongMing,,17,0,职业病,,,live_metadata,,platform
TJDATABASE4,jcsj_FenYuanQuShunXu,,4837,0,职业病,,,live_metadata,,platform
TJDATABASE4,jcsj_FuJiaFeiYong,,0,0,职业病,,,live_metadata,,platform
TJDATABASE4,jcsj_JiBing,,6214,0,职业病,,,live_metadata,,platform
TJDATABASE4,jcsj_JiBingBaoHanGuanJianZi,,2,0,职业病,,,live_metadata,,platform
TJDATABASE4,jcsj_JiBingXiangMuDuiYing,,0,0,职业病,,,live_metadata,,platform
TJDATABASE4,jcsj_KeShi,,32,0,职业病,,,live_metadata,,platform
TJDATABASE4,jcsj_KeShiZhongDaJiBingMuBan,,5,0,职业病,,,live_metadata,,platform
TJDATABASE4,jcsj_MingXiXiangMu,,1025,0,职业病,,,live_metadata,,platform
TJDATABASE4,jcsj_ShenQingDan,,171,0,职业病,,,live_metadata,,platform
TJDATABASE4,jcsj_ShenQingDanFenYuanQu,,710,0,职业病,,,live_metadata,,platform
TJDATABASE4,jcsj_TaoCan,,1,0,职业病,,,live_metadata,,platform
TJDATABASE4,jcsj_TaoCanXiangMu,,17,0,职业病,,,live_metadata,,platform
TJDATABASE4,jcsj_TaoCanZhu,,1,0,职业病,,,live_metadata,,platform
TJDATABASE4,jcsj_TongYongMing,,2,0,职业病,,,live_metadata,,platform
TJDATABASE4,jcsj_WeiHaiYinSu,危害因素表,168,0,职业病,,,live_metadata,,platform
TJDATABASE4,jcsj_WeiHaiYinSuDuiYingYiSiZhiYeBing,,53,0,职业病,,,live_metadata,,platform
TJDATABASE4,jcsj_WeiHaiYinSuDuiYingZhiYeJinJiZheng,,321,0,职业病,,,live_metadata,,platform
TJDATABASE4,jcsj_WeiHaiYinSuJianChaNeiRong,,661,0,职业病,,,live_metadata,,platform
TJDATABASE4,jcsj_WeiHaiYinSuJianChaZhouQi,,0,0,职业病,,,live_metadata,,platform
TJDATABASE4,jcsj_WeiHaiYinSuJianHuYiJu,危害因素对应监护依据表,161,0,职业病,,,live_metadata,,platform
TJDATABASE4,jcsj_WeiHaiYinSuMuBiaoJiBing,,680,0,职业病,,,live_metadata,,platform
TJDATABASE4,jcsj_WeiHaiYinSuYunDuanDuiYingBenDi,,4,0,职业病,,,live_metadata,,platform
TJDATABASE4,jcsj_WeiHaiYinSuZuHeXiangMu,危害因素对应组合项目表,7131,0,职业病,,,live_metadata,,platform
TJDATABASE4,jcsj_WHYSCloudItemDuiYingLocalItem,,185,0,职业病,,,live_metadata,,platform
TJDATABASE4,jcsj_WHYSCloudWHYSDuiYingLocalWHYS,,110,0,职业病,,,live_metadata,,platform
TJDATABASE4,jcsj_YuanQu,,2,0,职业病,,,live_metadata,,platform
TJDATABASE4,jcsj_ZiDian,,389,0,职业病,,,live_metadata,,platform
TJDATABASE4,jcsj_ZuHeXiangMu,,275,0,职业病,,,live_metadata,,platform
TJDATABASE4,jcsj_ZuHeXiangMuBaoHanGuanXi,,9,0,职业病,,,live_metadata,,platform
TJDATABASE4,jcsj_ZuHeXiangMuFenYuanQu,,1126,0,职业病,,,live_metadata,,platform
TJDATABASE4,JianYan_BiaoBenSaoMiao,,0,0,职业病,,,live_metadata,,platform
TJDATABASE4,jk_JieKongPeiZhi,,0,0,职业病,,,live_metadata,,platform
TJDATABASE4,jscj_TongYongMingDuiYingJiBing,,0,0,职业病,,,live_metadata,,platform
TJDATABASE4,LIS检验结果表,,0,0,职业病,,,live_metadata,,platform
TJDATABASE4,Lis原始结果表,,23045,0,职业病,,,live_metadata,,platform
TJDATABASE4,MY_YiYuanShouQuan,,39,0,职业病,,,live_metadata,,platform
TJDATABASE4,PACS检查结果表,,0,0,职业病,,,live_metadata,,platform
TJDATABASE4,PACS原始结果表,,0,0,职业病,,,live_metadata,,platform
TJDATABASE4,pl_tjfbzd,,,0,职业病,,,live_metadata,,platform
TJDATABASE4,pl_tjkszd,,,0,职业病,,,live_metadata,,platform
TJDATABASE4,pl_tjsfxmmx,,,0,职业病,,,live_metadata,,platform
TJDATABASE4,pl_tjxmzd,,,0,职业病,,,live_metadata,,platform
TJDATABASE4,qx_BaoBiao,,228,0,职业病,,,live_metadata,,platform
TJDATABASE4,qx_CaiDan,,989,0,职业病,,,live_metadata,,platform
TJDATABASE4,qx_GongNeng,,18,0,职业病,,,live_metadata,,platform
TJDATABASE4,qx_ShenQingDan,,1215,0,职业病,,,live_metadata,,platform
TJDATABASE4,qx_YuanQu,,191,0,职业病,,,live_metadata,,platform
TJDATABASE4,ry_DingShiTuiSongWeiXin,,0,0,职业病,,,live_metadata,,platform
TJDATABASE4,ry_ErWeiMa,,1033,0,职业病,,,live_metadata,,platform
TJDATABASE4,ry_PDFDaoChu,,0,0,职业病,,,live_metadata,,platform
TJDATABASE4,ry_PingJuBiao,,1619,0,职业病,,,live_metadata,,platform
TJDATABASE4,ry_RenZhengDuiBiResult,,0,0,职业病,,,live_metadata,,platform
TJDATABASE4,ry_ShanChuRenYuanXinXi,,80,0,职业病,,,live_metadata,,platform
TJDATABASE4,ry_ShenQingDanMingXi,,13663,0,职业病,,,live_metadata,,platform
TJDATABASE4,ry_ShenQingDanZhu,,11826,0,职业病,,,live_metadata,,platform
TJDATABASE4,ry_TiaoMaDaYinBiao,,5729,0,职业病,,,live_metadata,,platform
TJDATABASE4,ry_TiJianDengJi,,886,0,职业病,,,live_metadata,,platform
TJDATABASE4,ry_WeiHaiYinSu,,2007,0,职业病,,,live_metadata,,platform
TJDATABASE4,ry_WeiXinTuiSong,,0,0,职业病,,,live_metadata,,platform
TJDATABASE4,ry_ZuiZaoChaTiShiJian,,,0,职业病,,,live_metadata,,platform
TJDATABASE4,ry_ZYB_FangSheShi,,69,0,职业病,,,live_metadata,,platform
TJDATABASE4,ry_ZYB_ZhaoSheYuan,,262,0,职业病,,,live_metadata,,platform
TJDATABASE4,ry_ZYB_ZhiYeShi,,788,0,职业病,,,live_metadata,,platform
TJDATABASE4,sf_JiHua,,0,0,职业病,,,live_metadata,,platform
TJDATABASE4,sf_RenYuanJiBing,,0,0,职业病,,,live_metadata,,platform
TJDATABASE4,sf_RenYuanXinXi,,0,0,职业病,,,live_metadata,,platform
TJDATABASE4,sf_SuiFangDuanXinMoBan,,0,0,职业病,,,live_metadata,,platform
TJDATABASE4,sf_SuiFangFangAnGuanLi,,0,0,职业病,,,live_metadata,,platform
TJDATABASE4,sf_SuiFangFangAnMingXi,,0,0,职业病,,,live_metadata,,platform
TJDATABASE4,sf_SuiFangJiLu,,0,0,职业病,,,live_metadata,,platform
TJDATABASE4,sf_SuiFangNeiRongMoBan,,0,0,职业病,,,live_metadata,,platform
TJDATABASE4,SF_TiXingXiaoXi,,0,0,职业病,,,live_metadata,,platform
TJDATABASE4,sys_人员最早查体日期,,,0,职业病,,,live_metadata,,platform
TJDATABASE4,sys_BenDiCaiDan,,0,0,职业病,,,live_metadata,,platform
TJDATABASE4,sys_DataGridViewColumn,,1598,0,职业病,,,live_metadata,,platform
TJDATABASE4,sysdiagrams,,0,0,职业病,,,live_metadata,,platform
TJDATABASE4,sys_JieKouLog,,0,0,职业病,,,live_metadata,,platform
TJDATABASE4,sys_Log,,144194,0,职业病,,,live_metadata,,platform
TJDATABASE4,sys_SQL,,91,0,职业病,,,live_metadata,,platform
TJDATABASE4,sys_TiaoJianPeiZhi,,115,0,职业病,,,live_metadata,,platform
TJDATABASE4,sys_YuZhiTiaoJian,,22,0,职业病,,,live_metadata,,platform
TJDATABASE4,tcs_sync_patient,,,0,职业病,,,live_metadata,,platform
TJDATABASE4,tcs_sync_patient_xdt,,,0,职业病,,,live_metadata,,platform
TJDATABASE4,temp_DianCeTing,,257,0,职业病,,,live_metadata,,platform
TJDATABASE4,TJ_ReqView,,,0,职业病,,,live_metadata,,platform
TJDATABASE4,TJ_TO_DCT,,,0,职业病,,,live_metadata,,platform
TJDATABASE4,TJ_TO_LIS,,,0,职业病,,,live_metadata,,platform
TJDATABASE4,UpdateFile,,222,0,职业病,,,live_metadata,,platform
TJDATABASE4,v_DianCeTing,,,0,职业病,,,live_metadata,,platform
TJDATABASE4,V_TiJianMingDan,,,0,职业病,,,live_metadata,,platform
TJDATABASE4,V_TIJIAN_PDF,,,0,职业病,,,live_metadata,,platform
TJDATABASE4,WJ_WenJuanGuanLi,,0,0,职业病,,,live_metadata,,platform
TJDATABASE4,WJ_WenJuanHuiDaJiLu,,0,0,职业病,,,live_metadata,,platform
TJDATABASE4,WJ_WenJuanHuiDaJiLuMingXi,,0,0,职业病,,,live_metadata,,platform
TJDATABASE4,WJ_WenJuanTaoCanHuiDaZuHeMingXi,,0,0,职业病,,,live_metadata,,platform
TJDATABASE4,WJ_WenJuanTiMu,,0,0,职业病,,,live_metadata,,platform
TJDATABASE4,WJ_WenJuanTiMuXuanXiang,,0,0,职业病,,,live_metadata,,platform
TJDATABASE4,WJ_WenJuanXuanXiangZuHeXiangMu,,0,0,职业病,,,live_metadata,,platform
TJDATABASE4,WJ_WenJuanYuanShiJson,,0,0,职业病,,,live_metadata,,platform
TJDATABASE4,WX_BaoGaoChaXun,,,0,职业病,,,live_metadata,,platform
TJDATABASE4,WX_DanWeiYuYue,,0,0,职业病,,,live_metadata,,platform
TJDATABASE4,WX_DanWeiYuYueMingXi,,0,0,职业病,,,live_metadata,,platform
TJDATABASE4,WX_DanWeiYuYueSheZhi,,0,0,职业病,,,live_metadata,,platform
TJDATABASE4,WX_DanWeiYuYueTaoCanSheZhi,,0,0,职业病,,,live_metadata,,platform
TJDATABASE4,WX_DanWeiYuYueXuZhiSheZhi,,0,0,职业病,,,live_metadata,,platform
TJDATABASE4,WX_DuanXinCuoWuJiLu,,0,0,职业病,,,live_metadata,,platform
TJDATABASE4,WX_DuanXinJiLu,,0,0,职业病,,,live_metadata,,platform
TJDATABASE4,WX_DuanXinTiXingMingXiSheZhi,,0,0,职业病,,,live_metadata,,platform
TJDATABASE4,WX_DuanXinTiXingSheZhi,,0,0,职业病,,,live_metadata,,platform
TJDATABASE4,WX_FaPiaoLiuShui,,0,0,职业病,,,live_metadata,,platform
TJDATABASE4,WX_GeRenYuYue,,0,0,职业病,,,live_metadata,,platform
TJDATABASE4,WX_GeRenYuYueJiBenSheZhi,,0,0,职业病,,,live_metadata,,platform
TJDATABASE4,WX_GeRenYuYueMingXi,,0,0,职业病,,,live_metadata,,platform
TJDATABASE4,WX_HeiMingDanJiLu,,0,0,职业病,,,live_metadata,,platform
TJDATABASE4,WX_JiangKangZhengYuYue,,0,0,职业病,,,live_metadata,,platform
TJDATABASE4,WX_JianKangZhengYuYueXinXiSheZhi,,0,0,职业病,,,live_metadata,,platform
TJDATABASE4,WX_JianQianXuZhi,,0,0,职业病,,,live_metadata,,platform
TJDATABASE4,WX_JianQianXuZhiNeiRong,,0,0,职业病,,,live_metadata,,platform
TJDATABASE4,WX_JianQianXuZhiSheZhi,,0,0,职业病,,,live_metadata,,platform
TJDATABASE4,WX_KeShiShangXianSheZhi,,0,0,职业病,,,live_metadata,,platform
TJDATABASE4,WX_LueGuoRiQi,,0,0,职业病,,,live_metadata,,platform
TJDATABASE4,WX_PublicValue,,0,0,职业病,,,live_metadata,,platform
TJDATABASE4,WX_TanChuangGongGaoSheZhi,,0,0,职业病,,,live_metadata,,platform
TJDATABASE4,WX_TanChuangGongGaoSheZhi_MoRen,,0,0,职业病,,,live_metadata,,platform
TJDATABASE4,WX_TaoCanRiQiSheZhi,,0,0,职业病,,,live_metadata,,platform
TJDATABASE4,WX_TaoCanXuZhiSheZhi,,0,0,职业病,,,live_metadata,,platform
TJDATABASE4,WX_TiJianRenYuanXinXi,,0,0,职业病,,,live_metadata,,platform
TJDATABASE4,WX_TuanTiDanWeiYuYue,,0,0,职业病,,,live_metadata,,platform
TJDATABASE4,WX_TuanTiDanWeiYuYueMingXi,,0,0,职业病,,,live_metadata,,platform
TJDATABASE4,WX_TuanTiDanWeiYuYueRenYuan,,0,0,职业病,,,live_metadata,,platform
TJDATABASE4,WX_WeiXinYuYueGaiQiJiLu,,0,0,职业病,,,live_metadata,,platform
TJDATABASE4,WX_XiaoXiTuiSongSheZhi,,0,0,职业病,,,live_metadata,,platform
TJDATABASE4,WX_XuZhiQueRen,,0,0,职业病,,,live_metadata,,platform
TJDATABASE4,WX_XuZhiTiaoKuan,,0,0,职业病,,,live_metadata,,platform
TJDATABASE4,WX_YongHuBangDing,,0,0,职业病,,,live_metadata,,platform
TJDATABASE4,WX_YongHuDengLu,,0,0,职业病,,,live_metadata,,platform
TJDATABASE4,WX_YuYueHeiMingDan,,0,0,职业病,,,live_metadata,,platform
TJDATABASE4,WX_YuYueHeiMingDanSheZhi,,0,0,职业病,,,live_metadata,,platform
TJDATABASE4,WX_YuYueShuLiangSheZhi,,0,0,职业病,,,live_metadata,,platform
TJDATABASE4,WX_YuYueShuLiangSheZhi_MoRen,,0,0,职业病,,,live_metadata,,platform
TJDATABASE4,WX_ZhenJianZhiFu,,0,0,职业病,,,live_metadata,,platform
TJDATABASE4,WX_ZhenJianZhiFuMingXi,,0,0,职业病,,,live_metadata,,platform
TJDATABASE4,WX_ZhiFuLiuShui,,0,0,职业病,,,live_metadata,,platform
TJDATABASE4,XDT原始结果表,,0,0,职业病,,,live_metadata,,platform
TJDATABASE4,xt_JueSe,,9,0,职业病,,,live_metadata,,platform
TJDATABASE4,xt_UserTable,,70,0,职业病,,,live_metadata,,platform
TJDATABASE4,YQ_DanWeiFileGuanLi,,0,0,职业病,,,live_metadata,,platform
TJDATABASE4,YQ_GongZhongFenZu,,0,0,职业病,,,live_metadata,,platform
TJDATABASE4,YQ_GongZhongFenZuRenYuan,,0,0,职业病,,,live_metadata,,platform
TJDATABASE4,YQ_GongZhongFenZuRenYuanGongZuoShi,,0,0,职业病,,,live_metadata,,platform
TJDATABASE4,YQ_GongZhongFenZuWeiHaiYinSu,,0,0,职业病,,,live_metadata,,platform
TJDATABASE4,YQ_HeTongGuanLi,,0,0,职业病,,,live_metadata,,platform
TJDATABASE4,YQ_RefreshToken,,0,0,职业病,,,live_metadata,,platform
TJDATABASE4,YQ_YiLiaoJiGou_ShouQuan,,0,0,职业病,,,live_metadata,,platform
TJDATABASE4,YQ_YiLiaoJiGou_ShouQuanMingXi,,0,0,职业病,,,live_metadata,,platform
TJDATABASE4,YQ_YiQiTiJianDanWeiGuanLian,,0,0,职业病,,,live_metadata,,platform
TJDATABASE4,yw_BaoGaoChuKu,,1,0,职业病,,,live_metadata,,platform
TJDATABASE4,yw_BaoGaoRuKu,,3,0,职业病,,,live_metadata,,platform
TJDATABASE4,yw_JianHouQueRen,,8,0,职业病,,,live_metadata,,platform
TJDATABASE4,yw_JianQianQueRen,,2,0,职业病,,,live_metadata,,platform
TJDATABASE4,yw_YuYueRenYuanXiangMu,,0,0,职业病,,,live_metadata,,platform
TJDATABASE4,yw_YuYueRenYuanXinXi,,0,0,职业病,,,live_metadata,,platform
TJDATABASE4,zd_GongZhong,,4684,0,职业病,,,live_metadata,,platform
TJDATABASE4,zd_HangYeFenLei,,1382,0,职业病,,,live_metadata,,platform
TJDATABASE4,zd_JianChaXiangMuZhu,,72,0,职业病,,,live_metadata,,platform
TJDATABASE4,zd_JianChaXiangMuZi,,1278,0,职业病,,,live_metadata,,platform
TJDATABASE4,zd_QiYeLeiXing,,26,0,职业病,,,live_metadata,,platform
TJDATABASE4,zd_WeiHaiYinSu,,599,0,职业病,,,live_metadata,,platform
TJDATABASE4,zd_XingZhengQuHua,,49709,0,职业病,,,live_metadata,,platform
TJDATABASE4,zd_YiSiZhiYeBing,,132,0,职业病,,,live_metadata,,platform
TJDATABASE4,zd_ZhiYeJinJiZheng,,148,0,职业病,,,live_metadata,,platform
TJDATABASE4,zd_ZhuDongJianCeGongZhong,,1250,0,职业病,,,live_metadata,,platform
TJDATABASE4,zj_JiBing,,3124,0,职业病,,,live_metadata,,platform
TJDATABASE4,zj_JieGuo,,779,0,职业病,,,live_metadata,,platform
TJDATABASE4,zj_ShenHeJuJue,,1,0,职业病,,,live_metadata,,platform
TJDATABASE4,zj_ZhiYeXiangGuan,,1824,0,职业病,,,live_metadata,,platform
WSCTS,APPLICATION,符合性测试申请表,3,28,,,,,,metadata
WSCTS,C3P0_TEST,,0,1,,,,,,metadata
WSCTS,MSGCATEGORY,,7,18,,,,,,metadata
WSCTS,MSGELEMENT,,244,19,,,,,,metadata
WSCTS,MSGSINGLE,,7,10,,,,,,metadata
WSCTS,ORGINFO,,2,31,,,,,,metadata
WSCTS,PROJECT,,1,16,,,,,,metadata
WSCTS,RESULT,,1,14,,,,,,metadata
WSCTS,RESULTMSG,,1,17,,,,,,metadata
WSCTS,SENDMSG,,428,13,,,,,,metadata
WSCTS,STATISTICREPORT,,1,12,,,,,,metadata
WSCTS,STATISTICREPORTDATA,,0,10,,,,,,metadata
WSCTS,T_ACCOUNT,,2,11,,,,,,metadata
WSCTS,T_ACCOUNT_GROUP,,0,2,,,,,,metadata
WSCTS,T_ACCOUNT_ROLE,,2,2,,,,,,metadata
WSCTS,T_DATA_ELEMENT_INFO,,0,12,,,,,,metadata
WSCTS,T_DATA_ELEMENT_TYPE,,0,5,,,,,,metadata
WSCTS,T_DATA_SET_INFO,,15957,15,,,,,,metadata
WSCTS,T_DATA_SET_TYPE,,428,8,,,,,,metadata
WSCTS,T_DOCUMENT_RATIO,,73,5,,,,,,metadata
WSCTS,T_EXCHAGE_TEMPLATE_STANDARD,,73,3,,,,,,metadata
WSCTS,T_EXECUTE_PROCESS,,694,12,,,,,,metadata
WSCTS,T_FUNC,,24,13,,,,,,metadata
WSCTS,T_GRADE,,1148,10,,,,,,metadata
WSCTS,T_GRADE_TYPE,,18,3,,,,,,metadata
WSCTS,T_GROUP,,0,8,,,,,,metadata
WSCTS,T_HTTP_CONNECTION,,1,7,,,,,,metadata
WSCTS,T_LOG_CONFIGURE,,24,8,,,,,,metadata
WSCTS,T_MSG_INSTANCE,,428,16,,,,,,metadata
WSCTS,T_OID_INFO,,0,11,,,,,,metadata
WSCTS,T_OID_MAPPING,唯一对象映射表,352,8,,,,,,metadata
WSCTS,T_OID_TYPE,,0,11,,,,,,metadata
WSCTS,T_OPERATE_LOG,,154,5,,,,,,metadata
WSCTS,T_RANGE_TYPE,,473,7,,,,,,metadata
WSCTS,T_ROLE,,2,7,,,,,,metadata
WSCTS,T_ROLE_FUNC,,28,2,,,,,,metadata
WSCTS,T_STANDARD_VERSION,,910,7,,,,,,metadata
WSCTS,T_SYSTEM_DICTIONARY,,1042,6,,,,,,metadata
WSCTS,T_SYSTEM_VERSION,,0,8,,,,,,metadata
WSCTS,T_TABLE_BUSINESS,,73,13,,,,,,metadata
WSCTS,T_TABLE_TYPE,,26,9,,,,,,metadata
WSCTS,T_TENANT,,1,5,,,,,,metadata
WSCTS,T_TERM_RANGE_INFO,,44965,7,,,,,,metadata
WSCTS,T_TEST_CASE,,428,18,,,,,,metadata
WSCTS,T_USER,,2,16,,,,,,metadata
WSCTS,T_USER_TEST,,0,3,,,,,,metadata
XD,ORDER_TBL,,326955,59,,,,,,metadata
XD,PATIENT_CLASS_MST,,5,4,,,,,,metadata
XD,PATIENT_CLASS_MST1,,5,4,,,,,,metadata
XD,RACE_MST,,6,6,,,,,,metadata
XD,RACE_MST1,,6,6,,,,,,metadata
XD,REPORT_TBL,,301062,18,,,,,,metadata
XD,REPORT_TBL1,,285648,18,,,,,,metadata
XD,SEX_MST,,3,4,,,,,,metadata
XD,SEX_MST1,,3,4,,,,,,metadata
XD,STATUS_MST,,7,3,,,,,,metadata
XD,STATUS_MST1,,7,3,,,,,,metadata
XD,STUDY_CLASS_MST,,3,7,,,,,,metadata
XD,STUDY_CLASS_MST1,,3,7,,,,,,metadata
XD,STUDY_TBL,,393643,100,,,,,,metadata
XD,STUDY_TBL1,,373421,100,,,,,,metadata
YBEMR,CLINIC_API_CHINAFIRSTOUTRECORD,,6674,22,,,,,,metadata
YBEMR,CLINIC_API_CHINASECOUTRECORD,,12496,22,,,,,,metadata
YBEMR,CLINIC_API_FIAFIRSTOUTRECORD,,54350,28,,,,,,metadata
YBEMR,CLINIC_API_FIASECOUTRECORD,,1922,28,,,,,,metadata
YBEMR,CLINIC_API_FIRSTOUTRECORD,,943371,22,,,,,,metadata
YBEMR,CLINIC_API_OBSERVERECORD,,1863,13,,,,,,metadata
YBEMR,CLINIC_API_OUTRECORDHOMEPAGE,,1194799,15,,,,,,metadata
YBEMR,CLINIC_API_OUTVIEWRECORD,,9,20,,,,,,metadata
YBEMR,CLINIC_API_REPEATEDOUTRECORD,,299411,21,,,,,,metadata
YBEMR,CLINIC_API_VISUALRECORD,,192,27,,,,,,metadata
YBEMR,DATA_API_PATIENT,,508133,39,,,,,,metadata
YBEMR,MEDICAL_API_MEDICALRECORDS,,1315213,39,,,,,,metadata
YBEMR,OUTPATIENTSALVAGERECORD,,79,14,,,,,,metadata
YBEMR,OUTPATIENTWARDROUNDRECORD,,16,14,,,,,,metadata
YDHL,DEPTS,,229,27,,,,,,metadata
YDHL,INPATIENTS,,276069,134,护理,住院患者表,,B,PAT_INDEX_NO=MCS_ASSESS_FORM.PATIENT_UID,curated
YDHL,MCS_ASSESS_FORM,全息评估记录主表,2382672,18,护理,护理评估主表,,B,PATIENT_UID 关联 INPATIENTS;GENERATOR_TYPE='manul' IS_VALID='1',curated
YDHL,MCS_ASSESS_FORM_RECORD,全息评估记录副表--明细表,38220934,14,护理,护理评估明细,ID,A,FORM_ID 关联 MCS_ASSESS_FORM.ID,curated
YDHL,MCS_DAILY_SETTLE_DATA,,700076,12,,,,,,metadata
YDHL,MCS_DAILY_SETTLE_DETAIL,,1855469,19,,,,,,metadata
YDHL,MCS_DICT_INOUT,出入量字典表,92,5,,,,,,metadata
YDHL,MCS_DICT_VITALSIGN_TYPE,,38,7,,,,,,metadata
YDHL,MCS_DOC_FORM,文书表单,11637762,40,护理,护理文书表单,ID,A,PATIENT_UID 关联 INPATIENTS,curated
YDHL,MCS_DOC_FORM_RECORDS,文书表单节点记录,207503590,17,,,,,,metadata
YDHL,MCS_DOC_INOUT,出入量记录单,6957944,26,,,,,,metadata
YDHL,MCS_DOC_NODES,文书模版节点,34822,75,,,,,,metadata
YDHL,MCS_EVENT_INFO,,602853,16,,,,,,metadata
YDHL,MCS_MSYS_NURSINGLEVEL_CONF,,6,7,,,,,,metadata
YDHL,MCS_MSYS_PATIENT_CARD,,5,8,,,,,,metadata
YDHL,MCS_MY_PATIENTS,,3658,9,,,,,,metadata
YDHL,MCS_MY_PATIENTS_HISTORY,,26318,10,,,,,,metadata
YDHL,MCS_NURSING_PLAN,,2130,6,,,,,,metadata
YDHL,MCS_NURSING_PLAN_DETAILS,,2630,16,,,,,,metadata
YDHL,MCS_NURSING_PLAN_TEMPLATE,,294,7,,,,,,metadata
YDHL,MCS_NURSING_RECORD_TEMPLATE,,11,7,,,,,,metadata
YDHL,MCS_ORDER_SCHEDULE,医嘱执行计划,37174930,74,,,,,,metadata
YDHL,MCS_PATIENT_ALLERY_HISTORY,,52934,20,,,,,,metadata
YDHL,MCS_PATROL_INFO,,33501843,15,,,,,,metadata
YDHL,MCS_SCAN_TURNINOUT,扫描功能_转入转出,454,18,,,,,,metadata
YDHL,MCS_SYS_USERS,权限系统_用户,3874,10,,,,,,metadata
YDHL,MCS_VITAL_ABNORMITY_INFO,,10,12,,,,,,metadata
YDHL,MCS_VITAL_CUSTOM,体征自定义项维护,12,10,,,,,,metadata
YDHL,MCS_VITAL_INFO,,14840642,42,,,,,,metadata
YDHL,MCS_WARD_GROUP_BEDS,,644,4,,,,,,metadata
YDHL,WARDS,,109,17,,,,,,metadata
YINGYI,DIS_PROVINCE_BASEINFO,,164048,170,,,,,,metadata
YINGYI,DIS_PROVINCE_BASEINFO1,省患者基本信息,79372,170,,,,,,metadata
YINGYI,DIS_PROVINCE_ILL,,886726,13,,,,,,metadata
YINGYI,DIS_PROVINCE_ILL1,省疾病信息,429771,13,,,,,,metadata
YINGYI,DIS_PROVINCE_OPERAITON,,221546,31,,,,,,metadata
YINGYI,DIS_PROVINCE_OPERAITON1,,103104,31,,,,,,metadata
ZONEKINGNET.DBO,BCExamCliTempletView,,,0,体检,,,live_metadata,,platform
ZONEKINGNET.DBO,BCExamMeaTempletView,,,0,体检,,,live_metadata,,platform
ZONEKINGNET.DBO,BCExamRepTempletView,,,0,体检,,,live_metadata,,platform
ZONEKINGNET.DBO,BCImage,,0,0,体检,,,live_metadata,,platform
ZONEKINGNET.DBO,BCMeaSure,,0,0,体检,,,live_metadata,,platform
ZONEKINGNET.DBO,BCReport,,0,0,体检,,,live_metadata,,platform
ZONEKINGNET.DBO,BCSeries,,0,0,体检,,,live_metadata,,platform
ZONEKINGNET.DBO,BCStudy,,0,0,体检,,,live_metadata,,platform
ZONEKINGNET.DBO,BDESDD,,70,0,体检,,,live_metadata,,platform
ZONEKINGNET.DBO,BLExamCliTempletView,,,0,体检,,,live_metadata,,platform
ZONEKINGNET.DBO,BLExamMeaTempletView,,,0,体检,,,live_metadata,,platform
ZONEKINGNET.DBO,BLExamRepTempletView,,,0,体检,,,live_metadata,,platform
ZONEKINGNET.DBO,BLImage,,0,0,体检,,,live_metadata,,platform
ZONEKINGNET.DBO,BLMeaSure,,0,0,体检,,,live_metadata,,platform
ZONEKINGNET.DBO,BLReport,,0,0,体检,,,live_metadata,,platform
ZONEKINGNET.DBO,BLSeries,,0,0,体检,,,live_metadata,,platform
ZONEKINGNET.DBO,BLStudy,,7646,0,体检,,,live_metadata,,platform
ZONEKINGNET.DBO,BookingPatient,,0,0,体检,,,live_metadata,,platform
ZONEKINGNET.DBO,BookingPatientExamItem,,0,0,体检,,,live_metadata,,platform
ZONEKINGNET.DBO,CRExamCliTempletView,,,0,体检,,,live_metadata,,platform
ZONEKINGNET.DBO,CRExamMeaTempletView,,,0,体检,,,live_metadata,,platform
ZONEKINGNET.DBO,CRExamRepTempletView,,,0,体检,,,live_metadata,,platform
ZONEKINGNET.DBO,CRImage,,0,0,体检,,,live_metadata,,platform
ZONEKINGNET.DBO,CRMeaSure,,0,0,体检,,,live_metadata,,platform
ZONEKINGNET.DBO,CRReport,,0,0,体检,,,live_metadata,,platform
ZONEKINGNET.DBO,CRSeries,,0,0,体检,,,live_metadata,,platform
ZONEKINGNET.DBO,CRStudy,,0,0,体检,,,live_metadata,,platform
ZONEKINGNET.DBO,CTExamCliTempletView,,,0,体检,,,live_metadata,,platform
ZONEKINGNET.DBO,CTExamMeaTempletView,,,0,体检,,,live_metadata,,platform
ZONEKINGNET.DBO,CTExamRepTempletView,,,0,体检,,,live_metadata,,platform
ZONEKINGNET.DBO,CTImage,,0,0,体检,,,live_metadata,,platform
ZONEKINGNET.DBO,CTMeaSure,,0,0,体检,,,live_metadata,,platform
ZONEKINGNET.DBO,CTReport,,0,0,体检,,,live_metadata,,platform
ZONEKINGNET.DBO,CTSeries,,0,0,体检,,,live_metadata,,platform
ZONEKINGNET.DBO,CTStudy,,4668,0,体检,,,live_metadata,,platform
ZONEKINGNET.DBO,DRExamCliTempletView,,,0,体检,,,live_metadata,,platform
ZONEKINGNET.DBO,DRExamMeaTempletView,,,0,体检,,,live_metadata,,platform
ZONEKINGNET.DBO,DRExamRepTempletView,,,0,体检,,,live_metadata,,platform
ZONEKINGNET.DBO,DRImage,,0,0,体检,,,live_metadata,,platform
ZONEKINGNET.DBO,DRMeaSure,,0,0,体检,,,live_metadata,,platform
ZONEKINGNET.DBO,DRReport,,0,0,体检,,,live_metadata,,platform
ZONEKINGNET.DBO,DRSeries,,0,0,体检,,,live_metadata,,platform
ZONEKINGNET.DBO,DRStudy,,0,0,体检,,,live_metadata,,platform
ZONEKINGNET.DBO,DXExamCliTempletView,,,0,体检,,,live_metadata,,platform
ZONEKINGNET.DBO,DXExamMeaTempletView,,,0,体检,,,live_metadata,,platform
ZONEKINGNET.DBO,DXExamRepTempletView,,,0,体检,,,live_metadata,,platform
ZONEKINGNET.DBO,DXImage,,0,0,体检,,,live_metadata,,platform
ZONEKINGNET.DBO,DXMeaSure,,0,0,体检,,,live_metadata,,platform
ZONEKINGNET.DBO,DXReport,,0,0,体检,,,live_metadata,,platform
ZONEKINGNET.DBO,DXSeries,,0,0,体检,,,live_metadata,,platform
ZONEKINGNET.DBO,DXStudy,,10356,0,体检,,,live_metadata,,platform
ZONEKINGNET.DBO,ExamBodyPart,,397,0,体检,,,live_metadata,,platform
ZONEKINGNET.DBO,ExamCliTemplet,,3,0,体检,,,live_metadata,,platform
ZONEKINGNET.DBO,ExamItemToBodyPart,,250,0,体检,,,live_metadata,,platform
ZONEKINGNET.DBO,ExamMeaTemplet,,0,0,体检,,,live_metadata,,platform
ZONEKINGNET.DBO,ExamRepTemplet,,1040,0,体检,,,live_metadata,,platform
ZONEKINGNET.DBO,ExamRepTemplet$,,0,0,体检,,,live_metadata,,platform
ZONEKINGNET.DBO,ExamRepTemplet2021,,1495,0,体检,,,live_metadata,,platform
ZONEKINGNET.DBO,illHistory,,0,0,体检,,,live_metadata,,platform
ZONEKINGNET.DBO,Image,,0,0,体检,,,live_metadata,,platform
ZONEKINGNET.DBO,LSHB,,8,0,体检,,,live_metadata,,platform
ZONEKINGNET.DBO,Measure,,0,0,体检,,,live_metadata,,platform
ZONEKINGNET.DBO,MGExamCliTempletView,,,0,体检,,,live_metadata,,platform
ZONEKINGNET.DBO,MGExamMeaTempletView,,,0,体检,,,live_metadata,,platform
ZONEKINGNET.DBO,MGExamRepTempletView,,,0,体检,,,live_metadata,,platform
ZONEKINGNET.DBO,MGImage,,0,0,体检,,,live_metadata,,platform
ZONEKINGNET.DBO,MGMeaSure,,0,0,体检,,,live_metadata,,platform
ZONEKINGNET.DBO,MGReport,,0,0,体检,,,live_metadata,,platform
ZONEKINGNET.DBO,MGSeries,,0,0,体检,,,live_metadata,,platform
ZONEKINGNET.DBO,MGStudy,,11,0,体检,,,live_metadata,,platform
ZONEKINGNET.DBO,MRExamCliTempletView,,,0,体检,,,live_metadata,,platform
ZONEKINGNET.DBO,MRExamMeaTempletView,,,0,体检,,,live_metadata,,platform
ZONEKINGNET.DBO,MRExamRepTempletView,,,0,体检,,,live_metadata,,platform
ZONEKINGNET.DBO,MRImage,,0,0,体检,,,live_metadata,,platform
ZONEKINGNET.DBO,MRMeaSure,,0,0,体检,,,live_metadata,,platform
ZONEKINGNET.DBO,MRReport,,0,0,体检,,,live_metadata,,platform
ZONEKINGNET.DBO,MRSeries,,0,0,体检,,,live_metadata,,platform
ZONEKINGNET.DBO,MRStudy,,629,0,体检,,,live_metadata,,platform
ZONEKINGNET.DBO,PACS_CH,,321,0,体检,,,live_metadata,,platform
ZONEKINGNET.DBO,pacspacs,,0,0,体检,,,live_metadata,,platform
ZONEKINGNET.DBO,Patient,,90931,0,体检,,,live_metadata,,platform
ZONEKINGNET.DBO,PatientExamItem,,91290,0,体检,,,live_metadata,,platform
ZONEKINGNET.DBO,PatientExamReqScan,,0,0,体检,,,live_metadata,,platform
ZONEKINGNET.DBO,pbcatcol,,0,0,体检,,,live_metadata,,platform
ZONEKINGNET.DBO,pbcatedt,,21,0,体检,,,live_metadata,,platform
ZONEKINGNET.DBO,pbcatfmt,,20,0,体检,,,live_metadata,,platform
ZONEKINGNET.DBO,pbcattbl,,0,0,体检,,,live_metadata,,platform
ZONEKINGNET.DBO,pbcatvld,,0,0,体检,,,live_metadata,,platform
ZONEKINGNET.DBO,People,,29,0,体检,,,live_metadata,,platform
ZONEKINGNET.DBO,Report,,0,0,体检,,,live_metadata,,platform
ZONEKINGNET.DBO,RequestExamItem,,910,0,体检,,,live_metadata,,platform
ZONEKINGNET.DBO,Section,,3,0,体检,,,live_metadata,,platform
ZONEKINGNET.DBO,SectionDevice,,9,0,体检,,,live_metadata,,platform
ZONEKINGNET.DBO,SectionType,,1,0,体检,,,live_metadata,,platform
ZONEKINGNET.DBO,Security,,29,0,体检,,,live_metadata,,platform
ZONEKINGNET.DBO,Series,,0,0,体检,,,live_metadata,,platform
ZONEKINGNET.DBO,SignMode,,0,0,体检,,,live_metadata,,platform
ZONEKINGNET.DBO,SignPicture,,0,0,体检,,,live_metadata,,platform
ZONEKINGNET.DBO,Study,,0,0,体检,,,live_metadata,,platform
ZONEKINGNET.DBO,StudyItem,,10,0,体检,,,live_metadata,,platform
ZONEKINGNET.DBO,StudyTime,,0,0,体检,,,live_metadata,,platform
ZONEKINGNET.DBO,T_SYN_ZK_CHECK,,48466,0,体检,,,live_metadata,,platform
ZONEKINGNET.DBO,T_SYN_ZK_CHECK01,,1,0,体检,,,live_metadata,,platform
ZONEKINGNET.DBO,T_SYN_ZK_CHECK02,,1,0,体检,,,live_metadata,,platform
ZONEKINGNET.DBO,USExamCliTempletView,,,0,体检,,,live_metadata,,platform
ZONEKINGNET.DBO,USExamMeaTempletView,,,0,体检,,,live_metadata,,platform
ZONEKINGNET.DBO,USExamRepTempletView,,,0,体检,,,live_metadata,,platform
ZONEKINGNET.DBO,USImage,,109800,0,体检,,,live_metadata,,platform
ZONEKINGNET.DBO,USMeaSure,,0,0,体检,,,live_metadata,,platform
ZONEKINGNET.DBO,USReport,,16460,0,体检,,,live_metadata,,platform
ZONEKINGNET.DBO,USSeries,,16436,0,体检,,,live_metadata,,platform
ZONEKINGNET.DBO,USStudy,,40178,0,体检,,,live_metadata,,platform
ZONEKINGNET.DBO,USStudy1027,,403,0,体检,,,live_metadata,,platform
ZONEKINGNET.DBO,V_Pacs_InterFace,,,0,体检,,,live_metadata,,platform
ZONEKINGNET.DBO,V_Pacs_InterFace_wj,,,0,体检,,,live_metadata,,platform
ZONEKINGNET.DBO,V_Pacs_InterFace_xx,,,0,体检,,,live_metadata,,platform
ZONEKINGNET.DBO,V_PACS_XMBW,,,0,体检,,,live_metadata,,platform
ZONEKINGNET.DBO,WJExamCliTempletView,,,0,体检,,,live_metadata,,platform
ZONEKINGNET.DBO,WJExamMeaTempletView,,,0,体检,,,live_metadata,,platform
ZONEKINGNET.DBO,WJExamRepTempletView,,,0,体检,,,live_metadata,,platform
ZONEKINGNET.DBO,WJImage,,0,0,体检,,,live_metadata,,platform
ZONEKINGNET.DBO,WJMeaSure,,0,0,体检,,,live_metadata,,platform
ZONEKINGNET.DBO,WJReport,,0,0,体检,,,live_metadata,,platform
ZONEKINGNET.DBO,WJSeries,,0,0,体检,,,live_metadata,,platform
ZONEKINGNET.DBO,WJStudy,,609,0,体检,,,live_metadata,,platform
